frame,frame_ms,game_ms,render_ms,gpu_ms,instances
0,1.93996,0.87700,1.31200,1.81400,10
1,1.89785,0.89100,1.40500,1.64500,10
2,1.79677,0.85100,1.38900,1.66300,10
3,1.99969,0.85500,1.50700,1.68300,10
4,1.64214,0.93700,1.35300,1.63400,10
5,2.03194,0.84400,1.51500,1.66100,10
6,10.55569,0.87700,1.42600,1.66700,10
7,3.15693,1.03400,11.79000,1.68200,10
8,2.23486,1.15300,2.22800,1.71200,10
9,1.85853,0.98000,1.84300,1.86500,10
10,1.61159,1.01500,1.60800,1.71100,10
11,1.71757,0.94900,1.68800,1.67900,10
12,10.43021,1.10000,1.62100,1.84100,10
13,2.67343,1.23400,11.27100,1.84100,10
14,1.96093,1.28800,1.68900,1.82000,10
15,1.76752,1.15500,1.55800,1.65700,10
16,1.89927,1.47800,1.66100,1.67400,10
17,1.90722,1.53200,1.70500,1.67000,10
18,1.96650,1.35100,1.78700,1.66300,10
19,2.32534,1.47500,2.34100,1.69400,10
20,2.12547,1.21800,2.12100,1.70000,10
21,2.09068,1.27300,1.87800,1.70000,10
22,3.17060,1.11900,2.65900,1.64400,10
23,2.32532,1.49300,2.34100,1.70500,10
24,1.87825,1.38500,1.86000,1.70500,10
25,3.10447,1.30000,1.78600,1.63800,10
26,1.74358,1.18100,1.75800,1.68900,10
27,1.65212,0.99200,1.52500,1.68900,10
28,1.78699,0.98300,1.47800,1.65800,10
29,1.83894,0.99600,1.47500,1.68800,10
30,2.03295,0.96100,1.45200,1.84100,10
31,1.86533,1.11700,1.45200,1.68300,10
32,1.82725,1.29100,1.43400,1.65900,10
33,1.81885,1.22600,1.42700,1.65600,10
34,1.78525,1.03900,1.35700,1.66900,10
35,1.82772,0.99100,1.39000,1.64600,10
36,1.88364,0.93100,1.44400,1.65600,10
37,1.94744,0.95000,1.52900,1.67100,10
38,1.95319,1.10600,1.66800,1.69700,10
39,1.94466,1.15000,1.52100,1.86800,10
40,1.90501,1.13800,1.54200,1.65500,10
41,1.96656,1.50300,1.55200,1.81300,10
42,1.78796,1.34300,1.53900,1.67000,10
43,1.79220,1.07700,1.44900,1.67800,10
44,1.74480,1.06600,1.37000,1.64800,10
45,1.90081,0.98100,1.41000,1.64800,10
46,1.83817,0.96100,1.43700,1.68200,10
47,2.04896,1.01300,1.57500,1.68700,10
48,2.04621,1.40200,1.60200,1.86100,10
49,1.87003,1.46900,1.58500,1.66000,10
50,1.72054,1.22800,1.45600,1.66000,10
51,1.80319,1.16100,1.40700,1.68200,10
52,1.90489,1.09500,1.46800,1.67200,10
53,1.80001,1.09700,1.45200,1.64700,10
54,1.92607,1.19000,1.43900,1.68300,10
55,1.85599,1.53600,1.48600,1.66500,10
56,1.90722,1.48200,1.51900,1.68900,10
57,1.85247,1.11500,1.43800,1.82800,10
58,1.83631,1.10200,1.40300,1.65500,10
59,2.19143,1.03800,1.57800,1.84000,10
60,1.74594,1.06900,1.47200,1.67400,10
61,1.85617,0.94900,1.44500,1.69200,10
62,2.06281,1.37500,1.61300,1.64900,10
63,1.68599,1.53100,1.47900,1.64900,10
64,1.77966,1.22100,1.38400,1.68400,10
65,2.66017,1.12100,1.38900,1.70000,10
66,2.06136,1.02300,2.51800,1.70000,10
67,1.83242,1.18200,1.35400,1.64900,10
68,1.92708,1.18200,1.47300,1.67300,10
69,1.88789,1.14800,1.51700,1.65100,10
70,1.71966,1.03500,1.43300,1.66400,10
71,2.59118,0.96200,2.17400,1.64800,10
72,2.19385,0.95800,2.18600,1.72900,10
73,1.77643,0.99900,1.77300,1.83900,10
74,1.56679,0.94000,1.56700,1.68000,10
75,1.49072,0.92300,1.44800,1.68000,10
76,2.36647,0.91100,1.72800,1.67100,10
77,1.78921,1.31500,1.78700,1.68000,10
78,1.77131,1.25800,1.68000,1.65500,10
79,1.74110,1.08500,1.64600,1.65500,10
80,1.72044,0.98000,1.48100,1.65800,10
81,1.86648,0.92500,1.45300,1.67400,10
82,1.88726,0.89700,1.45600,1.70300,10
83,2.67284,0.89200,2.04500,1.66700,10
84,1.99704,1.23600,1.98500,1.66000,10
85,1.75132,1.33700,1.77700,1.71200,10
86,1.54943,1.03400,1.53100,1.68100,10
87,1.56743,1.10700,1.51900,1.68100,10
88,1.86426,1.06500,1.57000,1.66300,10
89,1.69385,1.03400,1.43100,1.63700,10
90,1.83608,1.04600,1.40000,1.66300,10
91,1.92747,1.29600,1.40300,1.70400,10
92,2.22613,1.37900,1.59200,1.65500,10
93,1.65100,1.22600,1.44400,1.65500,10
94,2.06116,1.10900,1.53000,1.81600,10
95,1.85293,1.05000,1.53000,1.65800,10
96,2.16160,0.91300,2.00800,1.67000,10
97,1.88325,0.87500,1.87600,1.66200,10
98,1.78499,0.92100,1.76500,1.71900,10
99,1.80141,0.94200,1.77000,1.71900,10
100,2.06721,0.91600,1.84500,1.63600,10
101,1.86852,0.89600,1.85300,1.65300,10
102,1.77717,1.00700,1.76400,1.66400,10
103,1.69309,1.03600,1.64300,1.66400,10
104,1.90630,0.89300,1.72700,1.64300,10
105,1.83156,0.86300,1.75600,1.65100,10
106,3.31315,0.89700,1.74800,1.67200,10
107,2.28621,0.96000,2.24200,1.69100,10
108,2.08598,0.90800,2.07700,1.84400,10
109,1.97835,0.84700,1.95300,1.70400,10
110,1.77375,0.88600,1.77600,1.84700,10
111,1.66371,0.89900,1.65000,1.65500,10
112,1.50693,0.91100,1.50800,1.65500,10
113,1.76801,0.90500,1.47900,1.67500,10
114,1.82363,0.89900,1.45300,1.67200,10
115,1.81125,0.90400,1.41900,1.67000,10
116,1.86326,0.91000,1.39800,1.68100,10
117,1.98414,0.92900,1.37000,1.83300,10
118,2.01072,0.89200,1.56800,1.65800,10
119,2.03097,0.92800,1.80100,1.65100,10
120,1.77214,0.91300,1.74700,1.65100,10
121,1.55502,0.94400,1.48400,1.65300,10
122,1.80923,0.91200,1.42500,1.66700,10
123,1.80881,0.81700,1.40800,1.65000,10
124,2.38284,0.79300,1.36600,1.68000,10
125,2.08969,0.82500,2.42500,1.72100,10
126,2.16956,1.05400,1.37500,1.82400,10
127,1.79575,0.95000,1.34300,1.64900,10
128,2.07468,1.02300,1.42300,1.83400,10
129,1.76163,0.97800,1.36400,1.65600,10
130,1.89809,1.05100,1.37600,1.68100,10
131,1.78776,1.00000,1.34800,1.66000,10
132,1.83953,0.96600,1.37800,1.63800,10
133,1.76092,0.92000,1.36600,1.64200,10
134,1.86311,0.87400,1.36600,1.67700,10
135,1.97209,0.88800,1.33700,1.83600,10
136,1.87370,0.89800,1.38800,1.65400,10
137,1.82358,0.88100,1.41200,1.67100,10
138,1.84587,0.92700,1.41900,1.64700,10
139,1.89050,0.88600,1.47100,1.67400,10
140,1.73906,0.93400,1.40500,1.63500,10
141,1.82561,0.88400,1.40800,1.65500,10
142,1.78740,0.84100,1.36600,1.66800,10
143,1.83895,0.84400,1.35400,1.65500,10
144,2.12811,0.90500,1.48500,1.85400,10
145,1.87359,0.99800,1.54100,1.65000,10
146,1.96544,1.05700,1.50500,1.82000,10
147,2.26304,1.05500,1.47100,1.69100,10
148,2.00079,0.86000,2.24600,1.71800,10
149,1.85520,0.85900,1.41600,1.61000,10
150,1.81555,0.90200,1.38700,1.65100,10
151,1.84423,0.88000,1.37700,1.66400,10
152,1.97366,0.92000,1.34300,1.84800,10
153,1.79793,0.88600,1.32600,1.64200,10
154,2.22308,0.84300,1.71400,1.68900,10
155,1.56377,1.15200,1.46200,1.68900,10
156,1.82426,1.21100,1.42700,1.66800,10
157,1.78337,1.12600,1.37600,1.67000,10
158,1.88366,0.94800,1.43100,1.64400,10
159,1.79405,1.02300,1.39200,1.65800,10
160,2.15575,1.03100,1.66900,1.68700,10
161,1.93743,1.06000,1.74800,1.86000,10
162,1.64586,1.02300,1.42900,1.63100,10
163,2.11689,1.14500,1.69100,1.67300,10
164,2.19783,1.11500,1.92400,1.65900,10
165,1.66388,1.17700,1.65600,1.69400,10
166,1.73519,1.47900,1.58900,1.69400,10
167,1.75387,1.20000,1.58100,1.63600,10
168,1.81396,0.95400,1.54400,1.66400,10
169,1.79756,1.07700,1.55400,1.65600,10
170,2.14145,0.92300,1.60000,1.83800,10
171,1.70771,0.89100,1.51000,1.66100,10
172,1.90192,0.92300,1.52800,1.65400,10
173,1.82077,0.92500,1.52500,1.66800,10
174,1.79842,1.00500,1.50300,1.66300,10
175,1.85629,0.86900,1.54000,1.63800,10
176,1.89952,0.85700,1.63400,1.63800,10
177,1.76882,0.82200,1.57700,1.64800,10
178,1.84640,0.89800,1.54300,1.67300,10
179,2.05194,0.95000,1.54500,1.85400,10
180,1.74424,0.88700,1.47500,1.65600,10
181,2.06273,0.94300,1.52600,1.80100,10
182,1.80423,0.86300,1.53000,1.65100,10
183,1.85921,0.84300,1.49700,1.69400,10
184,1.82343,0.85100,1.50900,1.66000,10
185,1.90345,0.86700,1.59000,1.65600,10
186,1.97954,0.86200,1.82700,1.67000,10
187,1.61879,0.86000,1.53000,1.67000,10
188,2.26365,0.85700,1.41400,1.85000,10
189,2.31216,0.82900,2.46600,1.69900,10
190,1.96658,0.97200,1.79300,1.66200,10
191,1.69618,0.90000,1.63400,1.66200,10
192,1.76531,0.86200,1.50800,1.68000,10
193,1.88067,0.91600,1.55200,1.67300,10
194,1.69438,0.90600,1.35200,1.66900,10
195,1.83688,0.85600,1.37100,1.65900,10
196,1.80452,0.85400,1.34800,1.69600,10
197,2.01599,0.88000,1.30400,1.85300,10
198,1.85152,0.87700,1.36600,1.63200,10
199,2.14527,0.91200,1.51400,1.80300,10
200,1.73614,0.98500,1.40300,1.66000,10
201,1.86163,0.86400,1.42300,1.68400,10
202,1.96801,0.90500,1.56200,1.65600,10
203,1.70281,0.88600,1.52500,1.61200,10
204,1.80505,0.89500,1.43000,1.67500,10
205,1.84559,0.95300,1.39600,1.69700,10
206,2.02411,0.93700,1.37600,1.85500,10
207,1.76379,0.87700,1.30400,1.67000,10
208,2.04527,0.99800,1.51000,1.65400,10
209,1.92392,1.00100,1.63200,1.67000,10
210,1.69772,0.89000,1.52000,1.65100,10
211,1.75871,0.91800,1.44500,1.64300,10
212,1.83801,1.03500,1.39900,1.65700,10
213,1.94348,1.02100,1.48400,1.66100,10
214,2.08753,0.88700,1.58700,1.72700,10
215,1.75775,0.84900,1.52300,1.66800,10
216,1.78453,0.83100,1.39300,1.66800,10
217,1.89523,0.96900,1.31500,1.82200,10
218,1.92169,0.96100,1.35800,1.66600,10
219,1.88432,0.98900,1.43900,1.66300,10
220,1.82218,0.90500,1.41900,1.69200,10
221,1.87142,0.89500,1.43600,1.68500,10
222,2.01857,0.88200,1.54700,1.73200,10
223,1.92907,0.89500,1.47500,1.85600,10
224,1.88184,0.89600,1.49400,1.67600,10
225,1.72785,1.08800,1.42900,1.63600,10
226,1.77415,0.92800,1.34500,1.65000,10
227,3.68259,0.87300,1.67200,1.63600,10
228,1.75434,1.07200,1.70700,1.66800,10
229,2.48474,0.98100,1.42200,1.66800,10
230,2.16459,0.88400,2.87600,1.69700,10
231,2.10290,0.86900,1.38700,1.84100,10
232,1.90602,0.90900,1.47900,1.66500,10
233,1.87324,0.89400,1.35600,1.79600,10
234,1.84073,0.88400,1.39300,1.67300,10
235,1.83424,0.86700,1.33700,1.68400,10
236,1.83799,0.86600,1.36900,1.67000,10
237,1.82962,0.83500,1.33700,1.66700,10
238,1.83828,0.87400,1.35200,1.64600,10
239,1.84457,0.88300,1.37400,1.66300,10
240,1.98517,0.85400,1.32100,1.85900,10
241,1.95470,1.39500,1.39200,1.64800,10
242,1.78253,1.48000,1.38000,1.66900,10
243,1.91368,1.30700,1.44600,1.64900,10
244,1.85684,1.18900,1.46300,1.66400,10
245,1.89391,1.26600,1.48700,1.68100,10
246,2.00730,1.16200,1.66700,1.64100,10
247,1.62571,1.14200,1.48500,1.64100,10
248,1.95466,1.26500,1.51200,1.71800,10
249,2.48900,1.26600,2.12800,1.65400,10
250,1.90999,1.13800,1.92100,1.84400,10
251,1.78554,0.98300,1.78800,1.67200,10
252,1.68774,0.94800,1.68300,1.64800,10
253,1.72975,0.94000,1.64400,1.64800,10
254,1.84643,0.91900,1.64100,1.68100,10
255,1.79059,0.86000,1.60100,1.64700,10
256,1.87337,0.81500,1.59700,1.66600,10
257,10.52409,0.84100,1.77200,1.69100,10
258,2.50368,0.91500,10.93100,1.92500,10
259,1.85284,1.04800,1.63700,1.66700,10
260,1.78784,1.05600,1.55100,1.64800,10
261,2.03702,1.31500,1.53600,1.87000,10
262,1.71452,1.05200,1.47500,1.63500,10
263,1.86848,0.88400,1.46800,1.67300,10
264,1.98567,0.83300,1.45900,1.82200,10
265,1.86895,0.85000,1.42400,1.70900,10
266,1.93982,0.94600,1.57200,1.64500,10
267,1.69311,1.01200,1.34300,1.66700,10
268,1.87880,1.15900,1.38800,1.66500,10
269,1.83910,1.23900,1.38500,1.69300,10
270,2.22874,1.06700,1.45600,1.86800,10
271,2.50232,0.97200,2.11900,1.74000,10
272,1.84497,1.03000,1.49500,1.67600,10
273,1.94097,1.00900,1.41800,1.63300,10
274,1.81531,1.19800,1.62500,1.62800,10
275,1.68912,0.98700,1.54700,1.62800,10
276,1.85076,0.92700,1.53400,1.67800,10
277,1.85145,0.88900,1.54600,1.64900,10
278,1.70180,0.92900,1.39300,1.68100,10
279,2.06567,1.05400,1.42800,1.86100,10
280,1.85978,0.91600,1.42700,1.68200,10
281,2.10599,0.94300,1.57700,1.80200,10
282,1.89549,0.91800,1.68300,1.64500,10
283,2.06454,1.03700,1.86900,1.68200,10
284,2.32886,0.92200,2.13800,1.69200,10
285,2.15310,0.89600,1.92600,1.68100,10
286,2.22629,1.08100,2.04800,1.70500,10
287,2.19861,1.12300,2.01300,1.86000,10
288,1.83420,1.02800,1.45600,1.70000,10
289,1.80879,1.00000,1.45800,1.67400,10
290,1.82045,1.00800,1.43100,1.66500,10
291,1.80012,0.98000,1.39700,1.66800,10
292,1.94881,1.01400,1.52000,1.66200,10
293,1.78898,0.98900,1.48600,1.65300,10
294,1.87628,0.96100,1.57600,1.65600,10
295,1.85554,1.00600,1.52800,1.68200,10
296,2.01958,0.97300,1.50200,1.85800,10
297,1.81173,1.01400,1.48300,1.66300,10
298,2.21199,1.17300,1.64900,1.67400,10
299,1.62932,1.51800,1.47000,1.67400,10
300,1.83406,1.07100,1.46200,1.67900,10
301,1.85637,1.02500,1.44300,1.68800,10
302,1.75773,1.01000,1.40800,1.66400,10
303,1.92011,1.18700,1.37500,1.66200,10
304,1.82196,1.45300,1.38900,1.68400,10
305,1.93286,1.24700,1.31700,1.83900,10
306,1.87682,1.09200,1.36700,1.64500,10
307,1.78104,1.04300,1.35000,1.65500,10
308,1.97380,0.98800,1.50000,1.63400,10
309,1.72537,0.97600,1.38400,1.66100,10
310,1.82252,0.96300,1.35900,1.66700,10
311,1.83398,0.93000,1.37900,1.66200,10
312,2.43380,0.87700,1.41200,1.69000,10
313,1.95784,1.06700,1.42200,1.84300,10
314,1.87086,1.04800,1.45400,1.64600,10
315,1.77194,1.04600,1.34900,1.66700,10
316,2.00200,1.02700,1.32400,1.82000,10
317,1.83956,0.98100,1.31000,1.68200,10
318,1.87487,1.15700,1.38300,1.66700,10
319,1.79852,1.13500,1.35000,1.64300,10
320,1.82565,0.97300,1.36000,1.67000,10
321,1.90504,0.96900,1.38100,1.67800,10
322,2.00555,0.96900,1.38800,1.86000,10
323,1.88205,1.00600,1.39000,1.65800,10
324,1.80234,1.11400,1.38800,1.67900,10
325,1.81668,0.92500,1.36900,1.65400,10
326,1.82605,0.98000,1.38800,1.65700,10
327,1.77694,0.95100,1.31900,1.67000,10
328,1.93381,0.89800,1.36000,1.66600,10
329,1.81379,1.55400,1.38400,1.65400,10
330,2.20282,1.28100,1.52600,1.68400,10
331,2.38281,1.16300,2.02600,1.69300,10
332,1.81310,0.97300,1.32800,1.65300,10
333,2.64712,0.95800,2.22100,1.64300,10
334,2.03023,0.91800,2.01200,1.69900,10
335,1.83303,1.06800,1.83900,1.70800,10
336,1.71864,0.97000,1.70200,1.70900,10
337,1.59957,0.92800,1.58800,1.67500,10
338,1.55667,0.97600,1.53500,1.67500,10
339,1.74184,0.85600,1.43700,1.65500,10
340,2.46090,0.88200,1.83200,1.67500,10
341,1.87755,0.86600,1.86200,1.68700,10
342,1.83340,0.92100,1.82700,1.66800,10
343,1.71415,0.85600,1.70000,1.66800,10
344,1.83718,0.93200,1.77800,1.66800,10
345,1.74123,0.86200,1.64700,1.67600,10
346,1.85912,0.83000,1.60600,1.67700,10
347,1.88296,0.83000,1.61200,1.68900,10
348,10.58333,0.84100,1.58000,1.71300,10
349,2.78833,1.05300,11.32900,1.89000,10
350,1.79073,0.89300,1.61100,1.64800,10
351,2.04738,0.84100,1.78500,1.67200,10
352,1.82283,0.84500,1.64500,1.84900,10
353,2.69589,0.80600,1.60800,1.67200,10
354,1.78789,0.90700,1.56300,1.64300,10
355,1.95283,0.81900,1.67900,1.68000,10
356,1.86886,0.86100,1.81400,1.68400,10
357,1.80695,0.91700,1.75600,1.65800,10
358,1.72540,0.92500,1.66000,1.65800,10
359,1.83325,0.90000,1.58300,1.67200,10
360,2.04654,0.98600,1.80500,1.68300,10
361,1.94761,0.99100,1.73900,1.64500,10
362,1.87311,0.94000,1.84800,1.64500,10
363,1.93065,0.93300,1.74700,1.65700,10
364,1.66513,0.87100,1.64600,1.65700,10
365,1.78057,0.81100,1.49100,1.67200,10
366,1.69391,0.80800,1.40300,1.63400,10
367,1.88274,0.88800,1.41900,1.64300,10
368,2.05524,0.90700,1.62500,1.68400,10
369,1.87341,0.90300,1.69700,1.68800,10
370,1.95660,0.85800,1.60400,1.84900,10
371,1.61109,0.85800,1.37000,1.65200,10
372,1.86072,0.85100,1.37400,1.67600,10
373,1.82543,0.82000,1.33500,1.66700,10
374,1.84873,0.95000,1.35000,1.67000,10
375,1.99631,0.97700,1.52500,1.69800,10
376,1.89756,1.05300,1.61300,1.63400,10
377,1.70583,1.29400,1.48400,1.65400,10
378,1.97471,1.44000,1.53600,1.73600,10
379,2.33797,1.39900,1.62600,1.65700,10
380,1.83642,1.84800,1.84100,1.81500,10
381,1.72991,1.40100,1.60800,1.81500,10
382,1.76722,1.15600,1.49100,1.69300,10
383,1.78554,0.97900,1.37600,1.68300,10
384,1.83600,0.96000,1.36000,1.66800,10
385,1.77594,1.08200,1.30200,1.65500,10
386,1.85303,1.07900,1.34900,1.66200,10
387,1.82643,1.03800,1.35900,1.65300,10
388,2.09023,1.00000,1.43400,1.86100,10
389,1.78686,0.91500,1.38400,1.65200,10
390,1.78304,0.98900,1.36400,1.65800,10
391,2.02899,1.14900,1.41100,1.65800,10
392,1.69752,0.95100,1.38400,1.69000,10
393,2.64421,0.95300,1.39500,1.67400,10
394,3.04097,0.95400,3.63700,1.68100,10
395,1.49355,1.02100,1.49300,1.68100,10
396,2.02285,0.93000,1.74200,1.61800,10
397,1.53183,0.84800,1.49400,1.61800,10
398,1.94762,0.85300,1.46600,1.82400,10
399,1.78218,0.84300,1.44300,1.64500,10
400,1.87377,0.85100,1.40100,1.70200,10
401,1.93619,0.88500,1.54100,1.66700,10
402,1.72697,0.85100,1.43800,1.65500,10
403,1.84932,0.84800,1.37000,1.66600,10
404,1.91278,1.39600,1.44400,1.68500,10
405,2.12945,1.25900,1.56000,1.83000,10
406,1.78186,1.13200,1.59300,1.63500,10
407,2.08659,1.12300,1.82200,1.66200,10
408,1.42580,0.97400,1.43800,1.66200,10
409,2.33443,0.93900,1.86800,1.66900,10
410,1.74262,1.05400,1.70800,1.65500,10
411,1.51592,1.39400,1.50500,1.65500,10
412,1.90192,1.12400,1.61500,1.67500,10
413,1.64455,0.94600,1.36500,1.67200,10
414,1.99959,0.95100,1.35700,1.84900,10
415,1.81020,0.96400,1.36000,1.66100,10
416,2.01990,0.88000,1.33800,1.83300,10
417,1.83614,0.85800,1.35400,1.67400,10
418,2.02083,0.82500,1.50800,1.67800,10
419,1.69851,0.85400,1.35000,1.64400,10
420,1.86650,1.02100,1.38100,1.67300,10
421,1.78628,0.99400,1.36100,1.65100,10
422,1.81709,0.95700,1.33200,1.67900,10
423,2.06946,1.05000,1.34900,1.85200,10
424,1.84828,0.97400,1.38500,1.64100,10
425,1.87337,1.17600,1.38500,1.67200,10
426,1.80464,1.22600,1.38400,1.67600,10
427,1.92178,1.09300,1.44200,1.65000,10
428,2.35308,1.11900,1.89700,1.68800,10
429,1.47152,1.11500,1.49000,1.68800,10
430,1.73011,1.00700,1.46300,1.67100,10
431,1.98122,0.92000,1.57000,1.70000,10
432,1.93688,0.92800,1.48800,1.84600,10
433,2.59040,0.93000,1.45900,1.67700,10
434,3.71519,0.85700,3.00900,1.83000,10
435,2.68437,0.89600,3.74700,1.64700,10
436,1.51802,1.06600,1.48900,1.64700,10
437,1.77398,0.89900,1.40800,1.65600,10
438,1.84412,0.80800,1.37500,1.69400,10
439,2.21097,0.84300,1.53100,1.85400,10
440,1.68200,0.85100,1.43500,1.64800,10
441,1.80491,0.80500,1.37900,1.65100,10
442,1.73961,0.84900,1.28600,1.64400,10
443,1.99963,0.84200,1.43800,1.65000,10
444,1.86206,0.83900,1.51000,1.65700,10
445,1.79479,0.91900,1.46400,1.66800,10
446,1.79829,0.88500,1.41900,1.64300,10
447,1.90829,0.92300,1.43400,1.71200,10
448,2.06707,0.90000,1.49200,1.84300,10
449,1.83787,0.86400,1.51400,1.67000,10
450,1.96376,0.91400,1.49300,1.80600,10
451,1.82170,0.92200,1.44700,1.65600,10
452,1.69842,0.84200,1.36800,1.67000,10
453,1.84982,0.91000,1.36700,1.66700,10
454,1.80732,0.87900,1.36800,1.63300,10
455,1.83445,0.88000,1.39600,1.66200,10
456,1.80987,0.85100,1.33800,1.66400,10
457,2.00301,0.89200,1.33300,1.83600,10
458,1.83769,0.83800,1.34000,1.64100,10
459,1.79997,0.83200,1.31100,1.65500,10
460,1.82952,0.87300,1.32000,1.66700,10
461,2.01746,0.84600,1.47600,1.66200,10
462,1.91478,0.98400,1.64100,1.64800,10
463,1.62149,1.09300,1.48400,1.64800,10
464,1.91640,1.00700,1.43300,1.66900,10
465,1.88231,0.93700,1.48700,1.67400,10
466,2.02900,0.89500,1.48300,1.87600,10
467,2.13542,0.86100,1.80200,1.66100,10
468,1.73714,0.82100,1.55700,1.83100,10
469,1.78942,0.90100,1.41200,1.63900,10
470,1.92595,0.91900,1.48100,1.69100,10
471,1.93060,0.94300,1.58500,1.65600,10
472,1.88062,0.89600,1.71100,1.64400,10
473,1.80605,0.92600,1.64400,1.64400,10
474,10.49253,0.84600,1.60600,1.71900,10
475,3.18879,0.97400,10.65900,1.90500,10
476,2.24569,0.96000,3.15800,1.66500,10
477,1.82463,0.87200,1.59700,1.69000,10
478,2.02119,0.91400,1.57000,1.87100,10
479,1.94578,0.85600,1.67300,1.66900,10
480,1.80787,0.88200,1.49600,1.78900,10
481,1.83987,0.87000,1.53600,1.65500,10
482,1.74067,0.83700,1.33600,1.70000,10
483,1.88445,0.79600,1.40000,1.66400,10
484,1.82866,0.84400,1.42800,1.65100,10
485,1.84116,0.96800,1.37400,1.65900,10
486,1.94012,1.43900,1.44300,1.69200,10
487,1.91521,1.32600,1.41200,1.83100,10
488,1.84983,1.12300,1.41600,1.66800,10
489,1.84919,1.02100,1.41600,1.66200,10
490,1.81759,0.97900,1.39000,1.67800,10
491,1.80724,0.95100,1.36700,1.65600,10
492,1.86676,1.03600,1.36200,1.64100,10
493,1.96458,1.24600,1.52600,1.67000,10
494,1.68640,1.29600,1.39200,1.64500,10
495,1.90845,1.05700,1.43500,1.67900,10
496,2.01278,0.94800,1.44900,1.85000,10
497,1.85985,0.88900,1.46300,1.68000,10
498,1.96354,0.86100,1.40400,1.82400,10
499,1.78289,0.96000,1.35300,1.67500,10
500,1.96850,0.87700,1.44600,1.70700,10
501,1.87121,0.91900,1.47700,1.67600,10
502,1.70121,0.90700,1.38200,1.64400,10
503,1.88431,0.97200,1.41200,1.65700,10
504,1.85531,0.97800,1.42600,1.69000,10
505,1.98455,0.87300,1.39700,1.83700,10
506,1.76794,0.85600,1.30400,1.65300,10
507,1.86047,0.89600,1.32900,1.65000,10
508,1.80619,0.88800,1.32400,1.65300,10
509,1.99055,0.94400,1.47400,1.66400,10
510,2.43243,0.99500,2.17700,1.69000,10
511,1.92276,0.99300,1.91000,1.67900,10
512,2.06192,1.01600,2.05700,1.72100,10
513,2.01178,0.96300,2.01000,1.91300,10
514,1.89477,0.93400,1.87900,1.68500,10
515,2.59194,0.99500,1.67000,1.68500,10
516,2.42254,1.03900,3.15100,1.85700,10
517,1.91092,0.98100,1.79300,1.65900,10
518,1.81008,0.98900,1.73200,1.65600,10
519,1.90940,0.93300,1.55000,1.64200,10
520,1.80613,1.08800,1.70600,1.72500,10
521,10.53912,1.11900,1.63700,1.88700,10
522,2.79988,1.33800,11.40300,1.67800,10
523,1.78554,1.45300,1.79500,1.69300,10
524,1.77504,1.34500,1.77100,1.69300,10
525,1.90984,1.20700,1.63100,1.83600,10
526,1.78636,1.08400,1.58400,1.68000,10
527,1.90202,1.03600,1.49200,1.78900,10
528,1.88873,0.98600,1.55400,1.66100,10
529,1.80156,0.91900,1.49300,1.63900,10
530,1.76142,0.92100,1.47400,1.65000,10
531,1.91267,0.89700,1.51900,1.65300,10
532,1.77338,0.89600,1.42400,1.67600,10
533,1.82817,0.94200,1.38800,1.68300,10
534,2.02544,0.88600,1.40300,1.86100,10
535,1.78392,0.88000,1.38600,1.63000,10
536,3.15742,0.85200,1.37100,1.69000,10
537,1.79812,0.81700,1.39400,1.64200,10
538,1.77722,0.88800,1.32900,1.65000,10
539,1.86983,0.87900,1.34600,1.66800,10
540,1.87583,0.88000,1.35000,1.67100,10
541,2.04035,0.87100,1.50000,1.66000,10
542,1.96793,1.10700,1.51100,1.68200,10
543,1.92764,0.98000,1.60700,1.66400,10
544,1.79769,0.96800,1.58200,1.65800,10
545,2.06979,0.97600,1.59100,1.82900,10
546,2.58295,1.17600,2.31200,1.66800,10
547,1.48691,1.31100,1.51800,1.67700,10
548,1.44877,1.06300,1.44700,1.67700,10
549,1.76939,0.96400,1.47800,1.65300,10
550,1.87596,0.91400,1.48300,1.69800,10
551,2.00067,0.90700,1.44200,1.84900,10
552,1.87165,0.93100,1.49500,1.66700,10
553,1.88142,0.90800,1.51600,1.64300,10
554,2.05869,1.83500,1.52000,1.65100,10
555,1.87643,1.92800,1.51200,1.65300,10
556,2.38403,1.66700,1.45800,1.65300,10
557,2.12100,1.06900,2.86100,1.67700,10
558,2.06938,1.06600,1.54800,1.66400,10
559,1.82761,1.01800,1.56200,1.67900,10
560,2.04971,1.00100,1.53100,1.88000,10
561,2.35622,1.02500,1.99200,1.81200,10
562,1.66037,1.53500,1.68000,1.68100,10
563,1.58331,1.15500,1.44500,1.68100,10
564,1.89753,1.05700,1.47400,1.68400,10
565,1.81638,1.03500,1.49300,1.66200,10
566,1.84803,0.93600,1.48200,1.68600,10
567,1.94345,0.90600,1.58100,1.62600,10
568,1.88697,0.89400,1.45900,1.86400,10
569,1.89433,0.94100,1.53400,1.66700,10
570,1.89602,1.01000,1.61400,1.64400,10
571,1.73255,0.90300,1.50300,1.65100,10
572,1.86187,0.93100,1.54100,1.65000,10
573,1.78872,0.88500,1.49500,1.64700,10
574,1.87641,0.83600,1.55200,1.65500,10
575,1.79768,0.86100,1.52300,1.64700,10
576,1.87063,0.87700,1.50600,1.66800,10
577,2.04332,0.98000,1.52600,1.86000,10
578,1.78035,0.92700,1.49100,1.65500,10
579,1.86959,0.91500,1.54500,1.65100,10
580,2.02521,0.95800,1.52600,1.80800,10
581,1.79177,1.00800,1.49300,1.69500,10
582,1.82247,0.93300,1.49900,1.63600,10
583,1.84129,0.91900,1.50200,1.66200,10
584,1.77474,0.97600,1.42700,1.65000,10
585,1.90229,0.96300,1.45300,1.68400,10
586,1.91024,0.99100,1.37500,1.83700,10
587,1.89621,1.08500,1.45800,1.66200,10
588,1.80286,0.99400,1.43100,1.66500,10
589,1.82805,0.99900,1.35300,1.69500,10
590,1.81712,0.99500,1.36800,1.67500,10
591,1.89458,0.88300,1.40200,1.68300,10
592,1.81677,0.83300,1.36300,1.67500,10
593,1.84234,1.09500,1.35000,1.67800,10
594,1.83879,1.09300,1.33100,1.71000,10
595,2.04865,1.07700,1.35000,1.84600,10
596,1.94806,1.03100,1.49200,1.66100,10
597,2.62827,0.94300,1.55800,1.82900,10
598,2.11178,0.88100,2.47000,1.66800,10
599,1.80665,0.87800,1.34600,1.68400,10
600,1.91681,0.85900,1.44200,1.67100,10
601,1.83772,0.89100,1.43300,1.66000,10
602,1.80704,0.85000,1.38800,1.64800,10
603,1.90168,0.85200,1.47600,1.66300,10
604,2.04230,0.81700,1.48900,1.86100,10
605,1.76948,0.83900,1.43700,1.64000,10
606,1.88869,0.87000,1.45000,1.68900,10
607,1.82935,0.82400,1.45200,1.64500,10
608,1.80689,0.82000,1.39400,1.68300,10
609,1.87933,0.86600,1.42900,1.65900,10
610,1.81683,0.86800,1.43000,1.67400,10
611,1.88622,0.84600,1.34800,1.68300,10
612,1.83419,0.90700,1.33000,1.68100,10
613,1.98024,0.86000,1.32600,1.85200,10
614,1.87232,0.85000,1.36400,1.65200,10
615,1.96648,0.88700,1.36200,1.82200,10
616,1.89634,0.80900,1.39500,1.69300,10
617,1.83956,0.91800,1.41800,1.65300,10
618,2.04386,0.93000,1.61000,1.65700,10
619,1.81715,0.89900,1.61900,1.65300,10
620,1.71478,0.94000,1.46400,1.68600,10
621,2.02432,0.92100,1.45100,1.82600,10
622,1.90398,0.93000,1.49000,1.69400,10
623,1.82839,0.88200,1.48900,1.64600,10
624,1.76426,0.89100,1.46000,1.64700,10
625,1.82651,0.91700,1.43600,1.64500,10
626,1.87229,0.90000,1.47000,1.67900,10
627,1.75479,0.85100,1.40900,1.65200,10
628,1.91190,0.82500,1.48600,1.64100,10
629,1.81819,0.80300,1.46600,1.68500,10
630,1.99958,0.86900,1.44700,1.85000,10
631,1.83764,0.92100,1.40100,1.68300,10
632,1.91195,0.83000,1.47200,1.68400,10
633,1.94613,0.82800,1.42000,1.81500,10
634,1.99656,0.82900,1.55200,1.67600,10
635,1.75639,0.83700,1.45400,1.66600,10
636,1.92714,0.87900,1.55400,1.64900,10
637,1.76930,0.88100,1.50300,1.67300,10
638,2.55879,0.92000,1.41200,1.66600,10
639,3.87595,0.85900,2.76100,1.85100,10
640,1.76432,0.91000,1.45500,1.64000,10
641,1.87267,0.83200,1.47800,1.66900,10
642,1.75007,0.85000,1.38100,1.68500,10
643,1.81928,0.83500,1.36500,1.66900,10
644,1.77646,0.88400,1.33500,1.65400,10
645,1.86005,0.85200,1.37700,1.65300,10
646,1.95333,0.86600,1.45100,1.68800,10
647,1.97584,0.89300,1.42200,1.84700,10
648,1.82598,0.82000,1.38600,1.69000,10
649,2.12889,0.86400,1.50200,1.81700,10
650,1.80789,0.96000,1.42700,1.68100,10
651,1.85565,1.03400,1.42400,1.69700,10
652,2.13189,1.01800,1.75700,1.66200,10
653,1.65531,1.00400,1.57500,1.66200,10
654,1.94710,0.96600,1.68200,1.65400,10
655,10.56533,0.92600,1.43300,1.70900,10
656,2.42216,0.95500,11.17200,1.86500,10
657,1.85159,1.03600,1.54400,1.64700,10
658,1.79511,1.01400,1.47400,1.64300,10
659,1.98006,0.98400,1.59900,1.73900,10
660,2.08171,1.01100,1.60100,1.86000,10
661,1.76549,0.96600,1.58600,1.63100,10
662,2.06514,0.96100,1.63200,1.81700,10
663,1.76873,0.98000,1.55800,1.71100,10
664,1.77287,0.86700,1.44800,1.67600,10
665,1.83686,0.95200,1.41100,1.66500,10
666,1.87936,0.88700,1.45300,1.68400,10
667,1.82247,0.85700,1.40700,1.68300,10
668,2.27652,0.87800,1.61900,1.86100,10
669,1.66465,0.87100,1.49600,1.65700,10
670,1.79502,0.83400,1.43200,1.65100,10
671,1.83800,0.91200,1.42400,1.67000,10
672,1.78252,0.82900,1.42400,1.64500,10
673,1.81732,0.84800,1.39400,1.65000,10
674,1.85378,0.84100,1.40900,1.67700,10
675,2.21154,0.89700,1.73900,1.68100,10
676,2.21178,0.92700,2.20000,1.85400,10
677,1.78590,1.11200,1.78500,1.65500,10
678,1.59185,0.99500,1.59400,1.65500,10
679,10.50344,0.89000,1.43400,1.66400,10
680,3.50655,0.89500,11.01700,1.84000,10
681,2.39164,0.86600,3.31500,1.89200,10
682,2.31534,0.90700,2.23900,1.66200,10
683,2.01587,0.87400,2.02000,1.63300,10
684,1.92282,0.83000,1.91600,1.72400,10
685,1.83110,0.84900,1.82000,1.70000,10
686,1.85568,0.83000,1.84600,1.67200,10
687,1.78575,0.82700,1.78200,1.68900,10
688,2.01874,0.91800,1.99700,1.84800,10
689,1.87741,1.29100,1.88400,1.65600,10
690,1.89490,0.95200,1.87600,1.70100,10
691,1.85423,0.95300,1.84800,1.84800,10
692,1.68611,1.03500,1.69200,1.67300,10
693,1.60124,0.86700,1.60000,1.67300,10
694,1.74932,0.89800,1.56800,1.67600,10
695,1.83149,0.95900,1.53600,1.67800,10
696,1.86129,0.99600,1.56900,1.67400,10
697,1.93112,0.96200,1.45800,1.84600,10
698,1.95530,0.94200,1.37800,1.88300,10
699,1.84291,0.91100,1.37000,1.68800,10
700,1.85471,0.88500,1.36400,1.65700,10
701,1.79683,0.93900,1.36300,1.65500,10
702,1.82850,0.88500,1.33600,1.65000,10
703,1.80177,0.88600,1.29800,1.66100,10
704,1.82058,0.86100,1.30500,1.64800,10
705,2.20339,0.90000,1.38800,1.93600,10
706,1.91812,0.85100,1.43100,1.66600,10
707,2.01700,0.84400,1.40200,1.88400,10
708,1.77343,0.91200,1.35600,1.66800,10
709,1.97202,0.84200,1.35500,1.79800,10
710,1.93618,0.83400,1.49800,1.64100,10
711,1.87861,0.81300,1.52600,1.65900,10
712,1.69714,1.27400,1.37100,1.66400,10
713,2.09987,1.15400,1.66800,1.67000,10
714,1.66416,0.91800,1.46600,1.68500,10
715,1.84760,0.87700,1.32700,1.70300,10
716,2.03179,0.91600,1.35500,1.83300,10
717,1.87296,0.86900,1.36600,1.67900,10
718,1.79049,0.85500,1.36600,1.63900,10
719,1.95410,0.83800,1.45300,1.66500,10
720,1.86612,0.88800,1.51400,1.65400,10
721,3.04194,0.90500,1.39500,1.70600,10
722,1.87820,0.86800,1.44300,1.63000,10
723,1.77944,0.81800,1.40200,1.68200,10
724,1.99100,0.82800,1.33300,1.83500,10
725,1.86776,0.82600,1.33500,1.68400,10
726,1.98019,0.86500,1.37700,1.78300,10
727,1.83279,0.83700,1.34800,1.64900,10
728,1.83762,1.01800,1.39300,1.65000,10
729,1.86981,0.87600,1.44900,1.66800,10
730,1.94732,0.95100,1.55900,1.66600,10
731,1.89310,1.56000,1.48000,1.70900,10
732,1.85690,1.54900,1.57400,1.70900,10
733,2.10210,1.15400,1.65700,1.66500,10
734,1.58032,1.11200,1.49500,1.66500,10
735,1.86915,1.02100,1.41600,1.68000,10
736,1.81269,1.41900,1.37600,1.69100,10
737,2.00914,1.15800,1.45400,1.67500,10
738,2.47651,1.14400,2.15700,1.66300,10
739,1.50813,0.96700,1.51300,1.66200,10
740,1.53390,1.01700,1.52800,1.66200,10
741,1.72186,1.03600,1.44700,1.67500,10
742,3.11581,0.99000,1.34600,1.87300,10
743,2.07645,0.94700,1.42800,1.82700,10
744,1.84888,1.11100,1.39500,1.67000,10
745,1.72188,0.98800,1.34700,1.66400,10
746,2.19089,0.98800,1.67700,1.66800,10
747,1.59538,1.00400,1.46100,1.66800,10
748,1.78045,1.04800,1.40800,1.65600,10
749,1.77314,1.04300,1.34400,1.66500,10
750,2.24837,1.34300,1.48400,1.65000,10
751,1.65031,1.43200,1.36000,1.65000,10
752,1.88659,1.19400,1.40100,1.66300,10
753,1.87748,1.09000,1.44300,1.67300,10
754,1.84014,1.04500,1.48300,1.64800,10
755,1.74314,1.05000,1.40900,1.65500,10
756,1.99226,0.98800,1.57000,1.66600,10
757,1.75277,0.88800,1.50700,1.67000,10
758,1.84364,0.96000,1.47300,1.70200,10
759,2.04904,0.91600,1.46400,1.86300,10
760,1.76537,0.93800,1.42300,1.64800,10
761,1.91482,0.96900,1.38500,1.78600,10
762,2.55605,0.91800,1.37100,1.64600,10
763,2.21233,0.82000,2.78500,1.73300,10
764,2.07232,0.99900,1.65000,1.64100,10
765,1.72867,1.03500,1.58200,1.69300,10
766,1.73425,0.95300,1.39600,1.69000,10
767,2.05986,0.96200,1.40400,1.85000,10
768,1.82157,1.05700,1.34800,1.67500,10
769,1.86701,1.12000,1.40800,1.62500,10
770,1.92533,1.01500,1.52200,1.64600,10
771,1.88609,1.01700,1.54900,1.66600,10
772,1.83285,1.04100,1.52900,1.68200,10
773,2.04631,0.97400,1.72300,1.66800,10
774,1.73044,0.93200,1.63400,1.66800,10
775,1.76306,1.03300,1.57500,1.66800,10
776,1.98579,0.93900,1.54000,1.84400,10
777,1.83984,0.93800,1.56800,1.68300,10
778,2.00819,0.90000,1.57400,1.80600,10
779,1.80073,0.95100,1.53500,1.63800,10
780,1.84168,0.94900,1.54500,1.67200,10
781,1.87245,0.92700,1.57200,1.66500,10
782,1.79813,0.92900,1.57900,1.63900,10
783,1.96449,1.27600,1.61100,1.69200,10
784,1.62287,1.73200,1.39500,1.69200,10
785,2.05050,1.28800,1.46900,1.81600,10
786,1.89179,1.09500,1.57200,1.66400,10
787,1.78310,1.06000,1.51800,1.68800,10
788,2.03100,1.04300,1.71100,1.64800,10
789,1.66843,0.96900,1.57600,1.64800,10
790,1.72504,0.92400,1.45400,1.66200,10
791,1.98048,0.90600,1.57100,1.68100,10
792,1.78130,0.88200,1.53100,1.63500,10
793,1.85204,0.87600,1.53200,1.66800,10
794,2.01791,0.97400,1.55000,1.83000,10
795,1.71884,0.99100,1.42900,1.65900,10
796,2.12585,0.96700,1.55600,1.84200,10
797,1.70147,1.08400,1.46000,1.64900,10
798,1.84357,0.96100,1.43700,1.70100,10
799,1.80519,0.96200,1.35100,1.66600,10
800,1.92518,0.97200,1.45200,1.65300,10
801,1.90138,0.95300,1.50900,1.67100,10
802,2.37695,1.08100,2.18900,1.82700,10
803,2.02609,0.98400,1.42300,1.82700,10
804,2.13038,0.98200,2.50900,1.69200,10
805,1.81699,1.07600,1.37100,1.65800,10
806,1.81474,1.00300,1.32000,1.66800,10
807,1.83998,0.94400,1.37000,1.65400,10
808,1.81637,0.89700,1.35800,1.65000,10
809,1.92781,0.93900,1.46100,1.65200,10
810,1.86825,0.90000,1.53200,1.63900,10
811,1.86478,0.86400,1.63000,1.65000,10
812,2.11239,0.86000,1.65400,1.86700,10
813,2.26597,0.85900,2.16900,1.67000,10
814,1.82318,0.85800,1.82700,1.68400,10
815,1.47633,0.86300,1.46400,1.68400,10
816,1.72611,0.79600,1.39200,1.64300,10
817,1.90867,0.84800,1.47100,1.67900,10
818,1.79501,0.81300,1.42200,1.67900,10
819,1.86210,0.83900,1.43000,1.65300,10
820,1.96404,0.80600,1.34100,1.89200,10
821,1.91528,0.81300,1.40600,1.64400,10
822,1.72823,0.83200,1.35400,1.64900,10
823,1.85736,0.80800,1.39200,1.65000,10
824,1.78787,0.82000,1.35200,1.64900,10
825,1.81810,0.82700,1.34500,1.65400,10
826,1.88029,0.85800,1.37300,1.67600,10
827,1.97021,0.84700,1.48500,1.67200,10
828,1.74343,0.86100,1.40100,1.64700,10
829,1.99147,0.79300,1.38500,1.84000,10
830,1.78461,0.84600,1.35200,1.63900,10
831,1.84000,0.80900,1.34300,1.67400,10
832,1.97577,0.89400,1.38900,1.79700,10
833,1.87335,0.85700,1.40600,1.67400,10
834,1.93987,0.87000,1.49600,1.64400,10
835,1.77658,0.95000,1.46000,1.65500,10
836,1.90425,0.91200,1.55100,1.66200,10
837,1.93098,1.17600,1.53000,1.68700,10
838,1.97347,1.45600,1.54000,1.66400,10
839,1.80465,1.25100,1.58600,1.66400,10
840,2.05357,1.17300,1.94700,1.64900,10
841,1.52930,1.00900,1.53700,1.64900,10
842,1.77025,1.06300,1.46100,1.65300,10
843,1.89753,0.97600,1.49300,1.68400,10
844,2.29771,0.97800,1.47200,1.65200,10
845,4.18450,0.88200,2.57400,1.77800,10
846,1.92581,0.89600,1.42700,1.85800,10
847,1.95060,0.94800,1.60700,1.66500,10
848,2.05874,1.09500,1.70200,1.82200,10
849,1.79672,1.11100,1.59600,1.66100,10
850,1.82454,1.08300,1.58700,1.69100,10
851,1.83035,1.08200,1.57800,1.66600,10
852,1.68107,1.00600,1.39900,1.64300,10
853,1.80277,0.87900,1.37800,1.65400,10
854,1.80326,0.89200,1.34600,1.66400,10
855,2.12013,0.94000,1.49000,1.83900,10
856,1.84290,0.92900,1.44400,1.67300,10
857,1.89849,0.91900,1.49600,1.68600,10
858,1.88447,0.84700,1.58100,1.65800,10
859,1.78658,0.83200,1.53500,1.66200,10
860,2.27669,0.81700,1.96800,1.65500,10
861,1.94898,0.86300,1.92900,1.70600,10
862,1.38830,0.92000,1.39800,1.70600,10
863,1.65062,0.88900,1.37100,1.68600,10
864,2.04665,0.82800,1.37700,1.85300,10
865,1.88503,0.82200,1.40100,1.66000,10
866,1.91294,0.91100,1.32100,1.80700,10
867,1.85440,0.84100,1.30400,1.67900,10
868,1.81114,0.92300,1.30400,1.66000,10
869,1.90366,0.93900,1.33700,1.67500,10
870,1.92491,0.91100,1.43300,1.66900,10
871,1.83880,0.90800,1.38200,1.68100,10
872,2.06940,1.01400,1.36800,1.68800,10
873,1.81058,1.59800,1.39100,1.66600,10
874,1.83804,1.21800,1.41500,1.65900,10
875,1.83250,1.11000,1.42200,1.65900,10
876,1.82829,1.04000,1.40900,1.66700,10
877,1.78410,1.01200,1.37600,1.67900,10
878,1.91014,0.98100,1.41900,1.66100,10
879,1.77086,1.30600,1.35500,1.65500,10
880,1.97331,1.12400,1.41800,1.67600,10
881,10.50788,1.10000,1.39000,1.70700,10
882,2.67987,1.08100,11.24200,1.66800,10
883,1.69222,1.02100,1.51600,1.66800,10
884,1.72676,0.93600,1.33700,1.66100,10
885,2.59682,0.92200,1.34500,1.68200,10
886,2.58962,0.96400,2.90700,1.67200,10
887,1.58428,1.04900,1.60900,1.67200,10
888,2.12188,0.98600,1.97900,1.65400,10
889,1.69789,0.88700,1.68400,1.65400,10
890,1.63151,0.90600,1.58600,1.65400,10
891,1.68214,0.87600,1.37200,1.63900,10
892,1.82688,0.84800,1.36900,1.70300,10
893,1.83411,0.83700,1.30600,1.68700,10
894,2.13196,0.86300,1.38200,1.82700,10
895,1.85850,0.89500,1.39400,1.67300,10
896,1.94038,0.87100,1.32900,1.82300,10
897,1.82609,0.99300,1.32900,1.67200,10
898,1.81825,0.86500,1.30000,1.65900,10
899,1.91790,0.95300,1.40100,1.66600,10
900,1.93603,0.95700,1.48700,1.66000,10
901,1.96718,0.97500,1.63700,1.66500,10
902,1.69828,0.98200,1.44600,1.68600,10
903,1.90204,0.87100,1.33900,1.81300,10
904,1.86229,0.82300,1.38300,1.66600,10
905,1.84418,0.85700,1.38300,1.67300,10
906,1.88522,0.85500,1.42300,1.66600,10
907,1.91721,0.89500,1.46600,1.68700,10
908,1.83675,1.07900,1.54500,1.64500,10
909,1.72434,1.30100,1.40100,1.64300,10
910,1.79705,1.28800,1.35300,1.67000,10
911,1.83512,1.07300,1.37200,1.66700,10
912,2.06527,0.99300,1.41100,1.83600,10
913,1.84696,0.95500,1.40200,1.65300,10
914,1.96652,1.25900,1.41800,1.78700,10
915,1.75743,1.04700,1.29800,1.67000,10
916,1.87819,0.93700,1.33800,1.69400,10
917,1.89596,0.89000,1.40000,1.65600,10
918,1.84097,0.86300,1.35900,1.68400,10
919,1.92983,0.87200,1.45300,1.65600,10
920,1.93535,0.86500,1.56400,1.69800,10
921,1.92868,0.91900,1.45700,1.84600,10
922,1.91868,0.92800,1.48700,1.66200,10
923,1.85583,0.91700,1.53400,1.66700,10
924,1.84935,0.89000,1.52600,1.66400,10
925,2.60514,0.92900,1.46900,1.65100,10
926,2.26183,0.85200,2.89900,1.69400,10
927,1.90536,0.91000,1.50500,1.65700,10
928,1.74392,0.86200,1.46500,1.69400,10
929,2.05639,0.90400,1.47900,1.85600,10
930,1.75741,0.93500,1.40200,1.67000,10
931,2.00899,0.84900,1.43200,1.81500,10
932,1.88086,0.86800,1.43000,1.67300,10
933,1.73554,0.87900,1.34200,1.68500,10
934,1.82025,0.87100,1.34500,1.65300,10
935,1.81613,0.85400,1.31400,1.66500,10
936,1.89392,0.83500,1.33900,1.66100,10
937,1.89687,0.82200,1.37100,1.69300,10
938,1.97046,0.90900,1.33500,1.86200,10
939,1.96540,0.87800,1.39000,1.66900,10
940,1.91724,1.52400,1.47500,1.69400,10
941,1.80284,1.34700,1.48100,1.65300,10
942,1.87286,1.13700,1.56300,1.65500,10
943,1.76438,1.07800,1.46300,1.64000,10
944,2.00606,1.01900,1.63500,1.65400,10
945,1.76015,1.02200,1.57300,1.65400,10
946,1.85732,1.12900,1.60100,1.67600,10
947,2.40782,1.06800,2.04700,1.67800,10
948,2.26307,0.99900,1.87700,1.63800,10
949,1.94213,1.12100,1.90500,1.67400,10
950,1.82567,0.96200,1.81400,1.67200,10
951,1.77790,0.96700,1.77500,1.66900,10
952,1.71597,0.99300,1.66600,1.66900,10
953,1.87244,1.00000,1.69500,1.65300,10
954,2.14717,1.03000,1.70100,1.85500,10
955,1.86485,1.02500,1.57700,1.87000,10
956,1.79742,1.00200,1.54300,1.66200,10
957,1.94927,1.00900,1.58100,1.64900,10
958,2.18776,0.98800,2.02200,1.66000,10
959,2.06637,1.05200,2.08200,1.68700,10
960,1.58109,1.05900,1.57500,1.65500,10
961,1.78168,0.99600,1.77500,1.78100,10
962,1.72195,1.06500,1.71100,1.78100,10
963,2.01355,0.96200,1.78900,1.68100,10
964,1.99221,1.68100,1.70100,1.66400,10
965,1.70636,1.39300,1.62900,1.66400,10
966,2.00120,1.19400,1.59400,1.82700,10
967,2.73044,1.02300,1.63400,1.66600,10
968,2.54246,0.99500,3.19100,1.67700,10
969,1.65647,0.97700,1.54300,1.67700,10
970,1.78039,0.95000,1.50600,1.63700,10
971,1.85710,0.95600,1.52100,1.67200,10
972,1.93561,0.91500,1.45400,1.83500,10
973,2.22578,0.85200,1.87600,1.69300,10
974,2.11906,0.88900,2.11100,1.66000,10
975,1.96484,0.86100,1.96000,1.66000,10
976,1.84476,0.86200,1.83300,1.66800,10
977,1.63665,0.86500,1.63700,1.65000,10
978,1.57143,0.82500,1.55300,1.66000,10
979,1.72895,0.84300,1.66700,1.66000,10
980,1.62973,0.93900,1.46800,1.67100,10
981,2.20347,1.02300,1.59100,1.63900,10
982,1.63044,1.41000,1.44700,1.63900,10
983,2.12327,1.22700,1.55600,1.83400,10
984,1.72610,1.12100,1.45800,1.63500,10
985,1.84232,1.06400,1.43900,1.68300,10
986,1.74094,0.97300,1.35500,1.66200,10
987,1.97050,0.91400,1.47400,1.66700,10
988,2.13162,0.92500,1.90900,1.64800,10
989,1.86195,0.93200,1.72200,1.85600,10
990,1.95475,1.51700,1.69700,1.69500,10
991,1.74108,1.59800,1.55300,1.66700,10
992,1.85040,1.38100,1.53200,1.67200,10
993,1.76419,1.50000,1.53200,1.67200,10
994,2.08479,1.57800,1.77900,1.68500,10
995,1.85384,1.32400,1.83300,1.64000,10
996,1.83758,1.09400,1.86100,1.68700,10
997,1.57959,0.94900,1.58000,1.68700,10
998,1.82617,0.93000,1.51700,1.69200,10
999,1.98827,0.92500,1.43400,1.85600,10
1000,1.77451,0.87500,1.38200,1.63900,10
1001,2.07769,0.91000,1.46700,1.80400,10
1002,1.77661,0.89900,1.43300,1.66700,10
1003,1.84327,0.84800,1.39800,1.66700,10
1004,1.83042,0.91700,1.39100,1.65600,10
1005,2.00855,0.92400,1.48200,1.65700,10
1006,1.66216,1.04900,1.42600,1.65000,10
1007,1.82759,0.93000,1.35800,1.70200,10
1008,3.20628,0.86100,1.40600,1.86200,10
1009,1.90874,0.91400,1.49200,1.65500,10
1010,1.93750,0.92700,1.62400,1.67000,10
1011,1.68875,0.84300,1.47300,1.65300,10
1012,2.10661,0.87900,1.65000,1.71000,10
1013,1.84491,1.12700,1.63100,1.66800,10
1014,1.87398,1.49100,1.65800,1.65400,10
1015,1.84293,1.30500,1.71300,1.65400,10
1016,2.00825,1.22100,1.70400,1.67600,10
1017,1.88203,1.08100,1.75100,1.67600,10
1018,2.07023,1.05400,1.83200,1.68300,10
1019,1.77343,1.09500,1.73400,1.69900,10
1020,1.95157,1.20200,1.80500,1.67700,10
1021,1.79212,1.20000,1.76600,1.66800,10
1022,1.82060,1.09500,1.76500,1.65100,10
1023,1.82071,1.03000,1.75300,1.65900,10
1024,1.84735,0.98700,1.75400,1.65900,10
1025,1.88568,1.04700,1.63900,1.85200,10
1026,1.99439,0.97000,1.78400,1.67600,10
1027,1.82256,0.96900,1.77900,1.67600,10
1028,1.79738,0.93000,1.61500,1.69700,10
1029,1.96269,1.13800,1.75000,1.68500,10
1030,1.84521,1.14800,1.80600,1.67600,10
1031,1.82494,1.02100,1.73600,1.66900,10
1032,1.93220,1.09800,1.92700,1.68900,10
1033,1.71737,1.09600,1.72500,1.68900,10
1034,1.92827,1.04100,1.67300,1.87600,10
1035,1.85132,0.97800,1.67500,1.65600,10
1036,2.16727,1.00300,1.79600,1.65200,10
1037,2.08781,1.02700,2.08900,1.76400,10
1038,1.76197,1.05500,1.76300,1.67600,10
1039,1.68395,0.99300,1.67900,1.65700,10
1040,1.71227,0.92400,1.60000,1.65700,10
1041,1.96932,1.01700,1.74400,1.68400,10
1042,1.76531,0.99000,1.63600,1.68400,10
1043,1.96918,1.04400,1.57200,1.85400,10
1044,1.81103,0.94000,1.57000,1.64200,10
1045,1.82203,0.96300,1.58300,1.67700,10
1046,1.79783,0.92400,1.51800,1.65600,10
1047,2.09693,0.93900,1.82300,1.68700,10
1048,1.69561,0.94100,1.59400,1.68700,10
1049,2.50166,1.02100,1.98300,1.65500,10
1050,3.12036,1.17900,2.29700,1.87000,10
1051,2.30544,1.18400,1.92200,1.87000,10
1052,3.05649,0.96100,2.91100,1.67600,10
1053,1.94574,1.24900,1.93400,1.65500,10
1054,1.90497,1.17400,1.91000,1.70100,10
1055,1.87223,1.00400,1.83500,1.69700,10
1056,1.73618,1.03400,1.72200,1.69400,10
1057,1.80883,1.00600,1.79100,1.67100,10
1058,1.82922,1.73000,1.81600,1.84700,10
1059,1.78373,0.98600,1.63700,1.84700,10
1060,1.83332,1.04500,1.60100,1.67000,10
1061,1.68448,1.82900,1.44500,1.67000,10
1062,1.91282,1.44100,1.56000,1.65300,10
1063,1.94937,1.17000,1.72200,1.64500,10
1064,1.75823,0.97400,1.65800,1.64500,10
1065,1.90699,0.93500,1.69700,1.64600,10
1066,1.58525,0.88900,1.43400,1.64600,10
1067,1.91203,1.00500,1.49600,1.67800,10
1068,2.27003,1.01100,1.75300,1.65300,10
1069,2.13334,1.04300,2.11800,1.82400,10
1070,1.72170,0.99000,1.71200,1.65700,10
1071,1.73099,0.92200,1.69000,1.65700,10
1072,1.78894,0.91900,1.63600,1.72300,10
1073,1.86698,0.93900,1.68900,1.66600,10
1074,1.90020,1.06900,1.86700,1.66900,10
1075,1.75700,0.94000,1.73700,1.66900,10
1076,1.87061,0.97300,1.73400,1.68100,10
1077,2.01758,0.95600,1.70300,1.85300,10
1078,2.02469,0.90500,1.88300,1.71800,10
1079,1.90978,1.05200,1.89000,1.66500,10
1080,1.81507,0.98600,1.81700,1.69100,10
1081,1.76953,0.93400,1.75600,1.69100,10
1082,1.89577,1.03400,1.79100,1.67100,10
1083,1.78164,0.99300,1.69200,1.66400,10
1084,1.92793,1.08000,1.77100,1.69200,10
1085,1.95353,1.05300,1.89800,1.69200,10
1086,2.08556,0.94700,1.97600,1.64500,10
1087,1.80417,0.91500,1.79900,1.81700,10
1088,2.00950,0.95800,1.92200,1.68100,10
1089,1.87054,1.04200,1.86300,1.67400,10
1090,1.90702,0.98300,1.88900,1.67000,10
1091,2.61121,1.01900,1.76500,1.67000,10
1092,2.89936,0.87600,3.49600,1.70200,10
1093,1.95945,0.94000,1.94600,1.85200,10
1094,2.01089,0.97200,1.91900,1.67000,10
1095,1.69156,1.78400,1.73900,1.66900,10
1096,1.59383,1.20000,1.59500,1.69700,10
1097,1.71916,1.09600,1.60400,1.69700,10
1098,1.84316,1.02000,1.57700,1.65800,10
1099,1.85149,1.08400,1.58200,1.68700,10
1100,1.91882,0.93100,1.64400,1.67400,10
1101,2.12295,1.16400,1.94300,1.71100,10
1102,10.45392,1.07900,1.79300,1.71100,10
1103,2.87491,1.18700,11.31100,1.66900,10
1104,1.76271,0.99900,1.74600,1.69600,10
1105,1.69001,1.11800,1.68200,1.69600,10
1106,1.97695,1.22300,1.72800,1.83700,10
1107,1.78510,1.02700,1.68400,1.66100,10
1108,2.03078,0.93600,1.82800,1.67600,10
1109,1.63349,0.99300,1.62200,1.67600,10
1110,1.82585,0.94000,1.60600,1.66600,10
1111,2.03923,1.06800,1.75300,1.67400,10
1112,1.96481,0.98700,1.89400,1.69600,10
1113,1.74026,1.07200,1.72400,1.69300,10
1114,2.24120,1.04000,2.02900,1.69300,10
1115,2.06292,0.96300,1.60100,1.84100,10
1116,1.83589,0.95600,1.61800,1.65100,10
1117,2.06763,1.07900,1.67200,1.65100,10
1118,1.78072,1.02600,1.64500,1.65100,10
1119,1.68983,0.88200,1.47400,1.66100,10
1120,1.81603,0.92200,1.42100,1.66600,10
1121,1.85617,0.92500,1.44800,1.66600,10
1122,2.50823,0.90700,2.10100,1.66200,10
1123,1.81605,0.90100,1.79800,1.84200,10
1124,1.63159,1.01300,1.62400,1.65800,10
1125,1.67869,0.96600,1.51100,1.65800,10
1126,1.86995,0.93600,1.57400,1.68000,10
1127,1.81165,0.89900,1.54800,1.66200,10
1128,1.99360,0.84500,1.72300,1.64600,10
1129,2.34256,0.87600,2.33300,1.68400,10
1130,1.77337,1.03300,1.78100,1.68400,10
1131,2.26639,0.94000,1.86100,1.72200,10
1132,2.70415,0.99400,1.67400,1.72200,10
1133,2.62793,1.02700,3.44600,1.83200,10
1134,1.80865,1.16600,1.61700,1.83200,10
1135,2.13918,0.98300,1.93600,1.68900,10
1136,1.82269,0.93300,1.60600,1.64200,10
1137,1.83867,0.89700,1.57000,1.66100,10
1138,1.85085,0.89600,1.57000,1.64400,10
1139,1.92105,1.32800,1.59400,1.67200,10
1140,1.89684,1.45400,1.49100,1.83600,10
1141,1.87848,1.10900,1.53000,1.66700,10
1142,1.83659,0.99000,1.58800,1.63400,10
1143,1.98307,0.92700,1.73800,1.62000,10
1144,1.95668,0.87900,1.95500,1.68500,10
1145,1.95635,0.86200,1.94100,1.65700,10
1146,1.76719,0.87800,1.73900,1.65300,10
1147,1.54370,0.95400,1.55100,1.65300,10
1148,1.64817,0.87000,1.46500,1.65600,10
1149,2.17873,1.06100,1.56900,1.64900,10
1150,1.89518,1.40500,1.59900,1.64900,10
1151,2.06692,1.26800,1.68900,1.66300,10
1152,1.92080,1.30800,1.65400,1.65300,10
1153,1.70826,1.44300,1.55000,1.65300,10
1154,2.96114,1.15600,1.59000,1.61700,10
1155,1.67488,1.30600,1.56400,1.67500,10
1156,1.75526,1.35000,1.55100,1.67500,10
1157,1.90759,1.05200,1.62400,1.68400,10
1158,2.09278,1.09200,1.58500,1.84800,10
1159,1.72520,1.06600,1.57800,1.65000,10
1160,1.83633,1.06500,1.61500,1.65900,10
1161,1.75294,1.00200,1.49200,1.64300,10
1162,1.73555,0.98400,1.44800,1.64600,10
1163,1.92379,1.04900,1.52400,1.66700,10
1164,1.77326,0.95900,1.48000,1.64700,10
1165,1.95937,0.92900,1.59300,1.66800,10
1166,1.70614,0.99000,1.48400,1.67900,10
1167,2.18613,1.02200,1.65000,1.65600,10
1168,2.19838,1.01200,2.18300,1.84700,10
1169,1.90524,0.98700,1.82600,1.67800,10
1170,1.68721,1.51900,1.72000,1.65400,10
1171,1.70605,1.22800,1.66500,1.65400,10
1172,1.85582,1.09300,1.66600,1.66300,10
1173,1.79473,1.03800,1.65000,1.65200,10
1174,1.82333,0.98700,1.59100,1.65300,10
1175,12.68637,1.01700,1.61100,1.65300,10
1176,2.50496,0.99800,13.17400,1.89400,10
1177,2.14052,0.93900,1.85400,1.69000,10
1178,1.88348,0.89800,1.74000,1.85600,10
1179,1.70422,0.83800,1.63300,1.65600,10
1180,2.11912,0.86400,1.72100,1.63400,10
1181,1.75542,0.87300,1.67600,1.63400,10
1182,1.86134,0.90600,1.64800,1.68500,10
1183,1.88212,0.87400,1.66700,1.67100,10
1184,1.75240,0.90600,1.58900,1.65800,10
1185,1.83859,0.88900,1.61800,1.64500,10
1186,1.92256,0.84700,1.66100,1.66600,10
1187,1.89511,0.87100,1.55600,1.85600,10
1188,1.92712,0.88300,1.69100,1.65400,10
1189,1.67632,0.89500,1.50600,1.64300,10
1190,1.78872,0.90500,1.45800,1.65000,10
1191,1.80163,0.87100,1.40800,1.64800,10
1192,1.85916,0.86900,1.42000,1.66700,10
1193,1.72197,0.90700,1.33400,1.66200,10
1194,1.90979,0.85300,1.36000,1.66400,10
1195,1.77104,0.87500,1.34500,1.64900,10
1196,2.08606,0.87600,1.37900,1.85500,10
1197,1.83597,0.93900,1.38000,1.64600,10
1198,2.30338,0.99900,1.67100,1.65100,10
1199,2.11220,1.09700,2.10000,1.69500,10
1200,1.90975,1.05000,1.90500,1.70900,10
1201,1.53869,0.95200,1.55000,1.66300,10
1202,1.58117,0.86800,1.46600,1.66300,10
1203,1.98465,0.84600,1.60400,1.66700,10
1204,1.83024,0.94600,1.62800,1.64600,10
1205,1.99228,0.93900,1.59600,1.86200,10
1206,1.92076,0.93100,1.64900,1.64500,10
1207,1.76076,0.91000,1.55800,1.68100,10
1208,1.81325,0.97300,1.59100,1.65300,10
1209,1.83914,1.05700,1.60200,1.65300,10
1210,1.73273,0.90400,1.47400,1.65600,10
1211,1.91036,0.89400,1.54100,1.66200,10
1212,1.74229,0.83400,1.45400,1.65700,10
1213,1.85161,0.81400,1.43800,1.68000,10
1214,2.04934,0.82600,1.51200,1.81800,10
1215,1.88340,0.81200,1.52200,1.64900,10
1216,1.91455,0.90000,1.48000,1.81700,10
1217,2.58641,0.87400,1.52900,1.70800,10
1218,1.81906,0.98000,1.52900,1.63600,10
1219,1.81357,0.94200,1.52000,1.64200,10
1220,1.99702,1.00000,1.69200,1.63800,10
1221,1.70167,1.12400,1.56800,1.63800,10
1222,10.55519,1.05800,1.50800,1.69700,10
1223,2.55883,1.02700,11.14500,1.88500,10
1224,1.92462,1.02200,1.67300,1.65800,10
1225,1.73867,0.86100,1.55400,1.63700,10
1226,1.95148,0.91400,1.51100,1.68800,10
1227,1.84691,0.88500,1.52000,1.66300,10
1228,1.93018,0.85700,1.47700,1.81000,10
1229,1.88610,0.84900,1.53700,1.65600,10
1230,1.77580,0.85000,1.53700,1.63300,10
1231,1.75412,0.81600,1.50700,1.61600,10
1232,1.80092,0.79800,1.49200,1.65100,10
1233,1.85140,0.82500,1.55100,1.64900,10
1234,1.85253,0.80500,1.53800,1.64500,10
1235,10.49509,0.87800,1.82500,1.65500,10
1236,2.49581,0.92800,10.70600,1.89700,10
1237,1.84351,0.92500,1.61300,1.65600,10
1238,1.83937,0.96600,1.55800,1.68700,10
1239,10.61066,1.02200,1.47100,1.66800,10
1240,2.96971,1.04400,11.56900,1.64800,10
1241,1.92948,0.95800,1.72300,1.64800,10
1242,1.89470,0.88800,1.61000,1.66400,10
1243,2.01570,0.99500,1.59300,1.84300,10
1244,1.82817,1.18300,1.56700,1.63100,10
1245,1.81910,1.12900,1.58200,1.67400,10
1246,2.06453,1.10100,1.87900,1.64900,10
1247,1.54928,1.00100,1.55700,1.64900,10
1248,1.77528,0.94000,1.52100,1.65100,10
1249,1.91384,0.88500,1.54900,1.68200,10
1250,1.89626,0.89700,1.61500,1.67300,10
1251,2.15431,1.00400,1.93100,1.87100,10
1252,1.80528,0.96400,1.80700,1.65100,10
1253,1.88127,0.89200,1.87800,1.67400,10
1254,10.55197,0.87400,1.62100,1.67400,10
1255,2.91346,1.02600,11.61000,1.82300,10
1256,1.99509,1.07600,1.95100,1.65500,10
1257,3.39351,1.02300,1.86700,1.64400,10
1258,1.93148,0.92000,1.93600,1.68300,10
1259,2.07152,0.85400,1.99000,1.71400,10
1260,2.82667,1.29400,1.58900,1.63300,10
1261,1.66076,1.48400,1.51100,1.63300,10
1262,1.79982,1.27800,1.47100,1.65200,10
1263,1.97831,1.20500,1.46900,1.83200,10
1264,1.87608,1.14300,1.56500,1.63400,10
1265,2.07392,1.11100,1.77300,1.64500,10
1266,1.70066,1.13400,1.59400,1.64500,10
1267,1.94630,1.13200,1.65100,1.67900,10
1268,1.69638,1.05800,1.52100,1.66200,10
1269,2.01682,1.12900,1.68400,1.65200,10
1270,1.76743,1.07700,1.69800,1.65200,10
1271,1.80920,1.18100,1.66100,1.65600,10
1272,1.90502,1.03200,1.48000,1.88300,10
1273,1.82570,1.02100,1.49800,1.64800,10
1274,1.89891,0.97300,1.56400,1.67800,10
1275,1.87083,0.91200,1.66000,1.64500,10
1276,1.73861,0.90900,1.51200,1.68200,10
1277,1.98656,0.87100,1.60600,1.70000,10
1278,1.79180,0.95200,1.60600,1.64300,10
1279,1.96042,0.88500,1.72900,1.67200,10
1280,1.67854,0.89700,1.54400,1.67200,10
1281,2.16906,0.91300,1.82000,1.65800,10
1282,2.01065,0.92400,1.83900,1.65800,10
1283,2.28264,0.89900,2.05500,1.66800,10
1284,1.94854,1.13600,1.91100,1.66800,10
1285,1.66292,0.90300,1.53700,1.67000,10
1286,1.83403,0.91900,1.53800,1.63100,10
1287,1.91073,0.93600,1.65500,1.63300,10
1288,1.77024,0.87500,1.60600,1.67400,10
1289,1.82990,0.84500,1.51200,1.68900,10
1290,2.05294,0.91700,1.56800,1.82400,10
1291,1.80846,0.95400,1.49500,1.68200,10
1292,1.79310,0.89900,1.51600,1.63500,10
1293,1.91176,0.89200,1.53700,1.68300,10
1294,1.79252,0.93400,1.56100,1.63900,10
1295,2.20484,0.88300,1.91800,1.66700,10
1296,1.85970,0.92000,1.85500,1.65900,10
1297,1.82998,0.91400,1.83100,1.65600,10
1298,1.63437,0.90400,1.63000,1.65600,10
1299,1.81991,0.89300,1.61800,1.81900,10
1300,1.83562,0.83100,1.66300,1.63300,10
1301,2.63286,0.82000,1.62600,1.83600,10
1302,2.37641,0.80200,2.78500,1.72700,10
1303,1.76816,0.88600,1.56900,1.63700,10
1304,1.86867,0.82600,1.61500,1.67100,10
1305,1.81439,0.88200,1.55400,1.66500,10
1306,1.84410,0.80600,1.54800,1.69300,10
1307,2.08752,0.86600,1.58200,1.86100,10
1308,2.21058,0.85100,1.99300,1.67300,10
1309,1.69521,0.80800,1.68200,1.65400,10
1310,1.55135,0.81200,1.53800,1.65400,10
1311,1.92257,0.84000,1.65400,1.63300,10
1312,1.84791,0.88600,1.73800,1.68400,10
1313,1.80725,0.86600,1.69900,1.66500,10
1314,1.71435,0.83800,1.55700,1.64600,10
1315,1.80862,0.80500,1.52400,1.70400,10
1316,2.02773,0.81100,1.50600,1.81600,10
1317,1.89292,0.83700,1.45800,1.78300,10
1318,2.12752,0.90100,1.58200,1.81800,10
1319,1.91006,1.06500,1.61000,1.69400,10
1320,1.68427,1.12900,1.51200,1.69400,10
1321,1.70761,0.86700,1.43000,1.63500,10
1322,1.81746,0.84800,1.39300,1.65700,10
1323,1.80681,0.80200,1.38100,1.65900,10
1324,1.86705,0.80500,1.34500,1.69000,10
1325,2.15359,0.83100,1.46000,1.88700,10
1326,1.81149,0.89200,1.45800,1.63500,10
1327,1.77805,0.86600,1.38100,1.67200,10
1328,1.79384,1.05800,1.37700,1.64600,10
1329,1.89504,0.85300,1.41400,1.65600,10
1330,1.78579,0.82600,1.40300,1.66500,10
1331,1.82327,0.85100,1.40600,1.65000,10
1332,1.88523,0.83700,1.46000,1.64800,10
1333,1.83140,0.85000,1.43300,1.68700,10
1334,2.11024,0.83300,1.52600,1.84000,10
1335,1.75001,0.87800,1.47100,1.66900,10
1336,1.97499,0.83900,1.43000,1.80400,10
1337,1.98055,0.96600,1.56700,1.71200,10
1338,1.78678,0.85900,1.54300,1.63700,10
1339,1.82277,0.87000,1.51400,1.66700,10
1340,1.83229,0.82800,1.50100,1.66200,10
1341,1.88771,0.83700,1.55300,1.65900,10
1342,2.80092,0.88300,1.42800,1.68200,10
1343,2.25590,0.89400,3.13700,1.87200,10
1344,1.86414,0.83800,1.55700,1.61100,10
1345,1.81648,0.85500,1.54000,1.65700,10
1346,1.86765,0.85700,1.55600,1.64100,10
1347,1.74434,0.90500,1.46600,1.66200,10
1348,2.05833,0.84100,1.71100,1.65200,10
1349,1.74223,1.20400,1.52200,1.67300,10
1350,1.70046,1.56600,1.43100,1.67300,10
1351,2.20540,1.16900,1.58800,1.67200,10
1352,2.03902,1.23600,1.82800,1.80800,10
1353,1.74057,1.09500,1.57700,1.65300,10
1354,2.08397,1.23300,1.85100,1.69900,10
1355,1.65003,1.11500,1.64500,1.69900,10
1356,1.75577,0.93900,1.53800,1.68600,10
1357,1.88289,0.91100,1.58000,1.69600,10
1358,1.85212,0.90700,1.58800,1.67200,10
1359,1.78867,0.94100,1.56100,1.68500,10
1360,2.26129,0.97400,1.54300,1.88000,10
1361,2.63077,0.89600,2.30200,1.76400,10
1362,1.89633,0.87400,1.67600,1.66000,10
1363,1.73389,0.88100,1.60700,1.67900,10
1364,1.79610,0.92500,1.52200,1.66200,10
1365,1.92403,0.90000,1.56700,1.67900,10
1366,1.77000,0.87000,1.53600,1.66500,10
1367,1.83943,0.90900,1.55400,1.67100,10
1368,2.10671,0.93300,1.65100,1.85400,10
1369,1.85486,0.88900,1.58200,1.66000,10
1370,1.70780,1.56200,1.33600,1.64300,10
1371,1.82029,1.35700,1.32700,1.65800,10
1372,1.89994,1.19500,1.34200,1.71300,10
1373,1.94413,1.12900,1.52300,1.66500,10
1374,1.87312,1.14000,1.54800,1.63000,10
1375,1.75882,0.98200,1.49300,1.66400,10
1376,1.76986,0.99700,1.39600,1.68600,10
1377,2.05925,0.97900,1.41400,1.85500,10
1378,2.47045,0.91800,2.10500,1.64300,10
1379,1.88802,0.90400,1.89000,1.68500,10
1380,1.41789,0.87600,1.41800,1.66700,10
1381,1.54817,0.86800,1.38500,1.66700,10
1382,1.92073,0.84800,1.48600,1.65400,10
1383,1.68917,0.87800,1.36200,1.65000,10
1384,3.11690,0.94200,1.41800,1.66500,10
1385,2.10090,0.97100,1.54500,1.82900,10
1386,1.89837,1.02800,1.62600,1.65800,10
1387,2.35403,1.02400,2.08900,1.65600,10
1388,1.97410,1.04200,1.96100,1.65500,10
1389,1.84499,0.91900,1.84900,1.67200,10
1390,1.89431,0.83900,1.89000,1.67600,10
1391,1.74662,0.82700,1.73900,1.66500,10
1392,1.75448,0.83700,1.73500,1.65200,10
1393,2.19086,0.87300,2.18700,1.81600,10
1394,2.35369,0.88400,2.34600,1.67100,10
1395,1.79281,0.91200,1.77800,1.69100,10
1396,1.71912,0.88600,1.71300,1.68800,10
1397,1.62603,0.81500,1.62700,1.65900,10
1398,1.76808,0.80700,1.75300,1.67900,10
1399,1.66781,0.81900,1.65900,1.67900,10
1400,1.75874,0.82600,1.55700,1.66300,10
1401,2.04714,0.96300,1.70800,1.66000,10
1402,1.96047,1.41900,1.86200,1.86700,10
1403,1.75564,1.21700,1.60300,1.86700,10
1404,1.78435,1.03100,1.55500,1.65000,10
1405,2.03138,0.98200,1.65700,1.80200,10
1406,1.75103,0.96100,1.54600,1.66100,10
1407,1.85265,1.00400,1.55500,1.65500,10
1408,1.95370,0.96100,1.66600,1.62800,10
1409,1.80425,0.89000,1.72500,1.62800,10
1410,1.85064,0.94100,1.68200,1.66600,10
1411,1.82209,1.06200,1.69200,1.66600,10
1412,2.08404,0.93700,1.73200,1.67200,10
1413,1.76063,0.91700,1.65100,1.67200,10
1414,1.79349,0.88100,1.57000,1.66000,10
1415,1.81961,0.92200,1.56600,1.67000,10
1416,1.87750,0.91000,1.58800,1.65500,10
1417,1.73503,1.02100,1.56900,1.63100,10
1418,1.90887,0.97300,1.62000,1.66800,10
1419,1.78347,0.93500,1.57900,1.66700,10
1420,1.97045,1.16700,1.63300,1.67500,10
1421,1.93293,1.26500,1.58600,1.82900,10
1422,1.82381,1.11700,1.58000,1.64900,10
1423,1.88852,1.00200,1.47600,1.83800,10
1424,1.86214,0.90000,1.51800,1.64600,10
1425,1.81670,0.90800,1.50000,1.67800,10
1426,2.83233,0.88400,1.55200,1.69300,10
1427,1.83979,1.11900,1.59200,1.64300,10
1428,1.75139,1.16400,1.46400,1.66500,10
1429,1.96555,1.01000,1.42900,1.85600,10
1430,1.91012,0.96300,1.48800,1.66800,10
1431,1.88237,0.96800,1.60800,1.64500,10
1432,1.98610,0.89300,1.73000,1.66300,10
1433,2.16830,0.96100,2.17000,1.65800,10
1434,1.95004,0.94000,1.95400,1.68600,10
1435,1.81477,0.88200,1.81300,1.69600,10
1436,1.83355,0.84300,1.81600,1.71000,10
1437,1.78635,0.89300,1.77400,1.84800,10
1438,1.69049,0.89400,1.66200,1.84800,10
1439,1.76410,0.94500,1.59000,1.66800,10
1440,1.92835,0.97300,1.51600,1.81900,10
1441,1.89493,0.85500,1.60000,1.65600,10
1442,1.94917,0.88700,1.67700,1.67600,10
1443,1.73404,0.88800,1.56500,1.66000,10
1444,1.98548,0.88300,1.71400,1.67500,10
1445,1.75429,0.92700,1.60500,1.67500,10
1446,1.78966,0.92000,1.55500,1.65700,10
1447,2.02131,0.94400,1.57700,1.83800,10
1448,1.82790,0.93000,1.54800,1.64700,10
1449,1.87619,0.84700,1.58900,1.68000,10
1450,1.78482,0.88600,1.54800,1.65200,10
1451,1.84638,0.84500,1.55500,1.67700,10
1452,1.85604,0.82900,1.54300,1.66400,10
1453,1.91524,0.90900,1.59100,1.68300,10
1454,1.70988,0.87200,1.52200,1.65400,10
1455,1.86830,0.86400,1.52100,1.66200,10
1456,2.00668,0.90800,1.48700,1.85200,10
1457,1.84358,0.89300,1.54000,1.63400,10
1458,1.90501,0.92900,1.43900,1.82200,10
1459,1.82924,0.96000,1.43500,1.65200,10
1460,1.95936,1.02800,1.51600,1.69600,10
1461,1.95629,0.95000,1.59700,1.69900,10
1462,1.79477,1.03600,1.45800,1.64200,10
1463,2.51835,0.94700,1.38200,1.67400,10
1464,2.26963,0.89600,2.95800,1.71200,10
1465,1.91088,0.93900,1.48300,1.67400,10
1466,1.83895,0.99200,1.48100,1.64800,10
1467,2.64898,0.95600,1.41200,1.66800,10
1468,2.43014,0.94400,3.14800,1.68300,10
1469,1.82519,0.96400,1.57200,1.67800,10
1470,1.83749,0.98200,1.56200,1.62500,10
1471,1.61279,0.91900,1.35400,1.66000,10
1472,2.03711,0.93500,1.51300,1.72800,10
1473,2.02878,0.97000,1.47500,1.84300,10
1474,1.92036,1.60700,1.61100,1.67600,10
1475,1.88816,1.19000,1.49800,1.78700,10
1476,1.95814,1.08900,1.58400,1.68600,10
1477,1.76379,1.10500,1.51400,1.65600,10
1478,1.82479,1.06200,1.51000,1.64700,10
1479,1.86894,1.04600,1.55400,1.67900,10
1480,1.96380,0.92600,1.60500,1.65200,10
1481,10.63131,1.05100,1.56000,1.70400,10
1482,2.73440,1.08700,11.36600,1.92400,10
1483,2.13475,1.10300,1.79800,1.68100,10
1484,2.39972,1.07500,2.36100,1.86700,10
1485,2.67371,1.06600,2.70200,1.70200,10
1486,2.45818,0.92700,2.44700,1.83300,10
1487,1.89294,1.21300,1.89000,1.71100,10
1488,1.93329,1.14600,1.92700,1.71000,10
1489,1.61224,0.99200,1.60700,1.65400,10
1490,1.54521,0.87600,1.53300,1.66500,10
1491,1.76569,0.87200,1.64100,1.66500,10
1492,2.12483,0.89000,1.94100,1.67600,10
1493,1.66147,0.91900,1.60200,1.67600,10
1494,1.76006,0.90900,1.54500,1.64900,10
1495,1.92285,0.91300,1.64400,1.66800,10
1496,1.83620,0.93000,1.61100,1.65800,10
1497,1.96831,0.96600,1.71700,1.68200,10
1498,1.91645,1.01800,1.77600,1.67800,10
1499,1.77321,1.06800,1.68500,1.67800,10
1500,1.73745,1.00900,1.59500,1.67600,10
1501,1.80975,0.92400,1.55000,1.67800,10
1502,1.81555,1.03500,1.51000,1.66400,10
1503,2.01378,1.05300,1.48900,1.84700,10
1504,2.10252,1.00800,1.58700,1.81800,10
1505,1.87331,1.06200,1.62800,1.65900,10
1506,1.95810,1.09200,1.76900,1.67500,10
1507,1.76262,1.10900,1.68700,1.67500,10
1508,1.90739,1.08200,1.70700,1.67600,10
1509,3.23719,1.08000,1.67700,1.66500,10
1510,10.53719,1.75900,1.99400,1.66500,10
1511,2.67829,1.58500,11.00500,1.89300,10
1512,2.02321,1.19500,1.80200,1.65600,10
1513,1.81150,1.03400,1.65000,1.65600,10
1514,1.95475,1.14600,1.64800,1.84000,10
1515,1.88375,1.04500,1.73300,1.64600,10
1516,1.86190,0.97200,1.61700,1.80700,10
1517,1.84613,0.97100,1.60900,1.66900,10
1518,1.87787,1.04900,1.60300,1.65800,10
1519,1.90744,1.09600,1.66500,1.68500,10
1520,1.77882,0.92900,1.61000,1.69000,10
1521,1.93186,0.94100,1.67200,1.66700,10
1522,1.72632,0.95500,1.57200,1.66800,10
1523,2.04708,0.97800,1.59800,1.87200,10
1524,2.10522,0.91200,1.87000,1.63900,10
1525,2.17218,0.93500,2.15900,1.69000,10
1526,1.71743,1.03200,1.71000,1.68100,10
1527,1.72814,0.98600,1.73200,1.67400,10
1528,1.60858,0.93200,1.58400,1.64200,10
1529,1.58884,1.00800,1.45900,1.64200,10
1530,2.35133,0.93300,1.81300,1.67000,10
1531,2.50890,1.04900,2.51100,1.90700,10
1532,2.27955,1.02200,2.28200,1.71800,10
1533,1.99605,0.95100,1.98800,1.68900,10
1534,2.09038,1.02200,2.08200,1.70700,10
1535,2.00204,0.93900,1.99200,1.69400,10
1536,1.83307,0.89800,1.83700,1.72500,10
1537,1.97687,0.86700,1.95100,1.67600,10
1538,2.27160,1.02900,2.27300,1.68900,10
1539,2.02659,1.23400,2.01200,1.89200,10
1540,1.97000,1.15800,1.96700,1.71700,10
1541,1.88687,1.13800,1.87100,1.69600,10
1542,1.96096,1.06000,1.95900,1.70900,10
1543,1.86116,1.46700,1.86400,1.68200,10
1544,1.87268,0.95400,1.87400,1.69700,10
1545,1.80592,0.91900,1.79500,1.67100,10
1546,1.82963,0.90500,1.82200,1.68700,10
1547,2.41857,0.89000,2.41400,1.71400,10
1548,1.89651,0.92800,1.89600,1.89200,10
1549,1.70814,0.93200,1.68800,1.68400,10
1550,12.42477,0.93100,1.57300,1.68400,10
1551,2.36288,0.90300,13.02300,1.85600,10
1552,1.78664,0.89600,1.55600,1.67500,10
1553,2.21379,0.87100,1.99600,1.65600,10
1554,1.93347,0.89400,1.94200,1.66700,10
1555,1.86358,0.87500,1.85500,1.70800,10
1556,1.73977,0.90300,1.74100,1.67100,10
1557,1.72440,0.92100,1.72000,1.67400,10
1558,1.77387,0.83100,1.74200,1.67900,10
1559,1.99566,0.84800,1.93900,1.67900,10
1560,1.80951,0.84700,1.63500,1.85400,10
1561,1.75733,0.82400,1.47400,1.65000,10
1562,2.13620,0.93200,1.63500,1.85100,10
1563,1.80394,0.87900,1.65200,1.65700,10
1564,1.85024,0.88200,1.56800,1.70300,10
1565,1.72078,0.96600,1.46700,1.67100,10
1566,2.50520,0.96000,1.45900,1.68000,10
1567,2.22386,0.84200,2.66900,1.67700,10
1568,10.71423,0.82200,1.40200,1.69200,10
1569,2.47068,0.88400,11.18500,1.88000,10
1570,1.68898,0.85600,1.49800,1.67000,10
1571,1.84479,0.82200,1.50400,1.65200,10
1572,2.04779,0.86400,1.54600,1.67900,10
1573,1.82421,0.85900,1.51900,1.65500,10
1574,2.02009,0.86500,1.52800,1.82500,10
1575,1.79061,0.91200,1.54600,1.66700,10
1576,1.90335,0.94200,1.53500,1.70800,10
1577,1.76307,0.90000,1.46600,1.66800,10
1578,1.88321,0.81600,1.49900,1.65600,10
1579,1.82205,0.79500,1.54300,1.66400,10
1580,1.87142,0.83600,1.47700,1.67200,10
1581,1.95894,0.83400,1.42000,1.85400,10
1582,1.83620,0.82600,1.40400,1.67600,10
1583,1.87656,0.81800,1.48400,1.64600,10
1584,1.93831,0.98500,1.53900,1.66100,10
1585,1.91484,1.55000,1.66700,1.65600,10
1586,1.71830,1.21100,1.54300,1.65600,10
1587,1.82674,1.05600,1.54700,1.64800,10
1588,1.72794,0.96700,1.47700,1.64700,10
1589,2.00832,1.03300,1.58300,1.72900,10
1590,1.94011,0.96400,1.46300,1.83900,10
1591,1.79992,0.91300,1.47900,1.64500,10
1592,2.59237,0.97300,1.45700,1.81800,10
1593,2.31730,0.91800,2.75700,1.70700,10
1594,1.84918,0.87500,1.56800,1.68100,10
1595,1.81877,0.88200,1.53100,1.64900,10
1596,1.98160,0.90600,1.71400,1.65400,10
1597,1.67329,0.90600,1.59300,1.65400,10
1598,1.81322,0.90200,1.55800,1.68600,10
1599,2.09079,0.91900,1.65000,1.84200,10
1600,1.87784,1.19500,1.53900,1.66800,10
1601,1.82311,1.71200,1.53600,1.65600,10
1602,1.90946,1.41800,1.59700,1.65300,10
1603,1.73522,1.69900,1.54000,1.66300,10
1604,1.67973,1.34500,1.46100,1.66300,10
1605,1.91284,1.04300,1.54500,1.67200,10
1606,1.80375,0.97900,1.54700,1.65000,10
1607,1.83870,1.01400,1.52400,1.66900,10
1608,2.14420,0.98900,1.67000,1.63900,10
1609,1.83404,0.99900,1.73500,1.63900,10
1610,1.85850,1.04000,1.55000,1.82700,10
1611,1.83177,1.03400,1.55700,1.63800,10
1612,1.87098,0.97800,1.59200,1.66700,10
1613,1.82365,0.98000,1.59500,1.67600,10
1614,1.71026,0.97700,1.44800,1.66600,10
1615,1.91110,0.99100,1.44600,1.68000,10
1616,1.81165,1.02700,1.45500,1.67700,10
1617,1.92745,1.03000,1.35000,1.83000,10
1618,1.81911,1.02400,1.34400,1.67600,10
1619,1.91754,1.31400,1.38700,1.65900,10
1620,1.91271,1.32400,1.43800,1.66100,10
1621,1.89623,1.19100,1.55100,1.65700,10
1622,1.90682,1.02200,1.61900,1.67200,10
1623,1.65512,0.99800,1.42900,1.66800,10
1624,1.88984,0.95700,1.42400,1.67000,10
1625,1.83536,0.91200,1.39600,1.66800,10
1626,2.06599,0.97000,1.45800,1.83100,10
1627,2.01053,0.90800,1.53300,1.81800,10
1628,1.85498,1.03500,1.56600,1.62900,10
1629,1.92501,1.00100,1.69600,1.65200,10
1630,1.84780,1.11900,1.68800,1.67200,10
1631,1.75373,1.13400,1.62400,1.64800,10
1632,1.87215,1.04700,1.64600,1.64600,10
1633,2.55598,1.04400,1.60900,1.67000,10
1634,2.23208,1.02700,2.76900,1.88000,10
1635,2.49361,0.92000,2.11700,1.67100,10
1636,1.96529,0.86900,1.96100,1.68700,10
1637,1.94151,0.83000,1.93500,1.70400,10
1638,1.80080,0.81800,1.79800,1.71400,10
1639,1.80317,0.86800,1.78500,1.66900,10
1640,1.76287,0.86500,1.76100,1.65000,10
1641,1.80359,0.86000,1.78700,1.70900,10
1642,2.22436,0.90700,2.23200,1.85100,10
1643,1.87691,0.86700,1.86600,1.68800,10
1644,1.81625,0.85300,1.81700,1.67100,10
1645,2.10268,0.86600,2.09200,1.67000,10
1646,1.88736,0.81400,1.86000,1.65700,10
1647,1.82274,1.05400,1.83000,1.66300,10
1648,1.82148,1.09700,1.82000,1.71100,10
1649,1.55258,0.97900,1.55200,1.66500,10
1650,1.60182,0.89300,1.47300,1.66500,10
1651,2.11250,0.87600,1.50900,1.66500,10
1652,2.08091,1.35100,1.74600,1.67300,10
1653,1.77391,1.27500,1.73000,1.67800,10
1654,1.96033,1.09300,1.83700,1.65100,10
1655,1.83237,1.05500,1.81200,1.67500,10
1656,1.68845,1.16100,1.67400,1.63400,10
1657,1.63540,1.26200,1.58300,1.63400,10
1658,1.80854,1.07600,1.51100,1.66200,10
1659,2.01119,1.06100,1.65700,1.70600,10
1660,2.11088,1.09100,1.77800,1.65700,10
1661,1.63327,0.96400,1.58900,1.65700,10
1662,1.86979,0.89800,1.45500,1.80500,10
1663,1.70584,0.89300,1.35700,1.63800,10
1664,1.99383,0.86400,1.49100,1.68200,10
1665,2.00968,0.94900,1.70600,1.64800,10
1666,1.79845,0.93100,1.68100,1.64800,10
1667,2.11641,0.88000,1.95500,1.67300,10
1668,2.49148,0.97300,2.48700,1.88400,10
1669,3.18854,0.96000,2.31100,1.64700,10
1670,2.15554,0.97900,2.14700,1.67200,10
1671,1.77539,0.88800,1.73500,1.72100,10
1672,1.73989,0.92800,1.77400,1.69900,10
1673,1.70266,0.90200,1.68700,1.65300,10
1674,1.69536,1.05300,1.68500,1.68200,10
1675,3.42371,0.92900,1.73700,1.65400,10
1676,10.48466,0.90800,1.61900,1.65400,10
1677,2.74973,1.09100,11.36900,1.90500,10
1678,1.92815,0.97300,1.79700,1.67300,10
1679,1.90665,0.91200,1.78900,1.67300,10
1680,1.85289,0.87600,1.65700,1.85600,10
1681,1.83010,0.91500,1.62700,1.65000,10
1682,1.78033,0.90500,1.63600,1.64900,10
1683,1.83169,0.86900,1.59000,1.66500,10
1684,2.09881,0.85700,1.87300,1.67200,10
1685,1.64781,0.88600,1.63300,1.67200,10
1686,1.68841,0.90900,1.55400,1.63900,10
1687,1.89503,0.88300,1.54100,1.68500,10
1688,1.91777,0.93500,1.60500,1.69700,10
1689,2.21504,0.86100,1.76900,1.64500,10
1690,1.71608,0.82200,1.70800,1.64500,10
1691,2.12403,0.81600,1.90300,1.65800,10
1692,1.97857,0.79700,1.95600,1.68300,10
1693,1.94816,0.86100,1.92900,1.68000,10
1694,1.87603,0.90200,1.87500,1.65200,10
1695,1.67905,0.89900,1.67300,1.66600,10
1696,1.74743,0.86900,1.74500,1.66600,10
1697,1.69846,0.83900,1.67300,1.66600,10
1698,2.01747,0.95200,1.76700,1.65300,10
1699,1.63727,0.90600,1.58700,1.65300,10
1700,1.86843,0.88500,1.58500,1.66700,10
1701,2.33644,0.98000,2.07700,1.69200,10
1702,2.11751,0.94700,2.04900,1.67800,10
1703,1.65514,1.10400,1.71100,1.69100,10
1704,1.81028,1.00900,1.79300,1.65900,10
1705,1.80101,0.94500,1.78000,1.65900,10
1706,2.34225,1.00500,1.76400,1.86400,10
1707,1.82126,0.85500,1.79800,1.71300,10
1708,1.68380,0.87400,1.66700,1.67500,10
1709,1.58723,0.84100,1.59700,1.67500,10
1710,1.67263,0.87100,1.49600,1.64500,10
1711,1.94666,0.86600,1.54000,1.68900,10
1712,1.74003,0.81700,1.46400,1.65200,10
1713,1.82653,1.07000,1.45100,1.64300,10
1714,1.89372,1.30600,1.45200,1.67600,10
1715,1.83587,1.42700,1.47100,1.66100,10
1716,2.54342,1.18200,1.42900,1.69100,10
1717,2.03724,1.00500,2.39900,1.69100,10
1718,1.95722,1.01600,1.46800,1.66600,10
1719,1.86309,0.94000,1.50100,1.68600,10
1720,2.01818,0.95200,1.61500,1.65600,10
1721,1.82839,1.35500,1.62500,1.66900,10
1722,1.72758,1.21000,1.58600,1.66900,10
1723,2.02976,1.07200,1.68300,1.69400,10
1724,1.94322,1.01500,1.65500,1.86100,10
1725,1.78199,0.93700,1.59100,1.66300,10
1726,2.09506,0.98700,1.76200,1.84100,10
1727,1.69966,1.08900,1.56300,1.64900,10
1728,1.88963,0.94400,1.60500,1.65700,10
1729,1.75210,0.92200,1.51600,1.67200,10
1730,1.80492,0.85500,1.52000,1.66400,10
1731,1.92813,0.91800,1.56600,1.66400,10
1732,1.75898,0.93800,1.53700,1.65700,10
1733,2.02382,0.91300,1.52800,1.86400,10
1734,1.83043,0.92800,1.54000,1.63600,10
1735,1.82890,0.88100,1.57100,1.64000,10
1736,2.02737,1.00900,1.84000,1.65200,10
1737,1.83487,1.15800,1.81500,1.65200,10
1738,1.77934,1.16600,1.78400,1.65800,10
1739,1.76677,1.16900,1.74800,1.66200,10
1740,1.67340,1.08900,1.61100,1.66200,10
1741,1.81930,0.91700,1.52700,1.67800,10
1742,2.02661,0.91200,1.50500,1.84000,10
1743,1.77728,0.87300,1.50800,1.65000,10
1744,2.03523,0.88900,1.53300,1.80800,10
1745,1.79659,0.91000,1.52500,1.65200,10
1746,1.85535,0.85900,1.51900,1.68900,10
1747,1.81088,0.82100,1.53400,1.66000,10
1748,1.83867,0.84700,1.49300,1.67100,10
1749,1.78965,0.90600,1.46000,1.63100,10
1750,1.92823,0.84900,1.62100,1.64800,10
1751,2.02050,0.86300,1.57500,1.87700,10
1752,1.78135,0.83900,1.51000,1.64200,10
1753,1.84854,0.85400,1.48900,1.68700,10
1754,1.81036,0.88900,1.48900,1.65700,10
1755,1.83672,0.86300,1.47800,1.66800,10
1756,1.91246,0.84900,1.55600,1.64800,10
1757,1.73742,0.86700,1.46800,1.66100,10
1758,3.25735,0.92600,1.50100,1.70000,10
1759,1.98085,0.96600,1.55900,1.62600,10
1760,1.72779,1.14500,1.43300,1.65900,10
1761,2.01009,1.01600,1.41000,1.82800,10
1762,1.83874,1.03800,1.41200,1.67000,10
1763,1.78996,1.04100,1.37400,1.66500,10
1764,1.85362,0.84200,1.38300,1.67200,10
1765,1.87594,0.79700,1.41800,1.66100,10
1766,1.93554,1.29500,1.48300,1.65600,10
1767,1.91768,1.43400,1.60200,1.67400,10
1768,1.94411,1.16900,1.51300,1.86900,10
1769,1.87324,1.05400,1.61900,1.68400,10
1770,1.82308,0.97200,1.58000,1.67600,10
1771,1.84447,1.01300,1.54800,1.64100,10
1772,3.20366,1.23400,1.58400,1.63200,10
1773,1.76179,1.09500,1.54800,1.63200,10
1774,1.88506,1.11400,1.58900,1.65500,10
1775,2.29025,1.04300,2.18400,1.67800,10
1776,2.11229,0.94900,2.11200,1.69400,10
1777,1.82721,0.88500,1.81800,1.67300,10
1778,1.77739,0.87800,1.77800,1.80900,10
1779,1.82443,0.84800,1.80900,1.67800,10
1780,1.73553,0.85100,1.73600,1.66900,10
1781,1.77023,0.85800,1.76300,1.66900,10
1782,1.73239,0.90100,1.60100,1.68800,10
1783,1.79659,0.92100,1.52500,1.67700,10
1784,1.81786,0.89400,1.47700,1.66900,10
1785,2.02723,0.87000,1.47900,1.84400,10
1786,1.92681,0.83500,1.53400,1.65700,10
1787,1.75000,0.79900,1.48300,1.65600,10
1788,1.79307,0.80100,1.41400,1.65500,10
1789,1.86842,0.81000,1.43900,1.64900,10
1790,1.89829,0.82700,1.42200,1.69000,10
1791,1.76995,0.97800,1.42700,1.65700,10
1792,1.82855,0.85100,1.40300,1.66900,10
1793,2.07098,0.97000,1.62200,1.63800,10
1794,2.08121,0.98200,1.76100,1.67000,10
1795,1.88977,1.15700,1.85400,1.67000,10
1796,1.84376,1.15800,1.69200,1.79800,10
1797,1.93335,1.04600,1.74400,1.72300,10
1798,1.88748,1.07600,1.70000,1.67900,10
1799,2.07997,1.68400,1.94500,1.67500,10
1800,3.29858,1.23000,1.44200,1.67500,10
1801,1.73490,1.04300,1.40800,1.64400,10
1802,2.00304,1.00100,1.39200,1.83000,10
1803,1.79814,0.94100,1.34300,1.68500,10
1804,1.85397,0.93700,1.34900,1.67200,10
1805,1.84914,0.92600,1.39400,1.66200,10
1806,1.86398,0.93500,1.39500,1.63000,10
1807,1.82178,1.04000,1.41000,1.64900,10
1808,1.91538,1.08900,1.44600,1.69200,10
1809,1.84505,1.06400,1.41400,1.71500,10
1810,1.90300,0.98400,1.40800,1.69100,10
1811,1.98937,0.99600,1.37900,1.83000,10
1812,1.82480,1.01200,1.38800,1.66000,10
1813,1.98999,0.99500,1.35200,1.82100,10
1814,1.98078,1.06600,1.45700,1.68100,10
1815,1.77830,1.05600,1.45600,1.67200,10
1816,1.76085,0.99900,1.31700,1.68100,10
1817,1.94609,0.99900,1.41200,1.67600,10
1818,1.80862,1.02400,1.40500,1.65700,10
1819,1.87453,1.01700,1.40000,1.69300,10
1820,2.04748,1.01100,1.42000,1.82900,10
1821,1.88561,1.00200,1.50200,1.64300,10
1822,1.86368,1.02100,1.49400,1.65200,10
1823,1.86187,0.98300,1.57600,1.65400,10
1824,1.86782,0.94500,1.61500,1.64200,10
1825,1.75639,0.94900,1.49000,1.67600,10
1826,1.75245,0.99100,1.40100,1.66500,10
1827,1.88804,0.94700,1.49500,1.65000,10
1828,1.78634,0.93300,1.42800,1.66100,10
1829,2.10015,1.02200,1.54300,1.83900,10
1830,1.73909,1.05300,1.49700,1.67000,10
1831,2.10911,0.90500,1.47400,1.81800,10
1832,1.68240,1.02200,1.41700,1.68700,10
1833,1.83427,0.92500,1.45300,1.64500,10
1834,1.84581,0.93200,1.44700,1.66700,10
1835,1.85177,0.89900,1.42000,1.67600,10
1836,1.84339,0.89600,1.45500,1.65600,10
1837,1.89165,0.90500,1.50800,1.69300,10
1838,2.04065,1.02600,1.47100,1.84500,10
1839,1.76062,0.95500,1.43300,1.64500,10
1840,1.82527,0.93400,1.42300,1.67900,10
1841,2.58766,0.93200,1.35500,1.65900,10
1842,2.34565,0.90900,2.95600,1.68500,10
1843,2.14675,0.92900,1.73700,1.66300,10
1844,1.58286,0.88800,1.49800,1.66300,10
1845,1.78939,0.91100,1.40400,1.69400,10
1846,2.05533,0.93100,1.45600,1.83600,10
1847,1.75793,0.96300,1.40800,1.65000,10
1848,1.98582,0.91900,1.43400,1.77200,10
1849,1.86872,0.88500,1.42900,1.66600,10
1850,1.76210,0.87900,1.37100,1.69700,10
1851,1.87903,0.86600,1.40600,1.64900,10
1852,1.85421,0.89600,1.42000,1.66700,10
1853,1.88234,1.05200,1.38400,1.67000,10
1854,1.83011,1.43900,1.39400,1.67400,10
1855,1.92282,1.22800,1.32800,1.82000,10
1856,1.85470,1.24600,1.33400,1.65900,10
1857,1.84933,1.20500,1.33500,1.64400,10
1858,1.81106,1.16400,1.36200,1.65100,10
1859,1.82146,1.11000,1.36300,1.64100,10
1860,1.84214,1.10300,1.37100,1.64400,10
1861,1.82438,1.24400,1.40500,1.63300,10
1862,1.84792,1.09300,1.41300,1.68100,10
1863,1.78383,1.04100,1.34200,1.66000,10
1864,2.02375,0.95900,1.36900,1.83700,10
1865,1.81409,0.98500,1.34100,1.67800,10
1866,1.97064,0.97600,1.32900,1.78600,10
1867,1.91518,0.94200,1.34700,1.68100,10
1868,1.83821,0.96400,1.33500,1.70400,10
1869,1.86575,0.94900,1.38500,1.64900,10
1870,1.82662,0.95900,1.36000,1.68600,10
1871,1.85363,0.95400,1.37000,1.66000,10
1872,1.81407,0.94800,1.31900,1.69700,10
1873,2.08417,0.93100,1.35200,1.85000,10
1874,1.93246,0.92800,1.46700,1.66800,10
1875,2.55837,0.84700,1.52000,1.68200,10
1876,1.91174,0.84100,1.61000,1.65400,10
1877,1.79855,1.00000,1.59300,1.65100,10
1878,1.74489,0.99400,1.54700,1.64200,10
1879,2.03927,0.89900,1.70700,1.64800,10
1880,2.14437,1.05400,2.03500,1.67500,10
1881,1.55771,0.90500,1.56000,1.67500,10
1882,3.51572,0.83500,1.47400,1.72500,10
1883,1.74316,0.94500,1.42900,1.65800,10
1884,1.83823,0.82900,1.40100,1.68500,10
1885,1.80145,0.82400,1.36200,1.66800,10
1886,1.84002,0.80800,1.37000,1.64800,10
1887,1.92045,0.83600,1.40500,1.68500,10
1888,1.82542,0.84100,1.43200,1.64800,10
1889,2.00606,0.89900,1.34300,1.70400,10
1890,2.02413,1.29600,1.57400,1.64600,10
1891,1.79813,1.11000,1.54900,1.65600,10
1892,1.87973,1.03500,1.54700,1.67400,10
1893,1.82315,0.93900,1.54000,1.67400,10
1894,1.95687,0.91900,1.66400,1.65700,10
1895,1.68781,0.92400,1.55800,1.66200,10
1896,1.85792,0.91000,1.54300,1.65600,10
1897,1.96120,1.02700,1.64700,1.65100,10
1898,10.47460,1.12500,2.01400,1.70900,10
1899,2.96352,1.04100,11.12300,1.63000,10
1900,1.93804,1.13100,1.90600,1.69200,10
1901,1.89038,1.18500,1.89100,1.69200,10
1902,1.86814,1.01100,1.75000,1.85700,10
1903,1.86043,1.04600,1.71500,1.67400,10
1904,2.35434,1.10800,2.22400,1.63800,10
1905,2.36160,1.09400,2.38000,1.69300,10
1906,2.38627,1.07400,2.38300,1.68100,10
1907,2.32148,1.03800,2.31800,1.69700,10
1908,2.43742,1.11500,2.42300,1.70400,10
1909,2.31823,1.03100,2.32400,1.92500,10
1910,1.87365,0.96700,1.87900,1.67300,10
1911,1.93925,0.95300,1.92400,1.89100,10
1912,1.87312,0.92100,1.77700,1.70900,10
1913,1.70720,0.89700,1.69900,1.67400,10
1914,2.14566,0.92000,2.01800,1.67400,10
1915,1.97303,0.94400,1.93500,1.71200,10
1916,1.87629,1.10100,1.71900,1.69500,10
1917,1.88895,1.11600,1.68300,1.69900,10
1918,1.91477,1.09600,1.60400,1.84400,10
1919,1.87491,0.94500,1.68100,1.63800,10
1920,1.76664,0.86600,1.58400,1.65500,10
1921,1.84862,0.84500,1.61000,1.62700,10
1922,1.83898,1.01100,1.64700,1.64700,10
1923,2.61050,1.07600,1.69600,1.66500,10
1924,2.51457,1.06900,2.96800,1.63400,10
1925,1.73139,1.49600,1.68600,1.67400,10
1926,1.77551,1.32300,1.60300,1.67400,10
1927,1.96865,1.15400,1.52400,1.86900,10
1928,1.98752,1.02000,1.53500,1.81200,10
1929,1.80307,1.11100,1.52600,1.66000,10
1930,1.94607,1.06900,1.63100,1.66700,10
1931,1.77077,0.93000,1.54800,1.67100,10
1932,2.36840,0.87100,2.04000,1.67000,10
1933,2.09875,0.98100,2.10500,1.87400,10
1934,1.69110,0.96700,1.69500,1.89100,10
1935,1.63849,0.98200,1.53600,1.89100,10
1936,1.83181,1.04500,1.60300,1.62400,10
1937,1.92564,1.28600,1.62600,1.66800,10
1938,1.78569,1.46500,1.58800,1.66800,10
1939,1.89109,1.24700,1.68300,1.67000,10
1940,1.72132,1.09500,1.52200,1.67000,10
1941,2.03052,1.08700,1.66600,1.66800,10
1942,1.88507,0.99300,1.62800,1.81500,10
1943,2.30638,0.90900,2.08100,1.87700,10
1944,1.56488,0.98700,1.55500,1.87700,10
1945,1.74295,0.96300,1.52500,1.62500,10
1946,1.90850,1.09600,1.43700,1.82000,10
1947,1.97685,1.05400,1.58900,1.65500,10
1948,1.71907,1.01900,1.47800,1.67600,10
1949,1.83649,1.05400,1.48600,1.66500,10
1950,1.86199,1.01200,1.43700,1.69000,10
1951,2.20786,1.66200,1.78000,1.64600,10
1952,1.50505,1.57600,1.36500,1.64600,10
1953,2.50658,1.22500,2.14600,1.70400,10
1954,1.83875,0.97600,1.83300,1.66400,10
1955,1.66712,0.91400,1.67200,1.67700,10
1956,1.72847,0.86300,1.68500,1.67700,10
1957,1.80579,0.87700,1.61800,1.67600,10
1958,1.95808,0.88100,1.75500,1.64300,10
1959,1.72390,1.00600,1.71600,1.64300,10
1960,1.78963,0.96400,1.64400,1.64800,10
1961,1.79832,1.10600,1.58900,1.65600,10
1962,2.02853,0.99400,1.60300,1.85500,10
1963,1.75164,0.84800,1.50300,1.66800,10
1964,2.27276,0.83200,1.78100,1.68200,10
1965,3.02340,0.86100,1.93900,1.64400,10
1966,1.57857,0.95100,1.56700,1.65300,10
1967,1.73315,1.09300,1.61300,1.65300,10
1968,2.01043,1.07200,1.84700,1.70500,10
1969,1.86748,1.01200,1.86000,1.70500,10
1970,1.88955,0.90700,1.66200,1.85100,10
1971,1.82814,0.85700,1.64400,1.66600,10
1972,1.91720,0.89500,1.76400,1.67100,10
1973,1.87865,0.92300,1.75000,1.64800,10
1974,2.31376,0.94700,2.37400,1.67400,10
1975,2.14577,0.86900,2.14300,1.67100,10
1976,2.08126,0.88000,2.06300,1.68100,10
1977,1.95713,1.02500,1.96400,1.68200,10
1978,1.92502,0.99200,1.57600,1.68200,10
1979,3.06672,0.92400,2.84800,1.79200,10
1980,1.72947,1.02000,1.72600,1.66100,10
1981,1.72396,0.95700,1.64800,1.66100,10
1982,2.06661,1.01300,2.06300,1.67800,10
1983,1.89690,1.15200,1.88600,1.66500,10
1984,1.74825,1.15700,1.74700,1.66600,10
1985,1.65800,1.10700,1.65200,1.64800,10
1986,1.76153,1.05600,1.67600,1.64800,10
1987,1.96757,1.00400,1.59600,1.83300,10
1988,1.83694,1.08200,1.60900,1.65600,10
1989,1.74830,1.03100,1.56400,1.65100,10
1990,1.76919,0.89300,1.47700,1.63500,10
1991,2.12878,0.97800,1.72200,1.66300,10
1992,1.89491,0.92400,1.83900,1.64400,10
1993,1.78217,1.02100,1.79000,1.66300,10
1994,1.81397,1.04900,1.75800,1.70500,10
1995,2.02353,1.11800,1.90300,1.70500,10
1996,2.10347,1.12000,2.09700,1.66700,10
1997,1.86940,1.16700,1.85400,1.79500,10
1998,1.84631,1.18800,1.83400,1.64900,10
1999,1.84961,1.17900,1.84200,1.69100,10
2000,1.67787,1.15400,1.67700,1.65200,10
2001,1.72904,0.88300,1.60200,1.65200,10
2002,1.78853,0.91500,1.57800,1.66900,10
2003,1.94271,0.87500,1.69400,1.66600,10
2004,2.19094,0.87400,2.04000,1.84500,10
2005,1.80785,1.19000,1.80500,1.66500,10
2006,1.85154,1.13000,1.85100,1.69500,10
2007,3.37846,0.93100,1.65900,1.65900,10
2008,1.80396,0.95300,1.65700,1.65900,10
2009,1.86579,0.92700,1.70200,1.65500,10
2010,1.94230,0.88300,1.78400,1.68200,10
2011,2.11388,0.94900,1.95600,1.74500,10
2012,1.92438,0.97100,1.85800,1.71600,10
2013,2.04494,0.92200,1.81100,1.87800,10
2014,1.87482,0.93200,1.60400,1.64900,10
2015,2.07569,0.96400,1.67400,1.84300,10
2016,2.04807,0.91100,2.00300,1.68000,10
2017,2.00169,1.04300,1.92900,1.63600,10
2018,1.79214,1.60100,1.80200,1.64300,10
2019,1.86013,1.46100,1.85600,1.67100,10
2020,1.78733,1.33600,1.79000,1.72500,10
2021,1.89438,1.29000,1.87800,1.84700,10
2022,1.76879,1.12900,1.77900,1.68200,10
2023,1.61792,1.03400,1.49400,1.68200,10
2024,2.09999,1.00100,1.73100,1.64900,10
2025,1.69583,0.98400,1.69500,1.64900,10
2026,1.62555,0.96500,1.46100,1.67000,10
2027,1.96837,0.95200,1.54000,1.67800,10
2028,1.71457,0.99700,1.38100,1.64800,10
2029,2.17536,1.61800,1.72300,1.70100,10
2030,2.08686,1.26900,1.99600,1.70100,10
2031,2.04401,1.01700,2.03300,1.65600,10
2032,1.51035,0.97500,1.50600,1.65600,10
2033,1.79912,1.07000,1.50500,1.81800,10
2034,1.86360,1.08100,1.46000,1.70000,10
2035,1.78415,1.03000,1.39800,1.65900,10
2036,1.89579,1.06800,1.43300,1.67200,10
2037,1.81948,1.04400,1.44200,1.68500,10
2038,1.91360,0.98100,1.44700,1.65700,10
2039,2.21990,0.97100,1.47900,1.66900,10
2040,1.77711,1.61900,1.55900,1.66900,10
2041,1.71201,1.03800,1.45700,1.64900,10
2042,2.12940,1.02100,1.67800,1.67500,10
2043,2.22324,1.50400,2.22600,1.66100,10
2044,1.54204,1.43200,1.55900,1.68300,10
2045,1.61319,1.23100,1.54500,1.68300,10
2046,1.67321,1.12000,1.41600,1.66200,10
2047,1.87848,0.98500,1.39500,1.70800,10
2048,2.37940,0.95300,1.42100,1.85100,10
2049,2.68709,0.96000,2.52400,1.74800,10
2050,1.94869,1.03000,1.67300,1.84500,10
2051,1.67434,0.99200,1.48200,1.66100,10
2052,1.97130,0.91700,1.51100,1.69400,10
2053,1.86537,0.97400,1.54400,1.68400,10
2054,1.99145,1.40500,1.69300,1.65600,10
2055,1.77622,1.40800,1.66800,1.65600,10
2056,1.76358,1.26000,1.56500,1.68000,10
2057,1.96497,1.23200,1.44200,1.89800,10
2058,1.80426,1.09700,1.41800,1.66300,10
2059,1.90105,1.19600,1.46100,1.66500,10
2060,1.88397,1.18100,1.48800,1.66800,10
2061,1.93423,1.00900,1.62100,1.64700,10
2062,1.83909,1.06900,1.63800,1.67200,10
2063,1.86151,1.06800,1.65500,1.63500,10
2064,1.75559,1.12200,1.53000,1.66400,10
2065,2.06428,0.98000,1.75200,1.68600,10
2066,1.65538,1.00300,1.46500,1.84100,10
2067,2.05609,0.93900,1.45300,1.83600,10
2068,1.82343,0.93300,1.43300,1.65900,10
2069,2.07031,0.89000,1.66700,1.64000,10
2070,1.63378,0.94800,1.51100,1.64000,10
2071,1.78564,0.88100,1.40700,1.67800,10
2072,1.91813,0.89600,1.48400,1.68400,10
2073,1.87823,0.92300,1.49300,1.65500,10
2074,1.84384,0.84400,1.37900,1.67400,10
2075,1.85502,0.92800,1.36600,1.66800,10
2076,1.72691,0.90500,1.29100,1.65500,10
2077,1.96505,0.92700,1.38900,1.65800,10
2078,2.09527,1.01700,1.68900,1.65100,10
2079,1.75069,1.06200,1.62600,1.65100,10
2080,2.69488,0.88100,2.47700,1.69300,10
2081,1.93203,0.88600,1.94900,1.69300,10
2082,2.67895,0.84100,2.32300,1.67800,10
2083,1.87896,1.04900,1.73300,1.84600,10
2084,1.86006,1.02400,1.57400,1.79900,10
2085,1.92259,1.18300,1.65200,1.67000,10
2086,1.85404,1.02200,1.63800,1.67400,10
2087,1.61800,1.05200,1.46900,1.65600,10
2088,1.91053,0.89000,1.49700,1.65900,10
2089,2.72484,0.98800,1.43600,1.69400,10
2090,2.12503,0.89600,2.83300,1.69000,10
2091,1.96659,0.94100,1.38600,1.84500,10
2092,1.88528,0.88000,1.44700,1.65800,10
2093,1.73908,0.86800,1.34700,1.66700,10
2094,1.81429,0.81800,1.31900,1.68600,10
2095,1.81078,0.83400,1.29400,1.66700,10
2096,1.84660,0.82100,1.34900,1.64100,10
2097,1.85436,0.85400,1.39800,1.65800,10
2098,1.95745,0.83000,1.47700,1.67000,10
2099,1.75843,0.85900,1.41000,1.67600,10
2100,2.02317,0.85400,1.42600,1.83700,10
2101,1.85615,0.85500,1.46300,1.67800,10
2102,1.94431,0.80000,1.38700,1.82200,10
2103,1.86920,0.83800,1.39600,1.65400,10
2104,1.82317,0.96700,1.39900,1.66000,10
2105,1.83100,1.05000,1.39300,1.66700,10
2106,1.79714,1.03500,1.35600,1.66200,10
2107,1.88416,0.86000,1.41100,1.67300,10
2108,1.88115,0.86400,1.40600,1.67000,10
2109,1.91258,0.92800,1.34000,1.85600,10
2110,1.82878,0.86600,1.32700,1.67600,10
2111,1.88310,0.86200,1.36900,1.64800,10
2112,1.89112,0.94600,1.40400,1.69200,10
2113,1.84666,1.05800,1.39000,1.65100,10
2114,1.84236,0.96300,1.35500,1.66100,10
2115,1.90091,1.29200,1.48500,1.65000,10
2116,1.76475,0.94000,1.41200,1.67400,10
2117,1.82041,0.96300,1.36700,1.67800,10
2118,2.07284,0.95300,1.41200,1.87500,10
2119,1.95044,0.93900,1.39700,1.81800,10
2120,1.91150,0.89700,1.42800,1.67900,10
2121,1.80975,0.94600,1.37700,1.68400,10
2122,1.76867,0.95000,1.31300,1.64000,10
2123,2.13087,1.01100,1.80800,1.66800,10
2124,2.20111,1.30300,1.97500,1.67000,10
2125,1.66676,1.51300,1.65000,1.67000,10
2126,1.80406,1.22700,1.55000,1.91800,10
2127,1.81846,1.15400,1.48400,1.65400,10
2128,1.85822,1.23000,1.49100,1.66100,10
2129,2.51506,1.47700,1.72200,1.70200,10
2130,2.15824,1.11400,1.47600,1.70200,10
2131,1.69741,0.96700,1.32800,1.66800,10
2132,1.95667,0.98600,1.50200,1.67600,10
2133,1.89296,0.87500,1.55500,1.67500,10
2134,1.83236,0.90800,1.50900,1.67800,10
2135,1.97444,0.85500,1.43100,1.86700,10
2136,1.81977,0.87100,1.40600,1.67200,10
2137,2.07168,0.83400,1.41800,1.84500,10
2138,1.76567,1.06800,1.36500,1.68000,10
2139,1.93248,0.96400,1.45400,1.64200,10
2140,1.90586,1.06800,1.49000,1.67300,10
2141,1.83107,1.06800,1.54300,1.67100,10
2142,1.88547,1.01500,1.57800,1.65000,10
2143,1.86402,1.04700,1.52800,1.71100,10
2144,1.99192,1.01200,1.50600,1.85500,10
2145,1.88981,1.00100,1.54600,1.65100,10
2146,1.79281,1.26400,1.48600,1.65100,10
2147,1.69577,1.12100,1.35700,1.65900,10
2148,1.87337,0.89600,1.39200,1.67600,10
2149,1.78185,0.85900,1.34700,1.67400,10
2150,1.84189,0.88200,1.35700,1.66300,10
2151,1.83176,0.85400,1.36700,1.68200,10
2152,1.90735,0.88600,1.37900,1.69900,10
2153,2.14722,0.91500,1.44700,1.87700,10
2154,2.52582,1.09900,1.98400,1.66900,10
2155,1.93281,1.11400,1.93800,1.69500,10
2156,1.67773,0.99200,1.66900,1.64500,10
2157,1.48505,1.12100,1.42800,1.64500,10
2158,2.04419,1.38000,1.71200,1.65600,10
2159,1.91514,1.08100,1.84900,1.67000,10
2160,1.65864,1.03300,1.63700,1.67000,10
2161,2.04328,1.09800,1.65900,1.68200,10
2162,1.80913,1.26000,1.61200,1.68200,10
2163,1.72709,1.22800,1.49000,1.67600,10
2164,1.80690,1.12300,1.39000,1.68800,10
2165,2.15612,1.13600,1.70100,1.68800,10
2166,1.58490,1.11100,1.43300,1.68800,10
2167,1.83154,1.05300,1.42600,1.68000,10
2168,1.82404,1.00900,1.42500,1.65600,10
2169,1.87530,0.94100,1.43800,1.65600,10
2170,1.96656,0.99200,1.38400,1.83500,10
2171,3.10316,1.03800,1.42900,1.68800,10
2172,1.78173,0.99100,1.41200,1.65300,10
2173,1.82165,0.94500,1.37600,1.68200,10
2174,2.13253,0.88600,1.66700,1.67300,10
2175,1.78785,0.82500,1.67700,1.66900,10
2176,1.74986,0.84100,1.60100,1.64800,10
2177,1.82211,0.82300,1.54200,1.65600,10
2178,1.77580,0.93700,1.46400,1.68300,10
2179,2.02236,1.00500,1.42900,1.86400,10
2180,1.76623,0.90100,1.38700,1.65600,10
2181,1.86309,0.85500,1.44400,1.66300,10
2182,1.81864,0.81200,1.39300,1.67400,10
2183,1.90152,0.83700,1.47600,1.65800,10
2184,1.78600,0.89200,1.38200,1.69900,10
2185,2.43749,0.84700,1.32400,1.69400,10
2186,1.83262,0.86700,1.30300,1.66800,10
2187,2.08456,0.83600,1.32100,1.87800,10
2188,2.02471,0.90900,1.53400,1.65900,10
2189,1.83204,0.89000,1.37100,1.82700,10
2190,1.84038,0.93200,1.36600,1.64000,10
2191,1.83397,0.91300,1.37000,1.69400,10
2192,1.83404,0.85900,1.40100,1.65700,10
2193,1.93764,0.81400,1.44300,1.66500,10
2194,1.80195,0.80400,1.40800,1.68400,10
2195,2.31008,0.94700,1.86200,1.84100,10
2196,1.59352,0.94300,1.50600,1.84100,10
2197,1.85796,0.87900,1.55100,1.64800,10
2198,1.85938,0.92200,1.53500,1.66800,10
2199,1.97963,1.14600,1.67000,1.66700,10
2200,1.66536,1.47800,1.54900,1.66700,10
2201,1.85746,1.17500,1.50000,1.66600,10
2202,1.78274,1.10600,1.48700,1.66400,10
2203,1.90592,1.01900,1.52600,1.67200,10
2204,1.84884,1.12200,1.51800,1.65900,10
2205,1.88688,1.27300,1.41800,1.83800,10
2206,2.05976,1.11600,1.60400,1.67700,10
2207,1.77699,1.12000,1.38600,1.83400,10
2208,1.81487,0.95200,1.35200,1.66000,10
2209,1.92369,0.90300,1.41500,1.68600,10
2210,1.74594,0.89400,1.39300,1.62200,10
2211,1.86568,0.85600,1.42300,1.65200,10
2212,2.77487,0.87200,1.39000,1.66900,10
2213,2.36045,0.84700,3.08900,1.69600,10
2214,1.84936,1.07200,1.48500,1.68700,10
2215,1.75796,0.94000,1.38000,1.68500,10
2216,1.94191,0.92100,1.48600,1.66500,10
2217,1.89830,0.94300,1.52700,1.67600,10
2218,1.88594,0.96300,1.54300,1.68800,10
2219,1.87794,0.86700,1.60300,1.67000,10
2220,1.75543,0.82700,1.52700,1.64200,10
2221,1.76415,1.02700,1.42300,1.68300,10
2222,2.01561,1.15400,1.38000,1.85900,10
2223,2.15595,1.28200,1.73400,1.65100,10
2224,2.35311,1.19300,2.08800,1.67200,10
2225,2.08485,1.08100,2.09200,1.72300,10
2226,1.84862,0.96600,1.84200,1.71800,10
2227,1.78010,0.90400,1.77800,1.68100,10
2228,1.84812,0.84600,1.81800,1.69400,10
2229,2.03326,0.92300,2.04400,1.69600,10
2230,1.70075,0.90200,1.70600,1.86300,10
2231,1.82141,0.88300,1.81300,1.67000,10
2232,1.54248,0.85600,1.52200,1.64100,10
2233,1.68214,0.86100,1.57700,1.64100,10
2234,1.74316,0.85200,1.48300,1.65500,10
2235,1.93771,1.16200,1.58300,1.67400,10
2236,1.84064,1.00600,1.61000,1.66200,10
2237,1.73895,0.95000,1.43200,1.69700,10
2238,1.82392,0.88100,1.38100,1.68700,10
2239,1.79005,0.92000,1.36600,1.64700,10
2240,2.02800,0.88300,1.40300,1.82800,10
2241,1.88459,0.84300,1.43000,1.67400,10
2242,2.16464,0.93300,1.64100,1.81100,10
2243,1.71400,0.98700,1.50700,1.66800,10
2244,1.80544,0.94300,1.42900,1.65600,10
2245,2.01893,0.87400,1.65100,1.65800,10
2246,1.96181,1.05000,1.78100,1.66700,10
2247,1.73522,1.25000,1.70100,1.69400,10
2248,1.81609,1.14200,1.61300,1.69400,10
2249,2.07733,1.01200,1.66900,1.85800,10
2250,1.77699,1.12100,1.59800,1.67700,10
2251,1.80208,0.91900,1.59900,1.64200,10
2252,2.03405,1.10000,1.84700,1.64200,10
2253,1.55305,1.24000,1.55800,1.64200,10
2254,3.64776,1.13800,1.42900,1.64500,10
2255,1.88416,1.03500,1.46000,1.65600,10
2256,1.79643,1.01700,1.41300,1.69600,10
2257,1.97792,0.94700,1.36100,1.86100,10
2258,1.91917,0.98600,1.45200,1.65200,10
2259,2.01316,0.94800,1.44400,1.84000,10
2260,1.86422,1.04300,1.46300,1.66300,10
2261,1.96580,1.06900,1.52800,1.66200,10
2262,1.73211,1.01200,1.47200,1.62600,10
2263,1.75263,0.98800,1.40000,1.65800,10
2264,1.84050,1.02500,1.42500,1.64000,10
2265,1.84502,1.03900,1.41200,1.66100,10
2266,2.08703,1.04900,1.48000,1.82200,10
2267,1.94610,0.99000,1.67100,1.65500,10
2268,1.68583,1.08200,1.51700,1.63800,10
2269,1.80007,0.92800,1.48300,1.66500,10
2270,1.92627,0.80400,1.53200,1.68200,10
2271,1.75573,0.92800,1.46500,1.64500,10
2272,1.84077,0.84200,1.48100,1.68000,10
2273,1.94609,0.90400,1.55600,1.65200,10
2274,1.67508,0.93100,1.41900,1.67000,10
2275,2.11262,0.90900,1.49400,1.84300,10
2276,1.70229,0.92700,1.38800,1.67800,10
2277,2.09801,0.92200,1.46200,1.81200,10
2278,1.81638,0.95000,1.44300,1.66300,10
2279,1.74059,0.95100,1.37900,1.64000,10
2280,1.83403,0.94600,1.35700,1.66500,10
2281,1.85815,0.89400,1.35800,1.65400,10
2282,1.96949,0.89500,1.54200,1.64000,10
2283,1.89989,1.01000,1.60400,1.68600,10
2284,2.02200,0.97700,1.61900,1.82600,10
2285,1.75509,0.95200,1.55000,1.67400,10
2286,1.67491,0.99700,1.33900,1.66400,10
2287,1.94433,1.01900,1.42300,1.65600,10
2288,2.59615,0.96000,1.44000,1.69100,10
2289,1.87257,0.89500,1.49900,1.65900,10
2290,1.87572,1.00600,1.53000,1.66800,10
2291,2.27198,1.03600,1.93800,1.83800,10
2292,2.06532,1.03100,2.07100,1.64600,10
2293,2.69490,0.86200,2.68700,1.81400,10
2294,1.80148,0.96400,1.76000,1.66000,10
2295,2.67567,0.89000,1.56600,1.66000,10
2296,2.36452,0.84700,3.30100,1.73300,10
2297,1.84663,0.82200,1.60100,1.65700,10
2298,1.73095,0.92900,1.51400,1.68900,10
2299,1.85594,0.85400,1.50100,1.67400,10
2300,2.02313,0.89400,1.49400,1.83200,10
2301,1.77054,0.83200,1.47600,1.65400,10
2302,1.98946,0.85300,1.64000,1.65200,10
2303,1.64546,0.87600,1.41800,1.67300,10
2304,1.87699,0.85300,1.44200,1.68400,10
2305,1.92217,0.86100,1.51300,1.68000,10
2306,1.85162,0.90700,1.51700,1.65100,10
2307,1.71654,0.87100,1.44800,1.64400,10
2308,1.86953,0.80900,1.44400,1.67900,10
2309,2.02785,0.86300,1.45400,1.84900,10
2310,1.96796,0.90300,1.42600,1.80900,10
2311,1.81279,0.97500,1.41900,1.66400,10
2312,1.84451,0.91000,1.47000,1.64400,10
2313,1.71127,0.85700,1.37500,1.61700,10
2314,1.89953,0.82800,1.41700,1.65300,10
2315,1.77433,0.87700,1.33800,1.70100,10
2316,1.86133,0.87000,1.32300,1.69900,10
2317,1.97445,0.86200,1.39200,1.69100,10
2318,2.09619,0.89600,1.48600,1.84000,10
2319,1.75910,0.90500,1.40500,1.66300,10
2320,1.87607,1.03400,1.43900,1.65200,10
2321,1.77382,1.10700,1.39400,1.64400,10
2322,1.82311,1.41300,1.33300,1.65400,10
2323,1.95930,1.43000,1.50500,1.66500,10
2324,1.80685,1.10400,1.50900,1.65600,10
2325,1.95304,0.96400,1.67900,1.64100,10
2326,10.57152,1.10900,1.63900,1.70000,10
2327,2.70333,1.09000,11.24100,1.91600,10
2328,2.02565,1.04500,1.78200,1.69300,10
2329,1.83646,1.13700,1.73500,1.69300,10
2330,2.01740,1.05900,1.72200,1.65500,10
2331,1.61848,0.91900,1.57600,1.65500,10
2332,1.66747,0.84900,1.37000,1.66200,10
2333,1.98252,0.86100,1.43600,1.66500,10
2334,1.73088,0.89200,1.38000,1.66700,10
2335,1.89330,0.85300,1.43200,1.63800,10
2336,1.88691,0.92900,1.46500,1.67400,10
2337,2.76192,0.85400,1.61600,1.68500,10
2338,2.11927,0.95900,2.05700,1.87900,10
2339,1.89148,0.95100,1.83600,1.87900,10
2340,1.94376,0.97400,1.74900,1.66900,10
2341,1.78751,1.04500,1.72100,1.66900,10
2342,1.92263,0.88600,1.78100,1.67700,10
2343,1.96555,0.83500,1.85300,1.64300,10
2344,1.88093,0.97000,1.86000,1.63600,10
2345,1.79604,1.06400,1.79300,1.66200,10
2346,1.83455,1.10800,1.83600,1.73200,10
2347,1.86492,1.03400,1.86500,1.86900,10
2348,1.91705,0.92400,1.83600,1.66000,10
2349,1.71401,0.89200,1.70500,1.63200,10
2350,1.62953,0.84600,1.52500,1.63200,10
2351,2.39551,0.93000,2.11400,1.65900,10
2352,1.67179,0.93400,1.68800,1.68800,10
2353,1.65108,0.87100,1.64500,1.65000,10
2354,1.78158,0.86100,1.65800,1.65000,10
2355,1.96633,0.97600,1.77500,1.64600,10
2356,1.98140,1.00400,1.97800,1.84900,10
2357,1.86168,0.98300,1.80500,1.84900,10
2358,1.99169,0.96200,1.78100,1.66000,10
2359,1.95349,1.14400,1.93300,1.67500,10
2360,1.60571,0.99700,1.59100,1.67500,10
2361,1.76028,1.02100,1.56100,1.65600,10
2362,1.84881,0.92500,1.56600,1.66400,10
2363,1.91596,0.84200,1.64700,1.65500,10
2364,1.79216,0.85800,1.65000,1.65300,10
2365,1.70291,0.82600,1.46800,1.70200,10
2366,2.02911,0.84400,1.41800,1.86100,10
2367,2.01757,0.82600,1.55700,1.69900,10
2368,1.82723,0.81600,1.62000,1.63100,10
2369,1.78091,0.92600,1.55600,1.66900,10
2370,1.79863,0.96400,1.50400,1.65000,10
2371,1.96983,0.85700,1.62700,1.68300,10
2372,1.89385,0.89900,1.79800,1.66700,10
2373,1.75491,0.90000,1.66600,1.66700,10
2374,1.80145,0.86800,1.50600,1.70100,10
2375,2.08510,0.90300,1.52200,1.83700,10
2376,1.88472,0.87200,1.51500,1.81300,10
2377,1.72886,0.88800,1.38000,1.64600,10
2378,1.81934,0.90500,1.37000,1.68400,10
2379,3.15664,0.85300,1.41200,1.70900,10
2380,1.95511,0.84400,1.53600,1.64900,10
2381,2.08243,0.81300,1.86100,1.67000,10
2382,1.85521,0.86300,1.71100,1.67000,10
2383,1.94220,0.85900,1.78100,1.65300,10
2384,1.68872,0.83000,1.66800,1.65300,10
2385,1.82912,0.86300,1.66300,1.63800,10
2386,1.80609,0.82700,1.62100,1.66800,10
2387,1.83932,0.84000,1.64600,1.63800,10
2388,1.81892,0.83700,1.62100,1.65700,10
2389,2.39102,0.82600,2.17200,1.67000,10
2390,1.90494,0.90800,1.89600,1.69900,10
2391,1.94591,0.94800,1.66100,1.69900,10
2392,2.72179,0.83100,2.52400,1.91400,10
2393,2.02080,1.08200,1.81100,1.64700,10
2394,1.77859,1.01400,1.70800,1.64700,10
2395,1.83440,1.00000,1.69100,1.66700,10
2396,2.41100,1.04000,2.33300,1.64500,10
2397,2.21349,1.01000,2.20700,1.70000,10
2398,1.82541,0.92200,1.83100,1.71500,10
2399,1.82809,0.83600,1.81700,1.87700,10
2400,1.84301,0.86400,1.81400,1.67500,10
2401,1.95187,0.90100,1.96000,1.71900,10
2402,1.86992,0.85500,1.86300,1.69300,10
2403,1.65740,0.82700,1.63700,1.67600,10
2404,1.50568,0.92900,1.50200,1.67600,10
2405,1.77692,0.89200,1.57500,1.66700,10
2406,1.89078,0.85200,1.66800,1.66500,10
2407,1.56710,0.85000,1.39600,1.63000,10
2408,1.90126,0.86900,1.42700,1.68400,10
2409,1.99682,0.85400,1.44800,1.82600,10
2410,1.81237,0.80800,1.41800,1.68200,10
2411,2.04879,0.82200,1.49100,1.79900,10
2412,1.74385,0.86100,1.42200,1.66000,10
2413,1.84307,0.84900,1.38100,1.66100,10
2414,2.03143,0.83400,1.59900,1.65700,10
2415,1.66783,0.79900,1.46500,1.66400,10
2416,1.82675,0.77500,1.43600,1.67600,10
2417,1.95200,0.78700,1.48600,1.69100,10
2418,2.02796,0.80700,1.51500,1.84300,10
2419,1.83206,0.83000,1.50400,1.67600,10
2420,1.81379,0.84500,1.47700,1.66200,10
2421,2.69814,0.80700,1.56000,1.70600,10
2422,1.69968,0.79500,1.46100,1.65600,10
2423,1.95864,0.78500,1.51100,1.66500,10
2424,1.70716,0.80500,1.40900,1.65600,10
2425,1.97438,0.82000,1.50800,1.68400,10
2426,1.93579,0.81900,1.45000,1.84900,10
2427,1.81467,0.86400,1.39900,1.65600,10
2428,1.99503,0.84500,1.38700,1.82100,10
2429,1.91732,0.87600,1.43000,1.66700,10
2430,1.89554,0.86700,1.47700,1.70900,10
2431,1.82305,0.84300,1.44800,1.69500,10
2432,1.75220,0.81700,1.35700,1.64000,10
2433,1.79267,0.87000,1.32600,1.64300,10
2434,1.87005,0.85200,1.32800,1.67400,10
2435,2.06923,0.85400,1.36800,1.86900,10
2436,1.94222,0.82300,1.43900,1.68400,10
2437,1.76215,0.83600,1.35900,1.67000,10
2438,1.82474,0.85400,1.35000,1.66200,10
2439,1.82227,0.87500,1.35400,1.66400,10
2440,1.82283,0.80900,1.33300,1.66700,10
2441,1.89762,0.90100,1.40800,1.67300,10
2442,1.80692,0.93500,1.37500,1.63800,10
2443,1.86709,0.85200,1.38800,1.68100,10
2444,2.01269,0.82000,1.39200,1.84400,10
2445,1.86990,0.82800,1.37500,1.65700,10
2446,1.98009,0.86100,1.39400,1.81500,10
2447,1.94188,0.94400,1.51500,1.68400,10
2448,1.98373,0.84000,1.62900,1.63000,10
2449,1.72300,0.84700,1.54300,1.63000,10
2450,1.81189,0.92900,1.55700,1.66800,10
2451,1.68019,0.93200,1.44800,1.65900,10
2452,1.89133,0.81400,1.41400,1.69200,10
2453,2.00260,0.80000,1.37700,1.87000,10
2454,1.79227,0.87200,1.37800,1.64300,10
2455,1.76593,0.83900,1.31800,1.64800,10
2456,1.84813,0.84500,1.34400,1.66100,10
2457,2.03185,0.81400,1.52500,1.64900,10
2458,1.74178,0.93000,1.45500,1.65200,10
2459,1.81067,0.89000,1.38100,1.65500,10
2460,1.93439,0.90400,1.50500,1.69400,10
2461,2.55998,1.00000,1.43400,1.71100,10
2462,2.14673,0.92200,2.70900,1.88800,10
2463,2.05607,0.86400,1.33400,1.82400,10
2464,1.82966,0.85700,1.31800,1.65900,10
2465,1.94158,0.93600,1.40400,1.69300,10
2466,1.97599,1.04100,1.55200,1.68100,10
2467,1.79267,0.87100,1.47700,1.65300,10
2468,1.87784,0.89500,1.48400,1.69400,10
2469,1.97188,0.89300,1.63000,1.70700,10
2470,1.90232,1.04000,1.51000,1.85300,10
2471,1.88182,0.86500,1.47800,1.67900,10
2472,1.84242,0.80700,1.49800,1.65000,10
2473,1.66973,0.82600,1.36900,1.65200,10
2474,1.83938,0.84600,1.37500,1.64700,10
2475,1.81673,0.83500,1.36600,1.66200,10
2476,1.76149,0.80600,1.32900,1.63200,10
2477,1.83313,0.84900,1.33900,1.63100,10
2478,1.93024,0.86100,1.40400,1.67900,10
2479,2.14685,0.84400,1.53400,1.85600,10
2480,1.69506,0.84300,1.42900,1.62600,10
2481,2.04315,0.85300,1.48300,1.83500,10
2482,1.79233,0.83100,1.39300,1.67500,10
2483,1.85308,0.92500,1.38000,1.66700,10
2484,1.79644,0.82700,1.36200,1.64300,10
2485,1.81285,0.82900,1.30200,1.67900,10
2486,2.11626,0.91500,1.57100,1.66800,10
2487,1.69867,0.89700,1.46100,1.67700,10
2488,2.12641,0.86200,1.51500,1.84500,10
2489,1.68525,0.86000,1.40900,1.65000,10
2490,1.80968,0.87400,1.35600,1.65900,10
2491,1.79504,0.80400,1.35200,1.62400,10
2492,1.83132,0.87400,1.34000,1.64300,10
2493,1.88983,0.85500,1.40200,1.65600,10
2494,3.15361,0.97600,1.43200,1.64700,10
2495,1.79570,1.08300,1.34400,1.68900,10
2496,2.05813,0.94100,1.37100,1.86700,10
2497,1.81746,0.89300,1.38600,1.65200,10
2498,2.01110,0.86500,1.38300,1.82000,10
2499,1.82610,1.16900,1.36600,1.65400,10
2500,1.87882,0.91600,1.42600,1.68500,10
2501,1.73628,1.07200,1.36600,1.63000,10
2502,3.09750,1.02900,1.32900,1.65400,10
2503,1.90540,1.04800,1.38900,1.64700,10
2504,2.01082,1.06100,1.38500,1.83800,10
2505,1.83350,1.11400,1.42700,1.66000,10
2506,1.80113,1.07200,1.39400,1.64400,10
2507,1.83343,1.08000,1.41000,1.66800,10
2508,1.91208,1.03100,1.46600,1.64400,10
2509,1.94120,0.95800,1.58600,1.67900,10
2510,1.74419,0.97800,1.50400,1.66500,10
2511,1.84832,0.85100,1.49400,1.66400,10
2512,1.75070,0.92600,1.37600,1.64500,10
2513,2.02379,0.89900,1.37700,1.90100,10
2514,1.87783,0.89300,1.40000,1.64400,10
2515,1.88090,0.86400,1.29900,1.81000,10
2516,1.96960,0.89000,1.39600,1.67200,10
2517,1.99119,0.90500,1.52700,1.67700,10
2518,1.69724,1.10000,1.39700,1.67600,10
2519,1.99433,1.02500,1.50000,1.67100,10
2520,1.74722,1.48700,1.41000,1.67100,10
2521,1.84000,1.37700,1.40600,1.70100,10
2522,1.97935,1.19900,1.39400,1.83900,10
2523,1.90095,1.11500,1.42100,1.68200,10
2524,1.94226,1.03500,1.57100,1.66500,10
2525,1.86804,1.01100,1.59700,1.65200,10
2526,1.85092,1.01600,1.56900,1.64500,10
2527,1.83145,0.94100,1.61000,1.68100,10
2528,1.69940,0.91100,1.53700,1.68100,10
2529,1.79171,1.06500,1.56900,1.62200,10
2530,1.84077,1.03700,1.54300,1.69600,10
2531,2.07405,0.95100,1.54700,1.84900,10
2532,1.77709,1.03600,1.49500,1.65200,10
2533,1.97335,0.89600,1.47400,1.83600,10
2534,1.94465,1.04000,1.57000,1.66600,10
2535,1.74554,0.99000,1.53300,1.67600,10
2536,1.93703,0.94100,1.61400,1.67400,10
2537,1.79505,0.87200,1.62500,1.64600,10
2538,1.80241,0.96800,1.57900,1.67500,10
2539,1.82611,0.88600,1.51500,1.67000,10
2540,2.11023,0.92900,1.62100,1.85300,10
2541,1.77410,0.90500,1.56800,1.64300,10
2542,1.95442,0.87900,1.67100,1.64600,10
2543,2.11210,0.86000,1.65700,1.64600,10
2544,2.60830,0.87800,2.79400,1.67900,10
2545,1.66329,0.97500,1.57300,1.67900,10
2546,1.95094,0.99700,1.74000,1.64900,10
2547,1.96141,0.85500,1.88200,1.66400,10
2548,1.89110,0.95600,1.90800,1.83900,10
2549,1.92562,0.96600,1.92700,1.83900,10
2550,1.89634,0.89400,1.79100,1.67500,10
2551,1.71031,0.96400,1.63300,1.67500,10
2552,1.84169,0.86100,1.62400,1.66300,10
2553,1.84279,0.91900,1.63300,1.63700,10
2554,1.83849,0.99000,1.64200,1.65900,10
2555,1.97710,0.88000,1.81200,1.65200,10
2556,1.65128,0.88000,1.62100,1.65200,10
2557,2.35092,1.13400,2.05800,1.84800,10
2558,1.57545,1.70900,1.60000,1.66000,10
2559,1.66878,1.40200,1.47900,1.66000,10
2560,1.83319,1.25400,1.46900,1.69900,10
2561,1.75978,1.18800,1.43900,1.64700,10
2562,1.72546,1.02800,1.36200,1.64900,10
2563,1.86628,0.92600,1.40100,1.62500,10
2564,1.75122,0.99900,1.35200,1.65300,10
2565,1.88837,0.94800,1.36900,1.67400,10
2566,1.76493,0.93900,1.28600,1.69000,10
2567,2.08059,0.96200,1.34500,1.82500,10
2568,1.96005,0.89500,1.33600,1.78400,10
2569,1.85288,0.99400,1.35200,1.67500,10
2570,1.83974,0.99200,1.33200,1.67800,10
2571,1.85645,0.92500,1.36400,1.64800,10
2572,1.81713,0.89700,1.36400,1.64600,10
2573,1.79935,0.95900,1.35900,1.64800,10
2574,1.86960,0.89800,1.35100,1.64800,10
2575,1.79924,1.00600,1.34300,1.67300,10
2576,2.10035,1.05300,1.41300,1.85400,10
2577,1.81834,1.03600,1.40200,1.68000,10
2578,2.01852,1.00600,1.59700,1.66100,10
2579,1.73263,0.96400,1.52500,1.64700,10
2580,1.89099,0.88700,1.60000,1.63400,10
2581,1.72328,0.91400,1.51800,1.62900,10
2582,1.89300,0.89800,1.54200,1.67100,10
2583,1.78776,0.92100,1.47900,1.68100,10
2584,10.53903,0.84200,1.60700,1.69500,10
2585,2.61337,0.91500,9.53400,1.83800,10
2586,2.24485,1.02400,2.01600,1.64500,10
2587,1.51160,0.99200,1.51300,1.64500,10
2588,1.92136,0.87700,1.57100,1.87800,10
2589,1.81927,0.87400,1.48300,1.67000,10
2590,1.81232,0.85200,1.47300,1.65800,10
2591,1.85399,0.81100,1.50000,1.63600,10
2592,2.06089,0.86200,1.71000,1.66000,10
2593,1.81472,0.91300,1.72400,1.66000,10
2594,1.85508,0.96900,1.73500,1.67200,10
2595,1.79294,0.85800,1.72100,1.65700,10
2596,1.91974,0.90300,1.75500,1.65700,10
2597,2.49473,0.83700,1.67800,1.67700,10
2598,2.42809,0.88400,2.83100,1.66600,10
2599,1.75465,0.94400,1.67100,1.66600,10
2600,1.77697,0.87300,1.52800,1.68300,10
2601,1.87269,0.92500,1.58800,1.66000,10
2602,1.69605,0.89700,1.41100,1.67000,10
2603,1.85828,0.83900,1.43000,1.66500,10
2604,1.83573,0.87800,1.46500,1.65600,10
2605,1.80147,0.86100,1.39900,1.66700,10
2606,2.15218,0.88200,1.40200,1.83200,10
2607,1.69190,0.91100,1.41300,1.64200,10
2608,1.86609,0.93300,1.41200,1.67100,10
2609,2.46938,1.00800,2.30500,1.70300,10
2610,1.97423,0.95200,1.98600,1.70500,10
2611,1.93917,0.86600,1.92700,1.69300,10
2612,1.80968,0.92300,1.80500,1.66000,10
2613,1.78369,1.00900,1.78500,1.68500,10
2614,1.60151,0.96100,1.59900,1.68500,10
2615,1.83152,0.89900,1.63900,1.86900,10
2616,2.07528,0.91700,1.73600,1.63800,10
2617,1.82206,1.08600,1.68500,1.66200,10
2618,1.84012,1.16800,1.72500,1.64700,10
2619,1.73840,0.96800,1.69800,1.64700,10
2620,1.78693,0.97600,1.56900,1.65200,10
2621,1.72429,0.94900,1.50900,1.64700,10
2622,1.92458,0.99500,1.55800,1.67300,10
2623,10.45677,0.95700,1.50100,1.89600,10
2624,2.40106,1.24300,10.85400,1.89600,10
2625,1.79440,1.03300,1.49300,1.66800,10
2626,3.25326,1.24800,1.65800,1.70900,10
2627,1.96410,1.30600,1.66900,1.84300,10
2628,1.67978,1.01600,1.52500,1.66700,10
2629,2.03329,0.95500,1.53300,1.78900,10
2630,1.79415,0.94500,1.56700,1.65900,10
2631,1.87044,0.92000,1.60400,1.64600,10
2632,1.75595,0.91200,1.51600,1.68300,10
2633,2.05332,0.93600,1.71100,1.67500,10
2634,1.48005,0.90800,1.33500,1.67500,10
2635,1.89603,1.32600,1.36200,1.69400,10
2636,2.11719,1.41300,1.44600,1.85600,10
2637,1.73319,1.19300,1.34400,1.67700,10
2638,1.91150,1.13800,1.41700,1.65600,10
2639,1.80035,1.07500,1.39700,1.66300,10
2640,1.80176,1.04000,1.36900,1.63900,10
2641,1.90626,1.04100,1.46600,1.63500,10
2642,1.77803,1.00100,1.41900,1.66600,10
2643,1.89499,0.95400,1.42700,1.65000,10
2644,1.84531,0.96600,1.47500,1.70100,10
2645,2.10673,1.64800,1.49400,1.82700,10
2646,1.77700,1.23000,1.49500,1.65400,10
2647,1.84965,1.22900,1.35700,1.82400,10
2648,1.95011,1.17100,1.44800,1.66600,10
2649,1.79300,1.14700,1.43400,1.67200,10
2650,1.91790,1.01600,1.47200,1.69100,10
2651,1.73305,0.95500,1.37000,1.65500,10
2652,1.88131,1.05900,1.45000,1.65600,10
2653,1.82930,1.10200,1.40300,1.68900,10
2654,2.07691,1.04500,1.44100,1.85500,10
2655,1.85301,1.08100,1.48700,1.64200,10
2656,2.37866,1.09300,2.02700,1.65800,10
2657,1.91431,1.10300,1.92000,1.65300,10
2658,1.82490,0.93800,1.81300,1.66400,10
2659,1.71411,0.93800,1.71600,1.66700,10
2660,1.68969,0.92000,1.68000,1.68200,10
2661,1.64192,0.90900,1.63000,1.68200,10
2662,1.84171,0.87600,1.66800,1.66700,10
2663,2.04503,0.90600,1.70700,1.86600,10
2664,1.87336,0.92800,1.56000,1.84600,10
2665,1.97452,0.90100,1.68500,1.65900,10
2666,1.78821,0.92100,1.64400,1.66500,10
2667,3.32335,0.88800,1.80300,1.65400,10
2668,1.80470,0.85600,1.80800,1.66700,10
2669,1.71095,0.85000,1.57600,1.65500,10
2670,1.76994,1.34800,1.52500,1.65500,10
2671,2.06436,1.29400,1.60400,1.63800,10
2672,1.63051,1.09400,1.43600,1.63800,10
2673,2.06207,1.07900,1.61800,1.64200,10
2674,1.84003,1.10200,1.77600,1.65400,10
2675,1.82116,1.04200,1.71000,1.65100,10
2676,1.72853,0.89600,1.61100,1.65100,10
2677,1.83445,0.89300,1.60200,1.66300,10
2678,1.84015,0.87800,1.63300,1.66700,10
2679,1.87095,0.96900,1.65300,1.66100,10
2680,1.90998,0.86200,1.53100,1.84900,10
2681,2.04236,0.81800,1.56700,1.83400,10
2682,1.83144,0.88400,1.56400,1.66100,10
2683,2.11215,0.82000,1.81200,1.67000,10
2684,1.91443,0.84400,1.90700,1.66200,10
2685,1.55997,0.83800,1.55400,1.66200,10
2686,1.80293,0.92100,1.56900,1.67700,10
2687,1.83523,0.89100,1.55500,1.64300,10
2688,1.86186,0.94200,1.55600,1.70100,10
2689,2.08591,0.88000,1.57400,1.85700,10
2690,1.81591,0.82200,1.57500,1.67800,10
2691,1.92412,0.81600,1.67200,1.65300,10
2692,1.73291,0.86300,1.59100,1.65600,10
2693,1.73515,0.88300,1.49400,1.62500,10
2694,1.87757,0.82500,1.54800,1.65000,10
2695,1.74578,0.88900,1.45100,1.63200,10
2696,1.72853,0.84000,1.37300,1.67100,10
2697,2.51622,0.97600,1.94400,1.84400,10
2698,2.44324,1.55100,2.46400,1.63400,10
2699,2.41805,1.24700,2.43200,1.86600,10
2700,1.81594,1.28500,1.82100,1.73500,10
2701,3.14971,1.02100,1.86900,1.65400,10
2702,1.86118,0.86000,1.85700,1.66100,10
2703,1.74637,0.88000,1.70900,1.66100,10
2704,1.90613,0.99300,1.75000,1.84200,10
2705,1.99404,0.93200,1.69700,1.86000,10
2706,1.82865,0.90200,1.71400,1.64800,10
2707,1.82928,0.88700,1.67900,1.66200,10
2708,1.79174,0.94100,1.66800,1.65100,10
2709,2.84982,0.85500,1.69000,1.65400,10
2710,1.73410,0.83200,1.62900,1.65400,10
2711,1.82441,0.85300,1.64200,1.64800,10
2712,1.84630,0.80700,1.65200,1.64800,10
2713,1.93580,0.81800,1.70600,1.69400,10
2714,1.93454,1.01700,1.64000,1.83500,10
2715,2.04961,1.06600,1.65900,1.65400,10
2716,2.18963,1.23200,2.09700,1.68000,10
2717,1.78520,1.50800,1.81700,1.64800,10
2718,1.64732,1.13600,1.65400,1.67300,10
2719,1.57311,1.03200,1.54500,1.67300,10
2720,1.85364,1.10500,1.58600,1.64000,10
2721,1.94482,0.96100,1.64700,1.68600,10
2722,2.05733,1.11500,1.89700,1.68100,10
2723,2.05532,0.98900,1.92400,1.66400,10
2724,1.82745,0.95100,1.82400,1.66900,10
2725,1.77145,1.05700,1.76200,1.66300,10
2726,1.94330,1.00900,1.93000,1.67900,10
2727,1.88693,1.09500,1.86100,1.67400,10
2728,1.89493,1.06900,1.88300,1.69500,10
2729,1.72189,1.22400,1.71500,1.69000,10
2730,1.74956,1.22700,1.71600,1.69000,10
2731,1.97680,1.23500,1.82600,1.69500,10
2732,2.92989,1.13800,2.44200,1.84900,10
2733,1.96255,1.09500,2.18700,1.72000,10
2734,1.93166,1.06500,1.92500,1.67700,10
2735,1.92598,1.00200,1.91900,1.66300,10
2736,1.77661,1.03200,1.78200,1.71200,10
2737,1.82502,0.98500,1.80200,1.69000,10
2738,1.84996,1.03700,1.84400,1.67500,10
2739,1.67683,0.95200,1.67500,1.87700,10
2740,1.90724,0.94300,1.79800,1.64700,10
2741,1.74064,0.94700,1.70500,1.64700,10
2742,1.82399,1.04000,1.71200,1.67600,10
2743,1.74016,1.03500,1.57300,1.64900,10
2744,1.84959,1.00200,1.58100,1.64500,10
2745,1.78910,0.96200,1.60200,1.63000,10
2746,1.87751,0.92600,1.60300,1.66200,10
2747,1.85691,0.89100,1.59400,1.66400,10
2748,1.76430,0.95900,1.59400,1.63600,10
2749,2.03033,0.97500,1.55100,1.84800,10
2750,2.75466,0.99800,1.57400,1.65100,10
2751,2.75772,1.11900,3.41100,1.65000,10
2752,1.91813,0.95600,1.91600,1.63900,10
2753,2.00697,0.91500,1.99400,1.67400,10
2754,2.09257,0.92200,2.04500,1.65500,10
2755,1.99723,0.97400,1.99800,1.68600,10
2756,1.69327,0.98300,1.68900,1.68600,10
2757,1.90434,1.00700,1.68600,1.88100,10
2758,1.73506,0.95300,1.54000,1.70000,10
2759,1.88147,0.90100,1.57800,1.67200,10
2760,1.82201,0.86600,1.54300,1.64300,10
2761,1.84148,0.86700,1.56400,1.67000,10
2762,1.77043,0.85900,1.52500,1.65500,10
2763,1.99654,0.87600,1.63100,1.67700,10
2764,1.87443,0.89900,1.72500,1.64600,10
2765,1.83761,0.87500,1.67000,1.66400,10
2766,1.95148,0.95200,1.60700,1.87100,10
2767,2.05560,0.89100,1.62100,1.80900,10
2768,1.88708,1.03500,1.74800,1.63600,10
2769,1.86465,0.98700,1.76800,1.65500,10
2770,1.81873,0.92400,1.72700,1.64600,10
2771,1.95607,1.17000,1.80600,1.65400,10
2772,1.76008,1.62000,1.76300,1.64100,10
2773,1.80192,1.49100,1.82300,1.68200,10
2774,1.69935,1.32500,1.65500,1.68200,10
2775,2.23174,1.18600,1.83700,1.67600,10
2776,1.83698,1.14400,1.80800,1.63300,10
2777,1.69925,1.21900,1.69100,1.64900,10
2778,1.66308,1.18300,1.56600,1.64900,10
2779,1.70737,1.02900,1.44300,1.63400,10
2780,2.53076,1.04000,1.83800,1.69100,10
2781,2.03191,1.05500,2.04200,1.69400,10
2782,1.66799,0.91800,1.66800,1.69400,10
2783,2.12176,0.88200,1.69800,1.88200,10
2784,2.14145,0.88000,1.95100,1.81400,10
2785,1.59189,0.88100,1.58200,1.81400,10
2786,1.82274,0.94000,1.50600,1.64800,10
2787,1.80018,1.00800,1.46700,1.69400,10
2788,1.90806,0.99900,1.55100,1.66500,10
2789,1.72435,1.03500,1.43300,1.64800,10
2790,1.82778,1.07800,1.43400,1.63100,10
2791,1.92035,0.98600,1.54300,1.69400,10
2792,2.84550,0.94900,1.49900,1.89700,10
2793,1.72283,0.89500,1.38700,1.64300,10
2794,1.85692,0.87500,1.42200,1.67000,10
2795,2.05910,1.09400,1.48100,1.67400,10
2796,1.70244,1.32900,1.41500,1.69200,10
2797,1.92133,1.04000,1.50500,1.66300,10
2798,1.88719,0.97500,1.46400,1.69100,10
2799,1.96565,1.41600,1.62700,1.63700,10
2800,1.77685,1.21400,1.58000,1.67200,10
2801,2.05339,1.11300,1.63500,1.85900,10
2802,1.87978,1.16700,1.47600,1.81500,10
2803,1.79937,1.00900,1.45200,1.67100,10
2804,1.90045,0.92700,1.46700,1.70100,10
2805,2.43887,0.88400,1.47800,1.69500,10
2806,1.89515,0.99100,1.63500,1.63400,10
2807,1.84236,1.13100,1.65100,1.66900,10
2808,2.07677,1.06000,1.83200,1.66200,10
2809,1.56690,0.97500,1.41700,1.85600,10
2810,1.87908,0.87400,1.43800,1.67000,10
2811,1.78278,0.84700,1.35200,1.71300,10
2812,1.87030,0.83100,1.34700,1.66200,10
2813,1.84365,0.97000,1.36100,1.68200,10
2814,1.84368,1.05300,1.37300,1.64700,10
2815,1.80565,0.95100,1.37200,1.67000,10
2816,1.93589,1.16500,1.38800,1.67600,10
2817,1.94288,1.28600,1.55500,1.66300,10
2818,1.98418,1.10800,1.50800,1.84000,10
2819,1.78514,1.02400,1.41000,1.66200,10
2820,2.05266,1.16100,1.49200,1.82800,10
2821,1.75775,1.03100,1.47400,1.63400,10
2822,1.75672,1.01500,1.41300,1.65700,10
2823,1.83681,1.00000,1.41800,1.65600,10
2824,1.87533,0.88200,1.44300,1.67300,10
2825,1.84745,0.92700,1.46100,1.64500,10
2826,1.77249,1.08700,1.41500,1.67800,10
2827,2.13758,0.94000,1.51200,1.84100,10
2828,1.66660,0.82000,1.40900,1.63400,10
2829,1.96487,0.80400,1.48900,1.66000,10
2830,2.41719,0.91500,2.13000,1.67300,10
2831,1.62589,0.86800,1.60400,1.67300,10
2832,1.50663,0.80600,1.48200,1.67300,10
2833,1.69747,0.91200,1.42400,1.64900,10
2834,3.31642,0.87000,1.45000,1.69900,10
2835,1.94128,0.87700,1.41000,1.83000,10
2836,1.76849,0.86200,1.32200,1.65000,10
2837,2.09913,0.83600,1.43900,1.81800,10
2838,1.88592,0.92900,1.45500,1.66000,10
2839,1.77109,0.88800,1.35700,1.70500,10
2840,1.80840,0.87000,1.31400,1.66400,10
2841,1.86169,0.81500,1.32100,1.67400,10
2842,2.01272,0.82600,1.48000,1.63400,10
2843,2.54718,1.26700,2.45300,1.84800,10
2844,1.55905,0.95400,1.56400,1.66800,10
2845,1.60201,0.98400,1.56200,1.66800,10
2846,1.75512,0.88400,1.45200,1.65000,10
2847,1.83548,0.94800,1.43900,1.66800,10
2848,1.86641,0.94100,1.46400,1.66300,10
2849,1.81327,0.83200,1.41200,1.66900,10
2850,1.77835,0.92700,1.35300,1.66700,10
2851,1.81016,0.90300,1.33800,1.65700,10
2852,1.89793,0.87700,1.39200,1.65000,10
2853,2.06597,1.03600,1.45200,1.84600,10
2854,2.52008,0.88700,2.21000,1.82400,10
2855,2.22924,0.94500,2.25800,1.71200,10
2856,1.93454,0.82600,1.92700,1.67100,10
2857,1.88094,0.85400,1.88300,1.70400,10
2858,1.93267,0.81600,1.92400,1.67900,10
2859,1.80039,0.80400,1.78000,1.71200,10
2860,1.63730,0.90400,1.62800,1.67400,10
2861,1.62908,0.89300,1.62500,1.67400,10
2862,1.89631,0.95200,1.62800,1.84400,10
2863,1.90737,0.87500,1.73000,1.63200,10
2864,1.83565,0.84600,1.69000,1.65800,10
2865,1.97904,1.13300,1.89100,1.66000,10
2866,2.11846,1.08800,2.11100,1.65300,10
2867,1.93735,1.05100,1.94100,1.65900,10
2868,1.82513,0.87900,1.80800,1.71300,10
2869,1.69384,0.91000,1.69400,1.66100,10
2870,1.67282,0.89800,1.62500,1.66100,10
2871,1.96155,0.86200,1.56900,1.83900,10
2872,2.12850,0.84800,1.70200,1.64800,10
2873,1.75100,0.92700,1.69100,1.64800,10
2874,1.70273,0.90300,1.50400,1.66200,10
2875,2.31549,0.80700,1.48700,1.70100,10
2876,2.44624,0.90400,2.46000,1.68500,10
2877,2.15386,0.90300,1.85200,1.68600,10
2878,1.66606,0.87600,1.65600,1.68600,10
2879,1.93576,0.87800,1.61500,1.82900,10
2880,1.75405,0.85600,1.53400,1.66200,10
2881,1.89572,0.85900,1.57200,1.66700,10
2882,1.99521,1.36400,1.69600,1.65600,10
2883,1.85274,1.40800,1.69300,1.65500,10
2884,1.89252,1.10300,1.78400,1.65900,10
2885,1.96101,1.48200,1.97200,1.67000,10
2886,1.82272,1.07000,1.80500,1.69600,10
2887,1.63697,0.98000,1.64700,1.69600,10
2888,1.88121,0.94200,1.50100,1.86900,10
2889,2.08804,0.87800,1.59800,1.82800,10
2890,1.72725,0.88500,1.49900,1.66900,10
2891,1.84742,0.85500,1.49900,1.65400,10
2892,1.76144,0.81700,1.45500,1.63100,10
2893,1.82982,0.80900,1.45500,1.66200,10
2894,2.06279,0.87100,1.66900,1.64200,10
2895,1.78871,1.01000,1.71900,1.66300,10
2896,1.73319,1.43100,1.53400,1.66300,10
2897,2.03887,1.21100,1.51500,1.85600,10
2898,1.86958,1.15500,1.60300,1.65000,10
2899,1.77232,1.13900,1.52200,1.64700,10
2900,1.90400,1.03700,1.60700,1.64100,10
2901,1.77131,0.96400,1.64000,1.65400,10
2902,1.79661,1.10200,1.48900,1.64400,10
2903,1.74236,1.24500,1.44100,1.65000,10
2904,1.93218,1.10600,1.55700,1.66900,10
2905,1.68805,0.96100,1.39900,1.66100,10
2906,2.04675,0.97200,1.43900,1.83300,10
2907,2.12928,0.90500,1.58100,1.82600,10
2908,3.12828,0.94600,1.49200,1.68900,10
2909,1.72179,1.08400,1.39600,1.67400,10
2910,1.81779,0.90700,1.42500,1.65200,10
2911,1.87654,0.88300,1.42400,1.66600,10
2912,1.99788,0.89200,1.55400,1.69000,10
2913,1.71155,0.97000,1.42100,1.66000,10
2914,1.97148,0.92600,1.38000,1.83800,10
2915,1.78878,0.87700,1.34200,1.66000,10
2916,1.85995,0.85200,1.37900,1.66200,10
2917,3.16274,0.83700,1.41600,1.70900,10
2918,1.79784,0.85000,1.37100,1.65700,10
2919,1.91136,0.83100,1.46100,1.66100,10
2920,1.83116,0.83600,1.46600,1.66300,10
2921,1.85438,0.90200,1.42800,1.68100,10
2922,2.19782,0.93100,1.63500,1.84200,10
2923,1.82588,0.86300,1.68800,1.63100,10
2924,1.95646,1.03100,1.67800,1.81300,10
2925,1.80785,0.89400,1.64900,1.62300,10
2926,1.96422,0.80700,1.77100,1.63800,10
2927,1.66432,0.99500,1.65200,1.63800,10
2928,1.66532,1.04100,1.47000,1.67600,10
2929,1.81965,0.86100,1.39100,1.67400,10
2930,1.86202,0.85800,1.35700,1.67800,10
2931,2.10658,1.21500,1.43600,1.84400,10
2932,2.20231,1.24200,1.88000,1.66300,10
2933,1.52841,0.95300,1.50900,1.66300,10
2934,1.81200,1.05900,1.48600,1.66900,10
2935,1.73483,0.93600,1.42000,1.66200,10
2936,1.81909,0.90700,1.40400,1.67100,10
2937,1.86671,0.89400,1.39400,1.67000,10
2938,1.88662,0.88900,1.44900,1.67000,10
2939,1.77139,0.94400,1.38500,1.66400,10
2940,2.09588,0.94600,1.45800,1.85100,10
2941,1.69824,0.89500,1.38800,1.62800,10
2942,1.97194,0.91400,1.37100,1.78000,10
2943,2.11384,1.02200,1.61000,1.70300,10
2944,1.79482,0.93100,1.61100,1.66700,10
2945,1.67038,0.98700,1.41700,1.67000,10
2946,1.81826,0.91700,1.40900,1.66700,10
2947,1.78397,0.82400,1.33600,1.65000,10
2948,1.87781,1.04100,1.35000,1.68300,10
2949,2.06477,1.04200,1.44200,1.81700,10
2950,1.97188,0.91500,1.58000,1.67000,10
2951,1.63576,0.86100,1.39200,1.64800,10
2952,1.87134,1.00600,1.37700,1.69100,10
2953,1.90551,1.10000,1.47100,1.66600,10
2954,1.65871,1.04000,1.31100,1.65500,10
2955,1.95373,0.87500,1.42700,1.64800,10
2956,1.80818,0.82500,1.40200,1.66500,10
2957,1.85554,0.94000,1.37200,1.64700,10
2958,2.71494,1.02000,1.33700,1.84900,10
2959,2.17922,0.89600,2.75400,1.68300,10
2960,1.94985,1.01600,1.56700,1.67100,10
2961,1.73384,0.90800,1.40800,1.68500,10
2962,1.90281,0.89300,1.43300,1.67300,10
2963,1.83734,0.88200,1.44500,1.66900,10
2964,1.77414,0.84800,1.41400,1.63100,10
2965,1.84031,0.81400,1.37300,1.66800,10
2966,2.23745,0.79900,1.56100,1.86400,10
2967,1.77269,1.11200,1.51800,1.67900,10
2968,1.76244,0.97100,1.48200,1.65800,10
2969,1.92138,0.95600,1.53200,1.64900,10
2970,1.67802,0.90600,1.42500,1.66300,10
2971,1.74146,1.00400,1.32800,1.64600,10
2972,1.80276,1.01800,1.43300,1.63800,10
2973,1.79630,0.94500,1.29500,1.66100,10
2974,1.93118,0.88400,1.33000,1.65600,10
2975,1.91103,0.92400,1.27000,1.84300,10
2976,1.94616,0.94500,1.39300,1.66900,10
2977,1.91971,1.02100,1.35200,1.80800,10
2978,1.88810,0.90200,1.34100,1.65600,10
2979,1.82359,0.96700,1.35100,1.67300,10
2980,1.93136,0.87500,1.41400,1.66500,10
2981,1.75534,1.07700,1.34100,1.67100,10
2982,1.95585,1.11300,1.43300,1.65000,10
2983,1.77687,1.07600,1.36600,1.68600,10
2984,2.13439,0.93900,1.45500,1.86100,10
2985,1.73195,1.07300,1.34600,1.65900,10
2986,1.98708,0.99500,1.46600,1.64000,10
2987,1.70784,0.99300,1.35000,1.67900,10
2988,1.85154,0.88900,1.36200,1.66100,10
2989,1.80863,0.82900,1.33400,1.66500,10
2990,1.93382,0.85800,1.43200,1.67500,10
2991,1.88055,0.86100,1.50400,1.67900,10
2992,1.80162,0.84300,1.40000,1.68800,10
2993,2.09008,0.87600,1.45700,1.84400,10
2994,1.80771,0.87100,1.38400,1.69300,10
2995,1.98951,0.94000,1.34000,1.83800,10
2996,1.89575,0.90500,1.35500,1.69300,10
2997,1.88453,1.06300,1.40500,1.65800,10
2998,1.80674,1.10400,1.36800,1.67100,10
2999,2.87222,1.02400,1.33800,1.68200,10
3000,1.78675,1.06200,1.33200,1.65700,10
3001,10.52756,1.03000,1.40400,1.69100,10
3002,3.23734,1.08300,11.47500,1.64100,10
3003,1.79930,0.95700,1.78400,1.67100,10
3004,2.17553,0.87400,2.16800,1.93000,10
3005,1.96999,1.12300,1.96100,1.67400,10
3006,1.84706,0.93700,1.84400,1.86200,10
3007,1.81014,0.86200,1.79800,1.64500,10
3008,1.75888,0.90800,1.76500,1.67100,10
3009,1.65936,0.87900,1.65100,1.67700,10
3010,1.75269,0.98700,1.74200,1.66000,10
3011,2.27274,0.93600,1.54800,1.66000,10
3012,2.44531,0.85400,2.55600,1.73300,10
3013,1.86694,0.93200,1.43600,1.71600,10
3014,1.99274,0.95200,1.40700,1.84600,10
3015,1.83515,0.89600,1.40100,1.66000,10
3016,1.82987,0.97500,1.39400,1.65900,10
3017,1.86598,0.89300,1.41000,1.67200,10
3018,1.98127,0.91900,1.51900,1.66400,10
3019,1.89246,1.00800,1.73100,1.68400,10
3020,2.11688,0.93300,1.90500,1.69600,10
3021,1.82832,0.94400,1.58700,1.69200,10
3022,2.10122,1.05900,1.61900,1.69300,10
3023,1.66564,1.03300,1.49300,1.64500,10
3024,1.95474,1.07100,1.43000,1.80400,10
3025,1.84255,1.06400,1.37300,1.68400,10
3026,2.25925,1.15000,1.77200,1.69100,10
3027,1.91457,1.11400,1.71700,1.64700,10
3028,1.95295,1.16700,1.95600,1.70000,10
3029,2.36051,0.97000,2.35400,1.74200,10
3030,2.02593,1.06300,2.00600,1.84600,10
3031,1.67241,1.06800,1.67300,1.84600,10
3032,1.98888,1.06800,1.75200,1.65700,10
3033,2.27956,1.05100,2.27200,1.68600,10
3034,2.03989,0.98400,2.02900,1.72500,10
3035,1.79910,1.17700,1.79900,1.69600,10
3036,1.63553,1.17200,1.63700,1.69600,10
3037,2.06543,0.97700,2.03400,1.66800,10
3038,2.01575,1.06800,2.01800,1.66800,10
3039,1.85121,1.19300,1.85600,1.84600,10
3040,2.66412,1.01800,1.71200,1.84600,10
3041,2.52655,1.01200,3.27400,1.86100,10
3042,1.92937,1.05400,1.81000,1.64800,10
3043,1.73381,1.02700,1.72400,1.66600,10
3044,1.94282,0.97900,1.87200,1.68700,10
3045,1.52762,0.94700,1.52900,1.68700,10
3046,1.78304,0.90400,1.46000,1.67300,10
3047,1.77067,0.91100,1.37800,1.66200,10
3048,2.30624,0.93000,1.62700,1.85800,10
3049,1.69289,0.87400,1.55500,1.64400,10
3050,1.86958,0.93900,1.57900,1.65800,10
3051,1.93388,0.99300,1.65500,1.64200,10
3052,2.29221,1.06200,2.28400,1.68200,10
3053,2.02628,1.19200,2.01500,1.68000,10
3054,1.86310,1.03100,1.85600,1.65400,10
3055,1.83233,0.95300,1.82800,1.75000,10
3056,1.76893,0.92600,1.76800,1.86500,10
3057,1.69277,0.83700,1.64000,1.86500,10
3058,2.07951,0.89600,1.71800,1.81600,10
3059,1.87203,1.01200,1.69300,1.65900,10
3060,2.80602,1.04600,2.57600,1.66700,10
3061,2.03343,0.99900,2.05100,1.69000,10
3062,1.73347,0.95900,1.73700,1.67200,10
3063,1.67987,0.90700,1.66500,1.70200,10
3064,1.68218,0.89100,1.54400,1.70200,10
3065,1.95294,0.98700,1.74300,1.65000,10
3066,2.01616,1.07900,1.70500,1.85500,10
3067,1.75487,1.11100,1.63400,1.65600,10
3068,1.79835,0.99200,1.52100,1.68200,10
3069,2.42715,0.90900,2.16300,1.68600,10
3070,2.07480,0.89900,2.08100,1.68000,10
3071,1.99692,0.87600,1.98800,1.69600,10
3072,2.00319,1.04100,1.98000,1.73000,10
3073,2.02775,1.09100,2.02300,1.86200,10
3074,2.00982,0.93000,2.00200,1.82600,10
3075,1.90733,0.92200,1.90400,1.69700,10
3076,1.92310,0.88600,1.91100,1.73900,10
3077,1.84549,0.93200,1.84600,1.69000,10
3078,1.79169,0.95000,1.76600,1.71200,10
3079,1.98258,0.98600,1.98600,1.68800,10
3080,2.27141,0.95700,2.21000,1.73100,10
3081,1.94630,1.58100,1.99100,1.67300,10
3082,3.40019,1.02800,1.83100,1.65200,10
3083,1.82225,1.03600,1.73400,1.65800,10
3084,1.97267,1.06700,1.95100,1.68500,10
3085,1.87989,0.89800,1.86500,1.66900,10
3086,2.07963,0.94200,2.07800,1.66400,10
3087,1.79526,0.87800,1.79500,1.70000,10
3088,1.66060,0.85600,1.64100,1.70600,10
3089,1.84834,0.95200,1.84800,1.67200,10
3090,10.52302,0.91100,1.57000,1.67200,10
3091,2.60768,0.99600,11.33900,1.63600,10
3092,1.78309,0.97200,1.73200,1.65000,10
3093,1.68036,0.95600,1.61000,1.65000,10
3094,1.90915,0.86400,1.48500,1.65700,10
3095,2.03382,0.92800,1.67600,1.67900,10
3096,1.74037,0.95600,1.58600,1.65800,10
3097,1.80384,0.85100,1.47200,1.68800,10
3098,1.97085,0.91400,1.64400,1.64500,10
3099,1.93060,1.05700,1.76700,1.66200,10
3100,1.48803,1.01600,1.37600,1.66200,10
3101,2.04704,0.99100,1.58000,1.66900,10
3102,1.73630,0.86000,1.49100,1.69900,10
3103,2.00435,0.83000,1.40900,1.83900,10
3104,2.04138,0.83100,1.41300,1.84700,10
3105,1.86544,0.95800,1.45800,1.66100,10
3106,1.80887,0.86600,1.41600,1.67700,10
3107,1.89569,0.91900,1.51400,1.64200,10
3108,1.84536,0.86800,1.51600,1.67000,10
3109,1.81064,0.86700,1.48600,1.65300,10
3110,2.18358,0.89400,1.80800,1.68500,10
3111,1.71371,0.88300,1.71500,1.68500,10
3112,10.45598,0.87900,1.57100,1.66500,10
3113,2.65533,0.90900,11.20800,1.86800,10
3114,3.27833,0.87700,1.61200,1.71900,10
3115,1.97602,0.86800,1.59900,1.85200,10
3116,1.96701,0.82900,1.56800,1.80900,10
3117,1.85778,0.85200,1.56100,1.65700,10
3118,2.04554,1.07500,1.58000,1.65900,10
3119,1.73177,1.71500,1.56400,1.65900,10
3120,1.80496,1.18000,1.55100,1.65900,10
3121,1.66146,1.11700,1.36400,1.64000,10
3122,1.99172,1.08800,1.47800,1.66800,10
3123,1.71522,0.98100,1.40200,1.66300,10
3124,2.61187,0.98000,1.38500,1.85400,10
3125,1.78299,0.92800,1.37200,1.63000,10
3126,1.86007,0.94500,1.40600,1.65500,10
3127,1.82154,0.89600,1.38600,1.66300,10
3128,1.95572,0.90800,1.49500,1.64200,10
3129,1.99947,0.86000,1.63000,1.68800,10
3130,1.57185,1.00700,1.39800,1.65500,10
3131,1.77151,1.07900,1.36100,1.64400,10
3132,1.78879,1.12500,1.33300,1.62800,10
3133,2.20489,1.07800,1.33200,2.02400,10
3134,1.86356,1.11700,1.36600,1.67300,10
3135,1.86090,1.12500,1.40100,1.67100,10
3136,1.83545,1.10200,1.40600,1.66000,10
3137,1.80538,1.12300,1.39600,1.66900,10
3138,1.85578,0.92800,1.41100,1.65500,10
3139,1.81726,0.85600,1.35900,1.66500,10
3140,1.80022,1.06500,1.31100,1.67600,10
3141,1.96032,1.10900,1.44400,1.63600,10
3142,1.92276,0.96200,1.34500,1.86800,10
3143,2.01655,1.01500,1.51900,1.66600,10
3144,1.86898,0.91400,1.53200,1.68300,10
3145,1.71292,0.93100,1.39700,1.65700,10
3146,1.77558,0.95300,1.32000,1.65200,10
3147,1.86617,0.90200,1.37600,1.64800,10
3148,1.77620,0.87200,1.31500,1.67500,10
3149,1.84428,0.93000,1.31900,1.66300,10
3150,1.94956,0.88500,1.39300,1.63700,10
3151,2.13803,0.84800,1.40500,1.99800,10
3152,1.82433,0.96700,1.38200,1.68700,10
3153,1.88287,0.86100,1.38600,1.69800,10
3154,1.81824,0.79100,1.34600,1.66000,10
3155,2.00027,0.84500,1.48600,1.65700,10
3156,1.66312,0.87500,1.34500,1.66100,10
3157,2.03728,0.90900,1.55600,1.65500,10
3158,2.11627,0.87700,1.97100,1.67400,10
3159,1.59703,0.89800,1.39200,1.84200,10
3160,1.99763,0.93600,1.59900,1.66400,10
3161,1.83143,1.08700,1.58800,1.65400,10
3162,1.68009,0.92000,1.41900,1.64700,10
3163,1.84919,0.86900,1.41600,1.68100,10
3164,1.79154,0.84000,1.38500,1.66100,10
3165,2.25781,0.81600,1.49200,1.65700,10
3166,2.27503,0.89100,2.34500,1.69500,10
3167,1.75371,0.96900,1.44500,1.68200,10
3168,2.04284,1.65800,1.48200,1.86300,10
3169,2.00709,1.08800,1.51100,1.80000,10
3170,1.78893,0.97200,1.46000,1.65000,10
3171,2.03304,0.98600,1.60800,1.71800,10
3172,2.45573,0.96900,2.24000,1.66600,10
3173,2.08373,0.91100,2.08200,1.68200,10
3174,1.90615,1.01200,1.90000,1.70900,10
3175,1.82573,0.97400,1.81000,1.68700,10
3176,1.77637,0.95700,1.77300,1.87000,10
3177,1.80207,0.91000,1.80800,1.65600,10
3178,1.83660,0.82400,1.81600,1.67200,10
3179,1.78436,0.91700,1.77700,1.67300,10
3180,1.57138,0.91300,1.57800,1.67300,10
3181,1.74479,0.92800,1.51800,1.66900,10
3182,1.85740,0.85000,1.54700,1.66200,10
3183,1.78684,0.89100,1.53900,1.63100,10
3184,1.82007,0.85400,1.51100,1.65400,10
3185,1.79300,0.91200,1.44100,1.65200,10
3186,2.21933,1.47800,1.52000,1.99800,10
3187,1.91969,0.90500,1.59000,1.66900,10
3188,1.75885,0.91100,1.48800,1.69100,10
3189,1.92394,0.88300,1.59300,1.65600,10
3190,1.84310,0.86900,1.59200,1.68200,10
3191,1.87939,0.91000,1.60900,1.67400,10
3192,2.15035,0.85900,1.92200,1.65100,10
3193,2.23078,0.84900,2.23900,1.67600,10
3194,1.92413,0.88600,1.91800,1.89100,10
3195,1.92039,0.87500,1.91800,1.67700,10
3196,1.89458,0.90900,1.86900,1.68400,10
3197,1.77613,0.90400,1.76800,1.70100,10
3198,1.84612,0.87700,1.83300,1.67200,10
3199,2.00885,0.88000,1.99200,1.68100,10
3200,1.79670,0.83700,1.79600,1.69600,10
3201,2.00996,0.83600,1.99100,1.72200,10
3202,1.79072,0.84400,1.77900,1.70700,10
3203,1.82102,0.85000,1.80900,1.88600,10
3204,1.61193,0.89600,1.60200,1.88600,10
3205,1.86222,0.99900,1.59500,1.83200,10
3206,2.68126,0.88200,1.54800,1.67900,10
3207,2.63035,0.99300,3.30600,1.65600,10
3208,1.89345,0.96800,1.90300,1.83200,10
3209,2.02996,0.89100,1.98900,1.82500,10
3210,1.77522,0.85100,1.76800,1.82500,10
3211,2.28968,0.88500,1.99000,1.64600,10
3212,1.88257,0.96100,1.88400,1.64400,10
3213,1.78313,0.98100,1.77900,1.63800,10
3214,1.86169,0.91700,1.84000,1.65800,10
3215,1.71578,0.89900,1.71100,1.67600,10
3216,1.74398,0.87400,1.73500,1.68000,10
3217,2.06048,0.83100,1.79300,1.68000,10
3218,2.79866,0.83800,2.50500,1.71900,10
3219,1.72263,0.87500,1.68400,1.71900,10
3220,2.22483,0.87100,1.73200,1.64200,10
3221,1.95580,0.83400,1.84300,1.65600,10
3222,1.82543,1.07700,1.81300,1.66200,10
3223,1.78305,1.12200,1.78200,1.63000,10
3224,1.48230,0.94700,1.47400,1.63000,10
3225,1.72616,0.81900,1.40200,1.64200,10
3226,2.30408,0.83700,1.84900,1.67400,10
3227,1.49919,0.85200,1.50000,1.67400,10
3228,1.71919,0.87600,1.41100,1.66300,10
3229,2.23189,0.86700,1.59900,1.85400,10
3230,1.98031,0.86100,1.84100,1.68500,10
3231,1.92067,0.88200,1.84900,1.63900,10
3232,1.84701,0.95400,1.86200,1.64000,10
3233,1.77670,0.91000,1.74500,1.66200,10
3234,1.82525,1.18600,1.78800,1.63700,10
3235,1.67490,1.01500,1.64900,1.63700,10
3236,1.79904,1.16000,1.60000,1.68500,10
3237,1.82541,0.98000,1.58100,1.66300,10
3238,2.15531,0.87500,1.53700,2.03300,10
3239,2.29331,0.87700,2.01500,1.65100,10
3240,1.94543,0.89400,1.94100,1.67200,10
3241,1.86291,0.89500,1.84900,1.66900,10
3242,1.70799,0.86800,1.69800,1.69800,10
3243,1.58843,0.84500,1.57300,1.66300,10
3244,1.68381,0.90100,1.61900,1.66300,10
3245,1.78440,0.86000,1.53100,1.68600,10
3246,2.20270,0.86900,1.91300,1.81000,10
3247,1.84209,0.88500,1.81700,1.68400,10
3248,2.57390,0.84600,1.45800,1.68400,10
3249,2.24879,0.82200,3.00100,1.70600,10
3250,1.98807,0.94600,1.60900,1.69200,10
3251,1.86580,1.07300,1.63700,1.62000,10
3252,1.66166,1.01500,1.46500,1.67500,10
3253,1.80875,0.83700,1.40800,1.66500,10
3254,1.91458,0.93300,1.50100,1.67100,10
3255,1.94190,1.03800,1.47100,1.84100,10
3256,1.85021,0.89000,1.43900,1.66200,10
3257,1.97967,0.83700,1.54400,1.65900,10
3258,2.04930,0.98400,1.86200,1.66400,10
3259,1.73758,0.91400,1.74100,1.64100,10
3260,1.88040,0.85600,1.80500,1.64500,10
3261,1.61541,0.85700,1.61300,1.64500,10
3262,1.90672,0.88200,1.70300,1.63800,10
3263,1.88320,0.89400,1.75100,1.66500,10
3264,1.88393,0.94600,1.59400,1.84900,10
3265,1.73448,0.86700,1.47500,1.67100,10
3266,1.78430,0.94000,1.39500,1.65000,10
3267,1.81852,0.87500,1.41600,1.66500,10
3268,1.86896,0.85500,1.39600,1.67700,10
3269,2.02842,0.89400,1.63900,1.67900,10
3270,2.12744,0.98500,2.00300,1.68900,10
3271,1.70474,0.97000,1.65700,1.65800,10
3272,10.40738,0.99300,1.40500,1.65800,10
3273,2.62553,0.95100,11.24600,2.02600,10
3274,1.72545,0.99300,1.42000,1.65700,10
3275,1.82862,1.04600,1.34700,1.71000,10
3276,2.08837,0.98100,1.47800,1.83000,10
3277,1.90751,0.85200,1.51200,1.68100,10
3278,1.82624,0.84100,1.50100,1.67100,10
3279,1.80103,0.86700,1.44300,1.65600,10
3280,1.76110,0.86900,1.38800,1.65700,10
3281,1.86654,0.82800,1.45500,1.64900,10
3282,1.78886,0.85100,1.39000,1.66100,10
3283,1.82324,0.84800,1.37300,1.65100,10
3284,1.96312,0.90600,1.52200,1.70300,10
3285,1.95666,1.01600,1.47300,1.82400,10
3286,2.04042,0.99400,1.53300,1.80800,10
3287,1.82511,0.98200,1.53200,1.65200,10
3288,1.83564,1.02400,1.54700,1.65800,10
3289,3.13263,0.98900,1.45100,1.65000,10
3290,2.03907,0.92000,1.62200,1.64500,10
3291,1.58544,0.99600,1.42100,1.64500,10
3292,1.81901,0.85200,1.37700,1.66700,10
3293,1.79448,0.83900,1.35700,1.66200,10
3294,2.12890,0.88200,1.41600,1.84600,10
3295,1.90653,0.94100,1.51200,1.67000,10
3296,1.86706,1.04700,1.53900,1.66900,10
3297,1.80535,1.00200,1.47200,1.65600,10
3298,1.75707,0.85900,1.37000,1.68900,10
3299,1.96285,0.82100,1.51300,1.67700,10
3300,1.88393,0.88800,1.60100,1.65500,10
3301,2.31188,0.95300,2.21100,1.65400,10
3302,1.70563,1.03700,1.70300,1.85500,10
3303,10.40387,0.91400,1.88900,1.85500,10
3304,3.01541,0.97700,11.35200,1.70800,10
3305,1.62571,0.86900,1.62300,1.64400,10
3306,10.39079,0.85600,1.40600,1.64400,10
3307,2.60677,0.83400,11.37800,1.66100,10
3308,1.55692,0.83300,1.47100,1.66100,10
3309,1.81525,0.86400,1.41900,1.69400,10
3310,2.12801,0.82000,1.49900,1.85300,10
3311,2.03645,0.92600,1.63800,1.80200,10
3312,1.62762,0.99600,1.40200,1.65300,10
3313,1.97327,0.97500,1.54600,1.70100,10
3314,1.87553,0.97200,1.53400,1.66000,10
3315,1.76064,0.92200,1.48400,1.66800,10
3316,1.92129,0.88300,1.52600,1.67800,10
3317,2.00191,0.93100,1.72300,1.68400,10
3318,1.79514,0.90500,1.70500,1.63800,10
3319,1.98950,0.91400,1.62900,1.71200,10
3320,3.24432,1.45000,1.62200,1.62700,10
3321,1.69931,1.47700,1.53400,1.62700,10
3322,1.94007,1.30300,1.64300,1.65000,10
3323,1.81492,1.10200,1.62500,1.66900,10
3324,1.85459,1.00000,1.66000,1.66900,10
3325,1.81150,0.97000,1.61200,1.66100,10
3326,1.79745,1.00000,1.55200,1.67300,10
3327,1.77745,0.95000,1.53000,1.63900,10
3328,2.21194,0.91300,1.54700,1.99300,10
3329,1.75943,1.00000,1.47200,1.66000,10
3330,3.67345,0.89900,1.87600,1.65700,10
3331,1.52130,0.86100,1.52000,1.65700,10
3332,1.74488,0.84400,1.49100,1.65100,10
3333,1.78907,0.90200,1.44800,1.66900,10
3334,1.98020,0.90200,1.60900,1.65300,10
3335,1.86911,0.98300,1.66800,1.64400,10
3336,1.88640,0.94700,1.51100,1.87100,10
3337,1.74525,1.03300,1.40500,1.62900,10
3338,1.80194,1.01700,1.37400,1.66100,10
3339,1.83521,1.01100,1.41400,1.63900,10
3340,1.84579,0.99600,1.42000,1.64900,10
3341,1.94874,0.99000,1.46000,1.67500,10
3342,1.87306,1.41800,1.60200,1.65000,10
3343,1.71473,1.25000,1.47500,1.65000,10
3344,1.75102,1.22200,1.33500,1.67200,10
3345,2.15489,1.02000,1.34600,1.99400,10
3346,1.79842,1.16200,1.34200,1.64700,10
3347,1.89358,1.04900,1.41900,1.66500,10
3348,1.80394,1.04500,1.37800,1.68900,10
3349,1.97494,0.95900,1.52700,1.65700,10
3350,1.65865,0.98500,1.37300,1.66500,10
3351,1.87255,0.97500,1.40000,1.66200,10
3352,1.96241,0.93700,1.54700,1.65300,10
3353,1.73324,0.94500,1.44100,1.67300,10
3354,2.25561,0.85000,1.67200,1.83500,10
3355,2.04798,0.96300,2.04800,1.68000,10
3356,1.88908,0.91200,1.87900,1.67300,10
3357,1.75189,0.96900,1.74100,1.66400,10
3358,1.57564,0.82600,1.58000,1.66400,10
3359,1.67098,0.88200,1.49300,1.67000,10
3360,1.90489,0.86000,1.50100,1.67800,10
3361,1.77825,0.90700,1.37600,1.69400,10
3362,1.93891,0.97600,1.45200,1.65200,10
3363,2.05619,1.10700,1.55200,1.83800,10
3364,1.78782,0.92300,1.57000,1.63000,10
3365,1.79175,0.93000,1.52200,1.65500,10
3366,1.76479,0.90600,1.48200,1.64100,10
3367,1.91349,0.83500,1.54500,1.68600,10
3368,1.83358,0.84500,1.52900,1.67300,10
3369,1.91396,0.90500,1.61600,1.63900,10
3370,1.80706,0.83600,1.58300,1.68100,10
3371,2.56545,0.79800,1.47900,1.68700,10
3372,2.56958,0.95900,3.11000,1.63800,10
3373,1.89544,1.03900,1.85600,1.65700,10
3374,2.55772,0.99400,2.55000,1.70300,10
3375,2.06164,0.92000,2.05500,1.70500,10
3376,1.94566,0.85400,1.93900,1.68600,10
3377,1.78860,0.90500,1.77500,1.69400,10
3378,1.77857,0.86100,1.77600,1.68500,10
3379,1.78106,0.82000,1.76700,1.66800,10
3380,1.73369,0.83300,1.71500,1.66800,10
3381,1.76632,0.91500,1.61100,1.97000,10
3382,1.93482,0.99800,1.72500,1.65600,10
3383,1.71637,1.06700,1.62100,1.65600,10
3384,1.82377,1.02700,1.62600,1.63800,10
3385,1.83505,1.00600,1.64700,1.64400,10
3386,1.85159,1.05100,1.64300,1.67900,10
3387,1.76653,1.06000,1.57500,1.66500,10
3388,2.04962,0.99500,1.72400,1.68600,10
3389,1.83660,1.00200,1.60400,1.82500,10
3390,1.87988,0.87400,1.60200,1.69400,10
3391,1.93989,0.83000,1.69900,1.64100,10
3392,1.69242,0.84700,1.67400,1.64100,10
3393,1.82554,0.82100,1.66200,1.64900,10
3394,1.79642,0.88400,1.56700,1.66900,10
3395,1.80405,0.88900,1.50500,1.67100,10
3396,1.75933,0.91700,1.44500,1.65400,10
3397,1.82102,0.88900,1.43000,1.66300,10
3398,2.26131,0.91300,1.54400,1.97600,10
3399,1.69604,0.94800,1.42100,1.64000,10
3400,1.83738,0.83800,1.40000,1.68800,10
3401,1.84339,0.86700,1.41000,1.63800,10
3402,1.80766,0.83000,1.38300,1.65400,10
3403,1.83015,0.79400,1.40300,1.64600,10
3404,1.83755,0.90500,1.35200,1.67200,10
3405,1.84993,0.84900,1.36400,1.69300,10
3406,1.84867,0.82500,1.35400,1.65000,10
3407,2.01578,0.81400,1.33400,1.86100,10
3408,1.91726,0.84200,1.43700,1.63500,10
3409,1.85085,0.89800,1.44000,1.68500,10
3410,1.82054,0.86800,1.40400,1.66600,10
3411,1.90383,0.88400,1.44900,1.66700,10
3412,2.59392,0.86900,1.39400,1.64000,10
3413,2.10664,0.83600,2.77100,1.69700,10
3414,1.98275,0.82900,1.50200,1.64000,10
3415,2.16476,0.84600,1.59300,1.87600,10
3416,1.75069,0.81600,1.72400,1.63100,10
3417,2.14025,0.91800,1.84600,1.68300,10
3418,1.49402,0.88800,1.47200,1.68300,10
3419,1.95038,0.85100,1.59900,1.66700,10
3420,1.86435,0.85400,1.64100,1.66300,10
3421,1.59911,0.83300,1.43500,1.63500,10
3422,1.88611,0.89600,1.43400,1.67500,10
3423,2.60923,0.83700,1.34200,1.69300,10
3424,2.08889,0.82500,1.43900,1.80600,10
3425,1.85287,0.88600,1.47100,1.67700,10
3426,1.77907,0.97300,1.42100,1.65400,10
3427,2.01899,0.89200,1.57600,1.66200,10
3428,1.71981,0.84600,1.53300,1.65400,10
3429,1.82260,0.89400,1.44200,1.65700,10
3430,1.79899,0.89800,1.41700,1.65400,10
3431,1.93498,0.86700,1.49800,1.68400,10
3432,2.26020,0.84900,1.95900,1.66200,10
3433,2.10299,0.93300,2.01800,1.68000,10
3434,1.85939,0.87700,1.85500,1.72400,10
3435,1.74537,0.85400,1.72600,1.68300,10
3436,1.74313,0.91000,1.66700,1.68300,10
3437,1.79235,0.84500,1.61600,1.65600,10
3438,1.88851,0.85200,1.68300,1.65500,10
3439,1.84363,0.85900,1.58500,1.69800,10
3440,1.81050,0.84200,1.57600,1.68100,10
3441,1.86139,0.82800,1.60100,1.66400,10
3442,2.28647,0.84300,1.86300,1.67700,10
3443,1.83015,0.83000,1.81700,1.67200,10
3444,1.88629,0.86800,1.87200,1.65900,10
3445,1.84368,0.91100,1.83700,1.65900,10
3446,1.93176,0.91700,1.86500,1.67200,10
3447,1.84032,0.89200,1.82000,1.64200,10
3448,1.70654,0.93400,1.70600,1.69000,10
3449,1.61300,0.88300,1.60000,1.69000,10
3450,1.80709,0.89000,1.56700,1.64000,10
3451,2.13401,1.05100,1.59900,1.63400,10
3452,1.68449,1.13800,1.47300,1.63400,10
3453,2.00005,0.91500,1.66800,1.70200,10
3454,2.62389,0.91200,1.52200,1.68500,10
3455,1.85955,0.95100,1.46700,1.67500,10
3456,1.74949,0.96400,1.38200,1.65600,10
3457,1.86569,0.97200,1.38800,1.68700,10
3458,1.82500,1.31700,1.41000,1.65700,10
3459,2.10461,0.95600,1.49200,1.83700,10
3460,1.68133,0.84700,1.38600,1.64100,10
3461,1.84683,0.87600,1.36800,1.66200,10
3462,1.85132,0.88800,1.37600,1.66500,10
3463,1.86501,0.87300,1.41400,1.66500,10
3464,1.82612,0.89900,1.38700,1.66900,10
3465,1.97869,0.87500,1.48200,1.65100,10
3466,1.75658,1.24200,1.40600,1.68000,10
3467,1.82540,0.88300,1.41800,1.63800,10
3468,1.98029,1.01700,1.36000,1.84500,10
3469,1.92029,1.02100,1.42600,1.67000,10
3470,1.90849,1.08300,1.50100,1.69200,10
3471,2.17634,1.15900,1.82600,1.64400,10
3472,1.64154,1.16600,1.62600,1.63400,10
3473,1.60933,1.37200,1.41600,1.63400,10
3474,1.84370,1.18300,1.42400,1.66500,10
3475,1.83948,1.09100,1.38900,1.68200,10
3476,1.80677,1.09400,1.43600,1.64000,10
3477,2.03303,1.03100,1.40800,1.82200,10
3478,1.81187,1.01200,1.41300,1.68100,10
3479,1.84385,0.91500,1.39500,1.65200,10
3480,1.81209,0.95700,1.38500,1.65800,10
3481,1.84396,0.92400,1.40800,1.69700,10
3482,1.82969,0.90800,1.38600,1.64200,10
3483,1.84456,0.97300,1.36300,1.66600,10
3484,1.83630,1.08500,1.34600,1.69700,10
3485,1.79524,1.02600,1.32600,1.66300,10
3486,2.04588,0.99500,1.30400,1.86900,10
3487,1.89167,1.00900,1.35100,1.67000,10
3488,1.96376,1.00700,1.46500,1.67000,10
3489,1.87888,1.03200,1.53900,1.63600,10
3490,1.84168,0.94100,1.53500,1.67400,10
3491,1.87434,0.92000,1.60600,1.65600,10
3492,1.72356,0.91300,1.50700,1.66800,10
3493,1.95715,0.92200,1.60000,1.68100,10
3494,2.18609,0.93400,1.66200,1.63800,10
3495,2.30144,0.91500,2.41400,1.88300,10
3496,1.93370,0.92300,1.52800,1.68100,10
3497,1.85594,0.92100,1.55700,1.64500,10
3498,2.12123,0.91400,1.94800,1.67200,10
3499,1.92961,0.96300,1.93500,1.63800,10
3500,2.04490,0.95500,2.04500,1.67000,10
3501,1.82544,0.88900,1.80500,1.68300,10
3502,2.65403,1.02800,2.64900,1.70200,10
3503,2.05542,0.89500,2.05500,2.02200,10
3504,1.89638,0.98600,1.87800,1.67900,10
3505,1.84217,0.93600,1.83700,1.69700,10
3506,1.72299,0.89700,1.71900,1.68900,10
3507,1.54142,0.91700,1.53300,1.66500,10
3508,1.51682,1.03500,1.49500,1.66500,10
3509,1.76010,1.08100,1.44000,1.63300,10
3510,1.95246,0.98400,1.46100,1.72600,10
3511,1.75944,1.04600,1.38500,1.70100,10
3512,1.99415,0.95300,1.39600,1.81300,10
3513,1.90148,1.09500,1.41800,1.65600,10
3514,1.77308,1.40200,1.37400,1.65200,10
3515,1.83095,1.24900,1.39800,1.66500,10
3516,1.80197,1.08500,1.35600,1.66300,10
3517,1.85376,1.24100,1.33200,1.65700,10
3518,1.80886,1.26100,1.34000,1.66900,10
3519,1.84177,1.11500,1.35500,1.66900,10
3520,1.82243,0.99500,1.36400,1.65300,10
3521,2.63332,0.92700,2.10200,1.64000,10
3522,1.47776,0.95700,1.43500,1.64000,10
3523,1.65474,0.98000,1.45700,1.68300,10
3524,1.86053,1.02300,1.44900,1.67800,10
3525,1.78691,0.92200,1.35400,1.67300,10
3526,3.06567,0.91700,1.39500,1.68500,10
3527,1.86744,0.87800,1.44000,1.65000,10
3528,1.83376,0.88100,1.41100,1.67600,10
3529,2.07065,0.98600,1.47800,1.84100,10
3530,1.79780,0.91500,1.45800,1.64000,10
3531,1.89438,0.91200,1.53000,1.65400,10
3532,1.94255,0.88000,1.61900,1.68400,10
3533,2.12702,0.85900,1.95600,1.66400,10
3534,1.92882,0.87600,1.91200,1.67200,10
3535,2.45935,0.83500,1.84200,1.67200,10
3536,2.47721,0.86600,2.88000,1.70800,10
3537,2.11774,0.86600,1.71100,1.67100,10
3538,1.72590,0.89000,1.61500,1.86600,10
3539,1.78560,0.86300,1.57300,1.64600,10
3540,1.88606,0.94100,1.63800,1.67200,10
3541,1.78843,0.91600,1.61600,1.66000,10
3542,1.95432,0.87800,1.65100,1.66200,10
3543,1.72859,0.87400,1.58500,1.68400,10
3544,1.80541,0.86800,1.56100,1.64500,10
3545,1.97916,0.91800,1.70400,1.67200,10
3546,10.49617,0.84000,1.59700,1.66200,10
3547,3.17770,0.89900,11.71600,1.68400,10
3548,2.18494,1.16800,2.18600,1.68700,10
3549,1.91408,1.24500,1.90900,1.89400,10
3550,1.86612,1.16200,1.86000,1.71400,10
3551,1.93532,1.26000,1.92200,1.71200,10
3552,1.97585,1.16200,1.97400,1.68100,10
3553,1.84884,1.12600,1.83800,1.69200,10
3554,1.81582,1.13600,1.81100,1.69000,10
3555,1.81568,1.11500,1.81300,1.69000,10
3556,1.52797,1.04500,1.53400,1.67900,10
3557,1.66560,0.91600,1.53100,1.67900,10
3558,1.79840,0.86200,1.55600,1.64700,10
3559,2.04724,0.85500,1.54400,1.86200,10
3560,1.89329,0.97100,1.67900,1.63800,10
3561,1.80504,1.12500,1.65900,1.65500,10
3562,1.71966,0.97400,1.53500,1.64100,10
3563,1.83471,0.89900,1.58100,1.64400,10
3564,1.82275,0.91000,1.55300,1.65000,10
3565,1.69792,0.90800,1.42000,1.66400,10
3566,1.89516,0.87000,1.45800,1.71000,10
3567,1.72369,0.88500,1.33300,1.64200,10
3568,2.31090,0.86900,1.42500,1.99400,10
3569,1.85378,1.09500,1.43000,1.67600,10
3570,1.89569,1.04200,1.52400,1.68400,10
3571,1.78147,0.92000,1.46700,1.65500,10
3572,2.04018,0.90800,1.66600,1.68100,10
3573,1.87532,0.88800,1.67800,1.66300,10
3574,1.75910,0.90600,1.56000,1.65800,10
3575,1.79985,0.86500,1.52600,1.70100,10
3576,1.80440,0.95000,1.46600,1.68300,10
3577,3.19192,0.94300,1.52900,1.84800,10
3578,1.82123,0.90700,1.54800,1.64800,10
3579,1.88515,0.88400,1.63400,1.65800,10
3580,1.65537,0.87700,1.44100,1.64700,10
3581,2.10251,0.91100,1.65400,1.66500,10
3582,2.28703,1.07200,2.26700,1.66800,10
3583,1.69731,0.93500,1.65900,1.69100,10
3584,1.80633,0.99700,1.82700,1.69100,10
3585,1.73765,0.89000,1.51900,1.85700,10
3586,1.82436,0.84200,1.47000,1.66900,10
3587,1.82588,0.82100,1.43900,1.69600,10
3588,1.84150,0.83700,1.42800,1.66100,10
3589,1.85759,0.83300,1.42000,1.65600,10
3590,1.81762,0.92100,1.39700,1.66400,10
3591,1.77054,1.07500,1.35100,1.64000,10
3592,2.05326,1.07800,1.51300,1.71700,10
3593,1.66613,0.96400,1.39100,1.65800,10
3594,2.29731,0.91100,1.61300,1.63100,10
3595,1.64131,0.88400,1.56500,1.63100,10
3596,1.71745,0.88100,1.38600,1.64900,10
3597,1.84115,0.84900,1.36600,1.66500,10
3598,1.95577,0.84900,1.49400,1.67800,10
3599,1.71556,0.89300,1.36100,1.64400,10
3600,1.91479,0.94700,1.44100,1.67500,10
3601,1.90663,0.90400,1.47800,1.69700,10
3602,1.82666,0.92500,1.42500,1.65600,10
3603,2.23824,0.94700,1.67500,1.86800,10
3604,1.65236,0.85800,1.51700,1.64900,10
3605,1.85371,0.89900,1.49900,1.66700,10
3606,2.00412,0.99600,1.65000,1.65700,10
3607,1.68483,0.92300,1.55200,1.65700,10
3608,1.85795,0.88200,1.57900,1.67400,10
3609,1.82486,0.86500,1.56000,1.65300,10
3610,1.85976,0.83300,1.56900,1.70100,10
3611,1.77115,0.88200,1.52200,1.64500,10
3612,2.01262,0.90200,1.53700,1.84500,10
3613,1.74505,0.90900,1.44100,1.66600,10
3614,1.92166,0.87400,1.50200,1.66500,10
3615,1.76800,0.82900,1.45800,1.67600,10
3616,1.85328,0.81600,1.44200,1.66700,10
3617,1.87178,0.87800,1.47000,1.67300,10
3618,2.27376,0.99300,1.45400,1.64800,10
3619,2.23800,0.87800,2.54600,1.73900,10
3620,1.75564,1.00100,1.48400,1.63300,10
3621,2.16660,0.94000,1.64100,1.84500,10
3622,1.70198,0.93300,1.51800,1.68000,10
3623,1.80877,0.89500,1.45100,1.65400,10
3624,1.87335,0.94300,1.48500,1.65900,10
3625,1.73605,0.93200,1.40600,1.64700,10
3626,1.81427,0.95000,1.38200,1.67400,10
3627,1.79582,0.85900,1.31500,1.66400,10
3628,1.82506,0.85800,1.32200,1.65100,10
3629,3.05560,0.89700,1.33300,1.65600,10
3630,1.85844,0.85300,1.40800,1.63300,10
3631,1.78513,0.80400,1.37000,1.65000,10
3632,1.82529,0.81100,1.32900,1.66400,10
3633,1.90195,1.24100,1.31700,1.66100,10
3634,1.85093,1.45200,1.37000,1.64700,10
3635,1.84034,1.17600,1.39200,1.66300,10
3636,1.78188,1.10900,1.35500,1.66200,10
3637,1.91687,1.02600,1.39300,1.65100,10
3638,1.91388,1.31200,1.31800,1.85200,10
3639,1.78774,1.11200,1.30100,1.64200,10
3640,1.92866,1.02400,1.36900,1.69600,10
3641,1.81762,0.94300,1.34700,1.63300,10
3642,1.86044,0.93500,1.37400,1.68100,10
3643,1.84335,0.92500,1.42800,1.64000,10
3644,1.80393,0.92600,1.41300,1.64300,10
3645,1.82890,0.96100,1.36500,1.68000,10
3646,1.80853,0.85600,1.39500,1.65600,10
3647,1.90873,0.92300,1.44900,1.66500,10
3648,1.97376,0.95900,1.42300,1.83000,10
3649,1.81856,0.86300,1.39600,1.67300,10
3650,1.92526,0.84300,1.41900,1.67800,10
3651,1.76764,1.08300,1.40900,1.63700,10
3652,1.87404,0.92200,1.46400,1.68100,10
3653,1.78385,0.92200,1.43400,1.64400,10
3654,1.87554,0.88800,1.45900,1.68100,10
3655,1.84213,0.85000,1.43300,1.66500,10
3656,2.25326,0.86400,1.52800,1.98400,10
3657,2.00024,0.89000,1.66400,1.65900,10
3658,1.76717,0.96400,1.55000,1.70000,10
3659,2.33020,1.12100,1.43300,1.66000,10
3660,2.55062,1.01400,2.84000,1.70100,10
3661,1.72546,1.03700,1.52600,1.66200,10
3662,1.79211,0.91900,1.43700,1.69200,10
3663,1.82691,0.87700,1.44900,1.64400,10
3664,1.90022,0.87400,1.48200,1.68300,10
3665,2.24084,0.93100,1.70300,1.64500,10
3666,1.59447,0.87500,1.51200,1.64500,10
3667,1.78201,0.83800,1.41000,1.64200,10
3668,1.83951,0.87500,1.42800,1.67200,10
3669,1.92657,0.86100,1.51300,1.68800,10
3670,1.78526,0.83400,1.45200,1.66000,10
3671,1.75186,0.91900,1.38200,1.64500,10
3672,1.94461,0.89200,1.51800,1.64200,10
3673,1.81014,0.83700,1.34100,1.80800,10
3674,2.00007,0.87900,1.31200,1.83200,10
3675,1.96451,0.85200,1.39800,1.68700,10
3676,1.78143,0.92600,1.35400,1.68700,10
3677,1.80121,0.84300,1.34100,1.65900,10
3678,1.95219,0.85200,1.44400,1.67900,10
3679,1.92023,1.05100,1.55400,1.65200,10
3680,1.88456,0.91100,1.56200,1.66500,10
3681,1.73721,0.93600,1.46700,1.66300,10
3682,1.85464,0.91300,1.51100,1.66400,10
3683,2.14013,0.89100,1.59900,1.85100,10
3684,1.85933,0.86700,1.64000,1.66100,10
3685,1.75641,0.88300,1.55500,1.65300,10
3686,1.80331,0.86400,1.52800,1.65800,10
3687,1.85607,0.87300,1.62100,1.66700,10
3688,1.76309,0.96700,1.46200,1.67500,10
3689,1.91225,0.83300,1.46500,1.69700,10
3690,1.74008,0.90800,1.36300,1.67900,10
3691,2.18128,0.90800,1.57300,1.84300,10
3692,2.42082,0.87200,2.13000,1.66600,10
3693,1.43400,1.16800,1.43500,1.66600,10
3694,1.49990,0.95500,1.38000,1.67600,10
3695,1.89372,0.89800,1.43900,1.68000,10
3696,1.79791,0.84300,1.45000,1.65000,10
3697,1.86617,0.88600,1.47300,1.65500,10
3698,1.93208,0.87200,1.53100,1.69000,10
3699,1.96583,0.84700,1.71100,1.65500,10
3700,2.09980,0.82800,1.76500,1.65500,10
3701,2.39302,0.85800,2.09400,1.92800,10
3702,1.87716,0.95900,1.42500,1.67700,10
3703,1.91271,0.81400,1.49400,1.65600,10
3704,1.83531,0.91000,1.50200,1.66800,10
3705,1.74141,0.88000,1.39600,1.66100,10
3706,1.89579,0.87400,1.44600,1.66500,10
3707,1.95362,1.26000,1.53100,1.64100,10
3708,1.83578,1.50300,1.41400,1.83400,10
3709,2.14173,1.33200,1.53300,1.83600,10
3710,1.81470,1.17900,1.53200,1.65300,10
3711,1.78657,1.04100,1.47700,1.67200,10
3712,1.85306,0.98100,1.52000,1.65700,10
3713,1.78152,1.00600,1.44000,1.67300,10
3714,1.86581,1.01700,1.43400,1.67600,10
3715,1.82415,0.96900,1.40200,1.66400,10
3716,1.96088,0.93200,1.58000,1.67200,10
3717,1.82891,0.89800,1.60600,1.63600,10
3718,1.81169,0.89000,1.38900,1.81600,10
3719,1.83431,0.90600,1.38900,1.67400,10
3720,1.81383,0.87300,1.38000,1.64400,10
3721,1.85562,0.83900,1.42600,1.66700,10
3722,1.82475,0.85800,1.38200,1.66200,10
3723,1.93781,0.92000,1.44900,1.66500,10
3724,2.28266,0.94200,1.96700,1.65200,10
3725,2.01656,0.89700,2.02000,1.67700,10
3726,1.82183,0.89600,1.80500,1.88900,10
3727,2.00335,0.86900,2.00200,1.68000,10
3728,1.97192,0.84700,1.95000,1.66800,10
3729,1.91998,0.91500,1.91800,1.65900,10
3730,1.86130,0.94300,1.85700,1.68500,10
3731,1.76391,0.91500,1.76500,1.68000,10
3732,2.94082,0.84700,1.66200,1.65400,10
3733,1.78549,0.92600,1.67000,1.65400,10
3734,1.80993,0.89700,1.65200,1.67400,10
3735,2.20088,0.89800,1.78100,1.65100,10
3736,1.62392,0.87400,1.59100,1.65100,10
3737,1.81260,0.91000,1.54100,1.66400,10
3738,1.99725,0.85000,1.71900,1.66500,10
3739,1.79918,0.85500,1.70200,1.66500,10
3740,1.91005,0.84800,1.80800,1.66900,10
3741,1.78884,0.87600,1.78200,1.68300,10
3742,2.46163,0.84300,1.68400,1.68300,10
3743,3.29830,0.90600,3.32000,1.69700,10
3744,1.73964,0.98300,1.74800,1.67400,10
3745,1.78459,0.92800,1.76800,1.66900,10
3746,1.98802,0.87600,1.97300,1.69700,10
3747,1.78631,0.94200,1.78900,1.67000,10
3748,1.96197,0.90600,1.95600,1.67800,10
3749,1.79756,0.92100,1.78800,1.70500,10
3750,1.74996,0.90800,1.73200,1.68100,10
3751,1.77958,0.92600,1.77600,1.87900,10
3752,1.83573,0.86200,1.73000,1.65100,10
3753,1.79248,0.87000,1.68100,1.65100,10
3754,1.95511,1.26500,1.76500,1.65900,10
3755,1.82794,1.52800,1.76900,1.65700,10
3756,1.82138,1.19400,1.79300,1.65800,10
3757,1.83981,1.09400,1.77800,1.64300,10
3758,1.98986,0.99900,1.94200,1.66400,10
3759,2.25546,1.10500,2.23600,1.69400,10
3760,1.51850,1.41400,1.53100,1.69400,10
3761,1.92357,1.24200,1.67700,1.65400,10
3762,1.83903,1.16600,1.77800,1.67800,10
3763,1.82248,1.00900,1.74100,1.67800,10
3764,1.82933,1.05300,1.69400,1.63600,10
3765,1.81087,0.99900,1.69100,1.63600,10
3766,1.77836,0.96000,1.62300,1.66600,10
3767,1.95257,0.91800,1.77200,1.67400,10
3768,1.69104,0.86700,1.63000,1.67400,10
3769,2.01947,0.86700,1.79700,1.67000,10
3770,1.89039,0.88000,1.66300,1.86000,10
3771,1.87998,0.87700,1.66800,1.64100,10
3772,1.73506,1.03300,1.57600,1.64100,10
3773,1.95543,1.00600,1.72000,1.64700,10
3774,1.77268,0.85900,1.62900,1.68800,10
3775,1.75004,0.91200,1.56600,1.65800,10
3776,1.82186,0.89600,1.50100,1.66000,10
3777,2.11881,0.90000,1.81800,1.68600,10
3778,1.79787,0.86400,1.67100,1.80900,10
3779,2.23828,0.93100,1.83100,1.69500,10
3780,1.75734,0.82400,1.73900,1.63900,10
3781,1.71664,0.85400,1.62400,1.63900,10
3782,1.72127,0.84600,1.51100,1.65000,10
3783,1.84050,0.85500,1.50000,1.65400,10
3784,2.88194,0.88700,1.54100,1.69700,10
3785,1.74593,0.86500,1.50900,1.64600,10
3786,2.74115,0.92300,2.34700,1.85400,10
3787,2.23385,0.93200,2.24200,1.71000,10
3788,2.09432,0.86800,2.08600,1.66900,10
3789,1.99562,0.85400,1.98200,1.69900,10
3790,1.74762,0.83700,1.73200,1.70700,10
3791,1.61399,0.85200,1.60200,1.70200,10
3792,1.53543,0.82700,1.52600,1.70200,10
3793,1.70488,0.81400,1.52000,1.66600,10
3794,1.85176,0.79800,1.54100,1.66500,10
3795,2.03758,0.92300,1.59600,1.80300,10
3796,1.90347,0.95300,1.45400,1.88400,10
3797,1.91792,0.83900,1.54700,1.66400,10
3798,1.81529,0.86300,1.51300,1.66500,10
3799,1.94888,0.91700,1.58300,1.67900,10
3800,1.74153,0.86200,1.52100,1.65000,10
3801,1.85347,0.85000,1.53100,1.66300,10
3802,1.82246,0.88100,1.50500,1.68900,10
3803,1.86987,0.85200,1.52800,1.63500,10
3804,1.77504,0.91300,1.45300,1.67500,10
3805,2.12887,0.85800,1.53600,1.86600,10
3806,1.72672,0.89300,1.46900,1.65400,10
3807,1.91069,0.85000,1.55500,1.65100,10
3808,1.77770,0.85500,1.49400,1.66000,10
3809,1.77673,0.85300,1.44400,1.65400,10
3810,1.93118,0.85000,1.55200,1.65700,10
3811,1.81081,0.81400,1.49000,1.68500,10
3812,1.83900,0.84000,1.52900,1.63700,10
3813,2.17402,0.87900,1.53500,1.97100,10
3814,1.79228,0.98400,1.50900,1.67400,10
3815,1.87280,0.81700,1.49800,1.68400,10
3816,1.77313,0.80300,1.45100,1.64300,10
3817,1.91205,0.86200,1.48200,1.67900,10
3818,1.84451,0.90300,1.51400,1.66400,10
3819,1.80911,0.90000,1.54200,1.66700,10
3820,1.84601,0.84900,1.47100,1.68600,10
3821,1.88025,0.94500,1.49000,1.67300,10
3822,2.19196,0.89700,1.63600,1.88200,10
3823,1.73522,0.93000,1.54000,1.68300,10
3824,1.82445,0.82600,1.51200,1.64900,10
3825,1.80064,0.80900,1.48700,1.65300,10
3826,2.79519,0.83300,1.54300,1.69400,10
3827,1.74368,0.83500,1.47700,1.66400,10
3828,1.92641,0.80200,1.54200,1.67300,10
3829,1.80048,0.83900,1.52900,1.65200,10
3830,2.00509,0.86700,1.54900,1.80800,10
3831,1.97843,0.91500,1.49800,1.85100,10
3832,1.94655,0.85700,1.54100,1.72400,10
3833,1.81022,0.80300,1.51600,1.63700,10
3834,1.81673,0.85200,1.49700,1.64600,10
3835,2.59492,0.91900,1.49400,1.65300,10
3836,2.42412,1.01300,3.02200,1.70500,10
3837,2.04545,1.00700,1.60000,1.72000,10
3838,1.81026,0.94500,1.58300,1.65500,10
3839,2.41943,1.01100,1.93800,1.63700,10
3840,2.10698,0.92500,2.12800,1.68600,10
3841,1.93788,0.85300,1.93000,1.71000,10
3842,1.76894,0.87300,1.75600,1.67700,10
3843,1.77720,0.90300,1.77600,1.69300,10
3844,1.64887,0.89300,1.64700,1.67600,10
3845,1.54793,0.86700,1.53700,1.67600,10
3846,1.76687,0.90200,1.57500,1.64700,10
3847,1.84201,0.87200,1.58900,1.65700,10
3848,2.03414,0.89600,1.47200,1.98800,10
3849,1.79909,0.85500,1.41900,1.66800,10
3850,1.82389,0.80400,1.41800,1.63600,10
3851,1.91090,0.81700,1.47600,1.65700,10
3852,1.74583,0.79800,1.41200,1.65100,10
3853,2.02759,0.81000,1.58500,1.66800,10
3854,1.72055,0.83100,1.48400,1.64000,10
3855,1.80314,0.79400,1.44600,1.65500,10
3856,1.79756,1.33500,1.38600,1.62600,10
3857,2.13669,1.34800,1.50900,1.86900,10
3858,1.76616,1.29200,1.44700,1.66800,10
3859,2.01429,0.97100,1.65400,1.67500,10
3860,1.62247,0.91800,1.40900,1.66900,10
3861,1.78720,0.88900,1.35600,1.65300,10
3862,1.86655,0.84200,1.37600,1.66400,10
3863,1.81159,0.88600,1.39700,1.65600,10
3864,1.80266,0.89200,1.37300,1.67800,10
3865,2.03504,0.86300,1.43200,1.80700,10
3866,1.97348,0.87300,1.36500,1.82600,10
3867,3.16616,0.91300,1.37900,1.71900,10
3868,1.78912,0.94200,1.38000,1.63900,10
3869,1.86176,0.90900,1.38800,1.67300,10
3870,1.92737,0.86100,1.46500,1.68900,10
3871,1.73350,0.91000,1.33500,1.66700,10
3872,1.87377,0.90300,1.38100,1.64500,10
3873,1.79755,1.04200,1.37100,1.64600,10
3874,2.03847,0.87900,1.43300,1.83000,10
3875,2.13697,0.87600,1.70100,1.67000,10
3876,1.72812,0.89800,1.55200,1.67000,10
3877,2.06578,0.88600,1.84300,1.65200,10
3878,1.83958,0.88300,1.54200,1.65400,10
3879,1.50189,0.91700,1.50600,1.65400,10
3880,1.72562,0.84000,1.38600,1.65400,10
3881,1.83944,0.85500,1.35000,1.66500,10
3882,1.86025,0.93900,1.40200,1.66100,10
3883,2.15150,0.93000,1.37900,2.00500,10
3884,1.87962,0.88000,1.40700,1.67000,10
3885,1.83455,0.85200,1.38500,1.66900,10
3886,1.96555,0.85800,1.50100,1.66400,10
3887,1.72021,1.00400,1.41000,1.67400,10
3888,1.92680,0.86400,1.47900,1.66600,10
3889,1.79390,0.87600,1.47200,1.65800,10
3890,1.80811,0.89500,1.40800,1.69800,10
3891,1.89072,0.92700,1.44100,1.66400,10
3892,2.09841,0.94600,1.53000,1.85100,10
3893,1.84844,0.87700,1.57100,1.62700,10
3894,1.81922,0.82700,1.50100,1.68700,10
3895,1.87091,0.92000,1.52200,1.65000,10
3896,2.32960,1.41400,1.95500,1.65200,10
3897,1.85287,1.62500,1.89300,1.68400,10
3898,1.69481,1.36700,1.69400,1.70100,10
3899,1.68177,1.18200,1.67600,1.65100,10
3900,1.81036,1.15800,1.75300,1.65100,10
3901,2.19358,1.20700,1.65700,1.66400,10
3902,1.72633,1.12800,1.64100,1.66400,10
3903,1.70899,1.11600,1.52000,1.64500,10
3904,1.75216,1.05600,1.44800,1.64500,10
3905,2.12277,1.01500,1.74700,1.66800,10
3906,1.75388,1.03100,1.71200,1.66800,10
3907,1.81609,1.02900,1.67900,1.66900,10
3908,3.10268,0.91700,1.65600,1.72000,10
3909,1.98040,0.96600,1.59100,1.82800,10
3910,1.81328,0.99500,1.57700,1.65100,10
3911,1.82994,0.96300,1.60700,1.64300,10
3912,1.80070,0.98000,1.53900,1.67800,10
3913,1.88602,0.97800,1.59100,1.64800,10
3914,1.78164,0.97300,1.57900,1.64700,10
3915,1.87117,0.96300,1.57900,1.67100,10
3916,1.82552,0.97400,1.57000,1.64900,10
3917,2.06422,0.95500,1.63700,1.64200,10
3918,2.18458,1.10800,1.87700,1.65700,10
3919,1.96436,0.93200,1.94100,1.68000,10
3920,1.94530,0.99900,1.94700,1.67200,10
3921,1.91411,0.94100,1.89700,1.68000,10
3922,1.93990,0.95300,1.92500,1.68500,10
3923,1.93655,0.91600,1.92200,1.68100,10
3924,1.96025,0.93400,1.95400,1.68300,10
3925,1.83874,0.91200,1.82600,1.65700,10
3926,1.65242,0.93300,1.64200,1.85100,10
3927,1.59495,0.99600,1.58000,1.85100,10
3928,1.70684,0.99300,1.56200,1.62800,10
3929,1.99348,0.95700,1.68000,1.65300,10
3930,1.72497,0.96300,1.58800,1.65300,10
3931,1.78916,0.96700,1.54300,1.65700,10
3932,1.84294,1.01300,1.56300,1.66600,10
3933,1.81624,1.18400,1.49000,1.66100,10
3934,1.74455,1.40600,1.41800,1.63800,10
3935,2.04377,1.33700,1.49000,1.78800,10
3936,2.00782,1.16200,1.50100,1.83400,10
3937,1.84786,1.08200,1.51000,1.66900,10
3938,2.48596,1.04400,1.45100,1.71700,10
3939,2.24445,0.96600,2.76700,1.71700,10
3940,1.64476,0.97700,1.36200,1.64500,10
3941,1.87940,0.95600,1.34800,1.68500,10
3942,1.79430,0.89100,1.32300,1.65100,10
3943,1.96959,0.95000,1.44300,1.64700,10
3944,2.30374,0.92800,1.77800,1.64600,10
3945,2.13015,1.09400,2.12400,1.66400,10
3946,1.82261,1.02800,1.81800,1.69800,10
3947,1.77394,0.95000,1.77600,1.68600,10
3948,1.72175,0.86900,1.71100,1.64300,10
3949,2.04115,0.85600,1.60500,1.64300,10
3950,2.29735,0.85400,2.50900,1.73100,10
3951,1.93787,0.93900,1.64200,1.67000,10
3952,2.16326,0.90000,1.61500,1.97300,10
3953,1.82251,0.85700,1.59100,1.63300,10
3954,1.97565,0.87700,1.70400,1.68100,10
3955,1.78898,0.86600,1.73200,1.68100,10
3956,1.67269,0.87800,1.57100,1.65300,10
3957,1.80844,0.90200,1.50700,1.65800,10
3958,1.84526,0.91400,1.50100,1.65900,10
3959,1.86834,0.90300,1.47600,1.70000,10
3960,1.73716,0.89400,1.42000,1.62200,10
3961,1.86320,0.93000,1.43500,1.64900,10
3962,2.14778,0.94800,1.53900,1.86100,10
3963,1.92041,0.91000,1.69200,1.67800,10
3964,1.73346,0.92300,1.57300,1.67800,10
3965,1.86904,0.89700,1.57000,1.66700,10
3966,1.79243,0.85800,1.51400,1.64900,10
3967,1.85943,0.85300,1.54100,1.66500,10
3968,1.93759,1.02200,1.61400,1.67200,10
3969,1.78777,1.23800,1.59300,1.65900,10
3970,2.41968,0.90900,1.83400,1.64800,10
3971,1.52549,1.05500,1.48300,1.64800,10
3972,1.91934,0.90600,1.57300,1.67700,10
3973,1.81485,0.88500,1.55000,1.66900,10
3974,1.94184,0.92600,1.56200,1.70200,10
3975,2.26496,1.59500,2.04500,1.67900,10
3976,1.56264,1.64300,1.47400,1.69500,10
3977,1.55010,1.28600,1.42100,1.69500,10
3978,1.82845,1.31700,1.43800,1.67000,10
3979,2.14925,1.16100,1.54900,1.87100,10
3980,1.76385,1.13800,1.49500,1.65800,10
3981,1.88507,1.19100,1.50900,1.65700,10
3982,1.78022,1.26900,1.48600,1.64100,10
3983,1.81493,1.05100,1.45800,1.68200,10
3984,1.93255,1.00200,1.54700,1.64400,10
3985,1.78107,1.02600,1.49300,1.66300,10
3986,1.90233,1.01900,1.53800,1.63100,10
3987,1.83745,1.24000,1.57100,1.63100,10
3988,2.10359,0.94700,1.52100,1.99000,10
3989,1.93038,0.93500,1.57000,1.71400,10
3990,1.77162,0.90800,1.52000,1.65900,10
3991,3.04683,0.96500,1.64500,1.67000,10
3992,1.61583,1.03000,1.47900,1.67000,10
3993,1.86959,1.02300,1.50300,1.66700,10
3994,1.77462,1.00900,1.44100,1.66600,10
3995,1.90766,1.01500,1.51500,1.66700,10
3996,1.92022,1.01900,1.56300,1.66500,10
3997,1.98123,1.05700,1.50100,1.86500,10
3998,2.01960,1.01700,1.71800,1.63900,10
3999,2.11735,0.96600,2.11200,1.66300,10
4000,1.97844,0.95300,1.96900,1.66700,10
4001,1.92195,0.90200,1.88600,1.68900,10
4002,1.80312,0.91400,1.82700,1.73400,10
4003,1.87214,0.87500,1.85400,1.64000,10
4004,1.77674,0.92900,1.77900,1.85500,10
4005,1.84018,0.94800,1.75500,1.66900,10
4006,1.62084,1.67400,1.65100,1.68300,10
4007,1.90772,1.20600,1.70900,1.65000,10
4008,1.87044,1.24200,1.79700,1.68300,10
4009,1.87280,1.11700,1.79600,1.62400,10
4010,1.88568,1.08800,1.87200,1.67700,10
4011,1.86912,1.03900,1.86100,1.66800,10
4012,1.99367,0.97000,1.97300,1.64300,10
4013,1.86039,1.00100,1.87000,1.70000,10
4014,1.76992,1.01600,1.76900,1.85100,10
4015,1.71733,0.94600,1.71300,1.64700,10
4016,1.82319,0.86600,1.70700,1.63800,10
4017,1.77498,0.84100,1.68400,1.63800,10
4018,1.87995,0.93400,1.79000,1.62800,10
4019,1.76053,0.90200,1.72700,1.65700,10
4020,1.88356,1.41700,1.73300,1.68600,10
4021,1.82309,1.36000,1.73300,1.64900,10
4022,1.85687,1.09100,1.81000,1.64900,10
4023,1.81848,1.04400,1.65000,1.81400,10
4024,2.05400,0.99500,1.60200,1.86500,10
4025,1.77774,0.93100,1.54300,1.69900,10
4026,1.88641,0.96300,1.60400,1.66400,10
4027,2.09438,0.92400,1.54000,1.64300,10
4028,1.66038,1.47000,1.51200,1.65300,10
4029,1.76113,1.53400,1.46400,1.65300,10
4030,1.78022,1.27400,1.41900,1.71300,10
4031,1.86653,1.19400,1.48800,1.66400,10
4032,1.78011,1.04300,1.46600,1.62200,10
4033,2.78516,0.99400,1.48700,1.89400,10
4034,2.41591,0.97700,2.10500,1.71100,10
4035,1.42251,0.97600,1.42500,1.65600,10
4036,1.71260,0.93600,1.50800,1.65600,10
4037,1.71416,0.89700,1.39200,1.66500,10
4038,1.95719,0.94100,1.52300,1.65700,10
4039,1.71772,0.93500,1.41400,1.65400,10
4040,2.18309,0.97100,1.48000,1.82600,10
4041,1.74381,1.04500,1.51400,1.64100,10
4042,4.02545,1.14200,1.79700,1.67200,10
4043,1.66861,1.75300,1.69800,1.63900,10
4044,2.21780,1.36800,2.09400,1.68200,10
4045,2.16725,1.21600,2.16800,1.70600,10
4046,1.95733,1.12600,1.95100,1.68800,10
4047,1.93020,1.08400,1.90500,1.67700,10
4048,1.80170,1.13700,1.81600,1.67600,10
4049,1.86126,1.05300,1.85600,1.85700,10
4050,1.86723,1.15000,1.81300,1.68100,10
4051,1.82138,1.39300,1.83600,1.67500,10
4052,1.74172,1.25100,1.73900,1.66600,10
4053,1.63402,1.12900,1.64200,1.66600,10
4054,1.75829,1.02900,1.64700,1.63200,10
4055,1.82292,0.93800,1.59900,1.69400,10
4056,1.78628,1.02400,1.56700,1.63800,10
4057,2.03970,0.93100,1.62000,1.81200,10
4058,2.15394,0.95700,1.73300,1.84800,10
4059,1.87508,1.08500,1.77600,1.64600,10
4060,2.06782,1.23700,2.07200,1.66700,10
4061,2.00789,1.00600,1.99200,1.68300,10
4062,1.85698,0.89000,1.84200,1.69300,10
4063,1.82989,0.94500,1.81200,1.71100,10
4064,2.03667,1.00000,2.03400,1.64800,10
4065,1.72972,0.90100,1.73400,1.66900,10
4066,1.72436,0.86400,1.71500,1.89800,10
4067,1.67352,0.87700,1.62500,1.89800,10
4068,1.74468,0.86500,1.56700,1.65500,10
4069,1.82768,0.89000,1.53700,1.66000,10
4070,1.79119,0.88200,1.53200,1.63400,10
4071,1.80105,0.82900,1.43700,1.67400,10
4072,1.88522,0.91900,1.50800,1.64500,10
4073,1.82491,0.99200,1.46300,1.70100,10
4074,2.97790,0.92300,1.44200,1.63800,10
4075,2.51322,1.02900,3.46700,1.84200,10
4076,2.00510,1.08300,1.67900,1.67400,10
4077,1.73111,0.99000,1.67600,1.67500,10
4078,1.76141,0.87900,1.50900,1.64400,10
4079,1.80447,0.93200,1.52100,1.66400,10
4080,1.87576,0.88200,1.51500,1.64800,10
4081,1.92732,1.14400,1.58400,1.66000,10
4082,1.91525,1.50200,1.65700,1.66100,10
4083,1.84680,1.32000,1.66400,1.68500,10
4084,10.46477,1.20200,1.63800,1.68500,10
4085,2.80807,1.17900,11.24100,1.85800,10
4086,1.85438,1.21800,1.85900,1.83400,10
4087,1.87129,1.16600,1.79500,1.83400,10
4088,2.09546,1.17800,1.82200,1.68000,10
4089,1.90130,1.09600,1.88300,1.64200,10
4090,1.72512,1.09300,1.67800,1.65200,10
4091,1.61967,1.36500,1.51400,1.65200,10
4092,1.86529,1.46000,1.46600,1.69800,10
4093,1.92112,1.44500,1.51300,1.66800,10
4094,1.77763,1.23100,1.49400,1.70100,10
4095,1.92370,1.10000,1.55300,1.70200,10
4096,1.77807,1.01100,1.50100,1.63600,10
4097,2.04336,1.02000,1.51100,1.86800,10
4098,1.70941,0.97000,1.40200,1.65000,10
4099,1.83096,0.98900,1.39300,1.63800,10
4100,1.88165,0.97100,1.43400,1.67500,10
4101,2.14076,0.97600,1.71200,1.66400,10
4102,2.00264,1.06700,1.91600,1.69100,10
4103,2.16329,1.10100,2.14500,1.69100,10
4104,2.04814,1.14500,2.05500,1.65400,10
4105,1.91177,1.01400,1.88800,1.86300,10
4106,2.57104,1.04300,2.58300,1.69000,10
4107,1.82285,0.95500,1.81200,1.69600,10
4108,1.70182,0.98600,1.70300,1.64700,10
4109,1.61881,1.02300,1.60600,1.70200,10
4110,1.49139,0.98800,1.49100,1.70200,10
4111,1.87324,1.05100,1.48600,1.68500,10
4112,1.80415,1.50500,1.46800,1.68500,10
4113,1.76000,1.42500,1.41400,1.67000,10
4114,1.98642,1.15000,1.38100,1.83000,10
4115,2.58409,1.06100,1.41000,1.65700,10
4116,2.19660,1.18400,2.73800,1.66100,10
4117,1.74155,1.14000,1.38000,1.65600,10
4118,1.98380,1.20900,1.54200,1.64300,10
4119,1.85114,1.24400,1.64200,1.65400,10
4120,1.76755,1.27000,1.47700,1.65800,10
4121,1.90347,1.06900,1.61000,1.68600,10
4122,2.50617,1.09100,2.10400,1.84100,10
4123,2.03521,0.95000,2.02400,1.70200,10
4124,1.90693,0.92100,1.90000,1.70400,10
4125,1.99244,0.88900,1.98100,1.68800,10
4126,1.85779,0.90700,1.85700,1.66400,10
4127,1.75037,0.88600,1.73000,1.73500,10
4128,1.73359,0.90700,1.72600,1.71400,10
4129,1.87617,1.02900,1.88000,1.67900,10
4130,1.94897,1.08100,1.93300,1.66600,10
4131,2.45434,0.93000,2.46500,1.84600,10
4132,1.88208,0.90000,1.87900,1.71300,10
4133,1.78410,0.89900,1.77600,1.65800,10
4134,1.85458,0.96300,1.82700,1.70000,10
4135,1.67729,1.01800,1.67900,1.66200,10
4136,1.59942,1.00600,1.59300,1.66200,10
4137,1.78930,0.89600,1.63000,1.68500,10
4138,1.66337,0.90100,1.51200,1.69000,10
4139,2.12440,0.89100,1.78800,1.67000,10
4140,1.90046,1.08600,1.52200,2.00600,10
4141,1.88203,0.87500,1.50200,1.68500,10
4142,1.98296,0.86600,1.62200,1.64900,10
4143,1.81456,0.97400,1.57100,1.70200,10
4144,1.76453,0.84500,1.51000,1.66800,10
4145,2.75042,0.84600,1.50800,1.73100,10
4146,1.76088,0.87600,1.47100,1.63200,10
4147,1.82540,0.85300,1.46500,1.65800,10
4148,1.84702,0.86800,1.48100,1.64400,10
4149,2.01688,0.95000,1.49500,1.84800,10
4150,1.73110,0.89200,1.44500,1.64100,10
4151,1.89557,0.88300,1.47600,1.65700,10
4152,1.87053,0.93600,1.55900,1.66000,10
4153,1.93157,0.85700,1.67100,1.64700,10
4154,1.88492,0.88900,1.67400,1.68800,10
4155,1.89667,0.86300,1.85700,1.67100,10
4156,10.47556,0.87900,1.66500,1.67100,10
4157,2.78827,0.91000,11.31900,1.88400,10
4158,3.03557,0.87000,1.71600,1.69800,10
4159,1.76086,0.88000,1.64000,1.65000,10
4160,2.07823,0.87700,1.87300,1.64300,10
4161,1.91444,0.87700,1.80200,1.65500,10
4162,1.71929,0.86100,1.67000,1.65500,10
4163,1.79442,0.81500,1.64900,1.63900,10
4164,2.05620,0.81700,1.85600,1.67200,10
4165,1.62526,0.85500,1.61800,1.67200,10
4166,1.83281,0.92100,1.59500,1.65800,10
4167,1.82189,0.90000,1.58200,1.67500,10
4168,2.26561,0.96900,2.14900,1.79500,10
4169,1.90144,1.13500,1.83700,1.87000,10
4170,1.90573,0.91100,1.89100,1.65800,10
4171,1.83770,1.09000,1.83200,1.67700,10
4172,1.86908,1.14900,1.85100,1.65300,10
4173,1.65956,1.08300,1.65800,1.65400,10
4174,1.69177,1.04200,1.55000,1.65400,10
4175,1.96227,0.89300,1.65500,1.66500,10
4176,1.91837,0.88400,1.74100,1.67200,10
4177,1.58608,0.84600,1.52000,1.67200,10
4178,2.02426,0.83500,1.65700,1.67900,10
4179,2.07914,0.84600,1.72100,1.66700,10
4180,1.79534,0.86200,1.67800,1.66700,10
4181,1.85843,0.87100,1.71600,1.63400,10
4182,1.86683,0.85300,1.74600,1.68000,10
4183,1.79107,0.87300,1.69100,1.68000,10
4184,1.93405,0.90500,1.83200,1.65600,10
4185,1.65616,1.00100,1.62200,1.65600,10
4186,1.99793,1.02900,1.62700,1.80200,10
4187,1.69547,1.01800,1.48100,1.66000,10
4188,2.08395,1.03500,1.52400,1.83100,10
4189,1.83666,0.99600,1.55800,1.66100,10
4190,2.01800,0.97700,1.73500,1.67800,10
4191,1.57697,1.02900,1.45900,1.67800,10
4192,1.82389,1.12100,1.43700,1.65800,10
4193,1.85804,0.91500,1.44300,1.70000,10
4194,1.76759,0.84700,1.41200,1.62800,10
4195,1.84256,0.81500,1.38700,1.67200,10
4196,1.82089,0.95800,1.37800,1.66300,10
4197,2.06201,0.89300,1.42400,1.83800,10
4198,1.79878,0.86000,1.43900,1.66900,10
4199,2.71859,0.86700,1.42400,1.67900,10
4200,2.32411,0.87700,2.98400,1.70400,10
4201,1.99595,0.84200,1.60500,1.65600,10
4202,1.62379,0.83200,1.41500,1.68200,10
4203,1.86526,0.81800,1.43800,1.68200,10
4204,2.07762,0.82500,1.51100,1.80100,10
4205,1.96166,0.85700,1.44700,1.85700,10
4206,1.88022,0.99600,1.55000,1.63700,10
4207,1.79827,1.02100,1.48200,1.65300,10
4208,1.88487,0.99900,1.55600,1.65100,10
4209,1.72439,0.81800,1.45500,1.64000,10
4210,1.97433,0.94500,1.58100,1.67700,10
4211,1.66383,0.91700,1.45100,1.65500,10
4212,1.96654,0.85000,1.52700,1.67600,10
4213,1.74843,0.86100,1.45600,1.64100,10
4214,1.96649,0.92600,1.44700,1.82500,10
4215,1.84160,0.85100,1.48900,1.65200,10
4216,1.86596,0.86700,1.49900,1.65200,10
4217,1.75325,0.85700,1.44200,1.67500,10
4218,1.80469,0.84600,1.39700,1.65700,10
4219,2.03857,0.86500,1.52400,1.67500,10
4220,1.76087,0.87900,1.47900,1.67400,10
4221,2.10313,0.85200,1.53700,1.82900,10
4222,1.89400,0.96200,1.63100,1.65600,10
4223,2.19849,1.14600,1.71100,1.68900,10
4224,1.85646,1.48100,1.69200,1.66400,10
4225,1.72785,1.20200,1.56800,1.66400,10
4226,1.96040,1.08500,1.72200,1.63100,10
4227,1.92146,1.07300,1.66600,1.83500,10
4228,2.06875,1.01100,1.57600,1.65500,10
4229,1.67774,1.42800,1.51600,1.67900,10
4230,1.76911,1.47300,1.56000,1.67900,10
4231,2.05311,1.53400,1.55400,1.86800,10
4232,1.81873,1.13000,1.57000,1.65900,10
4233,2.04380,0.99400,1.79300,1.68700,10
4234,2.04399,1.34800,1.58400,1.68500,10
4235,1.69090,1.07700,1.43200,1.68300,10
4236,1.86161,0.99900,1.43800,1.67500,10
4237,1.78297,0.99700,1.37300,1.65000,10
4238,1.85822,0.98900,1.40100,1.66000,10
4239,2.25660,0.91700,1.69500,1.82300,10
4240,2.21068,0.91100,1.87900,1.69900,10
4241,3.21941,1.00600,1.57700,1.69900,10
4242,1.91996,1.03800,1.59600,1.67700,10
4243,1.75741,0.98600,1.53500,1.66500,10
4244,1.79122,0.91700,1.48200,1.64800,10
4245,1.86030,0.87400,1.52100,1.67300,10
4246,1.84211,1.03500,1.47200,1.67400,10
4247,1.76903,1.33000,1.44700,1.65200,10
4248,2.38866,1.11400,1.46800,1.85400,10
4249,2.41141,1.06400,2.29500,1.75400,10
4250,2.04083,1.04000,1.79100,1.69300,10
4251,1.91797,0.99600,1.44700,1.65100,10
4252,1.72191,0.92200,1.35800,1.65600,10
4253,1.91490,0.90100,1.38300,1.67900,10
4254,1.93090,0.94200,1.35000,1.67200,10
4255,1.96701,0.91200,1.43800,1.80900,10
4256,1.92038,0.91200,1.37800,1.84700,10
4257,1.89387,0.91000,1.40400,1.69300,10
4258,1.89100,0.86900,1.42200,1.68800,10
4259,1.92907,0.88400,1.53900,1.66600,10
4260,2.23963,0.86100,1.93800,1.68800,10
4261,2.12678,1.00100,2.11900,1.73700,10
4262,1.92304,0.89700,1.92200,1.69900,10
4263,1.96403,0.89900,1.95200,1.67100,10
4264,2.01998,1.11600,1.91300,1.87200,10
4265,1.86851,1.59000,1.91500,1.67100,10
4266,1.87825,1.19900,1.87300,1.68800,10
4267,1.87368,1.06500,1.86800,1.67600,10
4268,1.85057,1.10100,1.85700,1.67100,10
4269,1.89808,1.06300,1.90100,1.72700,10
4270,1.83003,0.91600,1.82800,1.68300,10
4271,1.93401,0.88100,1.92700,1.70800,10
4272,1.86121,0.87900,1.84800,1.81100,10
4273,1.82004,0.86300,1.81000,1.81100,10
4274,2.02326,0.93000,1.89800,1.66600,10
4275,1.75121,0.88200,1.74200,1.63500,10
4276,1.71581,0.88900,1.64700,1.63500,10
4277,1.90202,0.87400,1.73500,1.66300,10
4278,1.71297,0.91800,1.62600,1.66300,10
4279,1.85142,0.89000,1.59500,1.69800,10
4280,1.85880,0.92500,1.60000,1.68400,10
4281,1.79461,0.89100,1.55000,1.65300,10
4282,2.08627,0.86900,1.79000,1.66900,10
4283,3.00631,1.27300,1.72600,1.64000,10
4284,1.72936,1.44000,1.64900,1.64000,10
4285,1.71627,1.28100,1.60700,1.64000,10
4286,1.82590,1.14400,1.55900,1.65000,10
4287,1.90093,1.02200,1.61700,1.65400,10
4288,1.84019,1.11600,1.58200,1.70800,10
4289,1.85548,1.06300,1.58100,1.66300,10
4290,2.57944,1.52500,2.09800,1.66400,10
4291,2.20151,1.14700,2.25600,1.89500,10
4292,1.93759,0.96300,1.93600,1.69200,10
4293,1.69153,0.92100,1.68900,1.71800,10
4294,1.81213,0.84200,1.80000,1.66500,10
4295,2.01654,0.94100,2.00000,1.68400,10
4296,1.77216,0.98500,1.79000,1.68000,10
4297,1.74110,0.92700,1.73300,1.67500,10
4298,1.72592,0.95600,1.71400,1.66800,10
4299,1.70097,0.98100,1.68900,1.86100,10
4300,1.83247,1.01400,1.70800,1.86100,10
4301,1.83955,0.93400,1.71000,1.69000,10
4302,1.82616,0.94900,1.70100,1.68200,10
4303,1.84734,0.91200,1.68000,1.65800,10
4304,1.79972,0.93200,1.67100,1.65300,10
4305,1.96493,0.90900,1.74100,1.69600,10
4306,1.76866,0.94800,1.64300,1.69600,10
4307,2.08882,0.88300,2.05100,1.84300,10
4308,1.81857,0.94400,1.77000,1.84300,10
4309,1.95336,0.87100,1.65400,1.88100,10
4310,1.81575,0.85400,1.60800,1.65400,10
4311,1.72855,0.85300,1.51500,1.63400,10
4312,1.87412,0.84500,1.56500,1.66300,10
4313,1.87396,0.85500,1.53700,1.67600,10
4314,1.81667,0.80400,1.51800,1.64600,10
4315,1.85135,0.82200,1.54700,1.66700,10
4316,1.86386,0.80900,1.55600,1.66800,10
4317,1.81041,0.94200,1.55700,1.64000,10
4318,1.88884,0.93500,1.44100,1.83300,10
4319,1.75746,0.88200,1.39400,1.65500,10
4320,1.82515,0.83200,1.38500,1.65400,10
4321,1.84018,0.81000,1.40100,1.67000,10
4322,1.96230,0.83300,1.37900,1.79300,10
4323,1.84895,0.81600,1.34800,1.69000,10
4324,1.85275,0.98400,1.32800,1.68600,10
4325,2.81799,1.08100,1.39100,1.65900,10
4326,2.02768,1.00400,1.37000,1.83800,10
4327,1.82213,0.87000,1.34600,1.70100,10
4328,1.97761,0.91900,1.50200,1.63600,10
4329,1.70679,0.85800,1.39500,1.67400,10
4330,1.82603,0.88200,1.37300,1.65900,10
4331,1.83657,0.90400,1.36600,1.65400,10
4332,1.92864,1.04100,1.38300,1.66600,10
4333,1.80336,1.85000,1.39800,1.66900,10
4334,1.81874,1.19600,1.39800,1.66200,10
4335,1.98292,0.99700,1.38700,1.83800,10
4336,1.80936,0.90500,1.36800,1.65000,10
4337,1.77985,0.87500,1.32100,1.65500,10
4338,1.82180,0.85400,1.32400,1.63700,10
4339,1.85102,0.84500,1.32800,1.66600,10
4340,1.81071,0.80200,1.34800,1.63700,10
4341,2.37286,0.81600,1.86000,1.65300,10
4342,1.62710,0.83300,1.56200,1.65300,10
4343,1.92615,0.92800,1.63000,1.82100,10
4344,1.92127,0.81900,1.45900,1.87000,10
4345,1.83859,0.83200,1.41000,1.72600,10
4346,1.90571,0.82300,1.46700,1.66500,10
4347,1.80209,0.81500,1.43000,1.67000,10
4348,1.84863,0.91400,1.46300,1.64800,10
4349,1.89666,1.22300,1.49100,1.65100,10
4350,1.94379,1.40600,1.53000,1.72600,10
4351,2.50442,1.06600,1.48900,1.64800,10
4352,2.41745,1.03600,2.93800,1.70200,10
4353,1.79580,1.06500,1.49700,1.66900,10
4354,1.81073,0.94600,1.48100,1.65500,10
4355,1.89664,0.91900,1.49200,1.68900,10
4356,1.80317,0.93200,1.45400,1.65900,10
4357,1.97337,0.90800,1.61600,1.65200,10
4358,2.02983,1.08500,1.94600,1.64800,10
4359,1.83027,0.89700,1.83000,1.64800,10
4360,1.96074,0.98800,1.84800,1.82700,10
4361,1.91032,1.02200,1.70500,1.83900,10
4362,1.90137,0.96300,1.72000,1.65400,10
4363,1.77650,0.89600,1.66900,1.65400,10
4364,1.77597,0.89300,1.61700,1.66000,10
4365,1.93505,1.09400,1.64000,1.67500,10
4366,2.65530,1.34900,1.67400,1.67500,10
4367,2.31010,1.09600,2.96000,1.73400,10
4368,1.95837,1.03100,1.65900,1.63400,10
4369,2.02387,0.91600,1.72200,1.63800,10
4370,1.82108,0.89800,1.70100,1.67100,10
4371,1.77704,0.93900,1.62000,1.65800,10
4372,1.83659,0.85300,1.62100,1.66200,10
4373,1.86071,0.94600,1.63000,1.65300,10
4374,1.78445,0.87600,1.61000,1.65000,10
4375,1.87380,0.82700,1.64200,1.66000,10
4376,1.85859,0.83500,1.60200,1.66100,10
4377,1.94676,1.03300,1.60200,1.66400,10
4378,2.11731,1.07100,1.68700,1.85800,10
4379,1.72387,0.85000,1.54600,1.68800,10
4380,1.83277,0.96500,1.49100,1.67300,10
4381,1.91958,0.88900,1.55600,1.67500,10
4382,1.83835,0.87600,1.54400,1.65000,10
4383,1.82887,0.85400,1.60600,1.64500,10
4384,1.80890,0.89800,1.52600,1.68100,10
4385,1.77417,0.91000,1.51600,1.65000,10
4386,1.82905,0.95000,1.50300,1.65000,10
4387,2.14299,0.85800,1.61600,1.83700,10
4388,1.80796,0.95200,1.56000,1.65600,10
4389,1.83220,0.91200,1.59400,1.64100,10
4390,1.79717,0.86600,1.55800,1.66300,10
4391,1.84718,0.81300,1.57600,1.65700,10
4392,1.84010,0.82100,1.58400,1.65600,10
4393,1.80627,0.83700,1.57000,1.67100,10
4394,1.84097,0.83400,1.55900,1.67400,10
4395,2.26182,0.83500,1.87800,1.79700,10
4396,1.72247,0.82800,1.49100,1.85200,10
4397,2.00197,0.90200,1.68200,1.68300,10
4398,1.72034,0.87000,1.60200,1.66200,10
4399,1.78630,0.81800,1.52000,1.64700,10
4400,1.84121,0.79500,1.53900,1.64900,10
4401,1.85080,0.84700,1.57300,1.64900,10
4402,1.81724,0.82900,1.50200,1.68200,10
4403,1.93928,0.84900,1.63700,1.68000,10
4404,1.81702,0.87800,1.55900,1.69000,10
4405,1.96589,0.96000,1.56300,1.85900,10
4406,1.89027,0.86900,1.52800,1.68400,10
4407,2.81987,0.87000,1.51800,1.64600,10
4408,2.42777,0.94700,3.21400,1.69300,10
4409,1.87221,0.94000,1.66600,1.70000,10
4410,1.79156,0.97700,1.58400,1.69600,10
4411,1.99277,0.99900,1.79200,1.65800,10
4412,1.95851,1.11100,1.75900,1.81600,10
4413,2.19090,1.07000,1.94200,1.68500,10
4414,1.51141,1.08300,1.50800,1.68500,10
4415,1.73322,0.93900,1.46100,1.66500,10
4416,1.89486,0.86300,1.51600,1.66400,10
4417,1.73247,0.83400,1.46000,1.63600,10
4418,1.89163,0.91500,1.48800,1.67600,10
4419,1.86621,0.92300,1.47700,1.69700,10
4420,1.83514,0.88300,1.49400,1.64300,10
4421,1.85265,0.83300,1.51100,1.65600,10
4422,2.10730,0.87400,1.67000,1.85500,10
4423,1.74682,0.84600,1.51600,1.66600,10
4424,1.80117,0.86700,1.46200,1.66100,10
4425,1.90343,0.87300,1.53800,1.65900,10
4426,1.82175,0.82100,1.57700,1.63200,10
4427,1.84171,0.80300,1.55100,1.66500,10
4428,1.83535,0.84400,1.55900,1.67700,10
4429,1.82728,0.87400,1.56600,1.64400,10
4430,2.01901,0.87300,1.52500,1.83000,10
4431,2.19623,1.53800,1.65000,1.67700,10
4432,1.72469,1.45300,1.63900,1.67700,10
4433,1.81768,1.36000,1.59000,1.65400,10
4434,1.83321,1.11300,1.55500,1.67000,10
4435,1.85004,1.00200,1.55600,1.64200,10
4436,1.77588,1.14200,1.54800,1.62800,10
4437,1.77550,0.96600,1.50400,1.67400,10
4438,1.89143,0.95100,1.52500,1.67400,10
4439,1.96595,0.87200,1.65700,1.66900,10
4440,1.99730,0.87100,1.62200,1.85200,10
4441,1.78691,0.90400,1.55500,1.66200,10
4442,1.82558,0.86100,1.54000,1.68500,10
4443,2.01842,0.83700,1.70100,1.67200,10
4444,1.66000,0.92300,1.58500,1.67200,10
4445,1.84982,0.85400,1.60600,1.63000,10
4446,1.99054,0.87700,1.78700,1.64800,10
4447,1.83657,0.89400,1.81600,1.64800,10
4448,1.94874,0.87900,1.75900,1.81600,10
4449,2.92688,0.90400,1.78900,1.66400,10
4450,1.81682,0.88000,1.82300,1.64700,10
4451,1.53370,0.83200,1.47400,1.64700,10
4452,1.85459,0.83900,1.48600,1.66000,10
4453,1.84328,0.87100,1.50400,1.65300,10
4454,2.24464,0.86300,1.49800,1.66300,10
4455,2.57131,0.85300,2.55000,1.67600,10
4456,1.81166,0.93600,1.78000,1.66500,10
4457,1.84318,0.95900,1.68100,1.64600,10
4458,1.86408,0.96800,1.47300,1.86700,10
4459,1.87214,0.81100,1.49700,1.66600,10
4460,1.73779,0.89200,1.38300,1.65400,10
4461,1.96303,0.84900,1.51600,1.66800,10
4462,1.83000,0.87000,1.50500,1.64500,10
4463,1.86417,0.87000,1.57800,1.65700,10
4464,1.67941,0.83300,1.45500,1.65200,10
4465,2.06713,0.80000,1.51100,1.78700,10
4466,10.57818,0.81600,1.52600,1.69700,10
4467,2.69673,1.01700,11.21100,1.90900,10
4468,1.67537,0.98900,1.53800,1.65800,10
4469,1.94716,0.90300,1.60500,1.67800,10
4470,1.96823,0.85300,1.53300,1.84700,10
4471,1.84259,0.87300,1.52300,1.66500,10
4472,1.82867,0.88600,1.52700,1.68700,10
4473,1.81120,1.10600,1.46200,1.65500,10
4474,1.76112,1.06700,1.38800,1.65100,10
4475,2.09757,0.97900,1.67200,1.65600,10
4476,1.90172,0.91800,1.72800,1.66700,10
4477,1.80346,0.89000,1.54200,1.83600,10
4478,1.96271,0.87200,1.66200,1.66800,10
4479,2.01625,0.88300,1.63300,1.84600,10
4480,1.99992,0.90900,1.77800,1.70300,10
4481,2.42662,1.02500,2.41700,1.72400,10
4482,2.00070,1.01000,1.99400,1.69300,10
4483,1.98213,0.95400,1.98400,1.69200,10
4484,2.00712,0.95400,1.99300,1.69000,10
4485,1.81195,0.96200,1.78700,1.68800,10
4486,1.76090,0.96300,1.76900,1.69000,10
4487,1.79810,0.91000,1.80200,1.88600,10
4488,1.73876,0.93000,1.73400,1.68200,10
4489,1.69018,0.85000,1.66900,1.68200,10
4490,1.72750,0.96100,1.59600,1.65100,10
4491,3.13560,0.90800,1.61700,1.68500,10
4492,1.79222,0.94800,1.59700,1.66900,10
4493,2.10216,0.92600,1.80400,1.66900,10
4494,1.72360,0.95500,1.56800,1.83300,10
4495,1.94005,0.97000,1.70700,1.63300,10
4496,1.93357,0.91700,1.57100,1.89800,10
4497,1.82759,0.85700,1.57700,1.63500,10
4498,2.11909,0.92600,1.52500,1.65200,10
4499,2.41865,2.31100,1.46600,1.67700,10
4500,1.70462,2.15200,1.48700,1.69300,10
4501,1.19266,1.17300,1.55300,1.69300,10
4502,1.83286,1.03800,1.66800,1.65000,10
4503,2.00289,0.91300,1.83200,1.66700,10
4504,1.74704,0.92200,1.74500,1.66700,10
4505,2.13285,0.93700,1.85900,1.66700,10
4506,2.02515,0.94600,2.02600,1.66100,10
4507,1.91335,1.01700,1.89300,1.69500,10
4508,1.76333,0.94100,1.76800,1.66300,10
4509,1.60777,0.90900,1.60800,1.66900,10
4510,1.64525,0.87900,1.54600,1.66900,10
4511,2.07958,0.88800,1.78000,1.65600,10
4512,1.75285,0.89300,1.60100,1.81600,10
4513,1.79833,0.85800,1.55500,1.63600,10
4514,2.05190,0.89300,1.59900,1.86000,10
4515,1.82400,0.83400,1.60700,1.66700,10
4516,1.75356,0.84500,1.54900,1.65500,10
4517,1.91152,0.84600,1.60500,1.64800,10
4518,1.83815,0.84400,1.62100,1.66500,10
4519,1.87975,0.84000,1.69100,1.67200,10
4520,1.83023,0.89800,1.66000,1.65100,10
4521,1.96235,0.87900,1.75700,1.66600,10
4522,1.75235,0.88800,1.72400,1.66600,10
4523,1.97274,0.91500,1.67100,1.82300,10
4524,1.85830,0.89400,1.69500,1.67900,10
4525,1.85355,0.88800,1.68600,1.66500,10
4526,1.88099,0.84200,1.72900,1.65800,10
4527,1.81041,0.90400,1.67800,1.68100,10
4528,1.81131,0.85900,1.66100,1.65400,10
4529,1.82546,0.85200,1.65000,1.65200,10
4530,2.11811,0.95800,1.71800,1.65300,10
4531,1.73541,1.01100,1.65400,1.65300,10
4532,2.06915,0.87500,1.64600,1.88100,10
4533,3.21623,0.91100,1.72300,1.66600,10
4534,1.77706,0.85800,1.66000,1.65700,10
4535,1.85168,0.87300,1.67700,1.64900,10
4536,1.80955,0.87000,1.65800,1.66000,10
4537,1.88590,0.86100,1.68100,1.68300,10
4538,1.87151,0.85500,1.70400,1.66500,10
4539,1.79739,0.82000,1.71500,1.65600,10
4540,2.29468,0.84800,1.93200,1.65100,10
4541,1.99476,0.79800,1.97800,1.68000,10
4542,1.97605,0.78300,1.96300,1.67400,10
4543,1.91026,0.80300,1.89700,1.69200,10
4544,1.91228,0.82700,1.90300,1.73000,10
4545,1.90647,1.04100,1.89100,1.71000,10
4546,1.93585,1.14100,1.92600,1.83800,10
4547,1.80846,1.10000,1.81300,1.71300,10
4548,1.69350,1.01100,1.68200,1.88900,10
4549,1.84390,0.85800,1.70600,1.66000,10
4550,1.73217,0.94000,1.64400,1.66000,10
4551,2.00053,0.89900,1.79500,1.67600,10
4552,1.88707,0.86700,1.77400,1.66200,10
4553,1.80465,0.86800,1.70000,1.68700,10
4554,1.90356,1.89700,1.82600,1.65800,10
4555,1.61766,1.29300,1.62400,1.65800,10
4556,1.98495,1.10400,1.70900,1.68500,10
4557,1.73368,1.20500,1.60800,1.68500,10
4558,2.99524,1.02200,1.59800,1.89200,10
4559,1.79987,0.95400,1.61900,1.64600,10
4560,1.82198,0.91700,1.60400,1.64400,10
4561,1.79188,0.88200,1.55900,1.66100,10
4562,1.88633,0.91500,1.61700,1.65400,10
4563,2.06030,0.96400,1.83900,1.79800,10
4564,1.77435,0.90400,1.60200,1.79800,10
4565,1.91617,0.91100,1.70000,1.65600,10
4566,2.28185,0.98900,1.90000,1.88700,10
4567,1.99232,1.01600,1.98700,1.65800,10
4568,1.72509,1.02900,1.71900,1.68300,10
4569,1.72311,0.99000,1.69500,1.67800,10
4570,1.86161,0.94300,1.86200,1.69000,10
4571,1.73430,0.85900,1.72800,1.67300,10
4572,1.71586,0.88500,1.63700,1.67300,10
4573,1.80146,0.88600,1.62100,1.65700,10
4574,1.99035,0.90400,1.74400,1.65400,10
4575,3.33774,0.86400,1.75800,1.66100,10
4576,1.99030,0.85700,1.97200,1.68400,10
4577,1.72300,0.93600,1.72900,1.66200,10
4578,1.88583,0.87700,1.77700,1.68300,10
4579,1.70423,0.88400,1.66400,1.68300,10
4580,1.69998,0.89700,1.51800,1.63400,10
4581,2.01853,0.87700,1.58000,1.79800,10
4582,1.71930,1.00000,1.48000,1.66600,10
4583,2.13625,0.92000,1.55500,1.83200,10
4584,1.82804,0.99900,1.60600,1.66000,10
4585,1.96413,0.90400,1.73600,1.66800,10
4586,1.82556,0.99800,1.76800,1.65900,10
4587,1.77865,0.96900,1.66500,1.65900,10
4588,1.77711,0.91200,1.61300,1.65300,10
4589,1.75551,0.90800,1.58100,1.63900,10
4590,1.75433,0.93800,1.49000,1.64300,10
4591,1.77494,0.93100,1.43700,1.67100,10
4592,2.03573,0.89200,1.45900,1.84600,10
4593,1.77279,0.90500,1.43800,1.64200,10
4594,1.83936,0.87500,1.41800,1.64200,10
4595,1.91328,0.89700,1.57100,1.65500,10
4596,1.87621,0.93000,1.65100,1.64300,10
4597,1.98851,0.88000,1.67200,1.66200,10
4598,1.94637,1.49700,1.83200,1.82100,10
4599,1.95936,1.37000,1.75500,1.66600,10
4600,1.77662,1.13600,1.73200,1.66600,10
4601,1.96281,1.21900,1.63700,1.88100,10
4602,1.91820,1.10900,1.73100,1.65500,10
4603,1.73898,0.98200,1.63600,1.65500,10
4604,1.87011,1.11800,1.70300,1.67000,10
4605,2.07121,1.22700,1.92600,1.68100,10
4606,2.00478,1.08200,1.95800,1.68600,10
4607,1.68929,1.26400,1.72100,1.69700,10
4608,1.55174,1.19400,1.56000,1.69700,10
4609,1.80812,1.04500,1.55300,1.66700,10
4610,2.01180,0.99900,1.56800,1.83400,10
4611,1.68998,0.99500,1.46900,1.61800,10
4612,1.96639,0.97200,1.55300,1.69600,10
4613,1.80574,1.02500,1.51400,1.67400,10
4614,1.91123,1.00700,1.58700,1.65200,10
4615,1.76822,0.89900,1.59000,1.62800,10
4616,1.77729,0.95100,1.46500,1.68200,10
4617,3.14275,1.06300,1.45400,1.85200,10
4618,2.08321,0.99100,1.45600,1.86200,10
4619,2.27918,1.05800,1.94000,1.65600,10
4620,2.62639,1.37500,2.60100,1.69300,10
4621,2.05860,1.08100,2.09400,1.67900,10
4622,1.74499,1.16000,1.76000,1.71000,10
4623,1.82287,1.03300,1.80800,1.69200,10
4624,1.54014,0.96500,1.51300,1.68600,10
4625,1.43813,0.93400,1.41100,1.68600,10
4626,1.98905,0.88000,1.52700,1.68600,10
4627,1.88735,0.90000,1.43000,1.83700,10
4628,1.92142,0.85300,1.51000,1.64800,10
4629,1.81928,0.91400,1.49700,1.70500,10
4630,1.85351,0.88700,1.49700,1.64900,10
4631,1.81456,0.85900,1.47300,1.63300,10
4632,1.85692,0.88400,1.48900,1.70200,10
4633,1.77508,0.88400,1.49400,1.63200,10
4634,1.98346,0.82100,1.46000,1.78600,10
4635,1.82786,0.86600,1.45300,1.67800,10
4636,2.11689,0.88200,1.51600,1.88200,10
4637,1.82626,0.90000,1.53100,1.68400,10
4638,1.74911,0.87400,1.44900,1.62700,10
4639,1.98143,0.87900,1.59100,1.65800,10
4640,1.71717,0.86100,1.49900,1.66900,10
4641,1.85133,0.92900,1.47000,1.68400,10
4642,1.90322,0.83000,1.55500,1.63500,10
4643,1.83160,1.35600,1.47700,1.63500,10
4644,1.82922,1.36400,1.54900,1.66500,10
4645,1.98194,1.20400,1.51800,1.85400,10
4646,1.83287,1.13100,1.51300,1.66400,10
4647,2.01295,1.09200,1.69000,1.68700,10
4648,2.07604,1.09200,1.94300,1.70000,10
4649,2.45417,1.20800,2.24500,1.65400,10
4650,2.38284,1.22300,2.37800,1.68300,10
4651,1.94999,1.10000,1.94500,1.84800,10
4652,1.83904,0.93200,1.84000,1.84600,10
4653,1.80742,1.12900,1.79000,1.65400,10
4654,1.65560,1.03600,1.66400,1.65100,10
4655,1.59768,0.92800,1.59400,1.65100,10
4656,1.76041,0.98100,1.54400,1.66700,10
4657,1.92741,0.85100,1.63800,1.65200,10
4658,1.83246,0.85300,1.61300,1.67700,10
4659,3.16102,1.00800,1.48800,1.71400,10
4660,1.81549,1.04400,1.47500,1.64900,10
4661,2.06755,1.05700,1.41600,1.83800,10
4662,2.52126,0.99800,2.13700,1.75700,10
4663,1.72074,0.91900,1.41400,1.66500,10
4664,1.87450,0.95900,1.40700,1.67400,10
4665,1.84856,0.93700,1.41600,1.67100,10
4666,1.93353,0.96800,1.51000,1.67400,10
4667,1.75768,0.92900,1.59500,1.65000,10
4668,2.00029,0.94600,1.42000,1.84900,10
4669,1.83386,0.94400,1.44000,1.68400,10
4670,2.13564,0.98000,1.48000,1.88200,10
4671,2.36267,0.94800,1.95900,1.63400,10
4672,2.07531,1.08000,2.07900,1.67600,10
4673,1.81110,1.04400,1.81300,1.70200,10
4674,1.77532,0.89400,1.77200,1.72500,10
4675,1.80181,0.95800,1.78800,1.67300,10
4676,1.85417,0.90100,1.85300,1.67800,10
4677,1.78580,0.95700,1.78400,1.69400,10
4678,1.66113,0.91500,1.66000,1.69400,10
4679,2.32789,0.94400,2.16000,1.67400,10
4680,2.42996,0.95600,2.40700,1.68200,10
4681,1.84976,0.92000,1.86200,1.69500,10
4682,1.81310,0.87800,1.80200,1.69400,10
4683,1.81160,0.89900,1.79400,1.68800,10
4684,1.81438,0.94600,1.80000,1.68800,10
4685,1.85483,0.92400,1.84100,1.79800,10
4686,1.71998,0.87300,1.70800,1.79800,10
4687,1.85527,0.85200,1.67900,1.83700,10
4688,2.11374,0.93700,1.94700,1.66300,10
4689,2.00350,0.97000,2.00000,1.67700,10
4690,1.67961,0.86000,1.66200,1.66200,10
4691,1.65922,0.86800,1.59900,1.66200,10
4692,1.81556,0.84400,1.55800,1.67800,10
4693,1.91322,0.89000,1.62200,1.66400,10
4694,1.81472,0.90100,1.65600,1.64000,10
4695,1.89889,0.88100,1.66400,1.69500,10
4696,1.98943,0.97100,1.63100,1.66800,10
4697,1.85778,0.89100,1.70000,1.66700,10
4698,1.78431,0.94900,1.60400,1.66700,10
4699,1.79777,0.98200,1.60100,1.66100,10
4700,1.83150,0.93800,1.64500,1.65500,10
4701,1.83327,0.90000,1.56300,1.70100,10
4702,2.84758,0.91600,1.68100,1.69400,10
4703,1.81376,0.89600,1.56300,1.77300,10
4704,1.94378,0.89400,1.60500,1.64700,10
4705,2.05538,0.92100,1.59800,1.90700,10
4706,1.80491,0.90000,1.63000,1.63600,10
4707,1.78254,0.94200,1.59600,1.65700,10
4708,1.84372,0.90400,1.60400,1.65800,10
4709,1.91808,0.85600,1.67900,1.67800,10
4710,1.88757,0.89800,1.70100,1.64400,10
4711,1.77101,0.84900,1.66800,1.64400,10
4712,1.86160,0.87400,1.67200,1.64800,10
4713,1.77864,0.97500,1.65800,1.64700,10
4714,2.06422,0.95800,1.68000,1.87900,10
4715,1.80512,0.93700,1.67000,1.63300,10
4716,1.80088,0.92300,1.62900,1.64300,10
4717,1.86463,0.96100,1.62100,1.67800,10
4718,1.79984,0.92400,1.62000,1.65500,10
4719,1.90010,1.04100,1.64600,1.67500,10
4720,1.80831,0.95700,1.62900,1.64500,10
4721,2.01072,0.97000,1.64900,1.84600,10
4722,1.80710,0.91600,1.58500,1.65700,10
4723,2.05161,0.93500,1.61900,1.84200,10
4724,1.83594,0.93000,1.64000,1.66400,10
4725,1.78192,0.87200,1.56400,1.66000,10
4726,1.87859,0.87000,1.65400,1.65700,10
4727,1.97465,0.87700,1.78300,1.69000,10
4728,1.67970,0.89100,1.58700,1.69000,10
4729,1.86241,1.02900,1.64300,1.66500,10
4730,1.82707,1.13300,1.68100,1.66500,10
4731,10.59669,1.05100,1.63300,1.66400,10
4732,2.67821,0.91600,11.28100,1.69000,10
4733,1.75484,0.99900,1.64800,1.69000,10
4734,2.01863,0.99400,1.63500,1.83200,10
4735,2.00781,0.99300,1.67200,1.85000,10
4736,1.78750,0.91300,1.54000,1.67400,10
4737,2.11714,0.91200,1.61600,1.65200,10
4738,1.68373,1.43900,1.64000,1.84800,10
4739,2.08206,1.42900,1.58500,1.69900,10
4740,1.75272,1.63000,1.56300,1.64700,10
4741,1.84145,1.61900,1.51400,1.66800,10
4742,1.91390,1.34800,1.57200,1.64400,10
4743,1.64708,1.30900,1.53000,1.64400,10
4744,3.16577,1.15000,1.53900,1.64000,10
4745,1.90437,1.29300,1.57700,1.65700,10
4746,1.61775,1.45300,1.57600,1.65700,10
4747,1.85237,1.40500,1.49800,1.66700,10
4748,2.01219,1.44300,1.49800,1.72300,10
4749,1.82701,1.45900,1.52100,1.65200,10
4750,1.98732,1.49500,1.75200,1.79200,10
4751,1.76727,1.38700,1.64600,1.79200,10
4752,2.01586,1.44100,1.58500,1.82900,10
4753,1.77514,1.09400,1.65200,1.65400,10
4754,1.79967,0.97900,1.56000,1.65100,10
4755,1.87438,0.91800,1.55400,1.67000,10
4756,1.82871,0.91700,1.52900,1.67600,10
4757,2.10881,0.98900,1.74100,1.64900,10
4758,1.73104,1.03000,1.65900,1.64900,10
4759,1.77972,0.87200,1.61400,1.65600,10
4760,1.83841,0.88600,1.64600,1.65600,10
4761,10.59236,0.91900,1.55200,1.64000,10
4762,2.92309,0.95600,11.54100,1.90000,10
4763,1.94079,0.97800,1.61900,1.81900,10
4764,2.78157,0.96400,1.93500,1.65100,10
4765,2.59510,0.96700,3.00100,1.88700,10
4766,1.79594,1.13100,1.57900,1.63500,10
4767,1.96531,1.14900,1.75200,1.66000,10
4768,1.98652,1.11700,1.87700,1.69300,10
4769,1.77883,0.99300,1.76500,1.65800,10
4770,1.73629,0.94700,1.71100,1.65800,10
4771,1.68739,0.95700,1.62900,1.65000,10
4772,1.87840,0.91200,1.60600,1.67300,10
4773,1.84051,1.01100,1.58000,1.65300,10
4774,1.96786,0.93800,1.50400,1.86000,10
4775,1.84618,0.99200,1.52500,1.65300,10
4776,1.86068,1.16300,1.56000,1.62200,10
4777,1.74875,1.05100,1.51000,1.64400,10
4778,1.83748,0.93800,1.50100,1.69300,10
4779,1.81207,1.03100,1.43800,1.65600,10
4780,2.13582,1.10700,1.92500,1.80800,10
4781,1.92761,1.28300,1.51400,1.68200,10
4782,2.46969,1.19700,1.89200,1.66300,10
4783,2.14220,0.94600,2.13600,1.72600,10
4784,1.58766,0.91800,1.57700,1.67500,10
4785,2.77835,0.96000,1.51100,1.67500,10
4786,2.29729,0.92700,3.35700,1.72300,10
4787,2.04651,0.94000,1.61000,1.66600,10
4788,1.71169,0.97800,1.49600,1.65600,10
4789,2.15381,1.02100,1.73500,1.67200,10
4790,1.91532,1.70400,1.68900,1.65600,10
4791,1.98326,1.43600,1.79500,1.65200,10
4792,1.66985,1.26500,1.64600,1.65200,10
4793,1.74766,1.27300,1.53800,1.67700,10
4794,1.87162,1.14400,1.58100,1.64600,10
4795,1.85748,1.07300,1.57900,1.67800,10
4796,1.91423,0.99700,1.69700,1.64700,10
4797,1.98150,0.97100,1.70900,1.81200,10
4798,1.84296,0.98600,1.70500,1.65300,10
4799,1.94956,0.98000,1.61000,1.87800,10
4800,2.29256,1.00600,2.23100,1.67300,10
4801,2.12464,1.02500,2.09300,1.67800,10
4802,1.94007,1.26300,1.90900,1.70800,10
4803,1.95681,1.77200,1.96800,1.70800,10
4804,1.80839,1.40100,1.79100,1.73700,10
4805,1.70768,1.29100,1.70000,1.66300,10
4806,1.58878,1.19900,1.58800,1.66900,10
4807,1.67504,1.15800,1.63100,1.66900,10
4808,2.05610,1.14400,1.61400,1.85500,10
4809,1.72218,1.06700,1.53700,1.66700,10
4810,1.87163,1.05000,1.56900,1.65900,10
4811,1.73013,1.03700,1.44000,1.64800,10
4812,1.99082,0.97400,1.56300,1.67500,10
4813,1.88120,0.96200,1.60700,1.67900,10
4814,1.70232,0.94100,1.49800,1.65300,10
4815,2.11581,0.91300,1.58100,1.80900,10
4816,1.85786,0.99800,1.43300,1.88400,10
4817,1.89193,0.97200,1.44200,1.67500,10
4818,1.81702,0.96000,1.40100,1.69100,10
4819,1.85189,0.92200,1.43200,1.68200,10
4820,1.89544,0.95700,1.44400,1.67300,10
4821,1.95758,1.03800,1.53300,1.71200,10
4822,1.74845,1.02500,1.40300,1.66800,10
4823,2.05971,1.00600,1.59300,1.65600,10
4824,2.04191,1.37700,1.75400,1.85600,10
4825,2.17880,1.70200,1.99200,1.67400,10
4826,2.40667,1.39600,1.88900,1.67400,10
4827,2.75568,1.13700,2.82700,1.67700,10
4828,1.96979,1.21500,1.88000,1.71600,10
4829,1.91465,1.20400,1.90900,1.66200,10
4830,1.75106,1.18200,1.73800,1.68200,10
4831,1.88509,1.30300,1.84000,1.84100,10
4832,1.92744,1.47600,1.74900,1.84100,10
4833,2.07300,1.27300,1.70100,1.65000,10
4834,1.76350,1.14600,1.69200,1.68200,10
4835,2.03688,1.24900,1.86300,1.68200,10
4836,1.69052,1.26800,1.69400,1.67100,10
4837,1.85020,1.12000,1.69500,1.67100,10
4838,2.49868,1.16300,2.32500,1.66100,10
4839,2.53113,1.28400,2.52800,1.68100,10
4840,2.00911,1.38200,1.98600,1.69200,10
4841,2.17259,1.29000,2.15600,1.72200,10
4842,2.25871,1.23500,2.24500,1.71300,10
4843,2.07594,1.18600,2.06800,1.72900,10
4844,2.10732,1.14000,2.07500,1.73600,10
4845,1.90283,1.19500,1.92200,1.68700,10
4846,2.10837,1.18000,2.11000,1.70300,10
4847,2.12252,1.03200,2.12200,1.83000,10
4848,2.12175,1.00400,1.93900,1.83000,10
4849,1.98818,1.02400,1.71600,1.90100,10
4850,1.76914,0.94700,1.64200,1.67400,10
4851,1.90360,0.92900,1.62400,1.67600,10
4852,1.70295,0.97200,1.49200,1.68800,10
4853,1.90055,1.03000,1.54100,1.67100,10
4854,1.99822,1.46400,1.61300,1.66100,10
4855,1.71336,1.59100,1.47700,1.63900,10
4856,1.75892,1.56200,1.43300,1.63900,10
4857,1.88453,1.31500,1.44700,1.69700,10
4858,2.04772,1.22800,1.45100,1.87500,10
4859,1.76263,1.20100,1.35500,1.68900,10
4860,2.02889,1.31500,1.38100,1.69000,10
4861,1.70882,1.49500,1.36500,1.68200,10
4862,1.95112,1.19200,1.48000,1.63700,10
4863,1.86948,1.15200,1.52800,1.65000,10
4864,1.90987,1.18600,1.59800,1.65600,10
4865,1.88160,0.99600,1.48800,1.85700,10
4866,1.82672,0.90900,1.42600,1.67400,10
4867,4.04565,0.97200,1.38700,1.91800,10
4868,2.47741,0.94900,2.79900,1.69400,10
4869,1.90305,1.05300,1.54000,1.68100,10
4870,1.86263,1.08300,1.49600,1.67800,10
4871,1.83851,1.17200,1.51100,1.68400,10
4872,1.82085,0.91600,1.50100,1.66100,10
4873,2.04794,0.89200,1.66300,1.67600,10
4874,10.66340,1.04600,1.47300,1.87100,10
4875,3.62595,1.52500,12.43400,1.84500,10
4876,1.85930,1.56300,1.87300,1.68800,10
4877,1.68629,1.26400,1.67200,1.91200,10
4878,1.75133,1.24500,1.72900,1.68600,10
4879,2.19929,1.41800,2.11600,1.67400,10
4880,2.05923,1.54400,2.08800,1.74400,10
4881,1.88176,1.17800,1.88000,1.72100,10
4882,1.85022,1.04400,1.82700,1.69200,10
4883,2.31906,1.17400,2.33600,1.69300,10
4884,2.24140,1.11000,2.19800,1.68700,10
4885,2.08221,1.11600,2.09400,1.66200,10
4886,2.02224,1.12800,2.00700,1.86000,10
4887,2.04143,1.00000,2.03300,1.68400,10
4888,2.09947,1.14600,2.09000,1.69300,10
4889,1.96443,1.09800,1.94300,1.70200,10
4890,1.89743,1.14600,1.88500,1.74000,10
4891,1.70250,1.07000,1.69300,1.68800,10
4892,1.68793,1.14700,1.67600,1.68800,10
4893,1.93799,1.23500,1.67600,1.83200,10
4894,1.79365,1.15600,1.59800,1.67100,10
4895,2.02062,1.29300,1.53500,1.87000,10
4896,1.80061,1.22400,1.48600,1.69900,10
4897,1.78147,1.01700,1.47400,1.62900,10
4898,2.10676,0.92300,1.69500,1.66000,10
4899,1.72513,1.01200,1.58700,1.66000,10
4900,1.87267,1.03600,1.57400,1.68700,10
4901,1.87296,1.06500,1.59100,1.67100,10
4902,3.14792,1.04800,2.87100,1.72000,10
4903,2.20013,0.99400,2.19900,1.68500,10
4904,2.04813,0.98400,2.04600,1.68000,10
4905,2.08492,0.98800,2.08600,1.71000,10
4906,2.03955,0.98900,2.02800,1.71000,10
4907,2.05390,0.98100,2.04400,1.75400,10
4908,3.00055,0.97900,2.55500,1.75400,10
4909,2.96690,0.95500,3.17000,1.88300,10
4910,2.23611,1.03400,2.21300,1.71200,10
4911,2.24361,1.30200,2.21700,1.72200,10
4912,1.97842,1.32800,1.97700,1.71000,10
4913,1.90467,1.39900,1.91600,1.69200,10
4914,2.07649,1.23100,2.05600,1.70100,10
4915,2.23634,1.18100,2.21200,1.70800,10
4916,2.24489,1.23900,2.22300,1.69800,10
4917,2.79785,1.31100,2.71100,1.89600,10
4918,1.93543,1.97000,2.00900,1.70300,10
4919,2.04962,1.38100,2.02900,1.70800,10
4920,1.89089,1.27500,1.87000,1.69800,10
4921,1.88822,1.14300,1.87800,1.70600,10
4922,2.07529,1.09600,2.06200,1.72900,10
4923,2.32112,1.03300,2.31400,1.70600,10
4924,1.78688,0.96500,1.78300,1.70600,10
4925,1.83134,1.10800,1.81900,1.70600,10
4926,1.84332,0.96200,1.62200,1.88200,10
4927,1.86452,0.93100,1.63800,1.63700,10
4928,1.99177,0.92200,1.80300,1.64000,10
4929,1.65023,0.95100,1.64600,1.64000,10
4930,1.93490,0.97200,1.72000,1.68000,10
4931,1.77946,0.94800,1.61900,1.68500,10
4932,1.81139,1.00900,1.57100,1.68900,10
4933,1.98686,0.97100,1.73300,1.66300,10
4934,1.69424,1.06800,1.60500,1.66300,10
4935,2.44206,1.10500,1.94000,1.68600,10
4936,2.30104,1.03700,2.30100,1.71300,10
4937,1.93509,1.04700,1.92000,1.69600,10
4938,2.08931,1.14000,2.09300,1.70400,10
4939,2.16027,1.15900,1.95300,1.70400,10
4940,1.91410,1.11200,1.71300,1.67700,10
4941,2.23014,1.14200,1.77400,1.67800,10
4942,1.86221,1.01300,1.77100,1.67800,10
4943,2.03263,0.95600,1.76200,1.89500,10
4944,1.76716,0.97500,1.69300,1.67800,10
4945,1.79358,0.92900,1.71400,1.63800,10
4946,1.87177,0.90500,1.66000,1.67700,10
4947,1.88035,0.99100,1.70700,1.67300,10
4948,1.84558,1.05600,1.69300,1.66900,10
4949,1.87370,1.03800,1.70300,1.65700,10
4950,3.28401,0.92100,1.74600,1.68200,10
4951,1.80027,1.00800,1.71500,1.68200,10
4952,2.03083,0.94100,1.73800,1.65400,10
4953,1.91340,0.98200,1.73700,1.67100,10
4954,1.77647,1.41200,1.72200,1.66400,10
4955,1.89815,1.35600,1.78800,1.66700,10
4956,1.68643,1.25700,1.62700,1.66700,10
4957,1.74460,1.19000,1.53300,1.65800,10
4958,2.11525,1.12600,1.63900,1.83800,10
4959,1.98162,1.09700,1.75400,1.68400,10
4960,2.00964,1.14000,1.73600,1.65600,10
4961,1.75934,1.05500,1.66400,1.65600,10
4962,1.88227,1.16400,1.65900,1.67900,10
4963,1.80658,1.09500,1.65300,1.67900,10
4964,1.83680,1.04700,1.69900,1.66200,10
4965,1.87456,0.94400,1.70100,1.64700,10
4966,1.77209,0.96100,1.67400,1.64700,10
4967,1.76863,0.94300,1.56700,1.63800,10
4968,1.86361,1.06900,1.60100,1.67500,10
4969,1.93544,1.04900,1.74900,1.64000,10
4970,2.30892,1.15300,1.65700,1.86800,10
4971,2.62394,1.12100,2.49300,1.67700,10
4972,1.96523,1.27300,1.88700,1.67100,10
4973,1.69529,1.19600,1.70100,1.65600,10
4974,1.80797,1.03900,1.71400,1.65600,10
4975,1.97273,0.96700,1.69600,1.82100,10
4976,1.91992,1.43100,1.71800,1.69100,10
4977,1.84627,1.57500,1.72100,1.69100,10
4978,2.09008,1.45900,1.81500,1.66000,10
4979,2.13237,1.50400,2.06600,1.69200,10
4980,1.93464,1.61300,1.93000,1.72600,10
4981,2.56757,1.10900,2.57700,1.69400,10
4982,1.68872,1.06100,1.68400,1.66000,10
4983,1.61019,1.07100,1.59500,1.65400,10
4984,1.56861,1.00200,1.52100,1.65400,10
4985,1.86942,1.04900,1.53900,1.67600,10
4986,2.19678,1.01600,1.66700,1.87100,10
4987,2.09606,1.01900,2.04400,1.69400,10
4988,2.08649,0.93700,2.07900,1.67000,10
4989,1.82826,0.96000,1.82400,1.69000,10
4990,1.84500,0.89300,1.82300,1.70200,10
4991,2.74707,0.91700,1.73400,1.70200,10
4992,2.58701,0.89300,3.39200,1.75500,10
4993,1.87203,0.88000,1.74400,1.69200,10
4994,1.99365,0.97900,1.69200,1.84900,10
4995,1.86178,0.97500,1.70400,1.66700,10
4996,1.85510,0.92600,1.73700,1.65100,10
4997,2.16135,0.92700,2.06600,1.65500,10
4998,1.75057,1.58100,1.76400,1.65500,10
4999,2.48358,1.30300,2.46600,1.66900,10
5000,1.74645,1.27200,1.76200,1.70600,10
5001,1.86905,1.19200,1.87500,1.73400,10
5002,1.68341,1.04500,1.67000,1.87100,10
5003,1.59731,1.08400,1.59800,1.87100,10
5004,1.79497,0.97700,1.57200,1.67300,10
5005,1.99436,0.88800,1.70800,1.65500,10
5006,1.61599,0.87000,1.52900,1.65500,10
5007,1.88167,0.84600,1.51300,1.68400,10
5008,1.87833,0.89500,1.58400,1.65600,10
5009,1.90180,0.86000,1.48600,1.80300,10
5010,1.84175,0.92500,1.45700,1.67800,10
5011,1.85990,0.94600,1.47300,1.68300,10
5012,2.02548,0.95900,1.50100,1.83200,10
5013,1.87209,1.01700,1.51300,1.66600,10
5014,1.88873,0.91200,1.56700,1.67200,10
5015,1.77181,0.88600,1.51400,1.65500,10
5016,1.86277,0.85900,1.49300,1.66600,10
5017,1.94614,0.91900,1.59600,1.67900,10
5018,1.75675,0.91800,1.55700,1.66700,10
5019,1.91626,0.92600,1.54600,1.66800,10
5020,1.79308,1.02800,1.54200,1.67800,10
5021,2.04892,0.92100,1.61800,1.83400,10
5022,1.88385,0.91500,1.58900,1.64400,10
5023,1.73189,0.86300,1.56400,1.65400,10
5024,1.86868,0.90100,1.59000,1.66800,10
5025,1.99792,0.90000,1.73700,1.67700,10
5026,1.82475,1.07400,1.73800,1.68900,10
5027,2.11144,1.16600,1.62000,1.68400,10
5028,1.57873,1.16600,1.52600,1.68400,10
5029,2.08920,1.00200,1.58500,1.86000,10
5030,1.73504,0.96400,1.47200,1.66200,10
5031,1.83983,0.86900,1.44700,1.68200,10
5032,3.55644,0.88000,1.55500,1.66000,10
5033,1.84163,1.00900,1.51400,1.65200,10
5034,1.77575,1.07700,1.47600,1.63600,10
5035,1.75943,1.15200,1.40200,1.66500,10
5036,1.86106,1.07300,1.43000,1.66400,10
5037,2.00303,1.01200,1.59200,1.66900,10
5038,1.97929,1.05600,1.52400,1.85200,10
5039,1.78676,1.06900,1.51900,1.66900,10
5040,1.89226,0.96400,1.50200,1.68400,10
5041,1.85132,0.93800,1.50800,1.69200,10
5042,1.81770,0.95700,1.45000,1.67600,10
5043,1.83577,0.95600,1.43800,1.66400,10
5044,2.14444,0.89500,1.61100,1.81900,10
5045,1.78930,0.91800,1.51500,1.64100,10
5046,2.16130,0.95200,1.66700,1.88700,10
5047,1.88126,1.11000,1.68400,1.69900,10
5048,1.82042,1.06900,1.69300,1.66400,10
5049,1.71802,1.02600,1.59300,1.66100,10
5050,1.99861,1.02900,1.69800,1.69800,10
5051,1.70873,1.06000,1.56500,1.69800,10
5052,2.13492,1.00900,1.88100,1.66200,10
5053,2.38167,1.01200,2.38100,1.69000,10
5054,2.36016,1.05200,2.34300,1.93500,10
5055,2.10120,1.11400,2.09200,1.70700,10
5056,2.00288,1.34100,1.98200,1.72600,10
5057,2.13169,1.38000,2.09400,1.68400,10
5058,2.02555,1.50700,2.02500,1.69300,10
5059,2.36879,1.38800,2.35600,1.71600,10
5060,2.55303,1.31500,2.53800,1.84400,10
5061,2.10555,1.24700,2.10200,1.70200,10
5062,1.84878,1.26100,1.85000,1.88600,10
5063,1.87411,1.15100,1.86900,1.68100,10
5064,1.89174,1.19300,1.87900,1.70100,10
5065,1.89060,1.41200,1.84900,1.68900,10
5066,1.67334,1.59300,1.65400,1.70000,10
5067,1.59059,1.37700,1.61500,1.67700,10
5068,1.65209,1.21200,1.55200,1.67700,10
5069,1.80361,1.19400,1.49600,1.66100,10
5070,1.97783,1.17300,1.64900,1.65600,10
5071,1.76160,1.14800,1.57300,1.66500,10
5072,2.06153,1.13500,1.56900,1.86100,10
5073,4.38779,1.05400,1.60400,1.74100,10
5074,3.12656,1.27400,3.82800,1.69200,10
5075,2.03832,1.35200,2.00800,1.85400,10
5076,2.47318,1.20800,2.48100,1.69900,10
5077,2.07638,1.13300,2.05000,1.70800,10
5078,1.81483,1.21400,1.83300,1.68200,10
5079,2.05980,1.21500,2.01000,1.67800,10
5080,2.33610,1.85700,2.32200,1.74800,10
5081,1.73047,1.49400,1.75900,1.67400,10
5082,1.92516,1.22600,1.86700,1.69800,10
5083,2.12779,1.53600,2.14100,1.68700,10
5084,2.45501,1.51000,2.40000,1.68300,10
5085,1.93544,1.40400,1.96700,1.69600,10
5086,2.13144,1.36600,2.13800,1.88700,10
5087,2.11088,1.14700,2.09100,1.65700,10
5088,2.08469,1.32400,2.07500,1.69600,10
5089,2.47729,1.20200,2.46400,1.68400,10
5090,2.63611,1.19100,2.60200,1.65700,10
5091,2.43038,1.22000,2.44000,1.80300,10
5092,2.56036,1.12700,2.54400,1.67300,10
5093,2.73041,1.15000,2.42900,1.66100,10
5094,1.95444,1.07600,1.88400,1.70100,10
5095,1.79744,1.73600,1.81600,1.68300,10
5096,2.00890,1.47300,2.01700,1.67400,10
5097,2.72131,1.26800,2.72800,1.73000,10
5098,2.34743,1.08300,2.32100,1.68900,10
5099,1.98155,1.16700,1.98300,1.69700,10
5100,1.89928,1.13000,1.89800,1.86800,10
5101,1.93233,1.05300,1.89800,1.69800,10
5102,2.07473,1.33500,2.07300,1.72600,10
5103,2.22932,1.29000,2.20400,1.70100,10
5104,2.09200,1.32000,2.09900,1.77200,10
5105,2.46974,1.24900,2.43800,1.77200,10
5106,2.34071,1.09800,2.21800,1.84300,10
5107,1.99033,1.14100,2.00500,1.84300,10
5108,2.82832,1.12200,2.81700,1.84300,10
5109,1.70752,1.15700,1.70200,1.93900,10
5110,1.74609,1.12000,1.59900,1.84400,10
5111,1.83753,1.00800,1.54300,1.67000,10
5112,1.77372,0.94400,1.47800,1.68500,10
5113,2.05814,0.92500,1.70600,1.63900,10
5114,2.15215,0.92900,2.13700,1.68700,10
5115,2.71680,1.03500,1.73000,1.68700,10
5116,1.62490,1.00900,1.45700,1.64900,10
5117,2.09643,0.93800,1.54500,1.82700,10
5118,1.88566,0.93400,1.60600,1.66900,10
5119,1.72082,0.90600,1.51300,1.63800,10
5120,1.82897,0.83700,1.41500,1.68700,10
5121,1.84587,0.80000,1.44900,1.66800,10
5122,1.93466,0.87100,1.48400,1.67400,10
5123,2.03772,0.89900,1.52200,1.83100,10
5124,1.94343,1.00900,1.60500,1.65800,10
5125,2.14919,1.06600,1.78100,1.65700,10
5126,2.03217,0.99500,1.99000,1.68000,10
5127,1.92465,0.99700,1.91900,1.65800,10
5128,1.93844,0.95300,1.93200,1.71400,10
5129,2.03177,0.97300,2.02700,1.70900,10
5130,1.93593,1.02500,1.91400,1.68200,10
5131,1.94553,0.95600,1.93100,1.68200,10
5132,1.71889,0.97300,1.71500,1.68500,10
5133,1.65528,0.87100,1.62800,1.68500,10
5134,1.60208,0.93900,1.39200,1.85200,10
5135,1.96188,0.87400,1.50200,1.66800,10
5136,1.94412,0.90100,1.60700,1.66200,10
5137,1.94747,0.97600,1.74600,1.66100,10
5138,1.84825,0.91700,1.74900,1.66100,10
5139,1.65442,0.91100,1.51400,1.70100,10
5140,2.23072,0.87400,1.70800,1.64800,10
5141,1.96939,1.04600,1.88800,1.64500,10
5142,2.01944,1.02900,2.00500,1.83400,10
5143,1.72038,1.04000,1.71300,1.66900,10
5144,1.71061,1.02800,1.66800,1.66900,10
5145,1.89710,0.91100,1.71900,1.68600,10
5146,2.19990,0.95700,2.10200,1.67600,10
5147,1.89672,0.89200,1.89300,1.68900,10
5148,1.81179,0.92500,1.78500,1.69100,10
5149,1.88405,0.94500,1.88000,1.65800,10
5150,1.76862,0.97900,1.77700,1.67300,10
5151,1.69614,0.92700,1.69700,1.67300,10
5152,1.70529,0.85100,1.52000,1.85600,10
5153,1.85315,0.91400,1.52100,1.65700,10
5154,1.70224,0.87200,1.40600,1.66900,10
5155,1.88880,0.90000,1.43500,1.67400,10
5156,2.63666,0.82900,1.44800,1.67600,10
5157,2.11816,0.89300,2.66300,1.67700,10
5158,2.14087,0.91500,1.48900,1.82500,10
5159,1.97297,0.97100,1.59500,1.68200,10
5160,1.98504,0.91300,1.52500,1.83500,10
5161,1.87821,0.97800,1.55100,1.65900,10
5162,1.88910,0.92400,1.61900,1.67200,10
5163,1.72307,0.92600,1.55000,1.67400,10
5164,1.77386,0.95000,1.46500,1.66500,10
5165,2.00784,0.92700,1.58300,1.69900,10
5166,1.97252,0.89000,1.72100,1.67300,10
5167,1.60501,0.96800,1.49100,1.67300,10
5168,1.75187,0.96700,1.40700,1.68300,10
5169,2.05396,0.85600,1.43600,1.85000,10
5170,1.79848,0.84700,1.36700,1.66800,10
5171,2.05515,0.86900,1.58500,1.63900,10
5172,1.73563,0.84000,1.49600,1.65100,10
5173,1.80348,1.08800,1.44900,1.66100,10
5174,1.96032,1.00300,1.58400,1.64900,10
5175,1.77074,0.86700,1.55900,1.67800,10
5176,3.04275,0.99200,1.41900,1.87700,10
5177,2.07000,0.89500,1.43900,1.84500,10
5178,1.88614,0.86400,1.53700,1.66200,10
5179,1.93519,0.84800,1.61900,1.65100,10
5180,1.60013,0.84700,1.38800,1.68800,10
5181,1.83135,0.84600,1.35500,1.66000,10
5182,1.93563,0.83100,1.44500,1.69000,10
5183,2.05450,1.17200,1.74600,1.63600,10
5184,1.61267,1.29100,1.51800,1.63600,10
5185,1.87629,1.21800,1.54300,1.65800,10
5186,1.98389,1.07100,1.55800,1.83000,10
5187,1.84155,1.14300,1.59900,1.64800,10
5188,1.84101,1.09400,1.59400,1.66700,10
5189,1.81885,1.09700,1.58200,1.64400,10
5190,1.83068,1.11200,1.59200,1.64500,10
5191,1.65524,1.00900,1.41600,1.65500,10
5192,1.92017,0.89200,1.51800,1.65300,10
5193,2.05665,0.86500,1.61900,1.79000,10
5194,1.70369,0.86100,1.51200,1.62700,10
5195,1.96521,0.89200,1.39200,1.90200,10
5196,1.80104,0.96700,1.34800,1.67800,10
5197,1.81931,0.89000,1.31200,1.66100,10
5198,3.12005,0.87300,1.30700,1.69500,10
5199,1.86535,0.89700,1.34000,1.65800,10
5200,1.79926,0.85600,1.34900,1.64700,10
5201,1.86860,0.83100,1.36900,1.67500,10
5202,1.84248,0.90800,1.38100,1.67400,10
5203,1.89690,0.93700,1.44600,1.66000,10
5204,1.99758,0.84700,1.43700,1.85600,10
5205,1.82709,0.84200,1.42000,1.68300,10
5206,1.83754,0.84300,1.40400,1.65700,10
5207,1.87718,0.86300,1.42400,1.67800,10
5208,1.81508,0.81600,1.37200,1.69900,10
5209,1.85597,0.79900,1.39200,1.66800,10
5210,1.97311,0.80400,1.37800,1.80100,10
5211,1.79001,0.99200,1.35900,1.64800,10
5212,2.07925,1.09300,1.38900,1.86600,10
5213,1.81286,1.06600,1.38600,1.64200,10
5214,1.80101,1.12600,1.39400,1.65400,10
5215,1.87645,1.07800,1.38600,1.66800,10
5216,1.93491,0.92000,1.49200,1.67200,10
5217,1.94926,0.84200,1.55100,1.65100,10
5218,1.73457,0.82900,1.44700,1.72200,10
5219,1.83696,0.78800,1.44800,1.64900,10
5220,1.77816,0.89800,1.44500,1.63100,10
5221,2.17105,0.94900,1.48400,1.65300,10
5222,1.75853,1.60300,1.50300,1.65300,10
5223,1.91370,1.35200,1.58600,1.65800,10
5224,1.73147,1.23700,1.52300,1.64300,10
5225,1.84056,1.10100,1.51400,1.67700,10
5226,1.85825,1.11600,1.51800,1.65200,10
5227,1.80901,1.01000,1.47100,1.67200,10
5228,2.00732,0.94200,1.50300,1.80600,10
5229,1.85816,0.91700,1.46900,1.66000,10
5230,2.08224,1.17300,1.48200,1.90700,10
5231,1.77628,1.03800,1.43300,1.69200,10
5232,1.99904,0.97500,1.58100,1.64900,10
5233,1.94700,1.01800,1.89400,1.64500,10
5234,1.50953,0.93600,1.43400,1.64500,10
5235,1.84304,0.85700,1.38200,1.69600,10
5236,1.79186,0.90200,1.39500,1.65300,10
5237,1.93295,0.84700,1.47000,1.66000,10
5238,1.76821,0.86100,1.41700,1.65800,10
5239,3.10420,0.85800,1.39500,1.83600,10
5240,1.91356,0.89200,1.41100,1.66300,10
5241,1.85937,1.00100,1.42000,1.68800,10
5242,1.87777,0.97700,1.46400,1.67700,10
5243,1.76453,0.97700,1.34800,1.68600,10
5244,1.85334,0.91400,1.35700,1.66900,10
5245,1.95574,0.87100,1.33600,1.80200,10
5246,1.83363,0.84000,1.33600,1.63900,10
5247,2.07570,0.89800,1.38600,1.87500,10
5248,1.77437,0.96300,1.33500,1.65200,10
5249,1.82707,0.91900,1.35400,1.66300,10
5250,1.87593,0.92000,1.37000,1.66700,10
5251,1.86624,0.93400,1.37800,1.65800,10
5252,1.76022,0.92600,1.32000,1.66800,10
5253,1.89623,0.91900,1.34700,1.67300,10
5254,1.80999,0.91800,1.34900,1.65800,10
5255,2.01329,0.92400,1.47200,1.68900,10
5256,1.81686,1.07500,1.54200,1.66600,10
5257,2.10536,1.03600,1.56600,1.85900,10
5258,1.82218,0.94300,1.55700,1.65800,10
5259,1.71968,0.93900,1.42700,1.65400,10
5260,1.79360,0.87700,1.38700,1.66800,10
5261,1.88012,0.85900,1.36100,1.66600,10
5262,1.81989,0.84300,1.33300,1.67500,10
5263,1.96058,0.82800,1.30600,1.81200,10
5264,1.94360,0.85500,1.37700,1.65400,10
5265,2.02094,0.89200,1.37100,1.87300,10
5266,1.75118,0.94200,1.31500,1.65100,10
5267,1.90185,0.87100,1.34800,1.66300,10
5268,1.83573,0.85500,1.37200,1.67200,10
5269,1.81686,0.84400,1.33200,1.64300,10
5270,1.90563,0.83100,1.35500,1.71100,10
5271,1.80820,0.81900,1.35000,1.68100,10
5272,1.87725,0.79200,1.36000,1.67500,10
5273,1.94926,0.86100,1.48400,1.65800,10
5274,2.00363,0.88800,1.45700,1.85800,10
5275,1.92961,0.85800,1.48200,1.69900,10
5276,1.81808,0.87000,1.47500,1.66500,10
5277,1.84296,0.81700,1.44900,1.67100,10
5278,1.92481,0.87000,1.53800,1.70500,10
5279,3.98947,0.85700,1.41800,1.75300,10
5280,2.65442,0.84800,3.28400,1.81700,10
5281,1.83982,0.92700,1.69600,1.71400,10
5282,1.91996,0.89500,1.56800,1.66400,10
5283,1.68969,0.87000,1.46300,1.63000,10
5284,1.86921,0.84200,1.48700,1.65800,10
5285,1.88745,0.83600,1.54300,1.66300,10
5286,1.71659,0.89300,1.43500,1.65900,10
5287,1.89812,0.87100,1.46500,1.67900,10
5288,1.86026,0.82600,1.48700,1.64600,10
5289,1.84786,0.82100,1.50600,1.65400,10
5290,1.93309,0.83000,1.60500,1.66000,10
5291,1.86233,0.83000,1.41200,1.84900,10
5292,1.85921,0.90800,1.39100,1.67900,10
5293,1.89719,0.90700,1.47500,1.65700,10
5294,1.84733,0.84500,1.52900,1.66900,10
5295,1.95521,0.87400,1.61900,1.66600,10
5296,1.70759,0.90800,1.58100,1.64600,10
5297,1.99810,0.87000,1.53300,1.83500,10
5298,1.79536,0.89800,1.49500,1.65600,10
5299,1.96687,0.87800,1.46300,1.84500,10
5300,1.84459,0.83400,1.47500,1.64500,10
5301,1.86772,0.88600,1.44900,1.71400,10
5302,1.76739,0.82700,1.36800,1.67400,10
5303,1.87094,0.88200,1.37800,1.67300,10
5304,2.18526,0.90900,1.71500,1.65100,10
5305,1.89190,0.87500,1.86800,1.63800,10
5306,2.09872,0.83700,2.08800,1.70300,10
5307,2.15134,0.83300,2.14800,1.69900,10
5308,1.84483,0.84700,1.84600,1.89100,10
5309,1.53147,0.87500,1.52600,1.64400,10
5310,1.58027,0.88200,1.56100,1.64400,10
5311,1.64516,0.88600,1.42800,1.64100,10
5312,1.84649,0.87700,1.39400,1.68100,10
5313,1.89765,0.85600,1.42500,1.69800,10
5314,1.82887,0.82700,1.41300,1.64700,10
5315,1.99151,0.87100,1.42900,1.81300,10
5316,2.05058,0.84700,1.58800,1.66600,10
5317,1.87775,0.90900,1.46100,1.91400,10
5318,1.76849,0.90500,1.34000,1.68700,10
5319,1.89708,0.90000,1.42600,1.65600,10
5320,1.81875,0.95100,1.41500,1.65900,10
5321,3.73945,0.84700,1.98000,1.64800,10
5322,1.97267,0.83100,1.96900,1.70500,10
5323,1.81230,0.92300,1.78800,1.66100,10
5324,1.74919,0.89700,1.75400,1.69200,10
5325,1.65441,0.86800,1.63500,1.69200,10
5326,1.80621,0.88700,1.61200,1.84400,10
5327,1.77314,0.86300,1.59800,1.65400,10
5328,1.82726,0.89000,1.61600,1.66700,10
5329,1.88050,0.83100,1.67000,1.67500,10
5330,1.78884,0.87700,1.60100,1.67600,10
5331,1.96299,0.87100,1.84000,1.67300,10
5332,1.92842,0.83500,1.71600,1.64000,10
5333,1.70232,1.06800,1.54500,1.64000,10
5334,2.05160,0.93200,1.54800,1.88300,10
5335,1.88841,0.89200,1.58700,1.66700,10
5336,1.72701,0.83700,1.44500,1.66600,10
5337,1.85257,0.82100,1.44100,1.66000,10
5338,1.75182,0.80800,1.36400,1.64300,10
5339,1.82618,0.88300,1.33000,1.66700,10
5340,1.82356,0.89700,1.34400,1.64500,10
5341,1.83547,0.83000,1.35700,1.65400,10
5342,1.83299,0.84800,1.34100,1.67200,10
5343,1.83128,0.80700,1.31800,1.66800,10
5344,2.05263,0.88800,1.35900,1.86800,10
5345,1.82573,0.84900,1.35000,1.64800,10
5346,1.79622,0.86600,1.31400,1.63600,10
5347,1.84661,0.90900,1.32800,1.65700,10
5348,1.90803,0.96200,1.41800,1.67500,10
5349,1.93760,0.86600,1.48400,1.64300,10
5350,1.84632,0.87000,1.36400,1.82100,10
5351,1.91669,0.81800,1.37100,1.65600,10
5352,2.48434,0.89100,1.94500,1.63800,10
5353,1.97095,0.86000,1.96600,1.64000,10
5354,1.74394,0.83600,1.73200,1.65900,10
5355,1.61715,0.81600,1.60200,1.65800,10
5356,1.52971,0.85000,1.47200,1.65800,10
5357,1.79678,0.84900,1.37300,1.68600,10
5358,1.86135,0.88700,1.37900,1.65100,10
5359,1.79912,0.90200,1.35100,1.68300,10
5360,1.78903,0.85100,1.35100,1.64000,10
5361,2.12679,0.86700,1.42200,1.85400,10
5362,2.25984,0.84900,1.43600,1.67200,10
5363,2.18886,0.86900,2.37100,1.72200,10
5364,1.95066,0.91800,1.49800,1.63600,10
5365,1.88421,0.87000,1.47200,1.68800,10
5366,1.88610,0.81700,1.56800,1.65500,10
5367,1.96472,0.94000,1.54000,1.80800,10
5368,1.78388,0.88100,1.47700,1.65900,10
5369,10.63391,0.84800,1.43500,1.67800,10
5370,2.66728,0.83300,11.24400,1.91700,10
5371,1.91504,0.99400,1.51900,1.66300,10
5372,1.81297,0.88800,1.51600,1.67400,10
5373,1.79849,0.86200,1.48800,1.65300,10
5374,2.11139,0.83700,1.56800,1.84400,10
5375,1.70591,0.82900,1.47500,1.65500,10
5376,1.85691,0.84600,1.47900,1.66100,10
5377,1.80375,0.81100,1.44400,1.65300,10
5378,2.02949,0.89700,1.64200,1.66600,10
5379,1.84321,0.86800,1.66100,1.66400,10
5380,1.86717,0.85200,1.57900,1.81600,10
5381,1.95865,1.02000,1.58400,1.65000,10
5382,3.16959,0.97800,1.56200,1.92400,10
5383,2.25721,0.89800,1.98400,1.64300,10
5384,1.92860,0.86500,1.91100,1.66200,10
5385,1.69671,0.98900,1.70900,1.71400,10
5386,1.51979,0.88600,1.51900,1.71400,10
5387,1.71700,0.85600,1.46600,1.63400,10
5388,1.75764,0.90100,1.40500,1.66900,10
5389,1.89535,0.91000,1.40200,1.69300,10
5390,1.77380,0.87200,1.40000,1.63400,10
5391,2.06825,0.85400,1.42000,1.84000,10
5392,1.78014,0.92000,1.38800,1.65600,10
5393,1.95026,0.87200,1.51300,1.66000,10
5394,1.93619,0.88100,1.65200,1.65900,10
5395,1.71329,0.81600,1.51700,1.69300,10
5396,1.74751,0.87600,1.43300,1.66100,10
5397,2.08336,0.87000,1.53200,1.80800,10
5398,1.79748,0.87800,1.48900,1.66200,10
5399,10.49251,0.84900,1.35500,1.67600,10
5400,2.26813,0.90400,10.87800,1.89700,10
5401,1.86070,0.83800,1.55000,1.64300,10
5402,1.77724,0.92600,1.52600,1.63900,10
5403,1.82888,0.91100,1.53500,1.65500,10
5404,2.57884,0.81400,1.40400,1.84600,10
5405,2.36777,0.96400,2.81000,1.66600,10
5406,1.82378,0.89800,1.55200,1.62300,10
5407,1.86935,0.90500,1.55000,1.67500,10
5408,1.86029,0.85100,1.53800,1.68100,10
5409,2.12416,1.01400,1.67300,1.83800,10
5410,1.76236,1.04000,1.57600,1.66800,10
5411,1.80225,1.03200,1.54600,1.66800,10
5412,1.96434,1.04700,1.47100,1.84600,10
5413,1.87924,1.03500,1.56400,1.64500,10
5414,1.82190,1.13200,1.55500,1.64700,10
5415,1.94906,1.12900,1.67400,1.65800,10
5416,1.80611,1.58800,1.53400,1.65800,10
5417,1.78759,1.47400,1.49100,1.70300,10
5418,2.36949,1.14000,2.12600,1.68600,10
5419,1.96573,1.15200,1.96900,1.68300,10
5420,2.01349,1.09300,1.98800,1.85900,10
5421,1.83947,1.25100,1.81800,1.67000,10
5422,1.50360,1.30200,1.50900,1.65000,10
5423,1.62985,1.15300,1.43600,1.65000,10
5424,1.96790,1.13900,1.53000,1.67800,10
5425,1.71461,0.96200,1.46900,1.63900,10
5426,1.87499,0.91200,1.50700,1.68300,10
5427,1.96638,0.96600,1.40800,1.82900,10
5428,1.84888,0.98900,1.50500,1.66500,10
5429,1.85658,0.92200,1.44500,1.70200,10
5430,2.01104,0.90800,1.42400,1.84800,10
5431,1.89856,0.88000,1.47000,1.66600,10
5432,1.83226,0.87800,1.46500,1.63900,10
5433,1.76579,0.89600,1.38400,1.65300,10
5434,2.19823,0.93200,1.69100,1.68800,10
5435,2.18738,0.89600,2.16900,1.68800,10
5436,1.66482,0.87500,1.66200,1.64700,10
5437,1.53079,0.85300,1.53300,1.64700,10
5438,1.73404,0.87900,1.47100,1.67400,10
5439,2.09240,0.84400,1.48500,1.87400,10
5440,1.96373,0.82600,1.62800,1.67200,10
5441,1.74701,0.82900,1.57700,1.62600,10
5442,2.11813,0.94200,1.89600,1.71100,10
5443,1.91843,0.92900,1.91300,1.68900,10
5444,1.79757,0.84000,1.79500,1.81900,10
5445,1.75699,0.84700,1.68900,1.81900,10
5446,3.01529,0.84700,1.66200,1.67200,10
5447,2.02585,0.83800,1.66000,1.86600,10
5448,1.81960,0.82600,1.61400,1.65900,10
5449,1.89454,0.83300,1.67700,1.67200,10
5450,1.82025,0.94100,1.71900,1.65900,10
5451,1.70178,0.93500,1.56700,1.65900,10
5452,1.82611,1.00700,1.52600,1.68300,10
5453,1.77755,1.01000,1.48700,1.64800,10
5454,1.84405,1.01600,1.46700,1.66100,10
5455,1.85057,1.02800,1.48000,1.65500,10
5456,1.96291,1.01000,1.41100,1.85800,10
5457,1.86776,0.96600,1.44000,1.66200,10
5458,1.84099,0.87800,1.43400,1.64900,10
5459,1.76695,0.92700,1.41100,1.65700,10
5460,1.90715,0.84000,1.46500,1.66300,10
5461,1.83179,0.81700,1.42000,1.70600,10
5462,2.14772,0.84600,1.57000,1.81400,10
5463,1.89929,0.86400,1.70800,1.66000,10
5464,1.81647,0.86200,1.62700,1.68200,10
5465,2.04848,0.90700,1.65100,1.85600,10
5466,1.91748,0.96800,1.69400,1.65300,10
5467,1.73586,1.17200,1.61900,1.67100,10
5468,1.90179,0.99200,1.69800,1.66300,10
5469,2.44504,0.99700,2.27200,1.65200,10
5470,2.19875,0.86700,2.18800,1.69000,10
5471,1.70855,0.86100,1.67100,1.66300,10
5472,1.76803,0.94200,1.76700,1.69600,10
5473,1.66182,0.86900,1.66100,1.81700,10
5474,1.71687,0.89600,1.65200,1.81700,10
5475,1.81518,0.91600,1.62800,1.69000,10
5476,1.85114,0.85000,1.60800,1.67800,10
5477,1.90287,0.91200,1.67300,1.65000,10
5478,1.85346,0.89500,1.66800,1.68400,10
5479,1.85383,0.88000,1.68600,1.68900,10
5480,2.06668,0.86800,1.72800,1.66700,10
5481,1.85734,1.01900,1.75100,1.67900,10
5482,2.09254,1.10800,1.95200,1.83900,10
5483,1.91234,0.94200,1.92200,1.68800,10
5484,1.75773,0.88400,1.74400,1.68800,10
5485,3.95849,0.85500,1.87700,1.66400,10
5486,1.55034,0.87300,1.50600,1.66400,10
5487,2.68737,0.82300,1.39600,1.82800,10
5488,2.22955,0.83400,2.88000,1.69300,10
5489,10.61589,0.82700,1.45800,1.65100,10
5490,2.28237,0.83100,10.86300,1.89400,10
5491,2.04844,0.91600,1.44100,1.78400,10
5492,1.81792,0.87000,1.36800,1.66500,10
5493,1.82855,0.87500,1.35400,1.69200,10
5494,2.00148,0.87600,1.39300,1.80900,10
5495,1.81460,0.83200,1.38800,1.63900,10
5496,2.04785,1.03300,1.40300,1.82800,10
5497,1.82371,0.88600,1.41200,1.68500,10
5498,1.84397,0.82200,1.39400,1.67800,10
5499,1.92960,0.85900,1.45600,1.65300,10
5500,2.04024,0.88500,1.66700,1.68000,10
5501,1.62223,0.84500,1.50100,1.67000,10
5502,1.77637,0.83200,1.47800,1.66700,10
5503,2.18532,0.83100,1.60900,1.83400,10
5504,1.95256,0.82500,1.77400,1.64200,10
5505,1.66495,0.83300,1.61200,1.64200,10
5506,1.70460,0.79500,1.53300,1.63700,10
5507,1.96686,0.84200,1.57400,1.68600,10
5508,1.67135,0.82800,1.45900,1.65600,10
5509,2.02600,0.83500,1.48500,1.81000,10
5510,1.77800,0.84000,1.40000,1.65700,10
5511,1.86939,0.80400,1.42600,1.65300,10
5512,2.04400,0.86300,1.40400,1.87600,10
5513,1.81802,0.88700,1.44200,1.64100,10
5514,1.93213,0.88600,1.53800,1.65200,10
5515,1.75095,0.82000,1.47600,1.66100,10
5516,1.92161,0.86800,1.51400,1.70200,10
5517,1.76109,0.86800,1.44700,1.64900,10
5518,1.90834,0.86700,1.51300,1.65500,10
5519,1.86431,0.80300,1.55000,1.64300,10
5520,1.72697,0.82800,1.48700,1.65800,10
5521,2.14565,0.86700,1.57700,1.87100,10
5522,1.75726,0.83500,1.50200,1.66400,10
5523,1.78482,0.81500,1.47000,1.63200,10
5524,1.88064,0.84000,1.48000,1.67400,10
5525,1.82794,0.91300,1.47000,1.67700,10
5526,1.87898,0.88300,1.53900,1.65600,10
5527,2.05749,0.81700,1.60200,1.80600,10
5528,2.78711,0.96500,1.52900,1.68700,10
5529,2.63699,0.83800,3.43300,1.67000,10
5530,1.72487,0.85100,1.55800,1.66000,10
5531,1.82346,0.86300,1.51400,1.67500,10
5532,1.97344,0.83900,1.66700,1.65200,10
5533,1.81387,0.79900,1.67400,1.67200,10
5534,1.61384,0.83300,1.48900,1.62900,10
5535,1.92310,0.85900,1.52900,1.66200,10
5536,1.79119,0.79700,1.49100,1.65300,10
5537,1.94428,0.89100,1.55100,1.69100,10
5538,1.96811,1.02000,1.55100,1.83500,10
5539,1.81019,1.04100,1.54700,1.64500,10
5540,1.85863,0.86000,1.59700,1.65300,10
5541,1.95347,0.85400,1.69500,1.68800,10
5542,1.95556,0.95600,1.80000,1.68600,10
5543,1.59213,0.98300,1.52800,1.65000,10
5544,2.02066,0.87400,1.56800,1.79500,10
5545,1.80477,0.83800,1.54200,1.66100,10
5546,1.86588,0.85800,1.57500,1.67400,10
5547,2.13136,0.87800,1.64800,1.86100,10
5548,1.71599,0.91800,1.56000,1.65300,10
5549,1.85010,0.89100,1.54200,1.67600,10
5550,1.88998,0.87300,1.59600,1.67300,10
5551,1.81729,0.87400,1.55000,1.67100,10
5552,1.80485,0.86000,1.50800,1.65500,10
5553,1.90318,0.86400,1.57700,1.66600,10
5554,1.85575,0.81800,1.61900,1.65700,10
5555,1.73395,0.92100,1.44800,1.67700,10
5556,2.06434,0.87000,1.46600,1.86100,10
5557,1.71673,0.83700,1.36300,1.66700,10
5558,1.92078,0.88200,1.42200,1.67000,10
5559,1.91360,1.02100,1.51300,1.64600,10
5560,2.08373,1.05200,1.79700,1.67300,10
5561,10.50744,0.97200,1.51200,1.67300,10
5562,2.81199,0.99700,11.52200,1.65000,10
5563,2.08375,1.19000,1.95300,1.67200,10
5564,2.45543,1.26600,2.43900,1.70100,10
5565,2.44100,1.21700,2.40100,1.68100,10
5566,1.96317,0.99000,1.96300,1.68700,10
5567,1.94618,0.95200,1.92200,1.83900,10
5568,1.91963,1.03600,1.91600,1.66900,10
5569,2.62835,0.95400,1.67000,1.66900,10
5570,2.40426,0.90500,3.13300,1.72900,10
5571,1.94606,0.94000,1.67300,1.65400,10
5572,2.19157,0.92200,1.86500,1.64400,10
5573,1.90785,0.99400,1.89600,1.64400,10
5574,1.79873,0.93300,1.79500,1.66600,10
5575,1.89994,0.90800,1.88800,1.86300,10
5576,2.15000,0.89300,2.14600,1.66300,10
5577,2.10199,0.88200,2.09600,1.68800,10
5578,1.93415,0.86800,1.92000,1.70200,10
5579,1.86876,0.87100,1.86000,1.71900,10
5580,1.84485,0.82600,1.84200,1.72400,10
5581,1.52660,0.89400,1.50900,1.65800,10
5582,1.49696,0.86200,1.45200,1.65800,10
5583,1.84608,0.79300,1.50200,1.66400,10
5584,2.06402,0.80700,1.49800,1.84900,10
5585,1.80949,0.79900,1.48800,1.66500,10
5586,1.77512,0.80000,1.46300,1.63900,10
5587,1.77610,0.82000,1.40900,1.65400,10
5588,2.67997,0.79300,1.40900,1.71600,10
5589,1.76379,0.81300,1.39700,1.65900,10
5590,2.09145,0.81200,1.49500,1.81100,10
5591,1.75318,0.89800,1.37800,1.66000,10
5592,1.82720,0.87100,1.35200,1.69500,10
5593,2.05240,0.87600,1.40100,1.83500,10
5594,1.93567,0.86800,1.48800,1.65800,10
5595,1.71876,0.80700,1.39900,1.65600,10
5596,1.91959,0.80100,1.44800,1.67700,10
5597,1.76629,0.80300,1.35600,1.69100,10
5598,1.81304,0.87400,1.34700,1.64000,10
5599,1.89677,0.84500,1.40400,1.65000,10
5600,1.80861,0.83700,1.38000,1.65500,10
5601,1.93721,0.89500,1.55600,1.64000,10
5602,1.91717,0.94100,1.36000,1.85600,10
5603,1.86802,0.92300,1.42500,1.68500,10
5604,1.79019,0.88400,1.33900,1.63400,10
5605,1.83306,0.82800,1.34900,1.66100,10
5606,1.85131,0.86500,1.36000,1.66900,10
5607,1.94217,0.82900,1.32500,1.82100,10
5608,2.01591,0.83100,1.51800,1.64900,10
5609,1.71483,0.90800,1.37800,1.67500,10
5610,1.83914,0.88000,1.36700,1.66500,10
5611,2.70160,0.82600,1.36700,1.90300,10
5612,1.81063,0.81900,1.37600,1.65000,10
5613,1.81865,0.83500,1.35000,1.66400,10
5614,1.89157,0.89200,1.34000,1.67700,10
5615,1.79416,0.88200,1.34200,1.65500,10
5616,1.81829,0.85500,1.36000,1.64500,10
5617,1.83037,0.83400,1.40400,1.63900,10
5618,1.80424,0.82000,1.33100,1.65300,10
5619,1.81645,0.81300,1.30400,1.67400,10
5620,2.14571,0.98700,1.41600,1.85800,10
5621,1.86418,0.93800,1.47100,1.66300,10
5622,1.85774,0.85800,1.48300,1.67100,10
5623,1.77647,0.83400,1.38800,1.67100,10
5624,1.87333,0.81400,1.39400,1.65000,10
5625,2.00108,0.81300,1.38400,1.84200,10
5626,1.86541,0.94700,1.40400,1.67300,10
5627,1.81242,0.84100,1.34100,1.67000,10
5628,1.97910,0.90200,1.33000,1.83600,10
5629,1.85396,0.86400,1.35600,1.66300,10
5630,1.80782,0.86200,1.36000,1.66500,10
5631,1.83556,0.84700,1.37200,1.64900,10
5632,1.84401,0.88000,1.34200,1.67400,10
5633,1.85553,0.93000,1.39100,1.63800,10
5634,1.94070,0.90300,1.65700,1.66000,10
5635,1.69058,0.82300,1.38100,1.65600,10
5636,1.92866,0.82800,1.41100,1.68400,10
5637,2.06614,0.93300,1.52300,1.82500,10
5638,1.82237,0.84400,1.50800,1.65400,10
5639,1.98297,0.91700,1.66600,1.64500,10
5640,1.99778,0.88500,2.00100,1.68600,10
5641,1.55688,0.93700,1.55600,1.68600,10
5642,1.75172,0.84900,1.46800,1.65200,10
5643,1.97476,0.83700,1.50900,1.79800,10
5644,1.77992,0.82600,1.45300,1.65000,10
5645,1.88651,0.88400,1.46700,1.70600,10
5646,1.96906,0.85000,1.42900,1.82400,10
5647,1.86134,0.81900,1.44300,1.67800,10
5648,2.39955,0.91800,2.03700,1.65000,10
5649,2.32615,0.94000,2.33500,1.71100,10
5650,2.57161,0.86000,2.57100,1.68400,10
5651,2.42889,0.88400,2.42200,1.72300,10
5652,2.09226,0.81500,2.09000,1.67400,10
5653,1.83447,0.85000,1.83100,1.85200,10
5654,2.83110,0.87600,1.74000,1.65400,10
5655,1.73282,0.87100,1.68800,1.65400,10
5656,1.73971,0.82500,1.54600,1.66400,10
5657,1.90772,0.84400,1.58000,1.67900,10
5658,1.82617,0.97600,1.54800,1.66300,10
5659,2.14626,0.91500,1.73900,1.65900,10
5660,1.61875,1.05300,1.51700,1.65900,10
5661,2.16736,0.98700,1.83000,1.69500,10
5662,1.81134,0.99900,1.72300,1.83000,10
5663,1.80136,0.87200,1.68200,1.65700,10
5664,1.85215,0.83000,1.69500,1.64300,10
5665,1.87037,0.79100,1.75800,1.67100,10
5666,1.84662,0.96000,1.68200,1.69700,10
5667,1.89843,0.95800,1.88200,1.65300,10
5668,1.78199,0.85500,1.75300,1.66000,10
5669,1.65339,0.90000,1.55400,1.66000,10
5670,1.80754,0.89900,1.48500,1.65800,10
5671,1.96930,0.88800,1.47400,1.82000,10
5672,1.83045,0.85900,1.47000,1.64200,10
5673,1.81008,0.82900,1.42600,1.67500,10
5674,1.85753,0.82900,1.44600,1.65600,10
5675,1.91767,0.87100,1.46100,1.69800,10
5676,1.79371,0.88400,1.43600,1.63900,10
5677,2.04220,0.90200,1.48600,1.82300,10
5678,1.90475,0.90000,1.57400,1.64800,10
5679,1.73579,0.86900,1.47300,1.67000,10
5680,2.08390,0.84800,1.48000,1.85800,10
5681,1.87280,0.82700,1.55300,1.66200,10
5682,1.73116,0.79800,1.45500,1.65300,10
5683,1.85607,0.82300,1.45000,1.66000,10
5684,1.86859,0.78700,1.46400,1.66900,10
5685,1.84847,0.90100,1.54600,1.64400,10
5686,1.74005,0.82200,1.46000,1.66200,10
5687,1.83112,0.79800,1.45800,1.64100,10
5688,1.72858,0.86800,1.38900,1.63400,10
5689,2.05838,0.85400,1.44500,1.83600,10
5690,1.86101,0.84400,1.49500,1.64800,10
5691,2.46829,0.82600,1.47000,1.65500,10
5692,2.26768,0.85700,2.74500,1.68400,10
5693,1.93363,0.91500,1.48200,1.64700,10
5694,1.92362,0.91600,1.43600,1.82000,10
5695,2.71010,0.92200,1.51700,1.68600,10
5696,2.48945,0.85600,3.06400,1.69300,10
5697,1.81079,0.87300,1.45100,1.84900,10
5698,1.91936,0.90100,1.55300,1.68000,10
5699,1.78313,1.04800,1.50500,1.62100,10
5700,2.34677,1.32100,1.91600,1.65200,10
5701,2.10782,1.48000,2.13500,1.70400,10
5702,1.98638,1.17700,1.98400,1.71300,10
5703,2.38323,1.06600,2.37800,1.71000,10
5704,2.37769,1.00300,2.37700,1.64900,10
5705,1.81770,0.98800,1.80100,1.68900,10
5706,1.81700,1.01600,1.82600,1.67400,10
5707,1.78510,0.96600,1.77800,1.70900,10
5708,1.83746,0.92200,1.82600,1.66500,10
5709,1.82773,0.89300,1.82100,1.68900,10
5710,1.82907,0.91100,1.75700,1.81400,10
5711,1.67451,1.65100,1.70500,1.68700,10
5712,1.98951,1.24600,1.85700,1.71000,10
5713,1.77220,1.36000,1.78200,1.71000,10
5714,1.84922,1.13700,1.64300,1.85400,10
5715,1.81314,0.96500,1.59100,1.62800,10
5716,1.91338,1.25200,1.62800,1.70000,10
5717,1.73113,1.18800,1.52800,1.66900,10
5718,1.88063,1.05100,1.49300,1.73100,10
5719,1.74911,0.95700,1.40300,1.65100,10
5720,1.96620,0.93600,1.51500,1.67300,10
5721,2.30435,0.98600,1.98600,1.66500,10
5722,1.55790,1.40800,1.57400,1.66500,10
5723,1.79859,1.14900,1.45400,1.84200,10
5724,1.92023,0.96200,1.51600,1.65700,10
5725,1.76924,1.39900,1.44700,1.67300,10
5726,1.78978,0.98500,1.41800,1.66300,10
5727,1.85082,0.87000,1.43000,1.66100,10
5728,1.99528,0.87500,1.43900,1.65800,10
5729,1.95291,1.04200,1.54800,1.66200,10
5730,1.86424,1.10400,1.52800,1.68600,10
5731,2.32372,1.11800,2.06000,1.85400,10
5732,1.69056,1.03600,1.69300,1.66300,10
5733,1.64361,0.92200,1.56900,1.66300,10
5734,1.79872,0.96100,1.51800,1.66800,10
5735,1.92106,0.99900,1.59300,1.67300,10
5736,1.73227,0.88500,1.53600,1.65000,10
5737,2.86298,0.80800,1.50000,1.69500,10
5738,1.71279,0.91900,1.37800,1.65700,10
5739,1.89766,0.97500,1.46100,1.65200,10
5740,2.04304,0.84000,1.45000,1.85800,10
5741,1.87940,0.81500,1.47600,1.66000,10
5742,1.79679,0.99100,1.43500,1.67500,10
5743,1.97423,1.12800,1.54500,1.68700,10
5744,1.72243,1.11500,1.47600,1.63400,10
5745,1.81151,0.91100,1.43500,1.66600,10
5746,2.06055,0.83700,1.52000,1.80100,10
5747,1.90286,0.80200,1.50500,1.66700,10
5748,1.79101,0.89000,1.48400,1.70900,10
5749,2.11499,0.90200,1.56500,1.83300,10
5750,1.70311,0.90100,1.51100,1.64200,10
5751,1.87698,0.88700,1.51200,1.67000,10
5752,1.81811,0.83300,1.50200,1.63700,10
5753,1.96390,0.85100,1.63700,1.67100,10
5754,1.82687,0.83500,1.63700,1.65300,10
5755,1.87518,0.81300,1.67700,1.65300,10
5756,1.75289,0.94100,1.63600,1.64900,10
5757,1.78368,0.97000,1.55600,1.64300,10
5758,1.99271,0.89600,1.53100,1.82700,10
5759,1.77842,0.88000,1.47200,1.65200,10
5760,1.91927,0.97500,1.57700,1.64900,10
5761,1.83167,0.80400,1.59900,1.66500,10
5762,1.74871,0.78000,1.49100,1.65700,10
5763,1.78314,0.79100,1.45100,1.65700,10
5764,2.01788,0.81500,1.48800,1.81800,10
5765,1.94290,1.03800,1.56500,1.65000,10
5766,1.84662,0.82700,1.54100,1.69900,10
5767,1.98503,0.92400,1.50400,1.85800,10
5768,1.73037,0.81700,1.37300,1.66400,10
5769,1.84032,0.85600,1.38100,1.66700,10
5770,1.85611,0.81500,1.42500,1.66400,10
5771,1.88412,0.80100,1.42700,1.69900,10
5772,1.96951,0.81100,1.56200,1.66500,10
5773,1.79991,0.90900,1.55800,1.63100,10
5774,1.65712,0.82800,1.43700,1.64400,10
5775,1.89926,0.91900,1.47000,1.66200,10
5776,2.07125,0.93500,1.54100,1.85000,10
5777,1.76851,0.92100,1.52500,1.63500,10
5778,2.73475,0.87500,1.50200,1.62100,10
5779,2.36361,0.86600,3.12500,1.66300,10
5780,1.70980,0.90200,1.61400,1.66300,10
5781,2.01560,0.87000,1.60400,1.82200,10
5782,1.77019,0.93200,1.53100,1.64000,10
5783,1.94576,0.93400,1.65800,1.68000,10
5784,2.02417,0.91000,1.68500,1.64200,10
5785,1.68172,0.83600,1.52300,1.64200,10
5786,1.85127,0.84200,1.50800,1.69900,10
5787,1.85135,0.79600,1.50900,1.67100,10
5788,1.85763,0.86600,1.53800,1.66000,10
5789,1.77806,0.93600,1.51700,1.63700,10
5790,1.83561,0.89000,1.50600,1.66900,10
5791,1.81642,0.85600,1.50800,1.65800,10
5792,2.04307,0.94300,1.67300,1.66200,10
5793,1.92662,0.87900,1.62800,1.86700,10
5794,2.16143,0.85300,1.56900,1.66200,10
5795,2.50869,0.83800,2.38000,1.68200,10
5796,1.94254,0.82700,1.71800,1.65500,10
5797,1.73477,0.83600,1.53900,1.68300,10
5798,2.05170,0.82300,1.59500,1.81600,10
5799,1.67312,0.88700,1.49900,1.62600,10
5800,1.91952,0.90400,1.51800,1.68400,10
5801,10.48792,0.86600,1.49700,1.65200,10
5802,2.58695,1.08800,11.03600,1.90200,10
5803,1.79947,1.08100,1.55000,1.67100,10
5804,1.85221,0.86900,1.58000,1.65800,10
5805,2.00577,0.92500,1.52200,1.84800,10
5806,1.76390,0.95500,1.48700,1.65700,10
5807,2.00317,0.94300,1.59000,1.69200,10
5808,1.73154,0.86300,1.52000,1.65900,10
5809,1.94558,0.86000,1.52600,1.68400,10
5810,1.86153,0.88700,1.55600,1.65200,10
5811,1.96058,0.82800,1.55100,1.81100,10
5812,1.81606,0.84800,1.52000,1.66500,10
5813,1.89318,0.88600,1.53900,1.68600,10
5814,2.06227,0.91000,1.62900,1.82200,10
5815,1.79727,0.88400,1.61400,1.63000,10
5816,1.89144,0.94000,1.62900,1.66700,10
5817,2.07418,1.56400,1.90200,1.68700,10
5818,2.13382,1.34200,2.14900,1.70100,10
5819,2.57262,1.17400,1.82300,1.70100,10
5820,2.51348,1.01800,3.07100,1.64600,10
5821,1.79092,0.96600,1.76000,1.64600,10
5822,10.44619,0.94000,1.69300,1.67300,10
5823,2.84198,1.02800,11.23000,1.66100,10
5824,2.04718,1.02800,2.04900,1.69300,10
5825,1.90247,0.94900,1.89400,1.85300,10
5826,1.81683,0.96700,1.77900,1.67200,10
5827,1.81047,1.05300,1.82200,1.64900,10
5828,1.71254,0.97200,1.70900,1.67700,10
5829,1.69266,0.99100,1.68600,1.67700,10
5830,1.83717,0.98600,1.64100,1.67100,10
5831,1.79819,0.89800,1.60500,1.66600,10
5832,1.91216,0.92300,1.66100,1.66200,10
5833,1.99340,0.88400,1.84100,1.67300,10
5834,1.75451,0.95500,1.74300,1.67200,10
5835,10.46968,0.88400,1.62300,1.67200,10
5836,2.70370,0.95400,11.21800,1.68800,10
5837,1.60970,1.06700,1.60700,1.68800,10
5838,1.80621,1.05800,1.58200,1.69200,10
5839,2.27144,1.35600,1.60300,1.62700,10
5840,1.66664,1.42400,1.53600,1.66200,10
5841,1.80170,1.35500,1.58400,1.66200,10
5842,1.74921,1.01100,1.54600,1.65700,10
5843,1.82953,1.01600,1.56000,1.64300,10
5844,1.99720,0.99600,1.72500,1.64900,10
5845,1.70119,0.99500,1.59800,1.64900,10
5846,1.79020,0.98400,1.55200,1.66600,10
5847,1.73659,0.99600,1.45400,1.67900,10
5848,2.04281,0.96300,1.43800,1.85300,10
5849,1.82508,1.01900,1.38100,1.69000,10
5850,1.85357,0.95600,1.42100,1.66400,10
5851,1.87718,0.95600,1.46600,1.66500,10
5852,1.82008,0.96200,1.41500,1.69700,10
5853,1.81373,0.95900,1.42400,1.64600,10
5854,2.01885,0.95500,1.41300,1.80500,10
5855,2.06331,1.14600,1.61700,1.68600,10
5856,1.96676,1.07000,1.75200,1.69600,10
5857,1.86308,1.10600,1.56600,1.84900,10
5858,1.75108,1.17200,1.51100,1.64400,10
5859,1.78867,1.18000,1.45400,1.65700,10
5860,2.01711,1.17100,1.65800,1.65300,10
5861,3.33005,1.02300,2.28400,1.66000,10
5862,2.01755,0.87900,2.00700,1.73000,10
5863,1.89213,0.93900,1.88400,1.69300,10
5864,1.78519,0.85700,1.74500,1.69600,10
5865,1.57988,0.93000,1.60000,1.69600,10
5866,1.75192,0.89500,1.61300,1.82100,10
5867,1.83153,0.90700,1.62800,1.67500,10
5868,1.83502,0.86000,1.60600,1.65100,10
5869,1.90055,0.95800,1.64800,1.68700,10
5870,1.75439,0.90000,1.61400,1.66300,10
5871,2.42736,0.89500,2.01000,1.64700,10
5872,1.53712,0.91500,1.52700,1.64700,10
5873,1.61988,0.86700,1.49400,1.67000,10
5874,1.99305,0.88400,1.46300,1.82100,10
5875,1.82176,0.89800,1.44700,1.66400,10
5876,1.89832,0.91900,1.48800,1.67500,10
5877,1.77044,0.86300,1.45700,1.65000,10
5878,1.84141,0.88500,1.45700,1.67600,10
5879,1.84551,0.89500,1.42100,1.66700,10
5880,1.89517,0.90200,1.46000,1.68700,10
5881,1.80174,0.88600,1.41200,1.68100,10
5882,1.79343,0.87600,1.39500,1.63800,10
5883,2.27263,1.16200,1.54700,1.63500,10
5884,1.72409,1.37200,1.51200,1.63500,10
5885,1.84710,1.21800,1.49400,1.66000,10
5886,1.79048,1.11700,1.53300,1.65000,10
5887,1.79849,0.96700,1.50500,1.66800,10
5888,1.86378,0.90500,1.48600,1.70100,10
5889,2.02488,0.93400,1.53700,1.82100,10
5890,1.82662,0.98000,1.49700,1.65800,10
5891,1.86124,0.98300,1.53300,1.69100,10
5892,2.01784,0.92700,1.56400,1.85100,10
5893,1.77450,0.88700,1.50200,1.63600,10
5894,1.86144,0.87900,1.51500,1.64700,10
5895,1.89588,0.85800,1.58800,1.65300,10
5896,1.88328,0.86500,1.61500,1.67500,10
5897,2.44630,0.86100,1.48000,1.65600,10
5898,2.37408,0.87300,2.92900,1.69400,10
5899,2.09722,0.90200,2.05300,1.83800,10
5900,1.79288,0.90000,1.77200,1.64000,10
5901,1.92194,0.87700,1.88500,1.64200,10
5902,1.65310,0.92600,1.64000,1.64200,10
5903,3.43987,0.93400,1.92800,1.69100,10
5904,1.58610,0.88800,1.59000,1.69100,10
5905,1.84474,0.91300,1.66500,1.67800,10
5906,1.83034,0.86200,1.52500,1.81600,10
5907,1.93912,0.86300,1.58200,1.64100,10
5908,1.71783,0.90500,1.51100,1.66200,10
5909,2.04727,0.91800,1.54000,1.83100,10
5910,1.71853,0.85200,1.43300,1.66300,10
5911,2.04339,0.91100,1.62400,1.64500,10
5912,1.77166,0.96400,1.58900,1.66100,10
5913,1.95973,0.94900,1.63100,1.70400,10
5914,1.74668,0.87200,1.60700,1.66100,10
5915,1.92166,0.93600,1.74500,1.66200,10
5916,1.89798,1.00700,1.83200,1.66400,10
5917,1.70364,0.95100,1.61400,1.67700,10
5918,1.98615,0.86000,1.56500,1.84800,10
5919,1.95553,0.83900,1.68400,1.64800,10
5920,1.81455,0.89900,1.66900,1.66300,10
5921,1.74389,0.85000,1.58900,1.64300,10
5922,1.90089,0.83600,1.59100,1.71400,10
5923,2.04984,0.84800,1.60800,1.85600,10
5924,1.85667,0.95800,1.66600,1.63700,10
5925,2.20849,0.87900,2.02100,1.83600,10
5926,1.71910,0.86200,1.69800,1.64300,10
5927,1.74582,0.93000,1.62900,1.64300,10
5928,1.75128,0.89400,1.62000,1.64400,10
5929,1.76409,0.87600,1.53100,1.63600,10
5930,1.96264,0.89100,1.60500,1.68200,10
5931,1.70902,0.88100,1.49700,1.67400,10
5932,2.26772,0.83000,1.91900,1.67700,10
5933,2.12413,0.88300,2.11000,1.66200,10
5934,1.82404,0.87100,1.82800,1.68000,10
5935,1.77548,0.84400,1.75600,1.90500,10
5936,1.70544,0.80200,1.69600,1.65700,10
5937,1.78896,0.85700,1.73000,1.63300,10
5938,1.91244,0.94900,1.82800,1.66700,10
5939,1.70158,0.93300,1.64800,1.66700,10
5940,1.82705,0.83000,1.67300,1.64600,10
5941,1.88612,0.81700,1.56800,1.81600,10
5942,1.83398,0.84700,1.52400,1.66300,10
5943,1.91333,0.90300,1.56900,1.68600,10
5944,2.76472,0.86800,1.53400,1.86900,10
5945,2.33560,0.84200,2.90000,1.69400,10
5946,1.87849,0.86200,1.58300,1.67200,10
5947,1.88949,0.93000,1.65600,1.67400,10
5948,1.82700,0.84100,1.66800,1.67200,10
5949,1.80902,0.83700,1.57900,1.67400,10
5950,1.83893,0.86800,1.58700,1.66600,10
5951,1.86505,0.87300,1.56500,1.66400,10
5952,1.89508,0.85600,1.61500,1.69200,10
5953,2.10624,0.83000,1.70700,1.86600,10
5954,1.81016,0.89000,1.80600,1.64600,10
5955,1.74264,0.82900,1.65200,1.66700,10
5956,1.81903,0.79000,1.57500,1.65400,10
5957,1.83540,0.77900,1.53800,1.70800,10
5958,1.98946,0.87200,1.53400,1.81000,10
5959,1.91902,0.90900,1.65600,1.66700,10
5960,1.82781,1.08300,1.66200,1.66000,10
5961,2.28808,1.01800,1.90100,1.67500,10
5962,1.58401,0.95900,1.58900,1.67500,10
5963,1.69201,0.84900,1.48500,1.64400,10
5964,1.81693,0.79800,1.43400,1.68000,10
5965,1.90558,0.77800,1.47300,1.66300,10
5966,1.81125,0.81800,1.41200,1.69400,10
5967,1.85647,0.82500,1.40400,1.67700,10
5968,1.85144,0.84100,1.42500,1.66700,10
5969,1.90185,0.79500,1.44000,1.69200,10
5970,2.53591,0.87600,2.07100,1.66700,10
5971,1.83938,0.89800,1.82800,1.64600,10
5972,1.91369,0.88700,1.90600,1.66100,10
5973,1.62851,0.83800,1.61600,1.69600,10
5974,1.50913,0.81100,1.47400,1.69600,10
5975,1.75837,0.81500,1.43000,1.63800,10
5976,2.29715,0.82100,1.67100,1.65000,10
5977,1.80932,1.00300,1.68400,1.65000,10
5978,1.73644,1.01300,1.58900,1.68000,10
5979,1.89374,1.01100,1.44900,1.85100,10
5980,2.08439,0.89500,1.68400,1.66800,10
5981,1.69823,1.14100,1.55000,1.66800,10
5982,1.73634,0.97900,1.45400,1.65900,10
5983,1.83624,0.92000,1.44600,1.65600,10
5984,1.81959,0.84600,1.39300,1.65900,10
5985,1.78447,0.83200,1.32700,1.67800,10
5986,3.05966,0.83700,1.33800,1.67200,10
5987,1.84178,0.95100,1.36600,1.66400,10
5988,2.10452,0.86700,1.45400,1.85500,10
5989,1.82341,0.82300,1.41300,1.67200,10
5990,1.87691,0.91900,1.50700,1.63900,10
5991,1.82971,0.96300,1.45700,1.65100,10
5992,1.85157,0.86100,1.47200,1.67700,10
5993,1.88049,0.86400,1.35300,1.79800,10
5994,1.80925,0.90100,1.34600,1.64400,10
5995,1.87593,0.84900,1.35500,1.66800,10
5996,2.05077,0.85200,1.39700,1.82500,10
5997,2.09112,0.81500,1.70000,1.64100,10
5998,1.55610,0.88300,1.44600,1.64100,10
5999,1.79607,0.85900,1.38900,1.65900,10
6000,2.43853,0.81400,1.40800,1.66400,10
6001,2.15663,0.80300,2.48300,1.68100,10
6002,1.96771,0.84800,1.38000,1.66800,10
6003,1.90756,1.05400,1.49400,1.65900,10
6004,1.78995,0.87000,1.45900,1.64000,10
6005,2.15306,0.86000,1.57600,1.85100,10
6006,1.70008,0.85400,1.52400,1.63800,10
6007,1.85996,0.82900,1.52500,1.65000,10
6008,1.78754,0.99100,1.43200,1.65200,10
6009,1.94515,0.90500,1.47800,1.71300,10
6010,2.07706,0.98000,1.54600,1.84000,10
6011,1.85181,1.05000,1.57900,1.65100,10
6012,1.92743,1.07400,1.64500,1.68000,10
6013,10.62471,0.98400,1.47500,1.91100,10
6014,3.08189,1.79200,11.79500,1.64500,10
6015,1.87924,1.55300,1.89500,1.66700,10
6016,1.76639,1.15900,1.75100,1.67500,10
6017,10.61931,1.14900,1.63000,1.87300,10
6018,2.94573,1.61000,11.71000,1.69100,10
6019,1.99479,1.55300,1.94700,1.68600,10
6020,1.83002,1.66800,1.85000,1.87800,10
6021,1.91496,1.37900,1.79800,1.68600,10
6022,1.92119,1.47200,1.86400,1.65900,10
6023,1.77189,1.52800,1.79200,1.67600,10
6024,1.91387,1.37900,1.87000,1.67100,10
6025,1.90118,1.23400,1.88900,1.69500,10
6026,1.93257,1.19700,1.92600,1.63700,10
6027,2.48364,1.10900,1.65500,1.63700,10
6028,2.95670,1.04000,3.31200,1.84800,10
6029,1.72981,1.08600,1.69800,1.84800,10
6030,2.08478,1.06900,1.95500,1.67600,10
6031,1.63431,1.03800,1.62200,1.65400,10
6032,1.81806,1.02400,1.74800,1.66300,10
6033,1.78972,0.95100,1.65500,1.66300,10
6034,10.66758,1.10700,1.49500,1.83700,10
6035,2.75564,1.57900,11.47500,1.64300,10
6036,2.34332,1.36400,2.34900,1.69300,10
6037,1.83061,1.13000,1.83700,1.71900,10
6038,1.58272,1.17800,1.59100,1.67000,10
6039,1.49700,1.14000,1.49400,1.67000,10
6040,1.73316,1.02300,1.46500,1.63400,10
6041,1.94699,1.05000,1.62200,1.64900,10
6042,1.92961,1.16000,1.50000,1.85700,10
6043,1.88876,1.01400,1.56900,1.67100,10
6044,1.99403,0.95800,1.69000,1.67400,10
6045,1.77888,1.09100,1.56700,1.69100,10
6046,1.85157,1.05800,1.62100,1.66900,10
6047,1.97628,1.06500,1.58700,1.82500,10
6048,1.82182,1.08700,1.59000,1.64100,10
6049,1.96652,1.07100,1.74000,1.64900,10
6050,10.43278,1.05100,1.44300,1.64900,10
6051,2.48624,1.07200,11.16200,1.88000,10
6052,1.82109,1.09400,1.62300,1.65500,10
6053,1.95141,1.02700,1.70700,1.66400,10
6054,2.06112,0.91200,2.05700,1.86700,10
6055,1.84473,0.89200,1.74000,1.86700,10
6056,1.79918,0.92100,1.67200,1.69400,10
6057,2.03607,0.95600,1.81700,1.69700,10
6058,1.99564,1.31500,1.89400,1.73700,10
6059,1.85839,1.57100,1.86300,1.83800,10
6060,1.83256,1.25300,1.72600,1.64500,10
6061,1.93711,1.19500,1.85300,1.67600,10
6062,1.76885,1.08400,1.77100,1.67600,10
6063,1.93996,1.03400,1.67500,1.67000,10
6064,1.94351,1.01600,1.74600,1.67100,10
6065,2.11140,0.96600,2.07100,1.65600,10
6066,1.98724,0.96300,1.97700,1.67700,10
6067,1.84749,1.02800,1.83700,1.67500,10
6068,2.51637,1.13300,1.70300,1.67500,10
6069,2.49912,1.08700,3.11400,1.71900,10
6070,2.23143,1.06900,2.04400,1.68500,10
6071,1.98984,1.02600,1.98400,1.85900,10
6072,2.07193,1.40900,1.69400,1.66700,10
6073,1.58627,1.12100,1.57100,1.66700,10
6074,1.72362,1.03200,1.55200,1.66600,10
6075,1.80393,1.05100,1.54500,1.68700,10
6076,1.84404,1.13600,1.49700,1.67300,10
6077,2.09273,1.02500,1.59200,1.80700,10
6078,1.96323,1.15600,1.69600,1.68300,10
6079,1.85523,1.01000,1.74200,1.68300,10
6080,1.81882,1.57100,1.45100,1.85800,10
6081,1.71173,1.45000,1.33500,1.66400,10
6082,1.96711,1.26900,1.38200,1.70200,10
6083,1.87353,1.25000,1.45600,1.67700,10
6084,1.87310,1.10600,1.50800,1.67200,10
6085,1.73998,1.02400,1.40500,1.65100,10
6086,2.14582,1.15400,1.69100,1.64900,10
6087,1.85335,1.23700,1.74100,1.68400,10
6088,1.82107,1.10100,1.71300,1.68400,10
6089,1.86325,1.18400,1.51600,1.86900,10
6090,1.77807,1.01000,1.51600,1.68500,10
6091,1.84225,1.03200,1.42600,1.69500,10
6092,1.77514,1.02600,1.37500,1.67000,10
6093,1.88945,1.01700,1.40400,1.68300,10
6094,1.94071,1.39200,1.42100,1.65600,10
6095,1.99085,1.60200,1.43000,1.80000,10
6096,1.71322,1.44900,1.33800,1.66500,10
6097,1.91579,1.28800,1.42300,1.66200,10
6098,1.95590,1.29200,1.33800,1.86700,10
6099,1.93469,1.20800,1.42500,1.66300,10
6100,1.84853,1.23300,1.43500,1.68500,10
6101,1.80917,1.13600,1.38400,1.67300,10
6102,2.48116,1.07500,1.99300,1.66700,10
6103,2.57408,1.12300,1.41100,1.66700,10
6104,1.74758,1.15700,1.38600,1.63500,10
6105,1.78556,1.11500,1.34000,1.67200,10
6106,2.10431,0.97400,1.38400,1.85800,10
6107,1.80125,0.90000,1.36200,1.69700,10
6108,1.85546,0.99100,1.37700,1.64500,10
6109,3.08806,0.93300,1.33900,1.74100,10
6110,1.87739,0.92000,1.33500,1.66200,10
6111,1.98996,0.95600,1.37100,1.79400,10
6112,1.93369,1.13000,1.43800,1.67100,10
6113,1.74993,1.15400,1.39600,1.69200,10
6114,2.02821,0.94100,1.36300,1.84200,10
6115,1.92777,0.91300,1.47700,1.65200,10
6116,1.77067,0.99700,1.39700,1.65500,10
6117,1.93441,1.00100,1.48800,1.66000,10
6118,1.76726,0.93500,1.46000,1.69400,10
6119,1.81914,0.87000,1.39500,1.64800,10
6120,1.88644,0.91700,1.46900,1.65600,10
6121,1.82155,1.06600,1.53500,1.65400,10
6122,1.88116,0.90400,1.51800,1.66700,10
6123,1.80353,0.85300,1.51100,1.65100,10
6124,2.08343,0.88400,1.54700,1.84600,10
6125,1.62723,0.96200,1.35600,1.67300,10
6126,1.81934,0.89300,1.33600,1.63900,10
6127,1.79352,0.86500,1.33800,1.65600,10
6128,1.89032,0.96600,1.36500,1.66400,10
6129,1.96723,0.90600,1.36500,1.81000,10
6130,1.87218,0.97200,1.39300,1.64500,10
6131,1.83275,1.07800,1.37400,1.71800,10
6132,2.05397,1.01700,1.42900,1.84800,10
6133,1.86506,0.95800,1.42400,1.67000,10
6134,1.83461,1.02800,1.41400,1.68900,10
6135,1.98445,1.05500,1.51100,1.67400,10
6136,2.15380,1.03900,2.12000,1.68900,10
6137,1.62609,0.89700,1.40400,1.68900,10
6138,1.79173,0.88300,1.37400,1.66800,10
6139,1.89178,0.86600,1.42600,1.65200,10
6140,1.73093,0.84700,1.33200,1.66700,10
6141,1.99304,0.86900,1.45500,1.65300,10
6142,1.93825,1.27000,1.38500,1.84700,10
6143,1.84567,1.20500,1.41100,1.64900,10
6144,1.81440,1.01600,1.38800,1.65700,10
6145,1.83618,0.93800,1.38100,1.68700,10
6146,1.99606,1.03900,1.36100,1.84700,10
6147,1.79287,0.88200,1.34400,1.64100,10
6148,1.90540,0.87200,1.43200,1.66300,10
6149,1.75072,0.87500,1.35100,1.67100,10
6150,2.59242,0.83100,1.36100,1.86200,10
6151,1.78765,0.82200,1.32200,1.65100,10
6152,1.99709,0.87100,1.44100,1.67200,10
6153,1.78713,0.89100,1.35300,1.68400,10
6154,1.91343,0.85600,1.41100,1.68300,10
6155,1.84221,0.93400,1.45600,1.65100,10
6156,1.76806,0.88400,1.34700,1.68300,10
6157,1.85973,0.84900,1.38800,1.65800,10
6158,1.75977,0.89800,1.31100,1.64300,10
6159,1.98492,0.87600,1.30700,1.82800,10
6160,1.82792,0.85200,1.29300,1.66200,10
6161,1.95051,0.83400,1.42900,1.66100,10
6162,1.88622,0.80900,1.44600,1.67800,10
6163,1.79551,0.80500,1.36000,1.71800,10
6164,1.99276,0.79600,1.39400,1.81600,10
6165,1.79200,0.92900,1.36200,1.66600,10
6166,1.89307,0.79900,1.34700,1.70000,10
6167,1.80261,0.83100,1.35800,1.65300,10
6168,1.96972,0.85200,1.30800,1.83600,10
6169,1.98776,0.87100,1.41600,1.66000,10
6170,1.81345,1.06800,1.37100,1.66700,10
6171,1.91258,1.00000,1.44500,1.71700,10
6172,1.80365,0.91300,1.36000,1.67500,10
6173,2.08326,1.05700,1.62400,1.67700,10
6174,1.75388,0.93200,1.58200,1.65900,10
6175,1.95879,0.86500,1.68700,1.66800,10
6176,1.71222,0.90500,1.55600,1.68100,10
6177,2.12970,0.86700,1.67200,1.84300,10
6178,1.81068,0.85700,1.62500,1.65600,10
6179,1.75083,0.90800,1.56400,1.66000,10
6180,1.83494,0.87500,1.51100,1.69400,10
6181,1.78415,0.86500,1.45500,1.67100,10
6182,2.02498,0.86100,1.50700,1.80100,10
6183,1.88766,0.89500,1.54100,1.66100,10
6184,1.76379,0.95200,1.48800,1.67700,10
6185,1.83683,0.86500,1.47400,1.65400,10
6186,1.99484,0.86200,1.46600,1.83200,10
6187,1.74341,0.82800,1.39200,1.67900,10
6188,2.01305,0.90600,1.50400,1.64400,10
6189,1.76101,1.04300,1.49200,1.64900,10
6190,2.47297,0.93300,1.36700,1.66400,10
6191,2.12658,0.88100,2.71000,1.68700,10
6192,1.94087,0.90900,1.40800,1.64400,10
6193,1.80887,0.93500,1.41400,1.66300,10
6194,2.08870,0.90800,1.46900,1.85000,10
6195,1.88856,1.02400,1.48500,1.65200,10
6196,1.67685,0.89800,1.38000,1.64600,10
6197,1.95028,0.87600,1.40100,1.65400,10
6198,1.80347,0.85000,1.39500,1.71000,10
6199,2.05598,0.97800,1.41100,1.81400,10
6200,2.00721,1.00000,1.59900,1.66800,10
6201,1.66343,1.02100,1.39000,1.69400,10
6202,1.87099,0.94100,1.42300,1.67200,10
6203,1.94846,0.90500,1.34000,1.84000,10
6204,1.81338,0.92500,1.34300,1.65400,10
6205,1.86687,0.93500,1.34000,1.64700,10
6206,2.00667,1.38600,1.51100,1.67100,10
6207,2.26757,0.92100,1.44100,1.68700,10
6208,1.77588,0.93400,1.40500,1.65000,10
6209,1.93842,1.09700,1.49100,1.66900,10
6210,1.72177,0.96100,1.44400,1.64400,10
6211,1.76600,0.89200,1.33300,1.67400,10
6212,2.15259,0.87500,1.45300,1.82500,10
6213,1.74463,0.89500,1.39700,1.67200,10
6214,1.85798,0.89200,1.36300,1.66700,10
6215,1.84794,0.93300,1.38000,1.67800,10
6216,1.95009,0.98200,1.49600,1.66200,10
6217,1.90679,1.01900,1.43200,1.81200,10
6218,1.93974,1.04500,1.44800,1.69700,10
6219,2.08643,1.10900,1.58500,1.63800,10
6220,1.54706,1.01600,1.50000,1.63800,10
6221,1.97444,0.99400,1.41500,1.87800,10
6222,1.80118,0.93300,1.41200,1.66800,10
6223,1.87958,0.90000,1.41900,1.67400,10
6224,1.90812,0.95500,1.46300,1.67400,10
6225,1.68253,0.96400,1.37200,1.64700,10
6226,1.86418,1.05900,1.37800,1.66500,10
6227,1.78759,0.96300,1.35800,1.64700,10
6228,1.82425,0.88300,1.32700,1.63500,10
6229,1.84633,0.89900,1.34200,1.65000,10
6230,2.03550,0.96900,1.35400,1.84200,10
6231,3.11405,0.90700,1.34800,1.68000,10
6232,1.86035,0.97700,1.39900,1.65300,10
6233,1.84190,0.99000,1.42000,1.65800,10
6234,2.08423,0.91600,1.52000,1.80600,10
6235,2.02766,0.95600,1.70100,1.67300,10
6236,1.65937,0.90800,1.55100,1.67300,10
6237,1.83348,0.88000,1.54900,1.65000,10
6238,2.21202,0.86600,1.72500,1.66800,10
6239,1.67096,0.83500,1.58200,1.66800,10
6240,1.90335,0.86600,1.61600,1.67100,10
6241,1.76395,1.22900,1.46600,1.67500,10
6242,1.95141,1.50000,1.58300,1.68800,10
6243,1.82608,1.22100,1.54700,1.66900,10
6244,1.95924,1.31900,1.66200,1.67200,10
6245,1.80496,1.09800,1.63800,1.66700,10
6246,1.80343,1.01100,1.61500,1.65400,10
6247,2.00971,0.93000,1.53200,1.88000,10
6248,1.77304,0.93500,1.48100,1.68300,10
6249,1.74429,0.89000,1.41100,1.64700,10
6250,1.97178,0.94400,1.48100,1.66900,10
6251,1.68366,0.90100,1.37700,1.66400,10
6252,2.00338,0.85100,1.36400,1.82700,10
6253,1.81567,0.85100,1.32000,1.66300,10
6254,1.83660,0.94000,1.32600,1.65800,10
6255,1.84604,0.89300,1.32500,1.67400,10
6256,2.07960,0.90600,1.35900,1.84300,10
6257,1.90361,1.01200,1.48000,1.67100,10
6258,1.90976,1.19100,1.51200,1.67700,10
6259,1.83396,1.21000,1.46800,1.70000,10
6260,1.92112,1.11600,1.49600,1.65500,10
6261,1.75613,1.37000,1.47300,1.67600,10
6262,1.90427,1.17600,1.51700,1.67600,10
6263,1.65711,1.06700,1.34300,1.66500,10
6264,2.00392,0.96900,1.32100,1.83300,10
6265,1.84873,1.07200,1.38100,1.65400,10
6266,1.78830,0.95800,1.30200,1.65400,10
6267,1.89965,0.88200,1.35100,1.65900,10
6268,1.96706,1.00100,1.49600,1.66500,10
6269,1.97866,0.91700,1.47800,1.81800,10
6270,1.79248,0.98600,1.52200,1.64700,10
6271,1.82590,1.01400,1.42100,1.68000,10
6272,3.24843,0.88200,1.43100,1.73300,10
6273,1.78327,0.95800,1.40700,1.66900,10
6274,1.86903,0.87100,1.42900,1.65200,10
6275,1.93296,0.91500,1.48700,1.67600,10
6276,1.75969,0.99500,1.41800,1.67100,10
6277,1.89282,0.98300,1.48100,1.67200,10
6278,1.82735,0.91200,1.51200,1.65800,10
6279,1.68361,0.88900,1.32400,1.65700,10
6280,1.86546,0.90700,1.35600,1.67600,10
6281,1.88892,1.05100,1.39800,1.64700,10
6282,2.08426,0.96800,1.51800,1.84100,10
6283,1.77502,0.89800,1.46000,1.67100,10
6284,1.84934,0.95100,1.49300,1.66600,10
6285,2.47607,0.93800,2.19500,1.67200,10
6286,2.00614,0.86200,2.01300,1.84200,10
6287,1.99042,0.94700,1.97900,1.72000,10
6288,1.78368,1.00700,1.77500,1.72000,10
6289,1.58138,0.89800,1.58000,1.67300,10
6290,10.49868,0.81400,1.47100,1.67300,10
6291,3.04083,0.81100,11.83800,1.68700,10
6292,1.58911,1.03000,1.54000,1.64700,10
6293,1.58230,1.61300,1.49700,1.64700,10
6294,1.95628,1.17400,1.46900,1.84000,10
6295,1.79803,1.04800,1.42600,1.67200,10
6296,1.82222,0.93600,1.40300,1.65700,10
6297,1.85328,0.94200,1.41700,1.64800,10
6298,1.97148,0.92200,1.48500,1.72800,10
6299,1.93500,0.98400,1.46400,1.82400,10
6300,1.77385,0.95400,1.40300,1.65100,10
6301,1.89795,0.95800,1.44700,1.68200,10
6302,1.84494,0.99600,1.43400,1.67500,10
6303,2.01070,0.92900,1.36300,1.83700,10
6304,1.86623,1.49300,1.43400,1.66900,10
6305,2.06141,1.31600,1.65800,1.67200,10
6306,1.98003,1.26500,1.74600,1.69000,10
6307,1.82221,1.30000,1.76400,1.65300,10
6308,1.77373,1.13600,1.75000,1.67900,10
6309,1.79372,1.20800,1.64300,1.67900,10
6310,3.16340,1.11200,1.63300,1.69300,10
6311,1.93430,1.01100,1.54000,1.85900,10
6312,1.79061,0.95600,1.46600,1.66500,10
6313,2.52887,0.96000,2.14900,1.70000,10
6314,3.50765,0.96600,1.93200,1.80100,10
6315,1.97756,1.13300,1.96200,1.67000,10
6316,1.88364,1.23000,1.88300,1.68100,10
6317,1.73849,1.04700,1.74500,1.65300,10
6318,1.69337,1.01800,1.68300,1.65300,10
6319,1.95570,1.05400,1.68700,1.64900,10
6320,1.89227,1.06500,1.78700,1.68000,10
6321,2.37547,1.01000,2.19100,1.67500,10
6322,2.10931,1.04100,2.11800,1.72400,10
6323,1.79553,1.00100,1.74200,1.66000,10
6324,1.88317,1.51300,1.90600,1.71300,10
6325,1.53846,1.34800,1.55300,1.70200,10
6326,1.44342,1.17100,1.42500,1.70200,10
6327,2.01496,1.13500,1.62900,1.66300,10
6328,1.94207,1.00600,1.53300,1.85400,10
6329,1.72266,1.00800,1.42300,1.64500,10
6330,1.77647,0.91100,1.37500,1.65500,10
6331,1.97445,0.93700,1.47700,1.65700,10
6332,1.92436,0.99000,1.60600,1.68600,10
6333,2.14250,0.90900,1.73800,1.65400,10
6334,1.92265,0.88400,1.86400,1.68800,10
6335,1.73249,0.85600,1.68500,1.66200,10
6336,1.82250,0.90300,1.67500,1.66200,10
6337,2.59905,0.87200,2.17100,1.65900,10
6338,2.48343,0.83200,2.46600,1.69500,10
6339,2.34270,0.93100,2.32900,1.68300,10
6340,1.91397,1.02500,1.89000,1.71900,10
6341,1.73427,1.26200,1.75100,1.70300,10
6342,1.76303,1.22600,1.74900,1.68000,10
6343,1.74080,1.32400,1.73900,1.67100,10
6344,1.74020,1.32500,1.72600,1.67100,10
6345,1.88243,1.20700,1.61100,1.86800,10
6346,1.88151,1.17200,1.59700,1.64700,10
6347,2.12454,1.38600,2.03200,1.66900,10
6348,1.71424,1.02100,1.71400,1.66900,10
6349,1.70596,0.89600,1.56700,1.71300,10
6350,1.98576,0.93800,1.58500,1.81800,10
6351,1.82992,0.98500,1.52000,1.66100,10
6352,1.74997,0.89900,1.44900,1.67800,10
6353,1.83435,0.89600,1.41300,1.68000,10
6354,2.05240,0.98400,1.44600,1.84200,10
6355,3.13889,0.91700,1.41400,1.71500,10
6356,1.79651,0.90000,1.38200,1.65300,10
6357,2.04618,1.07600,1.50500,1.68700,10
6358,1.73555,1.19900,1.47100,1.67100,10
6359,2.00370,1.04800,1.65100,1.64400,10
6360,1.80339,1.05700,1.62700,1.64400,10
6361,1.78782,1.19900,1.47900,1.65000,10
6362,1.86164,0.97100,1.35500,1.87000,10
6363,1.81007,0.91700,1.33800,1.66200,10
6364,1.81532,0.92100,1.30300,1.66500,10
6365,2.09380,0.99600,1.57200,1.65100,10
6366,1.79961,1.09000,1.49900,1.67000,10
6367,1.91396,0.90100,1.41800,1.83300,10
6368,1.86828,0.97000,1.45100,1.66200,10
6369,1.91402,0.90300,1.47200,1.69000,10
6370,1.80124,0.90100,1.48300,1.66300,10
6371,2.14247,0.94400,1.57500,1.83900,10
6372,1.73033,0.93600,1.49200,1.66400,10
6373,1.75677,0.91500,1.37500,1.66500,10
6374,2.10109,0.95100,1.61300,1.67000,10
6375,1.65001,0.85600,1.38900,1.67700,10
6376,1.82818,1.06400,1.34500,1.69200,10
6377,1.86062,0.98300,1.38700,1.64700,10
6378,1.82919,0.95700,1.38600,1.66500,10
6379,2.11577,0.91200,1.68800,1.65400,10
6380,1.99211,0.87100,1.71900,1.82200,10
6381,1.71035,0.84200,1.56900,1.66300,10
6382,1.87046,0.86800,1.60700,1.66000,10
6383,2.24633,0.86600,1.97600,1.65100,10
6384,1.57741,0.91500,1.56500,1.65100,10
6385,1.82566,0.90700,1.52100,1.81800,10
6386,1.86889,0.90400,1.54300,1.66400,10
6387,1.72377,0.93900,1.43500,1.67100,10
6388,1.98396,0.92600,1.57200,1.68300,10
6389,1.96759,0.88500,1.57100,1.84300,10
6390,1.81058,0.89400,1.51500,1.65000,10
6391,1.80567,0.88200,1.48100,1.65000,10
6392,1.85005,0.91700,1.52400,1.64700,10
6393,1.81051,0.84100,1.49700,1.66200,10
6394,1.84918,0.88600,1.51200,1.66700,10
6395,1.83192,1.10900,1.51500,1.66700,10
6396,3.12836,1.01700,1.42700,1.66800,10
6397,2.06311,0.91400,1.42600,1.84400,10
6398,2.20403,0.89300,1.80300,1.65600,10
6399,1.43522,0.92400,1.42000,1.65600,10
6400,2.00514,0.96000,1.47200,1.62400,10
6401,1.67782,1.46200,1.37800,1.62400,10
6402,2.22865,1.27800,1.62700,1.81700,10
6403,2.19545,1.20400,2.17200,1.67900,10
6404,1.96414,1.07000,1.95900,1.69400,10
6405,2.05526,1.17700,2.05000,1.87700,10
6406,1.87454,0.94500,1.86700,1.68500,10
6407,1.80057,0.92300,1.78700,1.68000,10
6408,1.77612,0.91300,1.76700,1.71600,10
6409,1.73759,0.90400,1.73000,1.64100,10
6410,1.86852,0.90500,1.84900,1.63900,10
6411,1.82473,0.95500,1.82900,1.65400,10
6412,1.62101,0.89200,1.61800,1.66300,10
6413,2.15895,0.82100,1.51500,1.66300,10
6414,2.78666,0.86100,2.74600,1.92900,10
6415,1.73197,0.87400,1.54000,1.64700,10
6416,1.96082,0.87800,1.71500,1.65800,10
6417,1.69467,0.81900,1.50300,1.68800,10
6418,2.08684,0.82700,1.71400,1.69400,10
6419,1.84942,0.94700,1.62400,1.80500,10
6420,1.69600,0.84900,1.49900,1.66600,10
6421,1.83034,0.79900,1.43300,1.68400,10
6422,1.84350,0.80700,1.42900,1.67400,10
6423,2.04797,0.83800,1.46200,1.82600,10
6424,1.74022,0.89300,1.40300,1.66000,10
6425,1.83616,0.84500,1.37100,1.64200,10
6426,1.91000,0.80100,1.40100,1.68100,10
6427,2.07834,0.88500,1.64100,1.67800,10
6428,1.59368,0.83200,1.40600,1.64500,10
6429,1.84667,0.85700,1.36500,1.67800,10
6430,2.07344,0.87200,1.53200,1.66200,10
6431,1.67257,1.03600,1.48500,1.66200,10
6432,2.13925,0.99200,1.54200,1.86900,10
6433,1.82756,0.88800,1.58000,1.64900,10
6434,2.15886,0.94000,1.89900,1.67000,10
6435,1.56009,0.93600,1.56300,1.67000,10
6436,1.76885,0.81500,1.52000,1.66200,10
6437,1.97656,0.81500,1.53400,1.83900,10
6438,3.40854,0.89900,1.64100,1.71000,10
6439,2.46255,0.98600,2.37500,1.66900,10
6440,2.05831,1.07800,2.03600,1.66800,10
6441,1.84028,0.97300,1.84800,1.67500,10
6442,1.84166,0.93600,1.82200,1.67300,10
6443,1.82955,1.06100,1.81000,1.68300,10
6444,1.77848,0.98900,1.76800,1.68600,10
6445,1.74477,0.96300,1.75400,1.67500,10
6446,1.83957,0.96200,1.82500,1.68500,10
6447,1.86785,0.86700,1.87200,1.66000,10
6448,1.88920,0.83300,1.88000,1.84300,10
6449,1.76168,0.87800,1.74800,1.62700,10
6450,1.69273,0.83100,1.67800,1.64800,10
6451,1.71763,0.88500,1.64300,1.64800,10
6452,1.88009,0.83200,1.69400,1.64700,10
6453,1.82739,0.83500,1.68100,1.68300,10
6454,1.96256,0.80300,1.62100,1.84100,10
6455,1.93451,0.82700,1.70100,1.67000,10
6456,2.03800,0.96200,1.89200,1.66700,10
6457,2.65928,0.86000,2.66200,1.89300,10
6458,2.29311,0.87000,2.28600,1.68000,10
6459,2.03045,0.86400,2.02200,1.69700,10
6460,1.79272,0.86500,1.78800,1.70900,10
6461,1.76741,0.87100,1.75800,1.66000,10
6462,1.62899,0.86600,1.62400,1.66000,10
6463,1.90263,0.83600,1.60900,1.67100,10
6464,2.06668,1.02300,1.91800,1.64800,10
6465,2.58079,0.90300,2.56800,1.86700,10
6466,2.23359,0.88400,2.23000,1.74000,10
6467,2.35082,0.83600,2.34200,1.67300,10
6468,2.07424,0.91100,2.07400,1.67800,10
6469,1.95832,0.86000,1.96000,1.69100,10
6470,1.71285,0.83200,1.70300,1.85300,10
6471,1.79992,0.82600,1.78800,1.69800,10
6472,1.79573,0.85800,1.79100,1.67600,10
6473,1.69742,0.88000,1.68800,1.67600,10
6474,1.84632,0.89200,1.65000,1.83100,10
6475,1.85709,0.88900,1.63000,1.69300,10
6476,2.11627,0.87900,1.71800,1.67500,10
6477,1.82247,1.12200,1.60700,1.66100,10
6478,1.68333,1.52300,1.49300,1.66100,10
6479,1.89808,1.32400,1.56100,1.68500,10
6480,2.78308,1.29400,1.61400,1.70900,10
6481,1.78084,1.19600,1.57900,1.65200,10
6482,1.82490,1.21000,1.57000,1.67300,10
6483,2.11604,1.01500,1.51900,2.00500,10
6484,1.83354,0.94700,1.53000,1.66500,10
6485,1.81851,0.93300,1.50900,1.66900,10
6486,1.97604,0.90500,1.57300,1.71000,10
6487,10.36728,0.88300,1.55100,1.65900,10
6488,2.64070,0.92200,10.94100,1.89100,10
6489,1.96981,0.98900,1.58800,1.66900,10
6490,1.78684,1.06000,1.55600,1.66600,10
6491,1.80571,1.04300,1.56300,1.66400,10
6492,1.97966,0.99800,1.75300,1.66600,10
6493,1.79093,0.97800,1.69700,1.66200,10
6494,1.91514,0.96600,1.77100,1.66200,10
6495,1.94762,0.94700,1.69800,1.85600,10
6496,1.92343,0.88300,1.77500,1.63800,10
6497,1.79873,0.86600,1.77200,1.67900,10
6498,1.69284,0.90500,1.61600,1.67900,10
6499,1.76867,0.94400,1.49900,1.68600,10
6500,10.42605,0.92000,1.50500,1.65300,10
6501,2.67779,0.93400,11.06500,1.86500,10
6502,1.85689,0.93400,1.52500,1.64000,10
6503,2.23590,0.93500,1.62000,1.66600,10
6504,1.77076,0.99900,1.77200,1.68400,10
6505,1.49072,1.07500,1.46400,1.68400,10
6506,1.70060,1.03400,1.37300,1.66800,10
6507,1.90605,1.03900,1.40200,1.64500,10
6508,2.02534,1.02400,1.41000,1.87300,10
6509,1.88148,1.10700,1.45300,1.66800,10
6510,1.87595,1.02700,1.47100,1.67900,10
6511,1.79538,0.98200,1.43100,1.66700,10
6512,1.88845,1.01500,1.44500,1.67800,10
6513,2.06791,1.02600,1.52000,1.81600,10
6514,1.86025,1.09800,1.55200,1.66100,10
6515,1.77894,0.99800,1.48000,1.71000,10
6516,2.15599,1.01900,1.39700,1.65400,10
6517,2.67326,1.28400,2.70300,1.64300,10
6518,1.65614,1.12600,1.51200,1.64300,10
6519,1.81798,0.96500,1.52900,1.64100,10
6520,1.88880,0.89500,1.50400,1.69800,10
6521,1.75346,0.89800,1.43800,1.68100,10
6522,2.96273,0.86300,1.53300,1.69400,10
6523,1.75523,0.88800,1.52500,1.64900,10
6524,1.84315,0.86400,1.51000,1.66400,10
6525,1.99539,0.98700,1.48000,1.82700,10
6526,1.97331,1.02800,1.49400,1.63400,10
6527,1.84586,1.59400,1.56100,1.66600,10
6528,1.85766,1.63300,1.54600,1.69400,10
6529,1.69896,1.16200,1.53500,1.69400,10
6530,2.01607,0.99900,1.54700,1.79700,10
6531,1.80712,1.05500,1.55600,1.64300,10
6532,1.82624,0.97400,1.47500,1.69900,10
6533,1.92798,0.99600,1.50500,1.69500,10
6534,2.15231,1.00200,1.63000,1.84900,10
6535,1.70483,1.02400,1.59300,1.64800,10
6536,1.94499,0.96400,1.66200,1.67100,10
6537,1.75626,0.97800,1.56500,1.66200,10
6538,1.81472,1.23600,1.41200,1.68900,10
6539,1.84605,1.45600,1.41700,1.70300,10
6540,1.94868,1.20900,1.57300,1.67500,10
6541,1.90063,1.04300,1.63800,1.66100,10
6542,1.71007,0.98000,1.53800,1.65100,10
6543,1.96426,0.96800,1.50400,1.84200,10
6544,1.78267,0.93800,1.45200,1.64800,10
6545,1.81825,0.89600,1.41600,1.64300,10
6546,1.90385,0.95400,1.43300,1.66800,10
6547,1.79646,0.93300,1.38100,1.71600,10
6548,2.03183,0.91100,1.41100,1.81800,10
6549,1.85507,0.85700,1.42100,1.65600,10
6550,1.87306,0.93900,1.43400,1.66700,10
6551,1.77511,0.93800,1.40100,1.65500,10
6552,2.12788,0.93400,1.43500,1.85800,10
6553,1.76912,0.94400,1.40100,1.67400,10
6554,1.79792,0.87800,1.38200,1.63900,10
6555,1.85486,0.87900,1.38000,1.67000,10
6556,1.87115,0.87400,1.42100,1.64400,10
6557,1.84139,0.86300,1.43500,1.65700,10
6558,1.76916,0.92200,1.38400,1.65500,10
6559,1.92255,0.88700,1.47000,1.64400,10
6560,1.81112,0.89100,1.40700,1.67700,10
6561,2.02202,0.87000,1.45800,1.81200,10
6562,1.74719,0.80600,1.39300,1.63800,10
6563,2.96727,0.80300,1.40900,1.64500,10
6564,2.45258,0.90900,3.35500,1.72300,10
6565,1.93685,0.95100,1.46800,1.79900,10
6566,1.97575,1.02000,1.54900,1.67000,10
6567,1.67606,0.89900,1.46400,1.68700,10
6568,1.98549,0.85200,1.56200,1.65600,10
6569,1.94705,0.96200,1.47100,1.85100,10
6570,1.79662,0.92900,1.43100,1.66900,10
6571,1.76930,0.86500,1.39100,1.66600,10
6572,1.83694,0.83800,1.36700,1.66000,10
6573,1.82552,0.82800,1.38900,1.65200,10
6574,1.85569,0.90700,1.40800,1.64800,10
6575,1.91001,0.83200,1.45800,1.68200,10
6576,2.28993,0.91400,1.88400,1.66000,10
6577,1.69542,0.80500,1.69500,1.66000,10
6578,2.18685,0.85900,1.92900,1.66600,10
6579,2.04707,0.90100,2.04600,1.63200,10
6580,1.79469,0.87300,1.77500,1.72300,10
6581,1.82738,0.87500,1.81500,1.68900,10
6582,1.66694,0.91400,1.63100,1.68900,10
6583,1.70071,0.95000,1.57700,1.81100,10
6584,1.97077,0.89000,1.68300,1.65800,10
6585,1.68606,0.97600,1.57400,1.65800,10
6586,1.87902,0.86800,1.54500,1.65000,10
6587,2.21383,1.00100,1.76300,1.66700,10
6588,1.81661,1.16400,1.75100,1.67200,10
6589,1.80826,1.12200,1.71900,1.67200,10
6590,1.82966,0.97000,1.60800,1.70800,10
6591,2.16807,1.02500,1.99300,1.67200,10
6592,2.03998,0.99900,2.02800,1.67500,10
6593,1.73690,0.92100,1.71800,1.68800,10
6594,1.63579,1.00200,1.62800,1.65700,10
6595,1.59110,0.98300,1.54300,1.65700,10
6596,2.29248,1.10100,1.77900,1.67300,10
6597,1.62264,1.57100,1.58200,1.67300,10
6598,1.81481,1.34400,1.59100,1.65100,10
6599,1.86264,1.24800,1.56900,1.68100,10
6600,1.83352,1.20200,1.60300,1.67200,10
6601,1.94408,1.06100,1.48800,1.85100,10
6602,1.87364,1.04200,1.53900,1.65800,10
6603,1.73820,0.99200,1.45700,1.66000,10
6604,2.72322,0.94900,1.42400,1.85900,10
6605,2.32087,0.94400,2.84500,1.67100,10
6606,1.89032,0.98200,1.59900,1.69200,10
6607,1.85455,0.91900,1.60400,1.69600,10
6608,1.83142,0.90300,1.54800,1.66600,10
6609,1.85344,0.91100,1.58800,1.64400,10
6610,1.81119,0.91500,1.53800,1.66700,10
6611,1.78413,1.07500,1.48800,1.66800,10
6612,1.97919,1.01600,1.60200,1.69700,10
6613,1.95743,1.04400,1.52300,1.84900,10
6614,1.83995,0.97500,1.54000,1.67400,10
6615,1.85763,0.96200,1.53900,1.67300,10
6616,1.93389,0.94200,1.60200,1.65500,10
6617,1.76432,0.93900,1.53400,1.66800,10
6618,2.01885,1.00300,1.56400,1.81600,10
6619,2.09106,0.99800,1.46200,1.70800,10
6620,2.58161,0.90500,2.34100,1.70300,10
6621,10.43567,1.03700,1.46800,1.64800,10
6622,2.20249,0.96000,10.75600,1.87100,10
6623,1.72225,1.01200,1.37400,1.65400,10
6624,2.13957,1.01300,1.69500,1.63400,10
6625,2.32243,1.01400,2.17500,1.65900,10
6626,1.94537,0.90200,1.92300,1.70800,10
6627,1.87487,0.96900,1.87200,1.67400,10
6628,1.75135,0.94000,1.74600,1.67600,10
6629,1.69819,0.98200,1.69600,1.78500,10
6630,1.70321,0.96400,1.62100,1.78500,10
6631,1.81664,0.96100,1.59800,1.63700,10
6632,2.01328,1.09700,1.66800,1.65700,10
6633,1.80369,1.53200,1.72400,1.65700,10
6634,1.95770,1.23500,1.63900,1.65000,10
6635,1.84077,1.03600,1.68800,1.65000,10
6636,1.72424,1.04400,1.54000,1.67400,10
6637,1.84955,0.98500,1.50800,1.65500,10
6638,1.91340,0.93600,1.56600,1.69700,10
6639,1.90811,0.87300,1.66900,1.66500,10
6640,1.79080,0.97100,1.59100,1.66800,10
6641,1.74779,0.97500,1.53700,1.65500,10
6642,1.79713,0.91100,1.51300,1.65800,10
6643,1.99519,0.87100,1.45500,1.84100,10
6644,1.70092,0.87900,1.35600,1.65700,10
6645,1.85055,0.94800,1.37800,1.64200,10
6646,2.55353,0.90100,1.41800,1.67300,10
6647,2.28845,1.04800,2.70000,1.71200,10
6648,1.90853,1.14700,1.46200,1.66800,10
6649,1.81601,1.05500,1.40100,1.68400,10
6650,2.07968,1.11100,1.64800,1.64200,10
6651,1.70270,1.05900,1.53100,1.64200,10
6652,1.94444,1.24300,1.44800,1.82500,10
6653,1.91301,1.22600,1.45600,1.69800,10
6654,1.83799,1.07500,1.44200,1.68600,10
6655,1.93887,1.01400,1.53700,1.69600,10
6656,1.80410,1.01500,1.47400,1.65300,10
6657,2.13594,0.99500,1.74000,1.66200,10
6658,1.75717,0.97200,1.71900,1.64300,10
6659,1.80049,1.01000,1.76900,1.64300,10
6660,10.48737,0.95000,1.68500,1.66400,10
6661,2.54080,0.99700,11.02300,1.86100,10
6662,1.75841,1.02600,1.50700,1.70500,10
6663,1.83249,0.92700,1.46900,1.66800,10
6664,2.03841,0.91200,1.49800,1.83000,10
6665,1.90946,1.00900,1.59300,1.66500,10
6666,1.77582,0.92400,1.53600,1.65500,10
6667,1.81724,0.87300,1.49500,1.65500,10
6668,1.85080,0.99200,1.53600,1.68100,10
6669,1.88462,0.93400,1.57500,1.66400,10
6670,1.81804,0.91000,1.56900,1.64700,10
6671,1.88215,0.98400,1.62900,1.66400,10
6672,1.73072,1.00300,1.59000,1.64400,10
6673,1.99241,1.04300,1.55200,1.64600,10
6674,1.83473,1.00200,1.59500,1.65600,10
6675,1.86002,0.91300,1.55000,1.65400,10
6676,1.77914,0.93000,1.52300,1.65400,10
6677,1.91452,0.98100,1.58800,1.68900,10
6678,1.97165,0.93600,1.57100,1.82500,10
6679,1.78149,0.93600,1.51100,1.66500,10
6680,1.85120,0.89200,1.52800,1.67700,10
6681,1.81994,0.91200,1.51000,1.64400,10
6682,2.02852,0.91700,1.55800,1.84100,10
6683,1.78079,0.89200,1.52200,1.64200,10
6684,1.78184,0.89500,1.49800,1.64900,10
6685,1.84977,0.87900,1.47600,1.67700,10
6686,1.94733,1.03200,1.54500,1.69300,10
6687,2.01940,1.30600,1.54700,1.67300,10
6688,2.63859,1.63300,1.57800,1.69200,10
6689,2.29770,1.50600,3.01900,1.66300,10
6690,1.74875,1.63400,1.55800,1.66300,10
6691,2.16169,1.54200,1.58900,1.66600,10
6692,1.88048,1.73200,1.71400,1.64000,10
6693,1.73592,1.41800,1.68400,1.71200,10
6694,1.83161,1.10000,1.64400,1.66300,10
6695,10.69466,0.99500,1.48700,1.66300,10
6696,2.82311,0.96100,11.65400,1.67400,10
6697,2.17737,0.95600,1.94500,1.71300,10
6698,2.43501,0.98100,2.23200,1.66900,10
6699,1.93552,0.89100,1.82500,1.66900,10
6700,2.31952,0.94800,2.11100,1.65100,10
6701,2.14768,0.94400,1.95200,1.65100,10
6702,2.05187,0.86200,1.83700,1.82300,10
6703,2.09734,0.85500,1.87600,1.69500,10
6704,1.87593,0.84900,1.64900,1.69600,10
6705,1.70630,0.95800,1.47200,1.70200,10
6706,1.81220,0.93900,1.45500,1.65900,10
6707,1.96622,0.90300,1.45900,1.80600,10
6708,1.92345,1.04700,1.55300,1.63800,10
6709,1.96414,0.86000,1.67600,1.68700,10
6710,2.25517,0.93900,2.00900,1.70200,10
6711,2.08934,1.09300,1.94700,1.85800,10
6712,1.82753,0.95400,1.60100,1.86800,10
6713,1.68129,0.87000,1.46000,1.65100,10
6714,1.86280,0.86500,1.44200,1.70200,10
6715,1.92160,0.82400,1.52500,1.65400,10
6716,1.72187,0.81800,1.45500,1.63600,10
6717,1.95198,0.84600,1.54200,1.68800,10
6718,1.74604,0.86800,1.47900,1.65200,10
6719,1.86143,0.87200,1.45600,1.67500,10
6720,2.11530,0.83500,1.41500,1.98800,10
6721,1.82760,0.82300,1.40800,1.65600,10
6722,2.71301,0.82200,1.45500,1.67800,10
6723,1.75257,0.92400,1.39200,1.68900,10
6724,1.99138,0.98500,1.44500,1.78700,10
6725,2.46436,0.96100,2.29000,1.65800,10
6726,1.88422,0.93500,1.87300,1.70500,10
6727,1.77497,0.94700,1.76500,1.90400,10
6728,1.68971,0.95100,1.68800,1.63700,10
6729,1.78837,0.93800,1.71000,1.63700,10
6730,1.79849,0.96900,1.65400,1.65200,10
6731,2.20815,0.91800,1.56800,1.66600,10
6732,2.62830,0.87600,2.63900,1.68900,10
6733,1.82431,0.87100,1.72500,1.64600,10
6734,1.73769,0.95500,1.62900,1.64600,10
6735,1.84349,0.91000,1.67200,1.63800,10
6736,1.96922,0.87200,1.59600,1.68400,10
6737,1.77872,0.88200,1.55400,1.65000,10
6738,1.80742,0.85200,1.55700,1.64000,10
6739,1.89755,0.82000,1.61000,1.66100,10
6740,1.78671,0.83700,1.53500,1.68800,10
6741,2.03224,0.81900,1.59300,1.79000,10
6742,1.73206,0.78200,1.50000,1.67000,10
6743,1.86838,0.84000,1.48400,1.69700,10
6744,1.83446,0.80900,1.51300,1.62600,10
6745,2.07773,0.82900,1.58100,1.83200,10
6746,1.83646,0.86700,1.63500,1.65700,10
6747,1.71645,0.86800,1.50700,1.65500,10
6748,2.00500,0.83000,1.63700,1.65000,10
6749,2.07868,0.86600,2.05400,1.64500,10
6750,1.86330,0.90600,1.86400,1.66600,10
6751,1.84813,0.87600,1.81400,1.66100,10
6752,2.17812,0.90700,2.18800,1.68000,10
6753,1.76105,0.92500,1.76200,1.87000,10
6754,1.58606,0.87900,1.56800,1.87000,10
6755,1.61577,1.11300,1.39700,1.68000,10
6756,1.77916,1.02100,1.38300,1.63700,10
6757,1.86069,0.86900,1.39800,1.65400,10
6758,1.81743,1.27500,1.35500,1.69800,10
6759,2.04872,1.07500,1.40400,1.81700,10
6760,1.97288,1.05000,1.54300,1.66100,10
6761,1.85183,0.91500,1.53900,1.71400,10
6762,1.80127,0.86400,1.50900,1.65000,10
6763,2.21627,0.89900,1.68500,1.63900,10
6764,1.62844,0.83000,1.56400,1.63900,10
6765,1.80814,0.87500,1.55300,1.64200,10
6766,1.89724,0.83900,1.55400,1.66000,10
6767,1.84064,0.86400,1.55300,1.70700,10
6768,1.81730,0.87500,1.47300,1.67900,10
6769,1.84353,0.89700,1.48600,1.67100,10
6770,1.85824,0.91300,1.50900,1.65500,10
6771,1.97095,0.87900,1.65900,1.66200,10
6772,1.78172,0.82600,1.47800,1.81300,10
6773,3.23896,0.86000,1.48900,1.70000,10
6774,1.76978,0.84500,1.47900,1.64500,10
6775,1.90945,0.87900,1.50700,1.69100,10
6776,1.92506,0.83200,1.44300,1.81000,10
6777,1.83651,0.91300,1.44400,1.66700,10
6778,1.81432,0.97600,1.39500,1.67400,10
6779,1.92522,0.88700,1.47100,1.67500,10
6780,1.94687,0.95500,1.45600,1.82700,10
6781,1.84662,0.86200,1.46500,1.63900,10
6782,1.97003,1.04300,1.58400,1.66600,10
6783,1.84080,1.72000,1.60000,1.66600,10
6784,1.86008,1.84500,1.60600,1.66500,10
6785,1.70902,1.22200,1.50400,1.66500,10
6786,1.88388,1.15300,1.49600,1.68200,10
6787,1.77907,1.23000,1.47500,1.67600,10
6788,2.08853,1.07700,1.72900,1.66000,10
6789,1.78662,1.04300,1.50000,1.83500,10
6790,1.82300,1.01400,1.44700,1.67900,10
6791,1.82729,0.92400,1.42500,1.67900,10
6792,1.80979,1.08000,1.42700,1.64700,10
6793,1.93270,1.00200,1.51700,1.68200,10
6794,2.16474,0.92900,1.71800,1.66200,10
6795,1.75898,0.87700,1.69000,1.66200,10
6796,1.92646,0.86200,1.69100,1.69500,10
6797,1.93654,0.88300,1.76500,1.69500,10
6798,1.90865,1.03100,1.61600,1.86900,10
6799,1.74291,0.94200,1.50100,1.67000,10
6800,1.75368,1.06000,1.48500,1.62600,10
6801,1.86366,0.95100,1.42200,1.64500,10
6802,1.86325,1.59400,1.42200,1.70100,10
6803,1.85358,1.53000,1.41700,1.65900,10
6804,1.85555,1.51300,1.46400,1.69800,10
6805,1.83115,1.51000,1.44400,1.66800,10
6806,1.83787,1.55500,1.41900,1.67100,10
6807,2.22194,1.57900,1.51700,1.64200,10
6808,1.69304,1.50300,1.44000,1.64200,10
6809,1.79314,1.47900,1.43100,1.66700,10
6810,2.07276,1.47000,1.49200,1.65600,10
6811,1.62274,1.42600,1.40000,1.65600,10
6812,1.99783,1.49700,1.44600,1.82600,10
6813,1.94946,1.58200,1.49900,1.64100,10
6814,1.71414,1.46100,1.41200,1.64100,10
6815,2.88469,1.15000,1.39600,1.70500,10
6816,1.94838,1.32100,1.43300,1.65300,10
6817,1.93923,1.57600,1.57900,1.66100,10
6818,1.75817,1.32100,1.51700,1.67300,10
6819,1.91225,1.20400,1.62000,1.66700,10
6820,1.82439,1.06800,1.61400,1.65200,10
6821,1.81617,1.11000,1.60400,1.67000,10
6822,1.75811,0.97300,1.50900,1.66400,10
6823,1.90044,0.91500,1.53900,1.66600,10
6824,10.56921,0.89500,1.52800,1.62200,10
6825,3.88760,1.07800,11.62800,1.86700,10
6826,2.62199,1.19500,3.19000,1.68900,10
6827,2.00007,1.25200,1.70600,1.83200,10
6828,1.72768,1.09600,1.59500,1.64300,10
6829,1.85633,1.01600,1.54600,1.65300,10
6830,1.84202,1.02800,1.57300,1.65300,10
6831,1.84086,1.00700,1.59800,1.70200,10
6832,1.95988,0.95400,1.64400,1.66000,10
6833,1.82664,1.07700,1.62000,1.66400,10
6834,1.93701,0.99600,1.73800,1.66300,10
6835,1.71245,0.96100,1.62400,1.66300,10
6836,2.13949,0.95400,1.75300,1.67800,10
6837,1.89673,0.97500,1.84900,1.64200,10
6838,1.84293,0.93600,1.83800,1.65100,10
6839,1.67927,0.91500,1.62300,1.65100,10
6840,1.75932,0.94300,1.55600,1.70100,10
6841,1.95159,0.87400,1.48900,1.81800,10
6842,1.84525,0.87500,1.47900,1.65200,10
6843,1.82968,0.92300,1.45200,1.69300,10
6844,1.77903,0.80200,1.40600,1.68200,10
6845,2.12767,0.90100,1.47700,1.85500,10
6846,1.77175,0.89000,1.43700,1.66900,10
6847,1.78540,0.84700,1.39900,1.65400,10
6848,1.89739,0.81500,1.39800,1.68000,10
6849,1.81986,0.80400,1.39600,1.66700,10
6850,1.98949,0.81600,1.48000,1.67200,10
6851,1.81741,1.46000,1.51000,1.64600,10
6852,1.70684,0.97300,1.40700,1.64200,10
6853,2.15263,0.85100,1.70200,1.64000,10
6854,2.04937,0.91600,1.74800,1.65900,10
6855,1.64782,1.30900,1.52000,1.65900,10
6856,2.64324,1.34200,1.46000,1.62800,10
6857,2.29113,1.10700,2.99300,1.70700,10
6858,1.95012,1.04000,1.50400,1.79000,10
6859,1.81356,1.00600,1.47100,1.65400,10
6860,1.85548,0.93600,1.46700,1.67200,10
6861,1.94284,0.93700,1.59900,1.66100,10
6862,2.10463,0.99700,1.68400,1.86200,10
6863,2.12654,0.97700,2.10800,1.66400,10
6864,2.08639,0.99200,2.08500,1.70400,10
6865,1.90939,0.92500,1.90800,1.70900,10
6866,1.82981,0.86700,1.82600,1.69700,10
6867,1.91170,0.93600,1.89700,1.67400,10
6868,1.83997,0.86500,1.82600,1.67000,10
6869,1.71208,0.91700,1.70300,1.67100,10
6870,1.67750,0.87800,1.67500,1.67100,10
6871,1.93373,0.93000,1.64500,1.84100,10
6872,1.84709,0.98100,1.64800,1.66200,10
6873,1.81822,0.90900,1.59800,1.67000,10
6874,1.87349,0.89400,1.61000,1.68500,10
6875,1.81210,0.86400,1.58300,1.66200,10
6876,2.05304,0.99700,1.58700,1.85600,10
6877,1.88704,0.90300,1.59700,1.67800,10
6878,1.83009,1.02900,1.59800,1.66200,10
6879,1.83714,0.95800,1.60500,1.67300,10
6880,2.00759,0.93600,1.59000,1.85300,10
6881,1.89636,0.91100,1.63700,1.66600,10
6882,1.82231,0.90400,1.61300,1.65800,10
6883,1.79513,0.94400,1.57500,1.67600,10
6884,2.09143,1.18500,1.74000,1.64400,10
6885,1.71917,1.50500,1.67400,1.64000,10
6886,1.74573,1.51900,1.59700,1.64000,10
6887,1.92752,1.29400,1.71500,1.66200,10
6888,1.71014,1.17600,1.59800,1.66200,10
6889,2.05277,1.19200,1.58500,1.86700,10
6890,1.88090,1.14400,1.62300,1.65600,10
6891,1.78733,1.11800,1.59600,1.66700,10
6892,1.96397,1.06200,1.72100,1.63900,10
6893,1.67265,0.97600,1.57700,1.63900,10
6894,2.03345,0.96300,1.61800,1.81700,10
6895,1.76722,0.96100,1.58700,1.64800,10
6896,1.80716,1.02700,1.56500,1.66200,10
6897,2.80059,0.93100,1.61200,1.66700,10
6898,2.68597,0.99400,3.40200,1.67200,10
6899,2.27396,1.02100,2.27400,1.70700,10
6900,2.18615,1.08500,2.15200,1.74100,10
6901,1.91918,1.12700,1.92200,1.68800,10
6902,1.88734,1.03800,1.86400,1.69700,10
6903,1.74170,1.04200,1.76000,1.67600,10
6904,1.82159,0.94800,1.81500,1.71100,10
6905,1.93278,0.96800,1.92800,1.82900,10
6906,1.69771,0.93800,1.68300,1.66900,10
6907,1.57934,0.96100,1.57400,1.66900,10
6908,1.81706,0.96500,1.54900,1.66200,10
6909,1.92516,0.90400,1.63800,1.67400,10
6910,10.51081,0.88600,1.62400,1.63800,10
6911,2.64240,1.40600,11.06500,1.71200,10
6912,1.87037,1.38100,1.75000,1.71200,10
6913,1.70538,1.13500,1.56400,1.67800,10
6914,1.84080,1.02000,1.62100,1.66500,10
6915,1.99860,0.98000,1.78500,1.71000,10
6916,2.03748,1.01000,1.76500,1.71000,10
6917,1.97343,1.17100,1.63200,1.67600,10
6918,2.00556,1.01300,1.58300,1.87900,10
6919,2.15135,0.93600,1.91700,1.68300,10
6920,2.57141,1.00900,2.53600,1.69700,10
6921,2.58087,1.13500,2.57700,1.68400,10
6922,1.91436,1.11100,1.91100,1.86600,10
6923,1.71567,0.93500,1.69400,1.69300,10
6924,1.60409,1.05100,1.59300,1.65500,10
6925,1.64239,1.08100,1.59300,1.65500,10
6926,10.57384,0.98100,1.56500,1.66300,10
6927,2.95987,1.20100,11.48400,1.69200,10
6928,4.46889,1.38600,2.24800,1.85900,10
6929,1.96372,1.32900,1.93700,1.70100,10
6930,2.01330,1.33000,2.00500,1.70100,10
6931,1.87958,1.05100,1.86300,1.68500,10
6932,1.89466,1.03300,1.89400,1.69400,10
6933,1.85671,0.92900,1.84000,1.84700,10
6934,1.86425,0.85900,1.86200,1.72200,10
6935,1.91566,0.87600,1.90300,1.68500,10
6936,1.91613,0.82300,1.90600,1.67700,10
6937,1.79423,0.89700,1.78000,1.87800,10
6938,1.83186,0.93800,1.82900,1.64600,10
6939,2.38537,0.91100,1.63800,1.64600,10
6940,2.58454,0.90400,3.09900,1.68500,10
6941,1.83790,1.00500,1.76800,1.67500,10
6942,1.81131,0.92400,1.71500,1.64800,10
6943,1.84214,0.90400,1.73400,1.65400,10
6944,1.84412,0.89400,1.75500,1.65600,10
6945,1.75944,0.87100,1.63600,1.65600,10
6946,2.06954,0.89500,1.72200,1.85400,10
6947,1.75392,0.92300,1.63500,1.67500,10
6948,1.86054,0.88200,1.63200,1.64000,10
6949,1.90531,0.86200,1.70600,1.67800,10
6950,1.95381,0.89100,1.78000,1.66900,10
6951,1.92277,1.03200,1.75100,1.83100,10
6952,1.75551,0.93400,1.63700,1.69600,10
6953,2.01320,0.96100,1.75300,1.66600,10
6954,1.73457,0.93900,1.69900,1.66600,10
6955,2.07092,0.94700,1.73200,1.86300,10
6956,1.86513,0.92800,1.72800,1.64600,10
6957,1.90017,0.90200,1.86100,1.68900,10
6958,1.87413,0.85600,1.85800,1.64100,10
6959,1.81628,0.84800,1.79800,1.65500,10
6960,1.79069,0.85000,1.78700,1.69400,10
6961,1.81777,0.83700,1.76800,1.66000,10
6962,1.73231,0.88200,1.65200,1.66000,10
6963,1.86543,1.00400,1.71000,1.66600,10
6964,2.08348,0.88600,1.72300,1.65500,10
6965,1.77916,0.94500,1.68000,1.65500,10
6966,2.13478,0.97400,1.96100,1.83200,10
6967,2.05859,0.87600,2.04900,1.67900,10
6968,1.88030,0.84900,1.87700,1.67000,10
6969,1.72236,0.82200,1.70800,1.67900,10
6970,1.92676,0.81300,1.90900,1.65500,10
6971,1.69703,0.87600,1.70400,1.65900,10
6972,10.43161,0.88000,1.65700,1.65900,10
6973,3.01971,1.11600,11.55900,1.64900,10
6974,1.77404,1.21900,1.76600,1.63700,10
6975,1.68998,1.12500,1.69400,1.63700,10
6976,1.95457,1.10100,1.62400,1.67300,10
6977,1.91481,1.17400,1.68500,1.66600,10
6978,1.79814,1.09100,1.65100,1.66900,10
6979,1.82385,0.95100,1.65300,1.64700,10
6980,2.44124,0.95600,1.64300,1.80700,10
6981,2.58208,0.96700,2.61400,1.65200,10
6982,1.71508,0.94000,1.57200,1.68000,10
6983,2.02068,0.90100,1.75600,1.65600,10
6984,1.85756,0.90100,1.76100,1.65600,10
6985,1.96777,0.99600,1.73500,1.64400,10
6986,1.74662,0.92000,1.64500,1.64400,10
6987,1.95615,0.92400,1.71000,1.70000,10
6988,1.80272,0.89400,1.65000,1.64300,10
6989,1.82040,1.07600,1.61600,1.68900,10
6990,1.87498,1.07500,1.65200,1.64900,10
6991,1.81310,1.06600,1.59000,1.66400,10
6992,1.79628,1.14600,1.55800,1.66200,10
6993,1.99558,1.05600,1.54400,1.84800,10
6994,2.03377,1.03600,1.71600,1.65200,10
6995,2.00409,1.14200,1.99400,1.67500,10
6996,1.85936,1.08300,1.85700,1.85700,10
6997,1.96049,1.05300,1.90300,1.65500,10
6998,1.84512,1.08100,1.83600,1.66400,10
6999,1.97664,1.15200,1.96900,1.71000,10
7000,1.75352,1.19500,1.75000,1.67000,10
7001,1.81417,1.07700,1.80700,1.63000,10
7002,10.41934,1.06000,1.71700,1.89600,10
7003,3.03053,1.14700,11.48700,1.67900,10
7004,2.23189,1.34800,2.25600,1.70100,10
7005,2.07065,1.25400,2.06200,1.67000,10
7006,1.87747,1.09300,1.86700,1.85200,10
7007,1.97069,1.04200,1.95200,1.66500,10
7008,1.99583,1.05300,1.97900,1.69300,10
7009,1.91264,1.06200,1.89900,1.86400,10
7010,1.88750,1.00300,1.88100,1.70300,10
7011,1.92385,0.91400,1.91500,1.70200,10
7012,1.88355,0.91500,1.88300,1.65100,10
7013,1.77952,0.96200,1.74300,1.70000,10
7014,1.82335,1.08500,1.82900,1.65200,10
7015,1.86561,1.08900,1.85200,1.85000,10
7016,1.74596,0.95700,1.74000,1.85000,10
7017,1.92267,1.04100,1.92800,1.67600,10
7018,2.17780,0.98400,2.16000,1.68800,10
7019,1.92158,1.12500,1.92700,1.67800,10
7020,1.92722,0.96700,1.92400,1.67600,10
7021,1.89899,0.93700,1.87400,1.67600,10
7022,3.15638,0.95500,1.83900,1.70100,10
7023,2.01782,0.99100,1.83700,1.69700,10
7024,1.81537,0.98000,1.74900,1.66800,10
7025,1.80613,1.03400,1.73300,1.66800,10
7026,2.02778,0.95500,1.71800,1.86500,10
7027,1.77637,0.93700,1.63600,1.67500,10
7028,1.96544,0.91700,1.75300,1.66500,10
7029,2.13682,0.90400,2.13300,1.66100,10
7030,2.14628,0.90500,2.13600,1.68900,10
7031,2.11720,0.95700,1.88600,1.68900,10
7032,3.08882,1.05900,2.80200,1.69700,10
7033,2.17878,1.54300,2.19100,1.70800,10
7034,2.07586,1.59000,2.05900,1.72900,10
7035,1.93267,1.62600,1.93300,1.68800,10
7036,1.90091,1.38200,1.92300,1.70500,10
7037,2.06622,1.14500,2.05600,1.71800,10
7038,1.86013,1.28800,1.85200,1.73000,10
7039,1.83880,1.32400,1.83700,1.82600,10
7040,1.61404,1.35900,1.62100,1.82600,10
7041,2.33429,1.09000,2.13000,1.68600,10
7042,2.19482,1.11600,1.82700,1.69400,10
7043,1.71159,1.07600,1.59700,1.69400,10
7044,2.09981,1.05700,1.86700,1.68400,10
7045,1.70085,1.05100,1.69100,1.68400,10
7046,1.79910,1.03100,1.68900,1.66900,10
7047,1.88661,0.97200,1.67300,1.68500,10
7048,2.11469,0.99000,1.64900,1.66400,10
7049,1.93270,1.45400,1.72200,1.68200,10
7050,1.93138,1.43000,1.67700,1.71300,10
7051,1.71345,1.24600,1.68500,1.71300,10
7052,1.80289,1.14000,1.61600,1.65900,10
7053,1.89920,1.19500,1.71000,1.65700,10
7054,1.97740,1.21000,1.96300,1.69600,10
7055,1.86983,1.17600,1.86000,1.62500,10
7056,2.00402,1.22700,1.95200,1.86300,10
7057,1.70336,1.55000,1.71800,1.63700,10
7058,2.04219,1.33500,1.93500,1.68900,10
7059,1.94712,1.28000,1.82200,1.86700,10
7060,1.83026,1.33200,1.75000,1.67600,10
7061,1.79535,1.11700,1.77300,1.63800,10
7062,1.80849,1.08800,1.60800,1.67000,10
7063,2.84202,1.14500,1.52800,1.67000,10
7064,2.50752,1.26600,3.48200,1.71000,10
7065,2.38363,1.11500,1.96800,1.67100,10
7066,2.01974,1.10400,2.00200,1.69100,10
7067,2.16074,1.21600,2.16200,1.74300,10
7068,1.82433,1.17800,1.79700,1.73600,10
7069,1.60581,1.06000,1.61300,1.70200,10
7070,1.60108,0.97100,1.59000,1.64500,10
7071,1.63990,0.97500,1.49000,1.64500,10
7072,1.92508,0.95300,1.53400,1.67400,10
7073,2.66125,2.25300,1.71800,1.91800,10
7074,1.69094,1.78100,1.95600,1.67600,10
7075,2.02801,1.59500,1.84500,1.68600,10
7076,10.38411,1.89600,2.05100,1.68600,10
7077,3.25234,1.60000,11.49800,1.70700,10
7078,2.35913,1.34100,2.35000,1.69300,10
7079,2.15932,1.31300,2.14900,1.75500,10
7080,1.98871,1.15900,1.97700,1.68200,10
7081,1.99391,1.01500,1.98200,1.71000,10
7082,2.43084,1.08300,2.42500,1.68500,10
7083,2.23185,0.98400,2.23100,1.71400,10
7084,2.15124,0.93300,2.15400,1.88100,10
7085,1.98344,0.96400,1.96300,1.68800,10
7086,2.00433,0.94500,2.00800,1.67700,10
7087,1.96089,0.90000,1.94800,1.84000,10
7088,1.90028,0.92100,1.89400,1.68100,10
7089,1.88693,1.06300,1.87900,1.67500,10
7090,1.99293,0.92800,1.99100,1.69500,10
7091,1.69404,0.93300,1.68000,1.68400,10
7092,1.62537,0.86400,1.62500,1.67300,10
7093,1.62131,0.91800,1.61200,1.67300,10
7094,2.01606,1.00700,1.63800,1.85200,10
7095,1.88424,1.07500,1.70500,1.66000,10
7096,2.02006,1.13500,1.87200,1.66100,10
7097,1.78631,0.97900,1.77600,1.65900,10
7098,1.64230,0.95900,1.62600,1.65900,10
7099,1.83100,0.99600,1.61300,1.67300,10
7100,1.78999,1.09100,1.61500,1.63500,10
7101,1.81511,0.96800,1.56000,1.67500,10
7102,1.90372,1.08500,1.66000,1.63900,10
7103,1.94744,1.04400,1.56800,1.82500,10
7104,2.78556,1.01200,1.55700,1.65100,10
7105,2.56803,0.99000,3.36500,1.65400,10
7106,1.64448,0.99900,1.63600,1.65400,10
7107,1.86994,1.02400,1.69200,1.65500,10
7108,1.91565,1.02900,1.72600,1.66400,10
7109,1.74033,0.97900,1.62900,1.66400,10
7110,1.84431,0.96700,1.63500,1.66100,10
7111,2.02770,0.96200,1.63500,1.87000,10
7112,1.83245,0.96000,1.68300,1.64200,10
7113,1.86329,0.94900,1.64300,1.67000,10
7114,2.31629,0.90300,2.13700,1.66100,10
7115,1.91477,0.92100,1.90400,1.71000,10
7116,1.72418,0.89200,1.69200,1.66300,10
7117,1.66349,0.94700,1.66600,1.65800,10
7118,1.60825,1.00700,1.60300,1.65800,10
7119,1.82079,0.92200,1.65200,1.64700,10
7120,2.48573,0.88900,2.46300,1.66700,10
7121,1.88477,0.88100,1.86000,1.67200,10
7122,1.83114,0.89600,1.82900,1.82500,10
7123,1.96905,0.87400,1.94900,1.66000,10
7124,1.68724,1.04000,1.68600,1.64500,10
7125,1.57733,0.99900,1.57900,1.64500,10
7126,1.78575,0.97600,1.58300,1.69700,10
7127,1.84666,0.93600,1.59600,1.66500,10
7128,10.72954,0.94500,1.65300,1.65600,10
7129,3.04293,1.23800,11.62100,1.67600,10
7130,1.96394,1.30100,1.96500,1.67000,10
7131,1.88905,1.07200,1.87300,1.69800,10
7132,2.00423,0.99200,2.00300,1.86900,10
7133,1.83788,0.95500,1.82300,1.68600,10
7134,3.26201,1.01100,1.77800,1.67400,10
7135,1.76946,1.09100,1.69500,1.64000,10
7136,1.93626,1.49600,1.78000,1.74400,10
7137,1.78416,1.54500,1.71200,1.67300,10
7138,1.81337,1.25700,1.67600,1.66200,10
7139,1.72119,1.25700,1.57200,1.66200,10
7140,10.47013,1.02300,1.52300,1.66900,10
7141,2.62567,0.94800,11.09400,1.88900,10
7142,1.70927,0.99900,1.50400,1.66300,10
7143,1.83252,0.99400,1.52200,1.65300,10
7144,2.05613,0.89900,1.56900,1.82100,10
7145,1.75418,0.96500,1.47800,1.66500,10
7146,3.08465,0.85600,1.73300,1.69900,10
7147,2.01530,0.93500,1.88300,1.67500,10
7148,1.79348,0.90200,1.75800,1.67500,10
7149,1.84154,0.95200,1.70800,1.67500,10
7150,1.98323,0.92300,1.84300,1.63900,10
7151,1.73861,0.91300,1.73700,1.65900,10
7152,10.41886,0.92500,1.69500,1.65900,10
7153,2.60963,0.91100,11.06100,1.64700,10
7154,1.72140,1.04200,1.62900,1.64700,10
7155,1.88808,0.90600,1.58800,1.69700,10
7156,1.87919,0.86000,1.65800,1.66700,10
7157,2.03978,0.84900,1.68200,1.62900,10
7158,1.96127,0.86300,1.85300,1.66000,10
7159,1.85407,0.87900,1.84800,1.66000,10
7160,1.71999,0.90300,1.63000,1.85700,10
7161,1.95049,0.90500,1.71600,1.65300,10
7162,1.71468,0.91700,1.62500,1.65300,10
7163,1.74386,0.95000,1.49000,1.66800,10
7164,1.80185,0.86400,1.45100,1.65800,10
7165,2.00523,0.92500,1.46100,1.82500,10
7166,1.76932,0.84100,1.42100,1.64600,10
7167,1.84873,0.86400,1.41600,1.67200,10
7168,1.90914,0.84100,1.45400,1.66800,10
7169,1.85335,0.81100,1.45700,1.66500,10
7170,1.80871,0.85300,1.40600,1.67300,10
7171,2.06318,0.83300,1.62700,1.66900,10
7172,1.86075,0.94100,1.78800,1.64200,10
7173,1.97963,0.93500,1.87400,1.67100,10
7174,1.79442,0.92700,1.66100,1.84000,10
7175,1.84862,0.86900,1.72500,1.63600,10
7176,2.02324,1.07200,1.98600,1.63600,10
7177,1.74913,0.91300,1.63200,1.84900,10
7178,1.83997,0.88700,1.64800,1.65600,10
7179,1.75707,0.99200,1.54200,1.65500,10
7180,1.88812,0.97600,1.58600,1.66400,10
7181,1.89987,0.93800,1.65700,1.63600,10
7182,1.79176,0.99500,1.62800,1.65700,10
7183,1.74646,0.95300,1.53400,1.67800,10
7184,2.11333,0.92400,1.59000,1.85800,10
7185,1.71942,0.92200,1.54200,1.63800,10
7186,1.84994,0.89300,1.53200,1.67500,10
7187,1.88081,0.86200,1.60400,1.63600,10
7188,3.19956,0.92200,1.54500,1.68200,10
7189,1.92562,0.85400,1.60900,1.66200,10
7190,1.79633,0.91800,1.60300,1.66200,10
7191,1.90108,0.94900,1.58600,1.68000,10
7192,2.04591,0.92700,1.64300,1.85300,10
7193,1.69191,0.88300,1.57200,1.62000,10
7194,1.89500,0.86700,1.55500,1.65300,10
7195,1.89453,0.88100,1.47600,1.83300,10
7196,1.95338,0.87600,1.57800,1.67100,10
7197,1.77014,0.85200,1.51500,1.62400,10
7198,1.80812,0.86100,1.47000,1.71400,10
7199,1.88893,0.87300,1.51500,1.65500,10
7200,1.78048,0.83700,1.46800,1.66500,10
7201,2.10277,0.90500,1.59000,1.82400,10
7202,1.75132,0.91000,1.53700,1.64600,10
7203,1.99322,0.89500,1.63600,1.70000,10
7204,1.88969,0.86600,1.71800,1.66200,10
7205,1.84895,1.00400,1.74800,1.65200,10
7206,1.89595,1.13600,1.80000,1.65000,10
7207,1.58517,0.98900,1.57900,1.65000,10
7208,1.93410,1.00800,1.67100,1.64500,10
7209,1.71560,0.94600,1.60100,1.64500,10
7210,1.93686,0.96000,1.50200,1.84100,10
7211,1.80702,0.90600,1.49000,1.66300,10
7212,2.01430,0.89700,1.69100,1.64000,10
7213,1.88884,0.93000,1.54400,1.80900,10
7214,1.80530,0.95500,1.54300,1.65200,10
7215,1.93525,0.92300,1.61000,1.69100,10
7216,1.77556,0.92600,1.58800,1.66900,10
7217,1.95932,0.92600,1.66300,1.65100,10
7218,2.01374,0.88500,1.67000,1.65000,10
7219,1.81182,0.91700,1.66100,1.65000,10
7220,1.88025,0.92700,1.71600,1.69400,10
7221,1.76281,0.90600,1.63600,1.69400,10
7222,1.81274,0.84400,1.61600,1.65100,10
7223,1.86694,0.97400,1.62100,1.67600,10
7224,1.77467,0.90400,1.52900,1.67700,10
7225,1.87722,0.89700,1.49300,1.67400,10
7226,1.94379,0.94400,1.62300,1.67500,10
7227,2.08417,0.88800,1.67600,1.85600,10
7228,1.83931,0.95300,1.73000,1.64800,10
7229,2.54514,0.88500,1.56300,1.64800,10
7230,2.77985,0.90500,3.44300,1.66400,10
7231,1.80894,0.85400,1.67600,1.66400,10
7232,1.90573,0.89100,1.69300,1.67400,10
7233,1.74471,0.91600,1.64400,1.66300,10
7234,1.84687,0.85100,1.63900,1.65100,10
7235,1.99921,0.89200,1.62300,1.83000,10
7236,1.81388,0.84100,1.64100,1.63300,10
7237,3.27890,0.85800,1.63800,1.66100,10
7238,1.80366,0.86800,1.62300,1.65300,10
7239,1.82570,0.85800,1.61300,1.64400,10
7240,1.75325,0.92400,1.56500,1.65000,10
7241,1.83564,0.85800,1.50700,1.65700,10
7242,2.61695,0.85700,2.27400,1.64500,10
7243,1.80991,0.82600,1.79400,1.88100,10
7244,1.63739,0.89200,1.63700,1.64900,10
7245,1.67867,0.88600,1.66400,1.64000,10
7246,10.46783,0.83300,1.68800,1.64000,10
7247,2.61730,0.87000,11.13800,1.89100,10
7248,2.18129,0.89000,1.72900,1.64100,10
7249,1.69339,0.89900,1.60400,1.64100,10
7250,1.83318,0.88500,1.57600,1.67500,10
7251,1.83312,0.93000,1.54000,1.66100,10
7252,1.78981,0.90900,1.51800,1.64800,10
7253,2.01115,0.92800,1.68900,1.65200,10
7254,2.01130,0.89500,1.98500,1.69100,10
7255,1.79682,0.93500,1.80500,1.65600,10
7256,10.40493,0.91300,1.69800,1.65600,10
7257,2.51430,0.90000,11.01200,1.88000,10
7258,1.77385,0.94200,1.65400,1.65900,10
7259,1.80698,0.88300,1.63700,1.65500,10
7260,2.02878,0.87100,1.60500,1.86700,10
7261,1.88194,0.84900,1.63500,1.65700,10
7262,2.23494,1.15200,1.96900,1.66700,10
7263,1.64176,1.49500,1.66200,1.68000,10
7264,1.86072,1.23100,1.82100,1.63500,10
7265,1.64515,1.05100,1.64300,1.63400,10
7266,1.66295,1.00600,1.56800,1.63400,10
7267,1.91597,0.95600,1.61500,1.65700,10
7268,1.85476,1.05900,1.62600,1.66700,10
7269,10.47772,1.14500,1.63600,1.68100,10
7270,2.76895,1.24300,11.19300,1.87200,10
7271,3.41137,1.19800,1.55700,1.73900,10
7272,2.00488,1.20700,1.55200,1.84400,10
7273,1.77060,1.15100,1.49400,1.65600,10
7274,1.85178,0.98500,1.54600,1.67000,10
7275,1.83804,0.91800,1.55500,1.65100,10
7276,1.78562,0.90800,1.53100,1.65200,10
7277,1.84083,0.88600,1.55400,1.64200,10
7278,1.75027,0.93700,1.48800,1.64400,10
7279,1.81931,0.87800,1.45400,1.67800,10
7280,1.80020,0.88600,1.44300,1.65700,10
7281,2.11144,0.83400,1.50500,1.83100,10
7282,1.85810,0.87400,1.57600,1.63900,10
7283,1.76566,0.84200,1.54100,1.62500,10
7284,2.03275,0.82900,1.55000,1.81600,10
7285,1.78303,0.84300,1.54100,1.66700,10
7286,1.80579,0.81600,1.49700,1.66300,10
7287,1.83069,0.82300,1.48000,1.67200,10
7288,1.87335,0.85200,1.53300,1.65400,10
7289,1.90425,0.85000,1.59400,1.65000,10
7290,1.92933,0.89200,1.50400,1.86200,10
7291,2.08016,0.83600,1.72000,1.64400,10
7292,1.65225,0.84700,1.57300,1.64400,10
7293,1.78066,0.82600,1.50900,1.65300,10
7294,1.95827,0.80300,1.64200,1.66100,10
7295,1.93159,0.79600,1.74900,1.67300,10
7296,1.62697,0.87200,1.54300,1.67300,10
7297,1.86918,0.84500,1.59200,1.63700,10
7298,1.85171,0.82800,1.65200,1.63800,10
7299,1.89902,0.88200,1.51800,1.67000,10
7300,2.02928,0.89100,1.67200,1.67800,10
7301,1.87205,0.96300,1.77600,1.65800,10
7302,1.85199,0.91700,1.62700,1.83300,10
7303,1.88569,0.97600,1.60200,1.66200,10
7304,1.84567,1.49100,1.59200,1.67800,10
7305,2.00203,1.54400,1.79300,1.67800,10
7306,1.92063,1.27000,1.69500,1.67800,10
7307,1.81112,1.15600,1.66200,1.67800,10
7308,1.97164,1.06400,1.66200,1.64600,10
7309,1.81594,1.02500,1.60100,1.67400,10
7310,1.88497,1.33800,1.65800,1.69800,10
7311,1.76541,1.62700,1.54300,1.69800,10
7312,1.92074,1.19800,1.61000,1.69600,10
7313,3.44600,1.11900,1.60500,1.64000,10
7314,1.75222,1.16300,1.61700,1.64000,10
7315,1.85380,1.04700,1.59600,1.68100,10
7316,1.96393,1.01000,1.54300,1.83000,10
7317,1.85345,1.02800,1.54700,1.68300,10
7318,1.94241,1.01600,1.67100,1.65500,10
7319,2.29853,1.00400,1.97600,1.66000,10
7320,2.09158,0.95100,2.08400,1.70000,10
7321,2.16080,1.03100,2.15000,1.73100,10
7322,2.07747,0.99600,2.04800,1.72100,10
7323,2.01221,0.99100,2.02900,1.68000,10
7324,1.74134,0.96400,1.72100,1.68800,10
7325,1.64921,0.89900,1.63500,1.66100,10
7326,1.81888,0.85200,1.76500,1.68100,10
7327,1.72385,0.91000,1.63700,1.68100,10
7328,1.80239,0.89400,1.59700,1.67600,10
7329,1.82081,0.86400,1.56000,1.64800,10
7330,1.84633,0.84900,1.55300,1.65100,10
7331,1.80699,0.87200,1.50600,1.67900,10
7332,1.89549,0.84600,1.57600,1.65300,10
7333,1.76592,0.88000,1.51000,1.64900,10
7334,2.11290,0.89500,1.62300,1.83900,10
7335,1.83030,0.91100,1.58800,1.67400,10
7336,1.79896,0.91900,1.65800,1.64600,10
7337,2.02056,0.90700,1.53700,1.86400,10
7338,1.81203,0.95900,1.56300,1.63600,10
7339,1.89147,0.86200,1.60200,1.65700,10
7340,2.28968,0.90700,1.67000,1.65300,10
7341,2.66303,0.88800,2.70200,1.68200,10
7342,1.91839,0.92300,1.74000,1.85600,10
7343,1.80327,0.88100,1.68600,1.66500,10
7344,1.88389,0.84500,1.72600,1.65300,10
7345,1.78326,0.88200,1.66000,1.66800,10
7346,2.10473,0.83500,1.88100,1.67600,10
7347,1.70238,0.90900,1.70400,1.63700,10
7348,1.70184,0.92800,1.59600,1.63700,10
7349,1.74471,0.94100,1.54900,1.64900,10
7350,1.96602,0.83400,1.67000,1.65800,10
7351,1.96370,0.91300,1.59200,1.85300,10
7352,2.03649,1.00700,1.84100,1.65100,10
7353,1.79811,1.11700,1.79600,1.84800,10
7354,2.07639,1.05300,1.98300,1.69700,10
7355,3.22520,0.96400,2.06800,1.67200,10
7356,1.84371,0.96600,1.84600,1.64300,10
7357,1.72005,0.90600,1.71100,1.68600,10
7358,1.73355,0.89400,1.73500,1.68600,10
7359,1.81759,0.93100,1.60300,1.85200,10
7360,1.97666,0.86900,1.69900,1.66700,10
7361,1.81722,0.95200,1.64300,1.69500,10
7362,1.79365,0.97300,1.61800,1.69900,10
7363,1.83223,0.91500,1.57700,1.67400,10
7364,1.83169,0.94700,1.56100,1.67400,10
7365,2.03816,0.87000,1.68800,1.66900,10
7366,1.94766,1.66700,1.93700,1.67800,10
7367,1.92232,1.43000,1.92000,1.82800,10
7368,1.79908,1.17100,1.78200,1.66000,10
7369,1.78160,1.07200,1.75100,1.63500,10
7370,1.90802,1.04200,1.84500,1.63500,10
7371,1.92309,1.19100,1.78000,1.66200,10
7372,1.89212,1.07900,1.77300,1.67100,10
7373,1.75549,1.14000,1.71400,1.67100,10
7374,1.74867,0.96300,1.61200,1.68700,10
7375,1.86236,0.94800,1.61300,1.66300,10
7376,1.84431,0.94900,1.65400,1.66300,10
7377,2.17126,1.00400,1.80400,1.65800,10
7378,1.70364,1.02100,1.69600,1.65900,10
7379,1.77655,1.02300,1.60900,1.65900,10
7380,1.84677,0.97700,1.59900,1.68600,10
7381,1.83872,0.87500,1.59900,1.65400,10
7382,1.89441,0.88800,1.63600,1.67100,10
7383,1.74368,0.87100,1.57500,1.66700,10
7384,1.91205,0.87500,1.65200,1.66300,10
7385,1.76035,0.86700,1.56800,1.65900,10
7386,2.04620,0.93400,1.56700,1.87100,10
7387,1.97492,0.91500,1.67500,1.63700,10
7388,1.89641,0.88100,1.76900,1.63700,10
7389,1.88671,0.85600,1.68700,1.78700,10
7390,1.74863,0.96000,1.59000,1.65200,10
7391,1.81182,0.93300,1.55100,1.66400,10
7392,1.84858,0.88500,1.57300,1.68400,10
7393,1.77949,0.85000,1.50300,1.65100,10
7394,1.94434,0.87000,1.61200,1.66300,10
7395,2.07636,0.87200,1.66200,1.85900,10
7396,1.78453,0.92900,1.59200,1.66500,10
7397,2.36395,0.89200,1.55800,1.66500,10
7398,2.54509,0.86700,2.64400,1.74000,10
7399,1.85930,0.95400,1.55200,1.67900,10
7400,1.79598,1.59300,1.54600,1.67900,10
7401,1.84504,1.29700,1.55500,1.66600,10
7402,1.78167,1.10200,1.56200,1.62900,10
7403,2.00716,1.08000,1.52800,1.84300,10
7404,1.82746,1.05800,1.50300,1.67300,10
7405,1.85238,1.12600,1.56100,1.64300,10
7406,2.01909,0.99400,1.60600,1.81900,10
7407,1.78231,0.95600,1.55600,1.64600,10
7408,1.84998,0.95400,1.57300,1.67000,10
7409,1.88541,0.93000,1.57800,1.69000,10
7410,1.86878,1.00500,1.61500,1.65000,10
7411,1.79549,0.86000,1.59300,1.65500,10
7412,2.04582,0.93700,1.57900,1.85100,10
7413,1.81273,0.90900,1.52300,1.67900,10
7414,1.89119,0.85600,1.57900,1.66400,10
7415,1.86147,0.87900,1.62500,1.67700,10
7416,1.93921,0.87200,1.77100,1.66500,10
7417,1.84313,0.84300,1.74000,1.64500,10
7418,1.90682,1.05300,1.86700,1.65700,10
7419,1.77604,1.17200,1.76900,1.65400,10
7420,1.78986,1.14100,1.73800,1.65400,10
7421,1.97730,1.03600,1.70500,1.85500,10
7422,1.81859,1.06900,1.67900,1.64900,10
7423,1.71463,1.08500,1.54100,1.67600,10
7424,2.00310,0.89700,1.50900,1.83500,10
7425,1.80695,0.84300,1.51500,1.66300,10
7426,1.81959,0.83800,1.45900,1.66100,10
7427,1.80213,0.86600,1.43800,1.64800,10
7428,1.89934,0.88500,1.43700,1.70200,10
7429,2.01890,0.93700,1.61600,1.69000,10
7430,2.19982,1.01700,1.74900,1.66800,10
7431,2.60547,0.90300,2.60900,1.66100,10
7432,1.94855,0.82100,1.93200,1.71200,10
7433,1.83530,0.83900,1.81500,1.68000,10
7434,1.74251,0.90300,1.74100,1.68900,10
7435,1.65407,0.93800,1.65300,1.64800,10
7436,1.55601,0.91900,1.55100,1.64800,10
7437,1.96379,0.92800,1.70400,1.68300,10
7438,10.58207,0.86600,1.62800,1.65700,10
7439,4.11781,0.97700,11.15800,1.91600,10
7440,1.75740,1.00300,1.59500,1.67800,10
7441,1.94504,0.94000,1.52800,1.82900,10
7442,1.85341,0.93200,1.55100,1.66600,10
7443,1.84189,0.99600,1.53500,1.67200,10
7444,3.37574,1.00400,1.72100,1.63400,10
7445,1.74696,0.98100,1.65700,1.63400,10
7446,1.72076,0.91900,1.57300,1.64200,10
7447,1.85833,0.88600,1.55500,1.63700,10
7448,1.83540,0.90100,1.57900,1.66100,10
7449,1.82657,0.89500,1.57300,1.66000,10
7450,2.18356,0.85900,1.72600,1.65900,10
7451,1.93861,0.84300,1.69000,1.66600,10
7452,1.98386,1.49300,1.78400,1.80400,10
7453,1.79190,1.56500,1.61300,1.69000,10
7454,1.64405,1.30100,1.54600,1.69000,10
7455,1.96067,0.95700,1.63700,1.65600,10
7456,1.91472,0.94500,1.72700,1.67400,10
7457,1.80235,0.94100,1.69100,1.67400,10
7458,1.74197,0.91400,1.57100,1.64600,10
7459,2.10886,0.89000,1.62700,1.85000,10
7460,1.97869,0.92900,1.58900,1.66100,10
7461,1.86423,1.60200,1.61700,1.69000,10
7462,1.72182,1.30800,1.64700,1.69000,10
7463,1.75901,1.04200,1.58600,1.65700,10
7464,1.86646,0.95100,1.55900,1.67400,10
7465,1.81980,1.08500,1.59700,1.64800,10
7466,1.89726,1.14300,1.60700,1.65300,10
7467,10.58714,1.11500,1.56700,1.67500,10
7468,3.07577,1.10900,11.70100,1.68000,10
7469,1.68093,0.99700,1.66900,1.67300,10
7470,1.64455,0.87200,1.59400,1.67300,10
7471,10.56618,0.86000,1.53500,1.67000,10
7472,2.61321,0.95200,11.23400,1.62200,10
7473,1.56239,0.87000,1.49200,1.62200,10
7474,1.91607,0.85100,1.54000,1.70800,10
7475,2.01052,0.89200,1.52700,1.83800,10
7476,1.85585,0.92700,1.57500,1.65400,10
7477,1.80615,0.85000,1.54300,1.65400,10
7478,2.01259,0.84100,1.51900,1.81100,10
7479,1.90512,0.85200,1.58900,1.68100,10
7480,1.80457,0.90400,1.57100,1.65900,10
7481,3.19078,0.92100,1.76500,1.66700,10
7482,1.65521,0.96600,1.62400,1.66700,10
7483,10.56284,0.99500,1.46400,1.66900,10
7484,2.86907,0.92400,11.52400,1.64400,10
7485,1.85187,0.97100,1.73200,1.66000,10
7486,1.72344,1.10200,1.63800,1.66000,10
7487,10.56538,0.97000,1.48600,1.65500,10
7488,2.38729,0.95200,11.08300,1.88500,10
7489,1.93530,0.95500,1.58400,1.67800,10
7490,1.77847,0.97000,1.50200,1.64200,10
7491,1.98221,0.93400,1.45700,1.83600,10
7492,1.79291,0.93200,1.44800,1.63900,10
7493,1.83079,0.97100,1.43400,1.65400,10
7494,1.86430,0.93400,1.45300,1.68200,10
7495,1.81673,0.89200,1.44400,1.64500,10
7496,1.83050,0.87300,1.43600,1.68200,10
7497,1.84501,0.86900,1.43400,1.64900,10
7498,1.80419,0.92000,1.43500,1.65300,10
7499,2.03730,0.87500,1.59500,1.69100,10
7500,1.94748,0.92900,1.49500,1.83800,10
7501,1.77427,0.97600,1.46200,1.67300,10
7502,2.21126,0.93700,1.83200,1.64500,10
7503,1.71057,1.00500,1.52700,1.85600,10
7504,1.72329,1.03600,1.39900,1.66900,10
7505,1.85766,1.06400,1.41900,1.64800,10
7506,1.98461,0.95200,1.59900,1.65000,10
7507,1.98382,0.94500,1.71500,1.69000,10
7508,2.27485,0.89500,2.27000,1.65400,10
7509,1.94814,0.88400,1.93800,1.91800,10
7510,1.87614,0.90500,1.87100,1.69900,10
7511,1.83910,0.92700,1.83300,1.65900,10
7512,1.87455,1.02900,1.79800,1.67700,10
7513,1.53630,0.85200,1.60000,1.65600,10
7514,1.60167,0.84400,1.52100,1.65600,10
7515,2.01174,0.92000,1.69100,1.67200,10
7516,1.89196,0.85800,1.71700,1.65200,10
7517,1.69367,0.88200,1.64400,1.65200,10
7518,10.49184,0.91000,1.54100,1.68100,10
7519,2.54007,0.95800,11.02400,1.89400,10
7520,1.68308,0.90100,1.51300,1.63800,10
7521,1.85635,0.96100,1.52100,1.67500,10
7522,2.02755,0.96400,1.52700,1.85200,10
7523,2.92157,1.01900,1.46700,1.67000,10
7524,1.81729,1.07900,1.45600,1.63500,10
7525,1.81263,0.97000,1.42700,1.68500,10
7526,1.85423,0.94600,1.44600,1.69100,10
7527,1.88184,0.95100,1.49300,1.67800,10
7528,1.73082,0.96700,1.39600,1.64300,10
7529,1.84758,0.99400,1.39600,1.67000,10
7530,1.99913,0.95900,1.56900,1.63700,10
7531,1.87313,0.97500,1.43700,1.85100,10
7532,1.78811,0.92700,1.41600,1.65900,10
7533,1.94743,0.99400,1.34700,1.81200,10
7534,2.09063,0.91900,1.48700,1.64000,10
7535,1.92428,1.44200,1.66000,1.67500,10
7536,2.06375,1.32900,1.94000,1.65900,10
7537,2.01896,1.21000,2.06500,1.67900,10
7538,1.57955,1.16400,1.51100,1.66100,10
7539,1.42566,1.34400,1.42800,1.66100,10
7540,2.01166,1.43500,1.43400,1.82000,10
7541,1.85366,1.36400,1.46500,1.68300,10
7542,1.83384,1.49300,1.38400,1.67100,10
7543,1.79169,1.03200,1.37600,1.65500,10
7544,1.83754,0.92100,1.36900,1.67400,10
7545,1.83062,0.91100,1.36800,1.65800,10
7546,1.87218,0.88100,1.40300,1.65100,10
7547,2.44564,0.90900,1.40300,1.67500,10
7548,2.65824,0.94700,3.06400,1.69900,10
7549,2.20202,0.99400,2.19100,1.67300,10
7550,2.00907,0.87500,2.00300,1.88600,10
7551,1.91125,0.87800,1.89900,1.67900,10
7552,1.90967,0.98000,1.88500,1.68100,10
7553,1.93780,0.99200,1.94100,1.70700,10
7554,1.96052,0.94400,1.95700,1.70600,10
7555,1.90126,0.90800,1.89500,1.69300,10
7556,1.81245,0.88200,1.79700,1.86000,10
7557,1.82188,0.89100,1.82100,1.65000,10
7558,1.68273,0.87900,1.68000,1.67200,10
7559,1.77053,0.90600,1.67200,1.67200,10
7560,1.91442,0.87200,1.72100,1.68600,10
7561,1.86581,0.93400,1.72000,1.67800,10
7562,1.74296,0.98100,1.61700,1.67800,10
7563,1.77608,1.00900,1.57600,1.65200,10
7564,1.80509,0.91100,1.55200,1.66200,10
7565,3.59409,0.90700,1.76400,1.66900,10
7566,2.02371,0.91400,1.95800,1.68000,10
7567,2.01233,0.92000,2.01200,1.87200,10
7568,1.56567,0.86700,1.56300,1.87200,10
7569,1.74886,0.98400,1.56800,1.65400,10
7570,1.90609,0.85900,1.61900,1.64900,10
7571,1.75710,0.89300,1.52400,1.66500,10
7572,1.91491,0.93900,1.58000,1.67600,10
7573,1.86707,0.95400,1.61000,1.67000,10
7574,1.97923,0.95900,1.59200,1.86700,10
7575,1.74842,0.84500,1.54500,1.63100,10
7576,1.91343,0.86600,1.56000,1.66300,10
7577,1.89371,0.90400,1.55100,1.72300,10
7578,1.79246,0.97800,1.54300,1.66700,10
7579,1.87476,0.95500,1.63200,1.62000,10
7580,1.96241,0.96000,1.69800,1.67700,10
7581,1.89640,0.85900,1.80100,1.65500,10
7582,10.46323,0.85100,1.77200,1.66900,10
7583,2.45164,1.03000,10.93600,1.89400,10
7584,1.85735,1.13200,1.53600,1.66000,10
7585,1.86578,0.92600,1.51300,1.68700,10
7586,2.02859,1.06100,1.50800,1.86900,10
7587,1.81448,1.00700,1.48900,1.67500,10
7588,1.86096,0.98300,1.52300,1.64900,10
7589,1.99029,0.94200,1.60900,1.69000,10
7590,1.79237,1.02700,1.64900,1.62800,10
7591,1.79188,0.98600,1.56500,1.67400,10
7592,1.96289,0.94100,1.65200,1.68000,10
7593,1.74318,1.00600,1.54600,1.67000,10
7594,1.96279,1.00500,1.56900,1.67800,10
7595,2.01002,0.93900,1.60700,1.85700,10
7596,1.72194,0.90700,1.53800,1.63600,10
7597,1.76950,0.90300,1.46200,1.65100,10
7598,2.03550,0.91500,1.51100,1.82400,10
7599,1.78238,0.91000,1.48000,1.66000,10
7600,1.90402,1.00400,1.51400,1.64600,10
7601,1.79646,0.91400,1.48600,1.65000,10
7602,1.89975,0.90000,1.54600,1.66000,10
7603,2.09701,0.85900,1.77800,1.63000,10
7604,2.10056,1.01300,2.02000,1.64700,10
7605,2.07459,0.95300,2.07700,1.65500,10
7606,1.88018,0.89000,1.87200,1.71200,10
7607,3.48715,0.88900,1.96600,1.67400,10
7608,1.73378,1.03500,1.72900,1.65600,10
7609,1.71666,0.97900,1.71500,1.65600,10
7610,1.98377,0.91500,1.81900,1.65100,10
7611,1.70077,0.91000,1.68800,1.64700,10
7612,1.83144,0.91100,1.73800,1.64200,10
7613,1.98943,1.06100,1.64300,1.84900,10
7614,1.75700,0.98200,1.65900,1.63000,10
7615,1.99925,0.94600,1.59400,1.84600,10
7616,1.85074,0.95000,1.58600,1.65600,10
7617,1.95839,0.96900,1.72800,1.66200,10
7618,1.98419,1.03400,1.87700,1.64400,10
7619,1.82311,0.94500,1.82100,1.67300,10
7620,1.78386,0.95000,1.77100,1.67300,10
7621,1.89609,1.04000,1.59700,1.88800,10
7622,1.82546,1.00400,1.64600,1.62200,10
7623,1.79579,1.03300,1.62100,1.65400,10
7624,1.90892,1.05900,1.62200,1.70900,10
7625,1.80013,1.10500,1.69500,1.67600,10
7626,1.81151,1.16900,1.57000,1.64100,10
7627,1.99675,1.22100,1.74200,1.66500,10
7628,1.88485,1.09200,1.77300,1.64800,10
7629,1.65962,1.17600,1.65000,1.64800,10
7630,2.40100,1.21200,1.97800,1.65700,10
7631,1.84426,1.22900,1.84000,1.66500,10
7632,1.67366,1.10900,1.67100,1.66500,10
7633,1.82632,1.08000,1.64200,1.83600,10
7634,1.82380,0.94000,1.66900,1.65800,10
7635,1.92305,1.06800,1.71500,1.70500,10
7636,2.08952,1.23000,1.99700,1.65900,10
7637,1.94759,1.21700,1.94500,1.65800,10
7638,2.60793,1.22900,2.59200,1.89100,10
7639,2.00031,1.21300,2.00000,1.67500,10
7640,1.89857,1.25300,1.89600,1.69200,10
7641,1.89547,1.20400,1.88500,1.71300,10
7642,1.52903,1.09300,1.53200,1.66100,10
7643,1.57399,0.99100,1.57300,1.66100,10
7644,1.81079,0.90000,1.70500,1.64300,10
7645,1.75314,0.94600,1.59900,1.68000,10
7646,2.11472,0.92700,1.63300,1.66100,10
7647,1.55858,1.49800,1.58300,1.66100,10
7648,2.04854,1.04900,1.57600,1.87300,10
7649,3.32281,0.97600,1.66100,1.66400,10
7650,2.53735,0.89100,1.46800,1.82700,10
7651,2.48328,0.99300,2.97900,1.72300,10
7652,1.99137,1.31900,1.71900,1.71000,10
7653,1.77263,1.61700,1.66000,1.71000,10
7654,1.96406,1.28800,1.68500,1.70600,10
7655,2.00394,1.20100,1.71800,1.84400,10
7656,1.82403,1.16900,1.51100,1.83800,10
7657,1.83531,1.06400,1.53900,1.66200,10
7658,1.75140,1.04400,1.42600,1.66900,10
7659,1.78172,0.96500,1.37800,1.65500,10
7660,1.98153,0.90100,1.46100,1.72800,10
7661,1.78709,0.90500,1.44700,1.65200,10
7662,2.22267,0.86900,1.80500,1.67900,10
7663,1.90189,0.91400,1.89600,1.67900,10
7664,1.97958,0.89600,1.75800,1.99700,10
7665,1.86074,0.85900,1.70900,1.67100,10
7666,1.87799,0.91500,1.69600,1.71100,10
7667,1.93391,0.95700,1.58800,1.85000,10
7668,1.86740,0.92500,1.56000,1.67800,10
7669,1.80794,0.90400,1.51600,1.67400,10
7670,2.01061,0.88800,1.70400,1.63200,10
7671,1.88952,0.91600,1.81300,1.66600,10
7672,1.88498,0.87900,1.68400,1.81700,10
7673,1.87571,0.82600,1.77400,1.64800,10
7674,1.82923,0.84400,1.75000,1.67900,10
7675,1.99055,0.84000,1.91100,1.65100,10
7676,1.78370,0.87300,1.77800,1.65100,10
7677,1.75099,0.84200,1.73500,1.67500,10
7678,1.92070,0.84700,1.85300,1.64900,10
7679,1.79262,0.86500,1.71000,1.65500,10
7680,1.66658,1.67300,1.63100,1.65500,10
7681,2.07876,1.20900,1.65300,1.86500,10
7682,1.77332,1.03600,1.59600,1.68700,10
7683,1.83456,0.98900,1.53700,1.67500,10
7684,1.95120,0.93500,1.50700,1.83900,10
7685,1.82468,0.96000,1.52200,1.66200,10
7686,1.75147,0.96500,1.46500,1.64400,10
7687,1.89309,0.86300,1.48700,1.68300,10
7688,1.86571,0.93500,1.50600,1.65200,10
7689,1.80525,0.90900,1.48000,1.67700,10
7690,2.06928,0.96500,1.53200,1.82700,10
7691,2.38470,0.93500,1.57900,1.67300,10
7692,2.50964,0.93300,2.49100,1.69300,10
7693,1.85644,0.92400,1.58200,1.67600,10
7694,1.86636,1.10000,1.59500,1.65200,10
7695,1.85335,1.37700,1.60800,1.68400,10
7696,2.00966,1.14900,1.90500,1.65700,10
7697,1.78891,0.97800,1.78500,1.65000,10
7698,1.64771,1.07100,1.64100,1.65000,10
7699,2.06637,0.97500,1.65900,1.82500,10
7700,1.76293,0.98600,1.61900,1.64700,10
7701,1.93376,0.96300,1.66400,1.66600,10
7702,2.14820,0.94100,1.81900,1.66600,10
7703,1.70971,1.03400,1.70500,1.64100,10
7704,1.73078,0.90100,1.59700,1.64100,10
7705,1.87463,0.86000,1.63300,1.64800,10
7706,1.77524,0.88300,1.60800,1.66700,10
7707,1.83760,0.87600,1.58100,1.66000,10
7708,2.02293,0.89700,1.60400,1.83200,10
7709,1.87305,0.86500,1.64000,1.66700,10
7710,1.83194,0.93900,1.60100,1.66500,10
7711,1.79984,0.85400,1.52700,1.71200,10
7712,1.85198,0.86400,1.51300,1.65700,10
7713,1.93311,0.89200,1.64200,1.64300,10
7714,1.91256,0.88800,1.79100,1.64800,10
7715,1.83076,0.85400,1.76100,1.69600,10
7716,1.96710,0.94100,1.67800,1.84600,10
7717,1.72230,0.85600,1.49300,1.68200,10
7718,1.86188,0.86400,1.50100,1.67100,10
7719,2.07106,0.85800,1.58300,1.81600,10
7720,2.04758,0.83100,1.80800,1.70700,10
7721,2.15766,0.84500,1.96700,1.70700,10
7722,2.50677,0.81100,2.29800,1.71400,10
7723,1.93231,0.87100,1.74200,1.71400,10
7724,10.80698,0.82100,1.46700,1.64100,10
7725,3.00515,0.89100,11.77400,1.69200,10
7726,1.93651,0.88400,1.72800,1.69200,10
7727,1.92825,0.84900,1.53800,1.65800,10
7728,2.02890,0.88500,1.53700,1.87100,10
7729,1.79747,0.82600,1.51500,1.63900,10
7730,1.93386,0.82200,1.54600,1.65300,10
7731,2.04519,1.69100,1.59600,1.69300,10
7732,2.81153,1.34400,1.55300,1.69300,10
7733,2.10145,1.07900,1.59900,1.65900,10
7734,1.98467,1.86100,1.68800,1.67000,10
7735,1.83907,1.86300,1.60100,1.84600,10
7736,1.66740,1.80300,1.63900,1.84600,10
7737,1.78186,1.00200,1.61000,1.64700,10
7738,1.88012,0.96300,1.63600,1.67800,10
7739,1.78411,0.98400,1.53200,1.70000,10
7740,1.86376,0.94800,1.51800,1.68500,10
7741,1.83842,0.95300,1.50900,1.67500,10
7742,1.87628,0.90500,1.52500,1.67200,10
7743,1.90928,0.94700,1.59200,1.65600,10
7744,1.94210,0.95900,1.71000,1.67000,10
7745,10.47806,0.91500,1.59100,1.66500,10
7746,2.74242,0.90400,11.22400,1.88900,10
7747,1.82126,0.98600,1.62500,1.64800,10
7748,1.87529,1.02000,1.59200,1.67800,10
7749,2.03491,0.98700,1.59700,1.85400,10
7750,1.79819,0.91500,1.57600,1.68100,10
7751,1.93102,0.87900,1.61600,1.67900,10
7752,1.87487,0.85600,1.76300,1.63400,10
7753,2.42046,0.89900,1.67900,1.64400,10
7754,2.50587,0.86000,2.92000,1.68700,10
7755,1.81995,0.87900,1.55200,1.66500,10
7756,1.87478,0.95300,1.59000,1.66000,10
7757,1.96941,0.90700,1.57800,1.83300,10
7758,1.78281,0.89600,1.52700,1.63300,10
7759,2.06583,0.90900,1.75100,1.66200,10
7760,2.08681,0.93000,1.80500,1.67600,10
7761,1.84421,0.89200,1.84200,1.66500,10
7762,1.80839,0.84600,1.79300,1.65800,10
7763,1.68196,0.86500,1.57900,1.65800,10
7764,1.79280,0.81800,1.52800,1.66200,10
7765,1.82604,0.89000,1.51100,1.66200,10
7766,2.06041,0.87200,1.57800,1.83500,10
7767,1.77726,0.88800,1.55700,1.67000,10
7768,1.81371,0.94900,1.56300,1.62500,10
7769,1.81934,0.92100,1.54600,1.67800,10
7770,1.89257,1.00600,1.56900,1.66500,10
7771,1.75663,0.96000,1.50400,1.66900,10
7772,1.81300,1.00100,1.51200,1.63800,10
7773,2.61860,0.88500,1.49100,1.63300,10
7774,2.32449,0.87900,2.87600,1.73000,10
7775,2.07146,0.87800,1.57500,1.87900,10
7776,1.84926,0.91900,1.53600,1.69100,10
7777,1.98626,0.97400,1.53300,1.82300,10
7778,1.84156,0.92400,1.52900,1.65900,10
7779,1.75911,0.92000,1.46500,1.67100,10
7780,1.81639,0.99400,1.46500,1.64300,10
7781,1.87253,1.08200,1.46600,1.69800,10
7782,1.90091,1.08800,1.46800,1.67800,10
7783,2.06995,1.13900,1.48300,1.87000,10
7784,2.06826,1.04100,1.66900,1.71200,10
7785,1.87975,1.03700,1.77400,1.68800,10
7786,1.96276,1.00000,1.89100,1.66800,10
7787,1.70144,0.97000,1.69500,1.64500,10
7788,1.73461,0.98800,1.69800,1.64500,10
7789,1.75906,0.96700,1.59800,1.65800,10
7790,1.80200,0.97400,1.55400,1.67000,10
7791,1.96530,0.96800,1.55900,1.71600,10
7792,1.96528,0.98700,1.50300,1.84600,10
7793,1.83451,0.90400,1.53100,1.67200,10
7794,1.91158,0.88500,1.59600,1.66000,10
7795,2.02617,0.86500,1.60200,1.64500,10
7796,1.73599,1.40600,1.54200,1.64500,10
7797,1.81371,1.21700,1.50400,1.68700,10
7798,1.90813,1.07500,1.56000,1.67300,10
7799,1.75965,1.02400,1.48100,1.64600,10
7800,1.85498,1.09300,1.51000,1.66400,10
7801,2.17107,0.96800,1.67500,1.83600,10
7802,1.77983,0.98100,1.61900,1.66000,10
7803,1.82824,0.90200,1.59000,1.66300,10
7804,1.71845,0.89600,1.45900,1.67400,10
7805,1.78890,0.87100,1.44900,1.64800,10
7806,1.91151,0.83700,1.52300,1.64300,10
7807,1.80847,0.84000,1.49300,1.64000,10
7808,1.83145,0.92500,1.50300,1.68100,10
7809,1.80050,0.86800,1.49200,1.65200,10
7810,2.13450,0.85700,1.55700,1.86200,10
7811,1.95485,0.98800,1.83100,1.62800,10
7812,1.64972,0.98400,1.60400,1.62800,10
7813,2.06043,0.87200,1.57800,1.83700,10
7814,2.27590,0.91200,1.54500,1.64200,10
7815,2.24570,0.86400,2.64600,1.69000,10
7816,1.95023,0.85400,1.53200,1.69700,10
7817,2.01701,0.83000,1.67500,1.67400,10
7818,1.70927,0.87100,1.58200,1.68700,10
7819,2.10544,0.92900,1.56500,1.86900,10
7820,1.76611,0.89900,1.51400,1.65500,10
7821,1.87112,0.93600,1.53300,1.65300,10
7822,1.80326,0.87800,1.50100,1.66000,10
7823,1.82225,0.82500,1.50000,1.64300,10
7824,1.82478,0.82300,1.47400,1.67600,10
7825,1.90139,0.80200,1.53000,1.64900,10
7826,1.93453,0.86100,1.65900,1.63100,10
7827,2.24686,1.03200,2.04400,1.80700,10
7828,2.79787,1.00100,2.78100,1.66700,10
7829,2.72054,0.93800,2.70400,1.66700,10
7830,1.83691,0.99600,1.70000,1.66600,10
7831,1.81161,0.90600,1.66600,1.65000,10
7832,2.08124,0.88900,1.93100,1.65400,10
7833,1.95572,1.03700,1.95000,1.64500,10
7834,1.88279,0.97200,1.86100,1.67200,10
7835,1.83568,0.96200,1.83800,1.85800,10
7836,1.87310,0.95500,1.85200,1.64900,10
7837,1.83162,1.03100,1.81300,1.70600,10
7838,2.02857,1.00600,2.02900,1.67400,10
7839,1.94037,0.89500,1.92600,1.69100,10
7840,2.04133,0.85700,2.01600,1.66500,10
7841,1.95210,0.90100,1.95300,1.67300,10
7842,1.92562,0.86100,1.91300,1.69100,10
7843,2.04473,0.83800,2.03300,1.85600,10
7844,1.96459,0.85700,1.95300,1.70200,10
7845,1.82282,0.86300,1.82000,1.67200,10
7846,1.90926,0.93700,1.89400,1.83900,10
7847,1.87841,0.94400,1.86300,1.69500,10
7848,1.78626,1.06100,1.78000,1.67000,10
7849,1.92971,0.85500,1.91700,1.70300,10
7850,1.87221,0.95600,1.87700,1.66400,10
7851,1.86533,0.86100,1.85400,1.67200,10
7852,1.92399,0.88300,1.91800,1.85600,10
7853,1.89856,0.89600,1.88500,1.68100,10
7854,1.97348,0.97900,1.97800,1.67600,10
7855,2.87464,0.92600,1.75600,1.67600,10
7856,4.81545,1.03600,3.66000,1.64500,10
7857,1.80573,1.10500,1.80900,1.66000,10
7858,1.66574,0.96600,1.62600,1.66000,10
7859,1.83450,1.00600,1.68100,1.68600,10
7860,2.34772,0.90900,2.12900,1.65400,10
7861,2.03645,1.02100,2.02800,1.72700,10
7862,1.87686,1.05100,1.86900,1.63200,10
7863,1.82271,0.94900,1.81900,1.63300,10
7864,1.81620,0.91500,1.81100,1.66300,10
7865,1.79218,0.93800,1.78100,1.66600,10
7866,1.77602,1.02200,1.68000,1.66600,10
7867,1.81010,0.91900,1.63000,1.67800,10
7868,10.59418,1.18600,1.66000,1.89000,10
7869,2.70677,1.70600,11.20700,1.89000,10
7870,2.18194,1.39800,2.05100,1.68000,10
7871,1.77983,1.24600,1.78200,1.83200,10
7872,1.76400,1.19700,1.67200,1.63800,10
7873,1.77377,1.11600,1.67200,1.63800,10
7874,1.85619,1.14900,1.68900,1.66300,10
7875,2.24897,1.05500,1.89500,1.65900,10
7876,1.86435,1.01600,1.84700,1.67300,10
7877,1.60345,1.03500,1.59300,1.71800,10
7878,1.71466,0.97900,1.54700,1.71800,10
7879,1.81903,1.10100,1.54700,1.64100,10
7880,1.83184,1.12100,1.51200,1.67500,10
7881,2.12170,1.07500,1.58900,1.87600,10
7882,1.82685,1.04600,1.58100,1.66800,10
7883,2.02507,1.10700,1.78400,1.65700,10
7884,1.80783,1.12500,1.77100,1.68400,10
7885,1.88278,1.15100,1.59500,1.68300,10
7886,1.83910,1.06700,1.55000,1.65800,10
7887,1.98603,1.09500,1.71400,1.66800,10
7888,1.85878,1.05100,1.79600,1.66800,10
7889,1.81767,0.91400,1.75000,1.66800,10
7890,1.91764,0.94000,1.62400,1.86000,10
7891,1.76112,0.95000,1.50400,1.68500,10
7892,2.27010,1.21900,1.52600,1.82000,10
7893,1.93377,1.57600,1.73600,1.68400,10
7894,2.08204,1.82800,2.10100,1.68000,10
7895,1.99856,1.34800,1.98300,1.71200,10
7896,2.53045,1.17100,1.69700,1.71200,10
7897,2.68365,1.24600,3.21800,1.68600,10
7898,1.92453,1.12500,1.69300,1.84700,10
7899,1.70616,1.11800,1.59500,1.64900,10
7900,2.10646,0.98400,1.78800,1.68700,10
7901,1.89416,0.97600,1.89100,1.69800,10
7902,1.88815,0.97700,1.85800,1.67500,10
7903,1.67225,0.92200,1.68500,1.67500,10
7904,1.64004,0.87300,1.50600,1.66000,10
7905,1.81952,0.84900,1.50500,1.66700,10
7906,2.54478,0.84200,2.02500,1.66700,10
7907,2.02204,0.83300,2.00600,1.66000,10
7908,1.84837,0.85400,1.84700,1.87900,10
7909,1.65709,0.82500,1.63500,1.65400,10
7910,1.59732,0.89300,1.60100,1.65400,10
7911,1.71689,0.89900,1.52700,1.66500,10
7912,1.81593,0.85800,1.50100,1.65500,10
7913,1.78660,0.83800,1.46900,1.66800,10
7914,1.89708,0.87300,1.48600,1.68100,10
7915,2.02815,0.91400,1.49300,1.83600,10
7916,1.68217,0.93500,1.41600,1.63100,10
7917,1.89906,0.83200,1.47800,1.66400,10
7918,1.83368,0.85300,1.45300,1.67700,10
7919,2.39320,0.83000,1.96400,1.66600,10
7920,2.02172,0.93000,2.02100,1.71600,10
7921,1.87769,0.90700,1.87700,1.68800,10
7922,1.74042,0.86800,1.73800,1.72200,10
7923,1.66292,0.87800,1.65400,1.66600,10
7924,10.48405,0.83300,1.66800,1.66600,10
7925,2.52045,0.88000,11.13100,1.89400,10
7926,1.80327,0.88700,1.63300,1.65000,10
7927,1.88804,0.84100,1.76100,1.65300,10
7928,1.96762,0.94500,1.69200,1.83800,10
7929,1.75947,0.96200,1.66600,1.66600,10
7930,1.92726,0.85900,1.77400,1.65200,10
7931,2.06138,0.85000,2.00200,1.68200,10
7932,1.79854,0.87600,1.79300,1.67800,10
7933,1.73433,0.89200,1.73700,1.66600,10
7934,1.61498,0.82200,1.60400,1.66600,10
7935,1.84790,0.82900,1.63600,1.66600,10
7936,1.87065,0.85800,1.64400,1.66400,10
7937,2.13868,0.93900,1.85000,1.66800,10
7938,2.28147,0.86500,1.77600,1.66800,10
7939,2.70452,0.84500,2.98600,1.65100,10
7940,1.77030,0.98100,1.77000,1.67100,10
7941,1.79772,1.08100,1.78900,1.67000,10
7942,1.64127,1.15800,1.62300,1.67600,10
7943,1.78562,0.99500,1.63300,1.67600,10
7944,1.86172,0.87100,1.66100,1.63500,10
7945,1.79470,0.86400,1.65900,1.66800,10
7946,2.08882,0.85700,1.69400,1.86900,10
7947,1.75082,0.85600,1.60100,1.65800,10
7948,1.82886,0.82600,1.59200,1.64300,10
7949,1.82870,0.83100,1.56800,1.71000,10
7950,1.93628,0.81100,1.62300,1.64100,10
7951,1.81945,0.89800,1.65900,1.66300,10
7952,1.91976,0.92200,1.70800,1.66000,10
7953,1.86171,0.83200,1.74700,1.67200,10
7954,10.64783,0.91600,1.65100,1.67600,10
7955,2.87753,1.04200,11.53000,1.66300,10
7956,1.89889,0.95000,1.90600,1.64800,10
7957,1.84488,0.91200,1.83800,1.65700,10
7958,2.00010,0.99000,1.93500,1.88100,10
7959,3.16043,1.67700,1.86200,1.68900,10
7960,1.67751,1.40600,1.68000,1.68900,10
7961,1.87391,1.29100,1.68400,1.64600,10
7962,1.67767,1.11000,1.56400,1.65700,10
7963,2.08031,0.99300,1.72700,1.62800,10
7964,1.87258,1.00700,1.81400,1.65800,10
7965,1.88522,1.01900,1.88300,1.63800,10
7966,10.40071,0.96800,1.76300,1.63800,10
7967,2.64548,1.05200,11.08100,1.67200,10
7968,2.30667,0.99600,2.29200,1.66900,10
7969,2.05943,0.91800,2.06000,1.70600,10
7970,1.87636,0.96900,1.87000,1.90700,10
7971,1.96108,0.94400,1.93500,1.68400,10
7972,2.12409,1.04700,2.11900,1.68400,10
7973,1.94635,0.98100,1.94400,1.72300,10
7974,1.93254,1.01900,1.90100,1.69300,10
7975,1.81301,1.03400,1.81800,1.67200,10
7976,1.88194,0.95000,1.86500,1.66200,10
7977,1.80840,0.93800,1.81600,1.67500,10
7978,1.63345,0.92900,1.63000,1.86800,10
7979,1.88330,0.93200,1.74400,1.69700,10
7980,3.40350,0.87700,1.84000,1.69700,10
7981,2.15400,0.95700,2.10900,1.66700,10
7982,2.23390,0.93200,2.21600,1.70200,10
7983,1.96195,1.39500,1.95200,1.69400,10
7984,1.78643,0.92400,1.78300,1.70000,10
7985,1.67561,0.89900,1.65900,1.68000,10
7986,1.65892,0.91600,1.65100,1.68000,10
7987,1.78957,0.93500,1.56800,1.84900,10
7988,1.78390,0.89900,1.51600,1.65900,10
7989,1.85380,0.93100,1.52600,1.66400,10
7990,1.85377,0.90800,1.47900,1.73500,10
7991,1.70433,0.91600,1.37500,1.64800,10
7992,2.04502,0.82400,1.58400,1.64600,10
7993,1.72660,0.93600,1.48200,1.66400,10
7994,2.30080,1.60400,1.85700,1.66700,10
7995,2.12474,1.53900,2.13100,1.86200,10
7996,1.94857,1.52100,1.95900,1.67300,10
7997,1.85516,1.19900,1.84000,1.66500,10
7998,1.68471,1.10300,1.69400,1.83200,10
7999,1.69228,1.05600,1.68600,1.83200,10
8000,1.79459,1.06600,1.78400,1.67000,10
8001,1.81101,1.09100,1.65500,1.69300,10
8002,1.84087,1.06000,1.62000,1.68600,10
8003,1.95781,1.03900,1.71700,1.66900,10
8004,2.04374,1.04100,1.99200,1.83100,10
8005,1.82127,1.12000,1.79700,1.67200,10
8006,1.88624,1.12600,1.80500,1.66800,10
8007,1.96048,1.14000,1.91600,1.69900,10
8008,1.89882,1.02700,1.89600,1.66700,10
8009,1.59934,1.04400,1.59700,1.67800,10
8010,1.59051,1.09300,1.47500,1.67800,10
8011,1.83707,1.14800,1.44300,1.68700,10
8012,1.85332,1.06300,1.41000,1.67200,10
8013,1.90923,1.05800,1.48100,1.68000,10
8014,1.99899,1.03000,1.45000,1.84600,10
8015,1.88698,1.10400,1.49900,1.65900,10
8016,2.04837,1.07100,1.52300,1.82700,10
8017,1.88136,1.06100,1.55400,1.65600,10
8018,1.80656,1.04400,1.53600,1.67100,10
8019,1.79232,1.00200,1.46100,1.66900,10
8020,1.84707,1.03600,1.44800,1.67100,10
8021,3.17834,1.00600,1.42400,1.69100,10
8022,2.11887,0.97000,1.52200,1.87000,10
8023,1.75189,1.03600,1.42200,1.66300,10
8024,1.90055,0.93900,1.45900,1.65300,10
8025,1.76147,1.00100,1.43700,1.65900,10
8026,1.85339,1.01600,1.46800,1.65400,10
8027,1.76187,1.03400,1.39800,1.66800,10
8028,1.84390,0.98600,1.39200,1.66000,10
8029,1.79865,0.98000,1.39100,1.65300,10
8030,1.82694,0.97200,1.39900,1.64900,10
8031,2.05244,0.96200,1.43300,1.84000,10
8032,1.75549,0.90000,1.40000,1.65300,10
8033,1.98414,0.88500,1.47900,1.67100,10
8034,1.92844,0.90700,1.42500,1.83800,10
8035,1.82750,0.98600,1.40100,1.67400,10
8036,1.85995,0.88000,1.37900,1.67800,10
8037,1.89490,0.91200,1.33100,1.67900,10
8038,1.79754,1.35000,1.34200,1.65100,10
8039,1.81923,1.45100,1.31300,1.66400,10
8040,2.09197,1.25900,1.37200,1.83100,10
8041,1.80161,1.12400,1.38400,1.66900,10
8042,1.98239,1.05500,1.47900,1.64600,10
8043,1.82714,1.23200,1.49600,1.66200,10
8044,1.82988,1.14100,1.51700,1.65700,10
8045,1.78387,1.13400,1.47700,1.63900,10
8046,1.78624,1.06500,1.48300,1.64900,10
8047,1.98045,1.09800,1.57800,1.65600,10
8048,1.91130,1.13400,1.66400,1.66500,10
8049,1.83891,1.03800,1.51100,1.85400,10
8050,2.00023,0.90400,1.63900,1.63300,10
8051,1.72109,1.37500,1.55500,1.63300,10
8052,2.00306,1.06200,1.52600,1.82100,10
8053,1.82227,0.98100,1.51200,1.66200,10
8054,1.85657,0.96600,1.52000,1.67600,10
8055,1.72562,0.95300,1.43000,1.64600,10
8056,1.94522,0.96300,1.51400,1.66900,10
8057,1.87572,1.06100,1.58800,1.66600,10
8058,2.01283,0.98700,1.55600,1.85200,10
8059,1.76570,0.93300,1.51800,1.65400,10
8060,2.06154,0.93000,1.66200,1.66500,10
8061,1.63287,1.50800,1.49200,1.66500,10
8062,4.14989,1.18900,1.44800,1.69100,10
8063,2.46076,1.03400,2.86900,1.73500,10
8064,1.92752,1.06200,1.48800,1.69500,10
8065,1.93427,0.98400,1.40800,1.86800,10
8066,1.83992,0.97400,1.40500,1.66600,10
8067,1.89403,0.90000,1.50600,1.66100,10
8068,1.94258,0.92200,1.43000,1.82300,10
8069,1.80710,0.90600,1.42600,1.65700,10
8070,1.86436,0.90100,1.43300,1.68000,10
8071,1.89297,0.90700,1.46600,1.67900,10
8072,1.90677,1.16300,1.51100,1.66300,10
8073,1.77632,1.17300,1.44900,1.66700,10
8074,1.95191,1.02500,1.42800,1.82700,10
8075,1.78849,0.95900,1.36000,1.67500,10
8076,1.88776,0.95300,1.38000,1.65300,10
8077,1.86373,0.95900,1.43200,1.67000,10
8078,1.87074,0.97300,1.42600,1.66600,10
8079,1.83665,0.96500,1.43600,1.67800,10
8080,1.84498,0.90800,1.42100,1.66800,10
8081,1.91967,1.18500,1.43200,1.67200,10
8082,1.77109,1.40900,1.39800,1.64800,10
8083,1.99038,1.10000,1.38100,1.82800,10
8084,1.72905,1.06300,1.32700,1.64600,10
8085,1.88627,1.01000,1.33400,1.64100,10
8086,1.96491,0.91700,1.30200,1.84800,10
8087,1.90465,0.99800,1.37000,1.66400,10
8088,1.80714,0.89000,1.31600,1.68600,10
8089,1.87491,0.90300,1.34100,1.65800,10
8090,1.82266,0.99600,1.35100,1.64800,10
8091,1.81417,0.92100,1.32300,1.67800,10
8092,2.15927,0.99800,1.67000,1.84900,10
8093,1.72181,0.90300,1.34400,1.67800,10
8094,1.91655,0.83600,1.34600,1.70600,10
8095,1.84188,0.81600,1.35800,1.66400,10
8096,1.81328,0.87700,1.34000,1.64100,10
8097,2.12314,0.99000,1.59200,1.66400,10
8098,2.21172,1.13200,2.12900,1.66400,10
8099,1.87259,1.03700,1.86600,1.67300,10
8100,1.59167,1.01500,1.58000,1.67300,10
8101,1.81231,0.94900,1.60100,1.84700,10
8102,1.79847,0.94300,1.66800,1.64800,10
8103,2.22722,1.03600,1.53200,1.68600,10
8104,2.56313,0.93100,2.54400,1.87400,10
8105,1.85336,1.03800,1.60000,1.64800,10
8106,1.85761,0.97300,1.68400,1.66000,10
8107,1.81911,0.92900,1.66000,1.66400,10
8108,1.80478,1.02100,1.62300,1.66100,10
8109,2.00946,0.92800,1.59600,1.85200,10
8110,1.90165,0.91800,1.70500,1.64100,10
8111,1.92682,0.93800,1.76800,1.69500,10
8112,1.80043,0.95800,1.68800,1.69800,10
8113,1.77995,0.87400,1.68600,1.62700,10
8114,1.85112,0.91700,1.67200,1.66500,10
8115,1.85767,0.93600,1.69200,1.67200,10
8116,2.00264,0.88300,1.97200,1.66000,10
8117,1.79502,0.96300,1.79100,1.83300,10
8118,2.02423,0.91700,1.85400,1.67800,10
8119,1.77077,0.89000,1.75800,1.66800,10
8120,1.62639,0.96800,1.60700,1.66800,10
8121,2.05092,1.01500,1.67200,1.82200,10
8122,1.69736,0.99800,1.49400,1.66800,10
8123,1.87612,0.98900,1.52500,1.70100,10
8124,1.76785,0.91100,1.43700,1.65600,10
8125,1.82715,0.88100,1.41400,1.68000,10
8126,1.78773,0.88900,1.39100,1.66300,10
8127,2.10821,0.94900,1.44200,1.87200,10
8128,1.77727,0.91200,1.37400,1.68300,10
8129,1.93602,0.88100,1.43100,1.64900,10
8130,1.84023,0.86800,1.48000,1.69100,10
8131,1.78582,0.87200,1.39300,1.68100,10
8132,1.79184,0.91800,1.34500,1.66800,10
8133,1.83053,0.97500,1.34500,1.64700,10
8134,1.83695,0.92400,1.37600,1.66200,10
8135,1.82982,0.88500,1.36200,1.67400,10
8136,1.95321,0.90200,1.34400,1.83000,10
8137,1.88031,0.88700,1.36000,1.66000,10
8138,1.90641,0.97700,1.39300,1.67000,10
8139,1.92219,0.98500,1.33300,1.83200,10
8140,1.85437,1.00200,1.39900,1.63800,10
8141,2.18670,0.94500,1.71000,1.68700,10
8142,2.51679,1.04900,2.50700,1.66300,10
8143,2.41546,1.06400,2.40600,1.67300,10
8144,3.80837,1.48200,2.07200,1.64900,10
8145,1.80645,0.99500,1.77800,1.70500,10
8146,1.52152,1.01500,1.54800,1.67200,10
8147,1.75618,1.00100,1.62400,1.67200,10
8148,1.82419,0.94000,1.61100,1.65400,10
8149,1.90650,1.37700,1.55600,1.69100,10
8150,1.79627,1.44100,1.49600,1.66700,10
8151,1.83383,1.25200,1.49800,1.67000,10
8152,2.06807,1.20600,1.54400,1.85400,10
8153,1.79104,1.11000,1.55000,1.66900,10
8154,1.82722,0.99300,1.50300,1.66800,10
8155,1.88143,1.05200,1.51100,1.68200,10
8156,1.96370,1.00300,1.55200,1.83100,10
8157,1.85467,0.97100,1.51200,1.63400,10
8158,1.82689,0.95300,1.51100,1.69300,10
8159,1.84311,0.93100,1.52300,1.65500,10
8160,1.79720,0.90800,1.48800,1.65700,10
8161,2.08256,0.87800,1.52200,1.85500,10
8162,1.70005,0.93700,1.41400,1.65500,10
8163,2.01960,0.89400,1.55400,1.65800,10
8164,1.91215,0.98100,1.66800,1.68400,10
8165,2.27586,1.09100,1.63100,1.66500,10
8166,2.50408,0.98000,2.52500,1.74600,10
8167,1.97122,1.21800,1.64000,1.68800,10
8168,1.95463,1.05300,1.74300,1.67500,10
8169,2.31796,0.91200,2.15700,1.68900,10
8170,2.01550,0.87500,2.00800,1.67400,10
8171,1.87288,0.91100,1.86600,1.73500,10
8172,2.08645,0.86800,2.07200,1.85000,10
8173,1.82309,0.82300,1.81300,1.71800,10
8174,1.76280,0.85400,1.75200,1.69700,10
8175,1.74439,0.89200,1.74500,1.66000,10
8176,1.70119,0.91200,1.68700,1.65100,10
8177,1.80733,0.89400,1.79200,1.65100,10
8178,1.84190,0.92800,1.65900,1.87600,10
8179,1.86576,0.84000,1.68000,1.65900,10
8180,1.83410,0.89000,1.66400,1.65300,10
8181,1.75785,0.86100,1.61500,1.65600,10
8182,1.86676,0.85700,1.59200,1.65600,10
8183,2.21771,0.88500,1.98700,1.67900,10
8184,1.74595,0.88300,1.73300,1.64900,10
8185,1.63818,0.92600,1.63900,1.64900,10
8186,2.56721,0.83900,1.61500,1.66700,10
8187,2.21131,0.81400,2.81200,1.70700,10
8188,1.86980,0.81900,1.61900,1.66300,10
8189,1.97136,0.90800,1.63100,1.63200,10
8190,1.77123,0.85800,1.59900,1.63200,10
8191,2.15058,0.86000,1.92000,1.69800,10
8192,2.35936,0.84100,2.35100,1.72400,10
8193,1.89512,0.83100,1.87900,1.70400,10
8194,1.87135,0.86400,1.85500,1.71500,10
8195,1.81273,0.85200,1.79900,1.68400,10
8196,1.85115,0.83100,1.83800,1.66500,10
8197,1.88427,0.80300,1.87000,1.67100,10
8198,1.91971,0.79500,1.91700,1.68700,10
8199,1.91073,0.79000,1.90200,1.68500,10
8200,1.88167,0.83700,1.88500,1.71200,10
8201,1.86855,0.98400,1.85700,1.71600,10
8202,1.78083,0.99300,1.76400,1.68900,10
8203,1.78871,0.88800,1.78500,1.68300,10
8204,1.65643,0.90800,1.63900,1.68300,10
8205,2.26878,0.94500,2.05700,1.69600,10
8206,1.65626,0.93600,1.65400,1.69600,10
8207,1.72878,0.93700,1.54000,1.82400,10
8208,1.89016,0.88200,1.61000,1.64400,10
8209,1.71463,0.79700,1.54400,1.64600,10
8210,1.84821,0.82600,1.50100,1.66000,10
8211,1.90651,0.81700,1.57600,1.66300,10
8212,1.78430,0.85400,1.52000,1.65700,10
8213,1.95227,0.84300,1.44400,1.84300,10
8214,1.75382,0.89300,1.37000,1.65700,10
8215,1.82200,0.93000,1.37200,1.66700,10
8216,1.88853,0.85300,1.37700,1.70400,10
8217,1.84669,0.83100,1.42000,1.63300,10
8218,1.99587,0.82100,1.70200,1.65100,10
8219,1.68965,0.82400,1.45700,1.65600,10
8220,1.81923,0.81600,1.39200,1.67600,10
8221,2.03211,0.79000,1.53100,1.66400,10
8222,2.12178,0.83700,1.67800,1.87300,10
8223,1.99790,0.81100,1.88500,1.65200,10
8224,1.72929,0.90700,1.67800,1.65200,10
8225,1.99587,0.89200,1.71100,1.87000,10
8226,2.26321,0.95200,2.17900,1.69400,10
8227,1.65719,0.93000,1.66000,1.71400,10
8228,3.24767,0.86700,1.56600,1.71400,10
8229,2.04396,0.83200,1.85200,1.62200,10
8230,1.80405,0.92000,1.62900,1.83100,10
8231,1.89995,0.87600,1.61000,1.69000,10
8232,1.80444,0.92700,1.56000,1.65100,10
8233,1.78212,0.88800,1.45200,1.66200,10
8234,1.85250,1.00900,1.52700,1.66300,10
8235,1.86298,0.86800,1.57600,1.65600,10
8236,1.87862,0.84000,1.57500,1.67100,10
8237,2.59439,0.85700,2.34100,1.67700,10
8238,2.01399,0.92700,2.00600,1.87100,10
8239,1.86895,0.94100,1.85400,1.68500,10
8240,1.86617,0.84500,1.85600,1.86600,10
8241,1.96564,0.97100,1.95900,1.65900,10
8242,1.67037,0.85300,1.66800,1.65900,10
8243,1.60977,0.97900,1.52600,1.65900,10
8244,1.89180,0.89100,1.59200,1.71500,10
8245,1.71079,0.82500,1.42500,1.66000,10
8246,1.89347,0.83200,1.44700,1.67800,10
8247,1.82548,0.87800,1.40200,1.68100,10
8248,2.02691,0.87100,1.40900,1.84200,10
8249,1.79425,0.83600,1.37400,1.67100,10
8250,1.89312,0.81000,1.39800,1.69400,10
8251,1.85181,0.82100,1.39600,1.64400,10
8252,1.92606,0.89900,1.52400,1.66000,10
8253,1.87146,1.05300,1.57100,1.66900,10
8254,1.79667,1.00500,1.51700,1.64600,10
8255,1.68488,1.64100,1.39100,1.63300,10
8256,1.83739,1.24900,1.39100,1.65000,10
8257,2.00392,1.08700,1.41000,1.83600,10
8258,1.81582,1.07500,1.39800,1.65600,10
8259,2.02060,1.01800,1.41200,1.83400,10
8260,1.94975,1.21200,1.54200,1.65300,10
8261,1.78472,1.21900,1.47200,1.65600,10
8262,1.91080,1.03800,1.62000,1.65400,10
8263,1.63861,0.92700,1.39800,1.66300,10
8264,1.92245,0.93800,1.46200,1.66000,10
8265,1.82189,0.91200,1.41900,1.68400,10
8266,2.07943,0.95400,1.51500,1.83300,10
8267,1.78019,0.89000,1.47700,1.63900,10
8268,3.63025,0.88900,1.80400,1.66100,10
8269,1.54974,0.89600,1.51300,1.66100,10
8270,3.42494,0.90100,1.51300,1.67200,10
8271,1.84926,0.89300,1.57500,1.66600,10
8272,1.80525,0.87900,1.47500,1.68000,10
8273,2.01421,0.93300,1.48500,1.85800,10
8274,1.79909,0.85400,1.46000,1.64700,10
8275,1.90516,0.88900,1.50500,1.70000,10
8276,2.17252,0.87600,1.71800,1.80500,10
8277,1.84955,0.88600,1.78100,1.65200,10
8278,1.70318,0.82100,1.58000,1.66600,10
8279,1.74479,0.80200,1.49300,1.64600,10
8280,1.71269,0.81500,1.37900,1.63500,10
8281,1.80377,0.81900,1.36900,1.66300,10
8282,2.10617,0.84400,1.43700,1.85300,10
8283,1.79699,0.83900,1.39300,1.67400,10
8284,1.90709,0.86900,1.43600,1.65200,10
8285,1.93638,0.89400,1.41400,1.67500,10
8286,1.71356,1.06700,1.40100,1.66000,10
8287,1.82542,0.87900,1.40800,1.67200,10
8288,1.84453,0.86300,1.41900,1.65900,10
8289,1.82693,0.87500,1.40800,1.68000,10
8290,1.90462,0.83900,1.43600,1.67100,10
8291,2.02606,0.86800,1.42700,1.84200,10
8292,1.89215,0.85100,1.45300,1.69100,10
8293,2.24889,0.85300,1.74500,1.80300,10
8294,1.71470,0.86900,1.64000,1.66600,10
8295,1.86268,0.92200,1.55000,1.65400,10
8296,1.97249,0.98600,1.72200,1.66900,10
8297,1.61929,1.06600,1.54300,1.66900,10
8298,1.85954,1.00300,1.57500,1.66100,10
8299,1.97081,0.87100,1.72300,1.64500,10
8300,1.85815,0.85000,1.58500,1.84700,10
8301,1.95534,0.92900,1.68800,1.62800,10
8302,2.06492,0.86900,2.04400,1.65700,10
8303,2.04416,0.88800,2.04300,1.66400,10
8304,1.81171,0.88700,1.80500,1.70000,10
8305,1.68555,0.90100,1.68300,1.66300,10
8306,1.61317,0.85700,1.59600,1.66300,10
8307,1.86334,0.95100,1.75900,1.65900,10
8308,1.96530,0.97700,1.89300,1.65900,10
8309,1.80131,0.96500,1.67600,1.84600,10
8310,2.10220,0.84200,1.87900,1.83100,10
8311,2.46658,0.84500,2.09300,1.83100,10
8312,2.45813,0.82800,2.69600,1.66700,10
8313,1.92431,0.89600,1.75200,1.65100,10
8314,1.77332,0.80900,1.73900,1.65100,10
8315,1.72939,0.86100,1.63700,1.64500,10
8316,1.77962,0.83300,1.53800,1.66300,10
8317,2.08254,0.81700,1.56200,1.83900,10
8318,1.73173,0.78500,1.48600,1.64400,10
8319,2.10640,0.78800,1.69200,1.64800,10
8320,1.72151,1.00900,1.64300,1.64800,10
8321,1.73666,0.92300,1.55700,1.63200,10
8322,1.87613,1.28100,1.55800,1.63200,10
8323,1.82340,1.46300,1.56700,1.65900,10
8324,1.85623,1.24600,1.61500,1.65000,10
8325,1.77029,1.06900,1.56200,1.62700,10
8326,2.14840,0.98900,1.66800,1.87500,10
8327,1.65723,0.95200,1.54400,1.63300,10
8328,2.13018,0.93300,1.72300,1.80600,10
8329,1.82886,0.89700,1.68400,1.64600,10
8330,1.79079,0.87000,1.64900,1.65100,10
8331,1.84325,0.87400,1.63200,1.70400,10
8332,1.89826,0.92800,1.69400,1.66600,10
8333,1.85460,0.88900,1.67800,1.64300,10
8334,1.84859,1.08500,1.74400,1.64300,10
8335,2.16567,1.00400,1.87100,1.69400,10
8336,1.88408,1.13300,1.84900,1.67500,10
8337,1.91913,1.13600,1.91000,1.67200,10
8338,1.71668,1.16900,1.71500,1.70500,10
8339,1.74556,1.12300,1.69400,1.70500,10
8340,2.03199,0.99100,1.89800,1.71400,10
8341,1.87950,1.02700,1.75000,1.71400,10
8342,1.91031,1.07500,1.66000,1.68800,10
8343,1.92390,1.18700,1.73500,1.66900,10
8344,2.00320,1.15500,1.76400,1.69200,10
8345,1.78353,1.15800,1.65500,1.69200,10
8346,1.97022,1.16000,1.58600,1.84200,10
8347,1.84632,1.20200,1.57500,1.66100,10
8348,1.87630,1.16800,1.59500,1.67500,10
8349,1.77394,1.16300,1.54400,1.67900,10
8350,1.81308,0.91500,1.50900,1.66300,10
8351,1.85524,0.94400,1.49100,1.65500,10
8352,2.05386,0.96300,1.56700,1.83100,10
8353,1.73068,0.95900,1.54100,1.64600,10
8354,3.06157,1.05500,1.55500,1.65800,10
8355,1.78141,1.49200,1.52700,1.65800,10
8356,1.77814,1.17600,1.48400,1.66500,10
8357,1.85585,1.06200,1.53900,1.64100,10
8358,1.77444,0.98000,1.46600,1.67400,10
8359,1.99596,0.94200,1.57700,1.69500,10
8360,1.77375,0.93000,1.54500,1.64600,10
8361,2.03018,0.94400,1.55800,1.83900,10
8362,1.75424,0.88600,1.47800,1.65200,10
8363,2.01578,0.87200,1.48200,1.80800,10
8364,1.86775,0.86800,1.51000,1.65300,10
8365,1.93246,0.86100,1.56600,1.65500,10
8366,1.81649,0.81700,1.55800,1.69300,10
8367,1.91249,0.83000,1.60300,1.68400,10
8368,1.74611,0.79600,1.52900,1.67000,10
8369,1.86844,0.80000,1.49600,1.65700,10
8370,2.05586,0.80600,1.50600,1.86200,10
8371,2.11485,0.81500,1.50500,1.64700,10
8372,2.42213,0.80000,2.19700,1.73000,10
8373,1.97928,0.83200,1.55700,1.66200,10
8374,2.01598,0.86300,1.76100,1.63300,10
8375,1.94164,0.86500,1.91400,1.67200,10
8376,1.76812,0.85700,1.76100,1.64800,10
8377,1.65694,0.82400,1.45800,1.64800,10
8378,1.89133,0.87600,1.48400,1.87100,10
8379,1.87435,0.82100,1.51400,1.66700,10
8380,10.40887,0.90700,1.37400,1.70200,10
8381,2.53175,0.89800,11.04400,1.86200,10
8382,1.93445,1.00400,1.47600,1.83900,10
8383,2.12577,0.87000,1.73200,1.64200,10
8384,2.06005,1.00500,2.07400,1.66800,10
8385,1.88353,0.93600,1.86100,1.68000,10
8386,1.74325,0.94900,1.75000,1.67500,10
8387,1.70999,0.90600,1.70800,1.66100,10
8388,1.63147,0.89700,1.62200,1.66100,10
8389,1.70092,0.86600,1.56100,1.64300,10
8390,1.82474,0.84100,1.53200,1.65300,10
8391,2.12351,0.88900,1.63900,1.85200,10
8392,1.71674,0.88400,1.57500,1.63400,10
8393,10.48761,0.86500,1.54700,1.68500,10
8394,3.43093,0.95800,11.55600,1.66400,10
8395,2.13959,1.23200,2.07500,1.71000,10
8396,2.47078,1.51600,2.14000,1.71000,10
8397,3.15858,1.61300,3.20500,1.67900,10
8398,2.02060,1.29800,2.01800,1.70900,10
8399,1.78420,1.19400,1.79300,1.70300,10
8400,1.63279,1.00800,1.61700,1.68000,10
8401,1.57506,1.01800,1.57300,1.66400,10
8402,10.43635,0.97100,1.47400,1.66400,10
8403,2.64212,0.92300,11.27400,1.88200,10
8404,1.62896,0.94300,1.52000,1.66600,10
8405,1.79237,0.92800,1.42600,1.66700,10
8406,2.07867,0.91800,1.47600,1.85100,10
8407,1.84455,1.00800,1.53700,1.64300,10
8408,1.74249,1.06900,1.45600,1.64700,10
8409,1.87375,1.05200,1.41900,1.67700,10
8410,1.83683,1.08400,1.43600,1.65800,10
8411,1.84064,1.13000,1.43800,1.68900,10
8412,1.82759,1.05700,1.40000,1.67000,10
8413,2.00711,1.17200,1.45200,1.67200,10
8414,2.34065,1.43900,2.02500,1.83000,10
8415,2.12381,1.41100,2.13100,1.65300,10
8416,1.64679,1.25600,1.65900,1.63000,10
8417,1.47846,1.10400,1.45700,1.63000,10
8418,1.72949,0.97800,1.41600,1.81600,10
8419,1.84945,0.91600,1.45500,1.67300,10
8420,1.90911,0.92500,1.50100,1.67500,10
8421,1.78446,0.92600,1.46500,1.66400,10
8422,1.96727,0.89300,1.53200,1.69000,10
8423,1.79916,0.89600,1.49800,1.69600,10
8424,2.07469,0.88700,1.53500,1.85100,10
8425,1.95344,0.86800,1.72900,1.63300,10
8426,1.66985,0.86900,1.60200,1.63300,10
8427,1.82409,0.87700,1.57900,1.67800,10
8428,1.88680,0.98100,1.57500,1.65500,10
8429,1.81316,0.99400,1.63000,1.63700,10
8430,1.73107,0.98100,1.52200,1.63400,10
8431,2.26667,0.99600,1.86400,1.64500,10
8432,1.95673,1.37800,1.99200,1.65500,10
8433,1.73632,1.11100,1.65400,1.83500,10
8434,1.55900,1.74900,1.51500,1.83500,10
8435,1.74191,1.22900,1.42100,1.67200,10
8436,2.11808,1.99800,1.47400,1.82800,10
8437,1.82962,1.36900,1.57000,1.65200,10
8438,2.75132,1.11500,1.50500,1.68600,10
8439,1.83730,0.98400,1.57300,1.64400,10
8440,1.95807,0.96500,1.67000,1.66400,10
8441,1.84671,1.06900,1.60100,1.70300,10
8442,2.02733,1.45600,1.60800,1.69500,10
8443,1.68349,1.19900,1.41900,1.66400,10
8444,1.91332,1.14500,1.45000,1.68100,10
8445,1.90060,1.26800,1.54300,1.65500,10
8446,1.71691,1.19100,1.42300,1.65400,10
8447,1.98051,1.17100,1.52300,1.68100,10
8448,1.92009,1.06900,1.62200,1.68000,10
8449,1.78002,1.00800,1.54600,1.66200,10
8450,1.93397,1.09600,1.59500,1.67500,10
8451,1.88697,1.26200,1.47700,1.88500,10
8452,1.81114,1.07500,1.40200,1.67200,10
8453,2.07514,1.03200,1.42100,1.86800,10
8454,1.83254,1.08200,1.41300,1.65500,10
8455,1.94641,1.08400,1.47600,1.67000,10
8456,1.87265,1.04800,1.54600,1.67000,10
8457,2.06040,0.95000,1.76200,1.63800,10
8458,1.85639,0.95000,1.78900,1.63800,10
8459,1.73942,1.04500,1.67300,1.84000,10
8460,1.85532,1.01300,1.52700,1.68100,10
8461,1.89005,0.94200,1.56200,1.67300,10
8462,1.80839,0.98400,1.45900,1.72500,10
8463,1.99226,0.98800,1.56500,1.67300,10
8464,1.99613,1.04100,1.79700,1.70600,10
8465,1.80063,1.27100,1.64500,1.70600,10
8466,2.14454,1.61200,1.99000,1.70100,10
8467,1.75467,1.32900,1.75400,1.70100,10
8468,1.90366,1.37500,1.72600,1.65000,10
8469,2.38988,1.24200,2.18900,1.70100,10
8470,1.96931,1.22600,1.65200,1.88000,10
8471,1.88697,1.04900,1.66900,1.67800,10
8472,1.82737,1.06200,1.62700,1.67300,10
8473,1.84652,1.01800,1.60700,1.67200,10
8474,2.49338,0.94800,1.59700,1.69000,10
8475,2.85583,1.06400,3.09700,1.85900,10
8476,2.04552,1.13500,1.95100,1.67700,10
8477,2.03482,1.05200,2.03100,1.65500,10
8478,2.08151,1.01800,1.80700,1.64600,10
8479,3.12711,1.01100,1.49800,1.64600,10
8480,2.35382,1.02100,3.60500,1.75500,10
8481,1.91497,1.02000,1.49600,1.69100,10
8482,1.94108,0.93900,1.56900,1.67800,10
8483,2.05139,1.01500,1.77000,1.65600,10
8484,2.43834,0.98600,2.30500,1.69800,10
8485,2.17119,1.04300,2.16100,1.89100,10
8486,2.47554,1.14700,2.46100,1.72500,10
8487,2.13718,1.28500,2.13500,1.73500,10
8488,2.05782,1.07900,2.05300,1.70900,10
8489,1.93430,0.97400,1.92500,1.70000,10
8490,1.90137,0.94100,1.89000,1.70100,10
8491,1.99653,0.98000,1.99200,1.90400,10
8492,1.78976,0.92700,1.78700,1.68000,10
8493,1.84395,0.88700,1.82700,1.71300,10
8494,1.68436,0.91500,1.68100,1.68500,10
8495,1.75360,1.03600,1.74600,1.66700,10
8496,2.03962,0.93800,1.99000,1.65400,10
8497,1.55385,1.02200,1.59300,1.65000,10
8498,1.51435,0.96500,1.47800,1.65000,10
8499,1.84478,0.90000,1.54200,1.65000,10
8500,1.83449,0.85200,1.51600,1.67800,10
8501,2.10237,1.04400,1.60200,1.82200,10
8502,1.71020,0.96300,1.50900,1.63700,10
8503,2.00020,0.94300,1.47000,1.81700,10
8504,2.03395,1.03600,1.74100,1.64100,10
8505,1.81130,1.26000,1.70800,1.64100,10
8506,2.00032,1.23100,1.86200,1.66700,10
8507,1.79767,1.09200,1.80500,1.67700,10
8508,1.84420,0.92000,1.80800,1.67700,10
8509,1.88411,0.91000,1.70200,1.83300,10
8510,2.26743,0.92300,2.10100,1.67500,10
8511,1.77182,0.96200,1.74300,1.67000,10
8512,2.05775,1.03600,2.05800,1.66500,10
8513,1.93623,0.95700,1.92900,1.68200,10
8514,1.83748,0.97100,1.83000,1.66700,10
8515,1.76067,0.95000,1.66700,1.66800,10
8516,2.00057,1.46200,2.04900,1.73500,10
8517,1.78550,1.49900,1.76000,1.86500,10
8518,1.78860,1.38400,1.75500,1.64900,10
8519,1.88753,1.29600,1.79300,1.65000,10
8520,2.82598,1.28400,1.70600,1.91100,10
8521,2.63882,1.25900,3.45800,1.67800,10
8522,2.06848,1.49900,2.01700,1.66800,10
8523,1.82685,1.50000,1.81500,1.68300,10
8524,1.72376,1.44300,1.69500,1.65600,10
8525,1.55678,1.19800,1.57700,1.65600,10
8526,1.98330,1.05900,1.52000,1.81900,10
8527,2.00902,0.98600,1.73700,1.66600,10
8528,1.75959,1.01800,1.57900,1.66600,10
8529,1.75391,0.98300,1.50700,1.69700,10
8530,1.79500,0.96600,1.44900,1.66400,10
8531,2.28883,0.97700,2.01700,1.68000,10
8532,1.75547,1.39800,1.58500,1.68000,10
8533,1.96452,1.31800,1.68900,1.69800,10
8534,1.71149,1.13900,1.62300,1.66600,10
8535,2.12189,1.15600,1.66600,1.85600,10
8536,1.87302,1.06800,1.74800,1.66900,10
8537,10.59400,1.25400,1.67700,1.87300,10
8538,3.63471,1.90900,12.06300,1.65300,10
8539,2.56873,2.08600,2.58100,1.72200,10
8540,2.09765,1.85300,2.12600,1.69000,10
8541,1.85951,1.30800,1.86300,1.68900,10
8542,1.93981,1.15100,1.93400,1.69600,10
8543,1.86924,1.15300,1.83400,1.68400,10
8544,1.68552,1.29700,1.68400,1.69500,10
8545,1.83180,1.27400,1.83100,1.70900,10
8546,1.87091,1.54600,1.85800,1.88300,10
8547,1.93610,1.31500,1.94300,1.67400,10
8548,2.09514,1.17700,1.97100,1.85000,10
8549,2.23768,2.08700,2.20000,1.69600,10
8550,2.43498,2.38300,2.47900,1.73200,10
8551,2.02273,1.82900,2.09600,1.73300,10
8552,2.00586,1.47700,2.00400,1.70900,10
8553,2.09715,1.32200,2.09100,1.70400,10
8554,2.15249,1.42100,2.14500,1.88000,10
8555,2.06365,1.41300,2.07800,1.69900,10
8556,1.92525,1.31100,1.90800,1.69400,10
8557,1.92395,1.26000,1.92400,1.66000,10
8558,1.82841,1.26200,1.78500,1.65100,10
8559,1.94636,1.09400,1.93900,1.69100,10
8560,2.08016,1.21200,2.07800,1.70200,10
8561,2.00755,1.01400,2.01000,1.70400,10
8562,3.85523,0.98500,2.25600,1.88500,10
8563,2.10397,1.17400,2.07500,1.71100,10
8564,1.71042,1.28400,1.69900,1.71100,10
8565,2.24311,1.10700,1.66300,1.64700,10
8566,1.71201,1.04900,1.50000,1.66600,10
8567,1.82690,1.07300,1.46800,1.71400,10
8568,1.83140,0.99800,1.43100,1.67500,10
8569,1.81430,0.97600,1.41800,1.65200,10
8570,1.92452,1.04000,1.48200,1.66200,10
8571,1.95420,0.96600,1.46000,1.81600,10
8572,1.98088,0.96700,1.62700,1.66000,10
8573,2.03240,0.96300,1.98800,1.66200,10
8574,1.44567,0.90800,1.44700,1.66200,10
8575,1.96475,0.94500,1.53600,1.65300,10
8576,1.67457,0.96600,1.46400,1.64100,10
8577,1.83154,0.94000,1.41000,1.66500,10
8578,2.76018,0.97100,1.46900,1.70700,10
8579,1.94114,0.97600,1.42800,1.83300,10
8580,1.87525,0.99800,1.46900,1.66700,10
8581,1.93458,1.23600,1.40400,1.64500,10
8582,1.88373,1.59100,1.33400,1.83700,10
8583,1.93096,1.24300,1.43100,1.65800,10
8584,1.84389,1.16800,1.43800,1.67600,10
8585,1.97183,1.14800,1.45900,1.65700,10
8586,2.09785,1.30700,1.77600,1.66700,10
8587,2.18340,1.12400,2.18000,1.68200,10
8588,1.91462,1.09300,1.90700,1.89600,10
8589,1.83488,1.01000,1.84200,1.66100,10
8590,2.28448,0.89800,2.27800,1.68800,10
8591,1.92212,1.00000,1.92300,1.69500,10
8592,1.89054,0.87200,1.87000,1.66400,10
8593,1.82338,1.01800,1.82300,1.69400,10
8594,1.87657,0.87300,1.87000,1.67900,10
8595,1.77449,0.85900,1.77000,1.68600,10
8596,1.88369,0.83800,1.85200,1.89200,10
8597,1.87621,0.90000,1.88000,1.66300,10
8598,1.83180,0.86300,1.84500,1.83400,10
8599,1.77135,0.80200,1.76300,1.65000,10
8600,1.62033,0.80300,1.60600,1.64900,10
8601,1.62153,0.78600,1.52000,1.64900,10
8602,1.86983,0.83100,1.48800,1.71000,10
8603,1.97404,0.84900,1.57200,1.68800,10
8604,3.21401,0.84600,1.72700,1.69700,10
8605,1.72050,0.84200,1.57000,1.85200,10
8606,1.86104,0.87100,1.43900,1.68500,10
8607,1.98546,0.93100,1.53500,1.67100,10
8608,1.71728,1.07000,1.45100,1.66300,10
8609,1.77402,1.02400,1.35400,1.70300,10
8610,2.01999,0.86200,1.52000,1.66100,10
8611,1.78671,0.83300,1.46500,1.69800,10
8612,1.84825,0.94800,1.48000,1.64700,10
8613,1.83168,0.89200,1.45300,1.66600,10
8614,2.00355,1.07800,1.41600,1.83900,10
8615,1.76490,1.00400,1.35300,1.68400,10
8616,2.09804,0.93500,1.43000,1.84400,10
8617,1.70031,0.92700,1.30800,1.65300,10
8618,1.88800,0.97200,1.35900,1.65800,10
8619,1.89766,0.96600,1.43000,1.69200,10
8620,2.01245,0.91000,1.56400,1.65400,10
8621,1.75388,0.95800,1.53400,1.64100,10
8622,1.68664,0.92800,1.39000,1.64500,10
8623,2.09429,0.92600,1.46500,1.82500,10
8624,1.83096,0.93300,1.42800,1.69100,10
8625,1.79576,0.93200,1.38500,1.69000,10
8626,1.82782,0.92500,1.37900,1.65200,10
8627,1.83036,0.98500,1.38200,1.67300,10
8628,1.96427,1.06700,1.48300,1.67500,10
8629,1.82504,0.97600,1.51600,1.66500,10
8630,1.72334,0.89200,1.37700,1.67600,10
8631,1.86328,1.01200,1.38100,1.64600,10
8632,2.12118,1.12400,1.46800,1.86100,10
8633,1.94864,0.97400,1.65800,1.65200,10
8634,1.86757,0.94200,1.47700,1.81200,10
8635,2.06048,0.96500,1.65300,1.65200,10
8636,1.82844,1.03600,1.77200,1.68100,10
8637,1.85886,0.99100,1.75800,1.69400,10
8638,1.72988,0.83500,1.60100,1.69400,10
8639,1.84048,0.91600,1.54900,1.70000,10
8640,1.81644,0.97000,1.53600,1.65400,10
8641,2.22489,0.95700,1.53700,2.03900,10
8642,1.74316,0.92000,1.44700,1.66200,10
8643,1.77639,0.94200,1.32400,1.68400,10
8644,1.96061,0.85800,1.45300,1.68000,10
8645,2.45690,0.91400,1.40500,1.69700,10
8646,1.81848,0.91000,1.42600,1.66300,10
8647,2.02669,0.94300,1.59500,1.66100,10
8648,1.95816,0.88900,1.72100,1.68300,10
8649,2.04477,0.90800,1.62700,2.00800,10
8650,2.00310,0.85800,1.77600,1.68800,10
8651,1.50748,0.92700,1.36900,1.68800,10
8652,1.99062,0.89300,1.36000,1.82300,10
8653,1.84204,0.88000,1.37000,1.67100,10
8654,1.86746,1.02300,1.42200,1.65700,10
8655,1.91776,0.93000,1.50000,1.66400,10
8656,1.89252,0.84800,1.58800,1.65200,10
8657,1.75085,0.87300,1.53300,1.65000,10
8658,1.93918,0.90300,1.42500,1.81200,10
8659,1.77489,0.93300,1.38200,1.67100,10
8660,1.85463,0.82100,1.37000,1.68200,10
8661,1.81244,0.80700,1.36200,1.65500,10
8662,1.90625,0.89900,1.38900,1.67300,10
8663,1.86074,0.92600,1.40900,1.68200,10
8664,1.90839,0.91700,1.46400,1.64700,10
8665,1.85794,1.19400,1.46000,1.68300,10
8666,1.79317,1.01700,1.42100,1.67200,10
8667,1.93229,0.88100,1.34300,1.83600,10
8668,1.77192,0.90900,1.28500,1.64800,10
8669,2.06298,0.87400,1.35500,1.81000,10
8670,1.82601,0.82000,1.36400,1.67000,10
8671,1.83288,0.84000,1.35300,1.67400,10
8672,1.82546,0.84000,1.29800,1.67400,10
8673,1.83529,0.86700,1.31100,1.62200,10
8674,1.84007,1.06200,1.30200,1.66600,10
8675,1.87915,1.09000,1.32300,1.65500,10
8676,2.02066,1.52500,1.37300,1.83900,10
8677,1.84039,1.22200,1.39200,1.66200,10
8678,1.85845,1.16600,1.40800,1.66900,10
8679,1.93447,1.11500,1.51700,1.64100,10
8680,1.67864,1.02200,1.35900,1.66700,10
8681,2.45509,0.92000,1.32800,1.66400,10
8682,2.06367,0.94700,2.50200,1.70200,10
8683,2.06181,1.07600,1.51600,1.64300,10
8684,2.46947,1.04600,2.08600,1.63100,10
8685,1.82949,0.89400,1.83100,1.63100,10
8686,2.76173,0.89600,1.47500,1.69000,10
8687,1.76995,0.92800,1.52100,1.62200,10
8688,1.89869,1.02800,1.53000,1.67200,10
8689,1.78691,1.00000,1.46100,1.66800,10
8690,1.78459,0.94900,1.38400,1.68800,10
8691,1.94965,0.85600,1.43000,1.67900,10
8692,1.76906,0.87500,1.34000,1.69700,10
8693,2.01870,0.88000,1.35000,1.83100,10
8694,1.85045,0.91900,1.34900,1.66900,10
8695,2.14791,0.99100,1.62200,1.66600,10
8696,1.83127,0.86700,1.68200,1.66500,10
8697,1.70616,0.86900,1.60300,1.66000,10
8698,1.73688,0.85200,1.43600,1.65000,10
8699,1.80726,0.82500,1.39400,1.68100,10
8700,1.75154,0.84200,1.31800,1.65300,10
8701,1.88703,0.81200,1.38300,1.64700,10
8702,2.02657,0.84500,1.39400,1.83100,10
8703,1.88858,0.82700,1.49600,1.65900,10
8704,2.13829,0.83500,1.59400,1.84400,10
8705,1.91191,0.82300,1.71300,1.65200,10
8706,1.81296,0.84300,1.68400,1.67600,10
8707,1.82244,0.84100,1.66600,1.62700,10
8708,1.71430,0.82100,1.59500,1.62700,10
8709,1.69330,0.86500,1.45000,1.64800,10
8710,2.13139,0.81600,1.52500,1.86200,10
8711,1.72112,0.80000,1.46500,1.64700,10
8712,1.82957,0.86000,1.41900,1.67600,10
8713,2.05661,0.81500,1.57700,1.66500,10
8714,1.76403,0.91900,1.55900,1.67100,10
8715,1.79792,0.89600,1.50600,1.67300,10
8716,1.81988,0.91700,1.45100,1.68000,10
8717,1.94235,0.86300,1.58100,1.68400,10
8718,1.92209,0.82900,1.66400,1.67300,10
8719,1.92639,0.87300,1.54600,1.86200,10
8720,1.81037,0.93400,1.50000,1.65000,10
8721,1.77733,1.06100,1.45600,1.65500,10
8722,2.06064,0.96300,1.45700,1.84900,10
8723,1.84603,0.98800,1.45700,1.69700,10
8724,1.77416,0.99600,1.38200,1.68000,10
8725,1.86367,0.88800,1.42600,1.66700,10
8726,1.86586,0.88700,1.46600,1.68400,10
8727,3.11992,1.07000,1.40500,1.67400,10
8728,2.01134,0.88200,1.47200,1.68500,10
8729,1.73170,0.85100,1.34000,1.68500,10
8730,1.89063,0.87400,1.36900,1.66200,10
8731,2.11473,0.94600,1.60500,1.65300,10
8732,2.28268,1.06100,2.20600,1.69900,10
8733,1.90973,1.00900,1.92100,1.65400,10
8734,1.71878,0.93600,1.70200,1.69700,10
8735,1.60095,0.93400,1.59700,1.69700,10
8736,1.74124,0.87200,1.49700,1.66700,10
8737,2.32014,0.88900,1.97300,1.65300,10
8738,1.94994,0.84500,1.95600,1.84800,10
8739,1.87572,0.84200,1.85400,1.66800,10
8740,1.85285,0.84400,1.84400,1.67700,10
8741,1.88268,0.88200,1.87800,1.65900,10
8742,2.12281,0.92200,2.04900,1.72100,10
8743,1.86025,0.87700,1.84800,1.69400,10
8744,1.79836,0.88700,1.78800,1.85000,10
8745,1.80058,0.96500,1.79100,1.68600,10
8746,1.73436,0.92800,1.73600,1.64600,10
8747,1.91895,0.86100,1.91300,1.65300,10
8748,1.63905,0.89100,1.62700,1.65300,10
8749,1.70925,0.85500,1.56300,1.66900,10
8750,1.73444,0.86900,1.47600,1.66300,10
8751,1.94791,0.86500,1.53700,1.69300,10
8752,1.72690,0.84600,1.43100,1.64700,10
8753,1.87575,0.88100,1.43300,1.69400,10
8754,2.00386,0.86400,1.43100,1.85000,10
8755,1.81935,0.84200,1.38500,1.67800,10
8756,2.01520,0.91500,1.43900,1.64100,10
8757,1.93450,0.88500,1.52000,1.82100,10
8758,1.79988,1.03200,1.46000,1.68800,10
8759,1.83962,0.95000,1.39500,1.69700,10
8760,1.78844,0.92500,1.38500,1.65200,10
8761,1.84022,0.87900,1.36200,1.66200,10
8762,1.83580,0.86100,1.36900,1.67000,10
8763,2.02343,0.80300,1.38600,1.85800,10
8764,2.10336,0.79000,1.64000,1.67600,10
8765,1.68454,0.96500,1.47900,1.67600,10
8766,1.76903,0.85500,1.42500,1.66800,10
8767,1.78893,0.81700,1.36900,1.66700,10
8768,3.42481,0.80100,1.49900,1.68800,10
8769,1.73639,0.87800,1.42700,1.64400,10
8770,1.99172,0.90500,1.58200,1.66100,10
8771,1.93923,1.00700,1.50200,1.88000,10
8772,1.96013,0.91800,1.63100,1.65600,10
8773,1.71879,0.82200,1.50000,1.65700,10
8774,1.98657,0.82000,1.42700,1.83200,10
8775,1.76958,0.93900,1.36500,1.68200,10
8776,1.83055,0.87200,1.33200,1.68400,10
8777,1.99218,0.86000,1.48400,1.64700,10
8778,2.02135,0.90300,1.71100,1.66500,10
8779,1.62691,0.93300,1.49400,1.66500,10
8780,1.98648,0.93500,1.45100,1.85300,10
8781,1.81131,0.89100,1.45800,1.66700,10
8782,1.81201,0.87200,1.35300,1.66700,10
8783,1.86950,0.87100,1.38000,1.67300,10
8784,1.83527,0.89700,1.32700,1.70300,10
8785,3.17236,0.96900,1.42800,1.66800,10
8786,1.77257,0.95800,1.38300,1.68300,10
8787,2.34145,1.14600,1.85300,1.85400,10
8788,1.56388,1.11700,1.43800,1.85400,10
8789,1.75945,1.09500,1.38700,1.62400,10
8790,1.82112,1.06500,1.35000,1.64900,10
8791,2.04978,1.00600,1.39000,1.84100,10
8792,1.84868,1.02100,1.39700,1.67000,10
8793,1.85985,0.99800,1.38700,1.68800,10
8794,2.05341,0.99300,1.58700,1.67700,10
8795,2.04428,1.06900,1.92200,1.66100,10
8796,1.74861,0.97600,1.73700,1.66100,10
8797,1.92250,1.10400,1.65700,1.84500,10
8798,1.97603,1.13900,1.78900,1.63900,10
8799,1.75763,1.02300,1.71100,1.67600,10
8800,1.78083,0.86900,1.66800,1.67600,10
8801,1.84031,0.86000,1.64100,1.66600,10
8802,1.92476,0.94500,1.74000,1.66000,10
8803,1.88023,1.00200,1.88200,1.67500,10
8804,1.73607,1.02000,1.71700,1.64200,10
8805,1.85989,1.10700,1.80500,1.64200,10
8806,1.99387,1.09800,1.75900,1.66500,10
8807,1.82350,1.21000,1.78500,1.67400,10
8808,1.85871,1.09600,1.72700,1.67400,10
8809,3.25213,1.03100,1.54500,1.85600,10
8810,2.00885,0.93000,1.67900,1.66200,10
8811,1.74765,1.09600,1.57900,1.65100,10
8812,1.78282,1.00400,1.48600,1.66100,10
8813,2.02209,1.03800,1.65900,1.65700,10
8814,1.92042,1.39000,1.51800,1.86900,10
8815,1.86245,1.16700,1.59100,1.65400,10
8816,1.78032,0.89200,1.54000,1.64300,10
8817,2.20737,0.96400,1.85500,1.69400,10
8818,1.62625,0.83700,1.63000,1.65400,10
8819,1.79425,0.83500,1.58900,1.67300,10
8820,1.87879,0.82800,1.63100,1.67200,10
8821,1.83000,0.79000,1.50600,1.66600,10
8822,1.81199,0.79700,1.61500,1.67100,10
8823,1.99822,0.85800,1.59100,1.83400,10
8824,1.81679,0.83500,1.62200,1.64300,10
8825,1.76311,0.86600,1.58700,1.64900,10
8826,1.85247,0.85400,1.38800,1.83600,10
8827,1.87722,0.89300,1.39500,1.68000,10
8828,1.90806,0.84200,1.41800,1.68400,10
8829,1.82921,0.81300,1.39700,1.69000,10
8830,1.81952,0.80900,1.38800,1.65500,10
8831,1.82609,0.80700,1.40300,1.65800,10
8832,1.96798,0.84400,1.38900,1.80400,10
8833,1.79993,0.82800,1.36700,1.65600,10
8834,1.86304,0.80400,1.34500,1.67100,10
8835,1.83613,0.82600,1.32300,1.68700,10
8836,1.95284,0.78200,1.36900,1.68300,10
8837,1.90522,1.06200,1.47200,1.66000,10
8838,1.76673,1.08900,1.41100,1.68100,10
8839,1.78234,0.92600,1.33300,1.65400,10
8840,1.83170,0.84700,1.29000,1.67300,10
8841,2.08471,0.84800,1.35000,1.87700,10
8842,1.82007,0.84400,1.35300,1.65100,10
8843,1.83900,0.91800,1.33400,1.65800,10
8844,2.00007,0.85500,1.33400,1.83200,10
8845,1.88212,0.94600,1.40500,1.64000,10
8846,1.83949,0.87300,1.42500,1.65000,10
8847,1.88464,0.86400,1.48900,1.64800,10
8848,1.90743,0.84000,1.58500,1.66100,10
8849,2.40357,0.97500,2.08800,1.84100,10
8850,2.11618,0.92500,2.01700,1.84100,10
8851,3.01161,0.85800,2.71700,1.69100,10
8852,2.06973,0.91600,2.05200,1.67000,10
8853,1.89185,0.94200,1.88400,1.71200,10
8854,1.60761,1.07900,1.60400,1.68000,10
8855,1.57932,1.15300,1.57400,1.65700,10
8856,1.51117,1.12000,1.45800,1.65700,10
8857,1.80567,1.11400,1.43800,1.69000,10
8858,2.09324,1.10600,1.47200,1.83900,10
8859,1.87168,1.12800,1.53500,1.67900,10
8860,1.87250,0.89100,1.52100,1.64900,10
8861,1.92568,0.83600,1.44900,1.82200,10
8862,1.85127,0.95900,1.42300,1.70000,10
8863,1.93130,0.90600,1.48100,1.69100,10
8864,1.82607,0.94200,1.44500,1.67100,10
8865,1.96011,0.85800,1.58200,1.66500,10
8866,1.77576,0.84600,1.51600,1.66700,10
8867,2.12961,0.91800,1.66800,1.87100,10
8868,1.58601,0.84500,1.38500,1.67000,10
8869,1.91965,0.86800,1.38600,1.69500,10
8870,1.87544,0.87700,1.42200,1.66400,10
8871,1.93445,0.86400,1.55800,1.66700,10
8872,1.91282,0.95300,1.59700,1.67000,10
8873,1.78117,0.92400,1.54800,1.66400,10
8874,1.71234,0.90100,1.41500,1.66000,10
8875,1.97527,0.98600,1.54700,1.66600,10
8876,1.89168,1.00500,1.42000,1.85800,10
8877,1.79864,0.88900,1.38100,1.65000,10
8878,1.98610,0.86100,1.35700,1.83000,10
8879,1.92080,1.07600,1.43900,1.66100,10
8880,1.79522,0.97500,1.44600,1.66400,10
8881,1.79975,0.90000,1.36700,1.69300,10
8882,2.06595,0.91800,1.60000,1.64500,10
8883,1.58032,0.95100,1.40900,1.64500,10
8884,1.83251,0.88300,1.37500,1.66800,10
8885,2.04185,0.93600,1.41800,1.83900,10
8886,1.89592,0.89100,1.47500,1.67100,10
8887,1.82253,0.89500,1.42400,1.68200,10
8888,3.22427,0.85900,1.51400,1.68200,10
8889,1.92680,0.86300,1.62800,1.63000,10
8890,2.24608,0.85600,2.10500,1.69400,10
8891,2.65540,0.88700,1.81800,1.69400,10
8892,2.45054,0.80900,3.10300,1.68800,10
8893,1.88195,0.92400,1.69900,1.66500,10
8894,1.85639,0.94900,1.67800,1.68700,10
8895,2.01641,0.87900,1.64000,1.85700,10
8896,1.98689,0.97400,1.75400,1.66500,10
8897,1.76442,1.04900,1.73300,1.65700,10
8898,1.61831,0.94800,1.52500,1.65700,10
8899,1.80190,0.90500,1.46400,1.66600,10
8900,1.87824,0.97000,1.48700,1.67000,10
8901,1.95375,0.90600,1.44400,1.83500,10
8902,1.80287,0.84200,1.40100,1.65400,10
8903,1.95177,0.85200,1.45600,1.70900,10
8904,1.82366,0.81700,1.42400,1.68500,10
8905,1.80480,0.80000,1.36600,1.65700,10
8906,1.79648,1.03200,1.36100,1.64300,10
8907,1.93868,1.06000,1.46400,1.65100,10
8908,1.85775,0.88300,1.45900,1.67800,10
8909,1.76861,0.90800,1.38600,1.67100,10
8910,1.98488,0.88200,1.34200,1.83300,10
8911,1.83042,0.88100,1.35100,1.66600,10
8912,2.11312,0.91600,1.42600,1.82500,10
8913,1.84649,0.96000,1.54000,1.67400,10
8914,1.81068,1.03100,1.47500,1.65400,10
8915,2.18264,0.92200,1.74500,1.65800,10
8916,1.63354,0.87900,1.57100,1.65800,10
8917,1.73204,0.82700,1.43700,1.64700,10
8918,1.85053,0.92300,1.43800,1.68000,10
8919,1.95702,0.95200,1.42900,1.81400,10
8920,1.87904,0.88000,1.48200,1.68200,10
8921,1.93246,0.97900,1.52900,1.68100,10
8922,2.02921,0.89500,1.62700,1.66700,10
8923,1.74642,0.86700,1.60900,1.66700,10
8924,1.76715,0.93800,1.55200,1.67100,10
8925,1.72945,0.98900,1.42400,1.67100,10
8926,1.89479,0.94100,1.47400,1.66600,10
8927,1.78079,0.93700,1.43400,1.64900,10
8928,2.17361,0.90500,1.56900,1.84100,10
8929,1.69858,0.95500,1.51400,1.66000,10
8930,2.01095,0.94500,1.48100,1.83800,10
8931,1.78875,0.96100,1.45700,1.67900,10
8932,3.30959,0.91700,1.36200,1.68300,10
8933,1.80744,0.96200,1.37400,1.68500,10
8934,1.79061,0.84600,1.33600,1.65500,10
8935,1.81895,0.88800,1.31300,1.69000,10
8936,2.11548,0.86500,1.40200,1.84000,10
8937,1.73529,0.86800,1.31600,1.65200,10
8938,1.93472,0.84200,1.36400,1.68500,10
8939,1.84965,0.84300,1.37900,1.66300,10
8940,1.79302,0.88400,1.33700,1.68000,10
8941,1.87949,0.84900,1.35000,1.67000,10
8942,1.82163,0.97800,1.34200,1.66100,10
8943,1.80213,1.03200,1.33800,1.66900,10
8944,1.97172,0.93600,1.46000,1.64700,10
8945,2.16808,0.98800,1.60700,1.88500,10
8946,1.60986,0.92500,1.39800,1.65600,10
8947,2.21718,0.86100,1.63100,1.63100,10
8948,1.56818,0.89900,1.41000,1.63100,10
8949,1.87791,0.91800,1.39000,1.65400,10
8950,1.82852,0.98000,1.36200,1.70300,10
8951,1.86418,0.93100,1.39600,1.66600,10
8952,2.03252,0.93900,1.58000,1.69200,10
8953,1.61964,0.96400,1.42100,1.64200,10
8954,1.98498,0.88600,1.36200,1.84300,10
8955,1.91372,0.81300,1.39000,1.66400,10
8956,1.85514,0.89500,1.44000,1.67600,10
8957,1.87020,0.89300,1.45900,1.66800,10
8958,1.85295,0.88300,1.49000,1.67800,10
8959,1.80190,0.86100,1.42400,1.66100,10
8960,1.88712,0.84200,1.45900,1.66100,10
8961,1.95581,0.84700,1.54300,1.69200,10
8962,2.01954,0.92400,1.66500,1.67100,10
8963,1.90468,1.06200,1.60000,1.86000,10
8964,1.79308,1.15100,1.55300,1.65500,10
8965,2.05220,1.09200,1.56400,1.87300,10
8966,1.88253,1.08500,1.64700,1.64100,10
8967,1.80454,1.32800,1.51900,1.66800,10
8968,1.86996,1.66000,1.56000,1.65200,10
8969,1.82860,1.29100,1.62400,1.65200,10
8970,1.97097,1.17100,1.76400,1.65700,10
8971,2.24223,1.26800,2.09600,1.64100,10
8972,2.72273,1.06600,1.86000,1.64100,10
8973,2.48871,1.08000,3.11900,1.70100,10
8974,2.02912,1.05600,1.76700,1.67600,10
8975,1.90294,1.02900,1.76800,1.64300,10
8976,1.90461,1.33200,1.85600,1.64600,10
8977,1.63283,1.40000,1.63300,1.66100,10
8978,1.71437,1.18700,1.56100,1.66100,10
8979,2.05345,1.24100,1.55700,1.86500,10
8980,1.69305,1.18000,1.43100,1.65200,10
8981,1.92466,1.14300,1.49200,1.66200,10
8982,2.13022,1.16700,1.60400,1.84000,10
8983,1.84656,1.04400,1.63200,1.65200,10
8984,2.04140,1.22700,1.86100,1.67100,10
8985,2.17360,1.17100,2.17300,1.65900,10
8986,2.08361,0.99200,2.07900,1.70400,10
8987,1.92699,0.96900,1.92600,1.84500,10
8988,1.86236,0.92800,1.85100,1.69500,10
8989,2.11659,1.08100,2.06500,1.69500,10
8990,1.69822,1.53000,1.70700,1.73300,10
8991,3.21662,1.30200,1.61900,1.63900,10
8992,1.70570,1.69600,1.67700,1.65200,10
8993,2.06842,1.14000,2.02200,1.66100,10
8994,1.93156,1.09300,1.88900,1.66800,10
8995,1.79594,1.31800,1.80500,1.86700,10
8996,1.57829,1.10400,1.54500,1.86700,10
8997,1.97758,1.13500,1.66000,1.66700,10
8998,10.55290,1.13300,1.98600,1.65500,10
8999,2.58344,1.06000,10.81100,1.89700,10
9000,1.97587,1.18200,1.61800,1.82800,10
9001,2.60639,1.11000,2.06200,1.69700,10
9002,1.68997,1.00200,1.67800,1.73200,10
9003,1.67597,1.05800,1.66400,1.69100,10
9004,2.08976,1.15800,2.08300,1.69100,10
9005,2.24932,1.13200,2.12300,1.69100,10
9006,1.56938,0.87900,1.55600,1.69100,10
9007,1.63361,0.88500,1.46000,1.68000,10
9008,10.61829,0.89200,1.43400,1.68700,10
9009,2.54222,1.05100,11.14200,1.87600,10
9010,1.82332,0.99900,1.55500,1.67200,10
9011,1.79089,0.98300,1.47000,1.68800,10
9012,2.11415,0.98200,1.53300,1.83300,10
9013,1.78387,0.96800,1.51100,1.66600,10
9014,2.53279,1.05000,1.38600,1.70200,10
9015,1.97578,1.13300,1.51800,1.66300,10
9016,2.57253,0.96900,2.23300,1.68100,10
9017,2.11370,1.09300,2.12400,1.74500,10
9018,2.06055,1.04300,2.05900,1.72600,10
9019,2.04168,0.98200,2.03200,1.69700,10
9020,1.88151,0.96500,1.75300,1.88700,10
9021,1.83612,1.64400,1.76600,1.66900,10
9022,1.50305,1.57300,1.66300,1.66900,10
9023,2.04584,1.28300,1.80200,1.67300,10
9024,2.27170,1.22200,2.27100,1.68200,10
9025,2.16629,1.24500,1.88700,1.69200,10
9026,1.87563,1.17600,1.88200,1.69400,10
9027,1.79389,1.22000,1.80500,1.68900,10
9028,1.97634,1.06400,1.96600,1.86400,10
9029,1.91534,1.04100,1.90800,1.67600,10
9030,2.04960,0.93000,2.03500,1.67000,10
9031,1.72738,1.01200,1.70800,1.72900,10
9032,1.65845,1.11400,1.63700,1.66500,10
9033,1.50104,1.51300,1.45100,1.66500,10
9034,1.95070,1.17500,1.57600,1.66300,10
9035,1.71159,1.23300,1.42800,1.67400,10
9036,1.82742,1.07300,1.40200,1.68000,10
9037,1.83638,0.99200,1.40200,1.66800,10
9038,1.94561,1.01000,1.34100,1.83400,10
9039,1.82029,0.92300,1.35100,1.65500,10
9040,1.91005,0.86900,1.37400,1.68900,10
9041,2.02111,0.87800,1.44200,1.78800,10
9042,2.68521,1.11000,2.22500,1.67900,10
9043,1.95017,1.07700,1.94700,1.69200,10
9044,1.98362,1.15000,1.98000,1.70300,10
9045,1.75727,0.99600,1.72600,1.70100,10
9046,1.74415,1.10400,1.76000,1.86200,10
9047,1.68030,0.97100,1.67300,1.65800,10
9048,1.77647,1.00400,1.73100,1.65800,10
9049,1.63944,1.02900,1.57600,1.64300,10
9050,2.00982,0.99900,1.68400,1.66500,10
9051,1.85820,0.95500,1.74800,1.64500,10
9052,1.74321,0.85000,1.64300,1.64500,10
9053,1.82018,0.82400,1.64700,1.67100,10
9054,1.86731,0.82500,1.65300,1.65600,10
9055,2.43006,1.05900,1.59100,1.68500,10
9056,2.67988,1.00500,3.12000,1.67900,10
9057,1.76036,1.04300,1.76300,1.67900,10
9058,1.72566,0.98100,1.54200,1.84400,10
9059,1.79442,1.06100,1.49300,1.67200,10
9060,1.88528,0.95600,1.47500,1.67100,10
9061,1.91675,1.77300,1.55700,1.67500,10
9062,1.82718,1.17500,1.56600,1.65000,10
9063,1.73254,1.06700,1.46700,1.68300,10
9064,1.98906,0.99900,1.40100,1.85100,10
9065,1.83282,1.02700,1.41600,1.66400,10
9066,1.97177,1.05500,1.50100,1.64200,10
9067,2.13332,1.25300,1.80200,1.69300,10
9068,1.73042,1.10800,1.74600,1.63800,10
9069,1.78527,0.99800,1.71700,1.64000,10
9070,1.81068,1.01600,1.67000,1.65200,10
9071,1.58446,0.93200,1.47000,1.65200,10
9072,1.86202,0.89400,1.44200,1.69100,10
9073,2.09628,0.86600,1.52800,1.85000,10
9074,2.06013,0.87100,1.78000,1.64300,10
9075,2.00873,0.95200,1.84800,1.66000,10
9076,1.71329,0.98000,1.70700,1.64500,10
9077,1.79873,1.27900,1.66000,1.64500,10
9078,1.84246,0.87400,1.68300,1.66700,10
9079,1.75088,0.89500,1.60400,1.67800,10
9080,1.83738,0.92200,1.60000,1.65100,10
9081,1.81999,0.85400,1.56000,1.66500,10
9082,2.06894,0.85800,1.65000,1.85100,10
9083,1.79446,0.87300,1.63200,1.65000,10
9084,1.84300,0.82700,1.58500,1.68100,10
9085,1.87422,0.83400,1.62900,1.65700,10
9086,1.85415,0.88900,1.63000,1.67600,10
9087,1.88024,1.01800,1.68700,1.66000,10
9088,1.98430,0.87500,1.93000,1.65500,10
9089,1.85208,0.85700,1.84700,1.68000,10
9090,1.74145,0.80000,1.72900,1.68000,10
9091,1.86842,0.85400,1.58200,1.85700,10
9092,1.82019,0.90400,1.56700,1.64800,10
9093,2.05640,0.94300,1.63300,1.84100,10
9094,3.16861,0.83600,1.57300,1.67800,10
9095,1.78092,0.94300,1.54400,1.66000,10
9096,1.79556,0.88600,1.49800,1.66300,10
9097,3.23702,0.84800,1.56400,1.71400,10
9098,2.01079,0.94600,1.54300,1.84800,10
9099,1.84617,0.85500,1.59400,1.66900,10
9100,1.85658,0.84800,1.61000,1.65600,10
9101,2.04033,0.84200,1.78900,1.67600,10
9102,1.76007,0.81400,1.70000,1.65200,10
9103,1.76914,0.96000,1.65900,1.65200,10
9104,1.56245,0.87400,1.34000,1.64600,10
9105,1.87680,1.03700,1.39300,1.67000,10
9106,1.82439,1.08600,1.36900,1.66600,10
9107,2.06139,1.13800,1.41600,1.85400,10
9108,1.79277,1.11600,1.38600,1.67600,10
9109,1.86011,1.13400,1.41100,1.64000,10
9110,1.98757,1.09300,1.38500,1.83500,10
9111,1.80411,0.90200,1.36000,1.70000,10
9112,1.82117,0.91600,1.35700,1.65500,10
9113,1.84592,0.93300,1.35900,1.67400,10
9114,1.92382,0.92200,1.45000,1.67200,10
9115,1.87197,0.85000,1.52800,1.64800,10
9116,2.13394,0.89200,1.60000,1.86700,10
9117,1.73000,0.89300,1.52900,1.66600,10
9118,1.88874,0.91100,1.58100,1.66200,10
9119,1.71366,0.89800,1.37300,1.72100,10
9120,1.88549,0.83200,1.37800,1.66900,10
9121,1.92289,0.88800,1.44200,1.66900,10
9122,1.86476,0.90600,1.45500,1.67400,10
9123,1.80819,0.85300,1.41400,1.68100,10
9124,1.80254,0.81200,1.35000,1.67000,10
9125,2.04091,0.83800,1.36500,1.84300,10
9126,1.82609,0.87300,1.35200,1.65500,10
9127,2.02734,0.94700,1.54000,1.66200,10
9128,2.34254,0.89100,2.01500,1.63700,10
9129,1.54020,0.95800,1.55000,1.63700,10
9130,1.60976,0.93300,1.43900,1.68000,10
9131,1.89412,0.91700,1.45200,1.66400,10
9132,1.86443,0.92200,1.48600,1.67800,10
9133,1.87528,0.90300,1.55100,1.64600,10
9134,1.99351,0.86100,1.53100,1.83400,10
9135,1.79357,0.87500,1.53500,1.64700,10
9136,1.85082,0.87000,1.59200,1.67200,10
9137,1.91288,0.86000,1.57700,1.66200,10
9138,2.17538,0.83100,1.55500,1.64300,10
9139,2.32612,0.80400,2.47700,1.68400,10
9140,1.86488,0.96100,1.60800,1.66600,10
9141,1.66551,0.90600,1.38100,1.66200,10
9142,2.00657,0.94300,1.36900,1.82000,10
9143,1.82744,0.91400,1.37100,1.66000,10
9144,1.85962,0.98800,1.42600,1.63500,10
9145,2.01113,0.91300,1.43400,1.81100,10
9146,1.81168,1.00500,1.43400,1.69400,10
9147,1.89251,0.87000,1.43900,1.70300,10
9148,1.79117,0.88500,1.38000,1.66400,10
9149,2.20993,0.86600,1.74900,1.65400,10
9150,2.02592,0.92200,2.02700,1.83500,10
9151,1.98470,0.90800,1.96400,1.68600,10
9152,1.70826,1.04300,1.66200,1.68600,10
9153,1.54092,1.32200,1.53500,1.66000,10
9154,1.77228,1.09900,1.50000,1.68000,10
9155,1.76128,0.91100,1.43400,1.63100,10
9156,2.21118,1.12000,1.80900,1.65500,10
9157,1.74898,0.95000,1.74600,1.67800,10
9158,1.78711,0.91400,1.71000,1.67800,10
9159,2.04480,0.93500,1.91000,1.68300,10
9160,1.84670,0.85600,1.78600,1.65700,10
9161,1.78914,0.87000,1.72100,1.65700,10
9162,1.62616,0.86300,1.48500,1.65900,10
9163,2.14217,0.94100,1.58100,1.87800,10
9164,1.64655,0.83800,1.41400,1.65400,10
9165,1.99592,0.85500,1.53900,1.68800,10
9166,1.76991,0.95100,1.52600,1.63600,10
9167,1.85253,0.91100,1.48700,1.69100,10
9168,1.88550,0.88300,1.51500,1.68800,10
9169,2.08869,0.88300,1.57300,1.86500,10
9170,1.77472,0.85200,1.54700,1.64300,10
9171,1.68588,0.79900,1.40600,1.66200,10
9172,1.88610,0.79900,1.44500,1.67200,10
9173,1.84751,0.83400,1.45200,1.66500,10
9174,1.86160,0.88400,1.51600,1.64500,10
9175,1.90979,0.99800,1.61800,1.61800,10
9176,1.73342,1.03700,1.54200,1.65800,10
9177,1.85620,0.98600,1.55100,1.65000,10
9178,2.02285,0.93900,1.56600,1.86800,10
9179,1.67985,0.96800,1.45900,1.65200,10
9180,2.30563,0.94100,1.41300,1.69300,10
9181,2.62994,0.88100,2.59500,1.88900,10
9182,2.20337,0.93200,2.00400,1.70300,10
9183,2.05469,0.88000,2.05600,1.67400,10
9184,2.16704,0.90000,2.14800,1.69700,10
9185,2.03806,0.94000,2.04000,1.70000,10
9186,1.76931,0.85400,1.76200,1.71300,10
9187,1.88300,0.82400,1.87600,1.70000,10
9188,1.82955,0.83900,1.82500,1.67100,10
9189,1.81350,0.85900,1.80900,1.68400,10
9190,1.80238,0.85400,1.79500,1.67400,10
9191,1.71939,0.80400,1.70700,1.65900,10
9192,1.74822,0.87200,1.74100,1.67500,10
9193,1.76040,0.83200,1.73100,1.66200,10
9194,2.02331,1.05700,1.92600,1.69200,10
9195,1.89855,1.20200,1.89400,1.87300,10
9196,2.01006,0.89500,2.01000,1.63900,10
9197,2.08569,0.87900,1.80600,1.63900,10
9198,2.71146,0.82500,2.52100,1.64000,10
9199,1.79843,0.89400,1.78800,1.69200,10
9200,1.66161,0.96200,1.61700,1.69200,10
9201,1.86157,0.90100,1.58300,1.64800,10
9202,1.91063,0.93700,1.68700,1.66300,10
9203,1.78075,0.86600,1.68700,1.62800,10
9204,2.14443,1.01100,1.74100,1.88400,10
9205,1.82041,0.91100,1.76700,1.68000,10
9206,1.79549,0.85000,1.63200,1.66100,10
9207,1.78741,0.84000,1.61400,1.65900,10
9208,1.74073,1.05400,1.47100,1.64900,10
9209,2.03718,1.25400,1.60200,1.67200,10
9210,1.90599,1.00300,1.81800,1.65000,10
9211,1.72321,0.90000,1.63100,1.65000,10
9212,1.92307,0.93600,1.93000,1.64700,10
9213,1.85635,0.97700,1.52100,1.86400,10
9214,1.91235,0.90600,1.56000,1.68600,10
9215,2.03183,0.93300,1.58400,1.84500,10
9216,1.80836,0.88100,1.56400,1.67200,10
9217,1.87687,0.86700,1.60100,1.70200,10
9218,1.82569,0.86700,1.54700,1.66900,10
9219,1.99866,0.86900,1.64600,1.65900,10
9220,1.74002,0.86300,1.59100,1.67200,10
9221,2.05021,0.87700,1.57700,1.86300,10
9222,2.80533,0.84300,1.54300,1.71400,10
9223,1.88549,0.82000,1.57600,1.66900,10
9224,1.74697,0.91600,1.50500,1.66600,10
9225,1.93060,0.90600,1.56600,1.67100,10
9226,1.97444,0.84200,1.68500,1.64800,10
9227,1.71471,0.83400,1.61300,1.64800,10
9228,1.86181,0.86800,1.61000,1.65900,10
9229,1.75928,0.91900,1.54400,1.66700,10
9230,2.06178,0.85400,1.55000,1.85800,10
9231,1.77852,0.86900,1.54200,1.65900,10
9232,2.05917,0.93000,1.58400,1.81300,10
9233,1.77250,0.88700,1.53900,1.64500,10
9234,2.18201,1.03300,1.68700,1.66200,10
9235,1.58592,0.90600,1.58200,1.66200,10
9236,1.76600,0.93400,1.52300,1.64900,10
9237,1.82816,0.96400,1.51500,1.65800,10
9238,1.81581,0.90600,1.51500,1.65100,10
9239,2.03865,0.96300,1.52600,1.85100,10
9240,1.79021,0.88400,1.50300,1.64400,10
9241,1.92762,0.85600,1.54600,1.68800,10
9242,1.79249,0.84000,1.51000,1.66700,10
9243,1.95544,0.88200,1.60600,1.66700,10
9244,1.81414,0.89700,1.57800,1.66400,10
9245,1.86584,0.88200,1.59000,1.66800,10
9246,1.86030,0.87800,1.59200,1.66500,10
9247,1.95499,0.85800,1.68400,1.66000,10
9248,1.82732,0.88000,1.57000,1.84100,10
9249,1.95209,0.82500,1.64200,1.66300,10
9250,2.03725,0.87500,1.69600,1.81700,10
9251,1.74630,0.96300,1.60200,1.66900,10
9252,1.89377,0.83100,1.57400,1.68100,10
9253,2.14956,0.97600,1.92500,1.67700,10
9254,1.67457,1.03000,1.67200,1.66300,10
9255,1.67694,0.94600,1.54400,1.66300,10
9256,2.19375,0.95500,1.70000,1.65400,10
9257,1.68074,0.94500,1.56500,1.65400,10
9258,1.87363,0.84000,1.56700,1.67000,10
9259,1.79403,0.98400,1.53400,1.67700,10
9260,1.94143,0.83400,1.64900,1.68300,10
9261,1.94118,0.90300,1.74700,1.67500,10
9262,1.55986,0.86400,1.41600,1.67600,10
9263,3.38591,0.83500,1.51500,1.66300,10
9264,1.76591,0.86300,1.45800,1.66200,10
9265,2.14872,0.87200,1.46200,1.85500,10
9266,1.63607,1.03000,1.39700,1.65000,10
9267,1.98407,0.86200,1.39100,1.79500,10
9268,1.82786,0.87300,1.41000,1.67100,10
9269,1.83386,0.86500,1.39300,1.64700,10
9270,1.84302,0.82500,1.33100,1.66100,10
9271,1.93683,1.05200,1.43900,1.65100,10
9272,2.10144,0.95700,1.75000,1.65900,10
9273,2.08275,0.91800,2.06200,1.85700,10
9274,1.62454,0.90400,1.62500,1.85700,10
9275,1.65377,0.92000,1.41300,1.66700,10
9276,2.06996,0.88800,1.59500,1.71900,10
9277,1.84175,0.86000,1.61100,1.65200,10
9278,1.75540,0.90100,1.58000,1.64300,10
9279,1.74763,0.87900,1.45900,1.68300,10
9280,1.90640,0.89800,1.54500,1.67100,10
9281,1.81824,0.91100,1.49600,1.64700,10
9282,1.86626,0.89300,1.50300,1.67400,10
9283,2.13399,0.85300,1.61700,1.82900,10
9284,1.68047,0.94700,1.55700,1.63900,10
9285,2.01890,0.90200,1.51100,1.85300,10
9286,1.80876,0.86600,1.45900,1.67400,10
9287,2.00839,0.84900,1.66200,1.64200,10
9288,2.15798,0.89100,2.14400,1.69900,10
9289,1.81246,0.85600,1.81300,1.65900,10
9290,1.95505,0.86200,1.88500,1.67000,10
9291,1.63422,0.99600,1.67600,1.67000,10
9292,1.85463,1.02700,1.74200,1.65200,10
9293,1.76640,0.89700,1.68800,1.65200,10
9294,1.76994,0.85800,1.62800,1.66000,10
9295,1.78651,0.89300,1.54500,1.66600,10
9296,1.83926,0.86300,1.55900,1.66000,10
9297,1.84258,0.88000,1.57100,1.65100,10
9298,1.79388,0.88900,1.50400,1.66300,10
9299,2.09874,0.85000,1.74700,1.69200,10
9300,2.71900,0.91100,1.58100,1.83300,10
9301,2.33994,0.82500,3.06000,1.69400,10
9302,2.00463,0.84000,1.54400,1.82000,10
9303,1.95656,0.97100,1.68800,1.64600,10
9304,1.96638,0.89600,1.84000,1.71100,10
9305,2.96141,1.01000,1.59600,1.71100,10
9306,1.74533,0.93700,1.54800,1.64900,10
9307,1.97284,0.89300,1.57200,1.72000,10
9308,2.22703,0.88800,1.76400,1.66900,10
9309,1.78294,0.87100,1.75000,1.64100,10
9310,1.78209,0.98000,1.69500,1.65400,10
9311,1.98843,0.97100,1.94800,1.67800,10
9312,1.86841,0.89700,1.84500,1.65400,10
9313,1.71164,0.87600,1.70200,1.66500,10
9314,1.70728,0.91400,1.64500,1.66500,10
9315,1.86429,0.95400,1.63700,1.67600,10
9316,1.74298,0.84600,1.58700,1.66000,10
9317,2.12496,0.91600,1.66000,1.85700,10
9318,1.73018,0.85000,1.57400,1.63600,10
9319,2.01343,0.82000,1.56700,1.86800,10
9320,1.98803,0.97200,1.62200,1.65000,10
9321,1.90849,1.83000,1.75900,1.65600,10
9322,1.61352,1.31000,1.53800,1.65600,10
9323,1.71456,1.07400,1.43200,1.64900,10
9324,1.82887,1.02100,1.38300,1.67300,10
9325,1.83429,1.00900,1.42200,1.66500,10
9326,2.05178,0.94900,1.42500,1.84500,10
9327,1.83482,0.94700,1.39000,1.68400,10
9328,1.84986,0.96400,1.40100,1.66900,10
9329,1.80006,0.96000,1.36100,1.66500,10
9330,1.95895,1.04100,1.46900,1.66200,10
9331,1.78451,0.94000,1.45500,1.66800,10
9332,1.76470,0.88800,1.38900,1.64100,10
9333,1.99808,1.03200,1.53300,1.65400,10
9334,1.84747,1.13000,1.52400,1.65400,10
9335,1.87107,1.42600,1.35800,1.87800,10
9336,1.75669,1.24700,1.30400,1.65400,10
9337,2.08684,1.10500,1.37600,1.83500,10
9338,1.79701,1.13800,1.34900,1.65200,10
9339,2.17347,1.22500,1.75300,1.66000,10
9340,1.62112,1.09100,1.44900,1.66000,10
9341,1.75157,1.05100,1.42300,1.64900,10
9342,1.86860,0.96100,1.41500,1.66900,10
9343,1.81295,0.89400,1.37500,1.67700,10
9344,2.03259,0.99000,1.42900,1.84400,10
9345,1.79318,0.98700,1.38200,1.65700,10
9346,2.28549,1.02400,1.38800,1.66800,10
9347,2.27841,0.91400,2.24800,1.67500,10
9348,1.82051,0.97500,1.37700,1.66000,10
9349,1.96350,0.93800,1.47100,1.66200,10
9350,1.67166,1.05200,1.36300,1.64800,10
9351,1.82114,0.98900,1.32900,1.67100,10
9352,2.01489,0.90800,1.34200,1.84100,10
9353,1.87521,0.96800,1.35400,1.66900,10
9354,2.09681,0.92900,1.42500,1.81700,10
9355,1.68798,0.91600,1.36400,1.66000,10
9356,1.96684,0.88300,1.43300,1.66700,10
9357,1.82060,1.13000,1.42900,1.67000,10
9358,1.84596,1.32000,1.48300,1.65900,10
9359,1.81795,1.13400,1.41900,1.66300,10
9360,1.76820,1.20900,1.38500,1.65300,10
9361,2.04249,0.97800,1.35600,1.85400,10
9362,1.77832,0.90400,1.33400,1.66600,10
9363,1.92727,0.89000,1.40500,1.68000,10
9364,2.50049,0.93400,2.04200,1.66000,10
9365,2.04611,1.04600,2.03800,1.66800,10
9366,1.90460,0.94700,1.89400,1.69500,10
9367,1.89998,0.92700,1.89200,1.72200,10
9368,1.83427,0.87600,1.81800,1.65500,10
9369,1.79761,0.87900,1.78800,1.67600,10
9370,1.70613,0.93100,1.69600,1.67600,10
9371,2.09209,0.99200,1.91700,1.82900,10
9372,1.67613,1.04300,1.58400,1.82900,10
9373,1.95532,0.97600,1.71200,1.67300,10
9374,1.81535,0.91700,1.64400,1.70200,10
9375,2.01307,0.97600,1.78800,1.66600,10
9376,2.00877,1.15900,2.00300,1.67800,10
9377,1.99480,1.14100,1.99400,1.67300,10
9378,1.75998,0.93900,1.74400,1.87400,10
9379,1.52256,0.86500,1.52500,1.87400,10
9380,1.86817,0.81700,1.61100,1.64200,10
9381,1.85706,0.83900,1.67000,1.67200,10
9382,1.76555,0.87800,1.56300,1.69300,10
9383,1.87833,0.97200,1.57100,1.66000,10
9384,1.87077,1.33200,1.57800,1.68900,10
9385,1.89727,0.90400,1.52700,1.67100,10
9386,1.70835,0.92400,1.48000,1.69000,10
9387,2.96408,0.88100,1.48400,1.90200,10
9388,2.09769,0.87700,1.79600,1.67200,10
9389,1.71360,0.83300,1.55600,1.83900,10
9390,1.82507,0.90900,1.42900,1.69100,10
9391,1.91393,0.83900,1.47800,1.65700,10
9392,1.74596,0.82700,1.41600,1.67500,10
9393,1.81337,0.82400,1.39200,1.66000,10
9394,1.95592,0.89500,1.49600,1.67800,10
9395,1.77926,0.86300,1.47000,1.65100,10
9396,2.01982,0.86500,1.43500,1.82300,10
9397,1.80636,0.82800,1.41400,1.70000,10
9398,1.89124,0.81900,1.43200,1.67100,10
9399,1.85212,1.03400,1.44000,1.67600,10
9400,1.82664,1.07400,1.47000,1.64500,10
9401,1.86960,0.96600,1.50500,1.68100,10
9402,1.84109,0.82400,1.53700,1.64500,10
9403,1.80277,0.84000,1.41700,1.71700,10
9404,3.20797,0.85100,1.37100,1.68500,10
9405,1.84263,1.05400,1.43000,1.63800,10
9406,2.03515,1.05700,1.42500,1.82900,10
9407,1.78193,1.03000,1.38800,1.66300,10
9408,1.85216,1.07000,1.39600,1.64700,10
9409,1.95479,0.96000,1.48300,1.69000,10
9410,1.71666,0.90300,1.42600,1.65900,10
9411,1.85142,0.82500,1.41300,1.65600,10
9412,1.82874,0.82500,1.37800,1.66400,10
9413,2.06893,0.90700,1.40100,1.85300,10
9414,1.88047,0.93000,1.47100,1.68000,10
9415,1.80649,0.88200,1.39100,1.70000,10
9416,1.96522,0.88100,1.54400,1.65000,10
9417,1.69820,0.92300,1.37500,1.66800,10
9418,2.01088,1.04500,1.43700,1.66800,10
9419,1.57453,0.90000,1.33500,1.64600,10
9420,1.86722,0.83500,1.36100,1.66500,10
9421,1.81574,0.83600,1.32900,1.67700,10
9422,2.02841,0.82000,1.33300,1.86600,10
9423,1.83621,0.81600,1.29900,1.68600,10
9424,1.96379,0.87800,1.30300,1.80800,10
9425,1.85240,0.85600,1.30000,1.67100,10
9426,1.96207,0.87600,1.39400,1.68000,10
9427,1.79447,0.87500,1.35400,1.70000,10
9428,2.59465,0.88400,1.35100,1.67800,10
9429,2.01348,0.85000,2.55300,1.67800,10
9430,10.70357,1.03300,1.33600,1.67000,10
9431,2.62977,1.01300,11.26100,1.85300,10
9432,1.59488,1.00400,1.39600,1.62700,10
9433,1.83107,0.94100,1.36100,1.70200,10
9434,2.04661,0.92400,1.41100,1.83000,10
9435,1.83838,0.91100,1.39400,1.66500,10
9436,1.84440,0.91600,1.37800,1.66300,10
9437,2.00617,0.89200,1.37200,1.84800,10
9438,1.87824,0.87000,1.38300,1.66500,10
9439,1.86209,1.06100,1.40200,1.65400,10
9440,1.77016,1.08400,1.35300,1.66400,10
9441,1.83404,1.07300,1.33500,1.66100,10
9442,1.87388,1.07600,1.35200,1.66000,10
9443,2.01294,1.10000,1.34400,1.85600,10
9444,1.82598,1.10200,1.33500,1.66800,10
9445,1.87738,1.08500,1.32700,1.69700,10
9446,1.81553,1.06000,1.29500,1.66500,10
9447,1.85691,1.06100,1.32600,1.65200,10
9448,1.81510,1.07500,1.32400,1.66700,10
9449,1.82602,0.89800,1.31000,1.65000,10
9450,1.85009,0.83700,1.32800,1.65900,10
9451,1.84199,0.83900,1.36000,1.65400,10
9452,2.02864,0.86600,1.37400,1.85000,10
9453,1.80446,0.83000,1.32200,1.66800,10
9454,1.99799,0.83900,1.45400,1.67100,10
9455,1.91664,0.83700,1.39900,1.82100,10
9456,1.77750,1.01400,1.32700,1.65900,10
9457,1.85198,0.82100,1.31500,1.67600,10
9458,1.79607,0.88700,1.31800,1.64000,10
9459,1.97458,0.81200,1.44000,1.66900,10
9460,1.83854,0.83900,1.48500,1.66900,10
9461,2.08135,0.89700,1.53400,1.82900,10
9462,1.73457,0.84000,1.46000,1.66200,10
9463,1.84563,0.94700,1.43000,1.66600,10
9464,1.87564,1.01100,1.46200,1.67600,10
9465,1.85435,1.42300,1.47000,1.68500,10
9466,1.75196,0.99600,1.35700,1.69700,10
9467,1.78416,0.87100,1.30600,1.65600,10
9468,1.86508,0.81200,1.32500,1.64500,10
9469,2.25137,0.82600,1.35800,1.66000,10
9470,2.61264,0.82900,2.44000,1.72100,10
9471,1.62417,0.85300,1.37900,1.63800,10
9472,2.01904,0.81700,1.33700,1.83700,10
9473,2.23029,0.82700,1.70900,1.65800,10
9474,2.12038,0.83200,2.10900,1.66400,10
9475,1.94393,0.82000,1.90900,1.70100,10
9476,1.80460,0.90000,1.82300,1.70100,10
9477,1.65919,0.95400,1.65200,1.67200,10
9478,1.81256,0.85600,1.80200,1.67200,10
9479,1.85768,0.88300,1.72600,1.66700,10
9480,1.68407,0.91300,1.54300,1.67400,10
9481,1.87048,0.82500,1.53100,1.67900,10
9482,1.89049,0.85100,1.59300,1.64000,10
9483,1.69759,0.83800,1.51600,1.65800,10
9484,1.96312,0.81900,1.61800,1.65100,10
9485,1.72119,0.83100,1.53900,1.65600,10
9486,1.92392,0.83300,1.59400,1.65800,10
9487,1.99427,0.84500,1.55700,1.85000,10
9488,1.82331,0.94300,1.52100,1.66200,10
9489,1.89448,0.82300,1.57300,1.67200,10
9490,1.86807,0.88300,1.41000,1.85100,10
9491,2.03378,1.00600,1.58200,1.66400,10
9492,1.76865,0.85300,1.52800,1.67600,10
9493,1.73358,0.83000,1.42000,1.63500,10
9494,1.78462,0.88300,1.36300,1.65400,10
9495,1.84275,0.93200,1.38000,1.65800,10
9496,2.35147,0.90300,1.75600,1.66500,10
9497,1.47507,0.88200,1.37600,1.66500,10
9498,1.86183,0.86900,1.34400,1.65500,10
9499,1.88389,0.80700,1.39700,1.70400,10
9500,1.76650,0.82300,1.38800,1.63600,10
9501,1.91224,0.80700,1.42900,1.66500,10
9502,1.95669,0.87200,1.58800,1.68800,10
9503,1.85885,0.83700,1.60600,1.64000,10
9504,2.08294,0.90300,1.76800,1.69000,10
9505,1.95451,0.92400,1.75000,1.66000,10
9506,1.94719,0.84500,1.84900,1.66000,10
9507,3.76718,0.82200,2.26300,1.66400,10
9508,1.73369,0.99700,1.75100,1.70200,10
9509,1.50252,0.97800,1.50100,1.70200,10
9510,1.60378,0.82500,1.40300,1.66000,10
9511,2.81952,0.81700,1.43800,1.70800,10
9512,1.76615,0.91700,1.36700,1.69200,10
9513,2.04581,0.91400,1.37900,1.84000,10
9514,1.84298,0.84100,1.39500,1.66600,10
9515,1.90934,0.92800,1.55000,1.62500,10
9516,1.73898,1.01700,1.41300,1.66400,10
9517,1.77619,0.85200,1.36500,1.65000,10
9518,1.89136,0.84200,1.41000,1.64700,10
9519,1.80454,0.86900,1.37500,1.66300,10
9520,1.87475,0.89300,1.45300,1.65500,10
9521,1.76217,0.89500,1.36100,1.66500,10
9522,2.17577,0.83700,1.51200,1.82600,10
9523,1.71723,0.87700,1.41100,1.68200,10
9524,2.08784,0.87500,1.49800,1.82200,10
9525,1.78962,0.86300,1.44100,1.69200,10
9526,1.83254,0.85000,1.38100,1.67200,10
9527,1.83288,0.84800,1.35000,1.68700,10
9528,1.85502,0.83500,1.37300,1.66200,10
9529,1.78256,0.82600,1.32900,1.66300,10
9530,1.85665,0.88300,1.35800,1.64200,10
9531,2.01789,0.86000,1.38800,1.83300,10
9532,1.74704,0.81800,1.32500,1.64700,10
9533,1.94830,0.84600,1.32800,1.67200,10
9534,1.85609,1.16800,1.38800,1.67000,10
9535,1.89659,0.86100,1.48100,1.64100,10
9536,1.88421,0.88500,1.55500,1.66200,10
9537,1.97265,0.94000,1.67200,1.64600,10
9538,1.61059,0.95800,1.45600,1.64600,10
9539,1.97024,0.96500,1.42300,1.83400,10
9540,1.81061,0.93400,1.37800,1.65300,10
9541,1.79038,0.89300,1.33100,1.67300,10
9542,1.99154,0.84800,1.34300,1.80200,10
9543,1.83592,0.82300,1.36400,1.66200,10
9544,1.94582,0.81700,1.46600,1.68100,10
9545,1.89807,0.92400,1.54000,1.64800,10
9546,1.77597,0.82700,1.49000,1.65400,10
9547,1.82595,0.92400,1.44400,1.67900,10
9548,2.05362,0.90000,1.49400,1.82100,10
9549,1.75255,0.88800,1.42300,1.65600,10
9550,1.86496,0.90400,1.45500,1.66900,10
9551,1.81526,0.86800,1.42800,1.68400,10
9552,2.57169,0.84200,1.48000,1.65900,10
9553,2.24048,0.80300,2.71500,1.72500,10
9554,1.88482,0.96400,1.49200,1.65400,10
9555,1.71322,0.85400,1.32400,1.66800,10
9556,1.86394,0.91300,1.36200,1.67100,10
9557,1.94939,0.88700,1.31700,1.82300,10
9558,1.89017,0.83900,1.37500,1.62900,10
9559,1.98753,0.81300,1.38400,1.80600,10
9560,1.98344,0.89100,1.56000,1.64700,10
9561,1.91623,1.03800,1.62400,1.65600,10
9562,1.62556,1.03100,1.44000,1.65200,10
9563,1.81246,0.85500,1.39800,1.66800,10
9564,1.77047,0.81300,1.32800,1.66800,10
9565,1.93877,0.78100,1.41000,1.66600,10
9566,2.01014,0.84300,1.41100,1.84800,10
9567,2.10587,0.82700,1.64700,1.69100,10
9568,1.58758,0.94400,1.39200,1.69100,10
9569,1.84224,0.94800,1.41700,1.68500,10
9570,1.78374,0.89500,1.32100,1.66000,10
9571,1.78259,0.90600,1.31900,1.63700,10
9572,1.85533,0.85000,1.31700,1.65300,10
9573,1.80636,0.94400,1.28900,1.66900,10
9574,1.87185,0.91200,1.33700,1.65500,10
9575,1.99233,0.89000,1.33300,1.82300,10
9576,1.84379,0.81800,1.33000,1.66200,10
9577,2.12552,0.87200,1.45100,1.80600,10
9578,1.85914,0.95200,1.48800,1.64300,10
9579,1.93119,0.90400,1.58400,1.68900,10
9580,1.69792,0.87400,1.46000,1.64300,10
9581,1.84583,0.86700,1.48700,1.65700,10
9582,2.04837,1.42500,1.59700,1.65500,10
9583,1.76597,1.39500,1.58200,1.65500,10
9584,1.93341,1.27100,1.53000,1.85700,10
9585,1.77903,1.07000,1.47700,1.65600,10
9586,1.83720,1.02300,1.46700,1.66100,10
9587,1.84066,0.97800,1.53300,1.65900,10
9588,1.78008,0.89600,1.49400,1.62500,10
9589,1.87131,0.92000,1.52600,1.64900,10
9590,1.92246,0.86600,1.57200,1.67400,10
9591,1.73380,0.97200,1.52600,1.64100,10
9592,1.91138,1.02300,1.60100,1.67500,10
9593,2.36346,0.90500,1.56200,1.84000,10
9594,2.76418,0.86200,2.50400,1.89800,10
9595,1.75281,0.91300,1.56700,1.61400,10
9596,1.92718,0.87000,1.61800,1.65900,10
9597,1.84268,0.90600,1.58900,1.69600,10
9598,1.81200,0.86600,1.55700,1.66400,10
9599,1.85034,0.90900,1.55500,1.67000,10
9600,1.92660,0.87300,1.66100,1.67100,10
9601,2.08591,0.91400,1.68800,1.88300,10
9602,1.82114,0.85600,1.64300,1.67700,10
9603,1.88420,0.93700,1.65300,1.67300,10
9604,1.87697,0.91000,1.69000,1.66300,10
9605,1.87110,1.12300,1.72100,1.67700,10
9606,1.76755,1.12200,1.65800,1.67700,10
9607,1.78337,1.01800,1.55600,1.67400,10
9608,1.81288,0.93500,1.56600,1.67500,10
9609,1.88086,0.88800,1.60500,1.66500,10
9610,3.26769,0.93300,1.55400,1.83400,10
9611,2.13526,0.93600,1.67200,1.65500,10
9612,1.68965,0.90500,1.59200,1.65500,10
9613,1.78082,0.88400,1.49800,1.65800,10
9614,1.98174,0.86400,1.64400,1.69100,10
9615,1.77503,1.03200,1.57200,1.64900,10
9616,1.81130,1.11600,1.52000,1.66700,10
9617,1.91414,1.08500,1.58100,1.67900,10
9618,2.09507,1.13400,1.67300,1.86900,10
9619,1.76836,1.08000,1.59300,1.65800,10
9620,1.82871,1.06700,1.57700,1.66100,10
9621,1.58959,0.94300,1.34600,1.64300,10
9622,1.84608,0.89700,1.35600,1.65400,10
9623,1.76441,0.88100,1.33900,1.66700,10
9624,1.91795,0.90700,1.41900,1.64900,10
9625,1.82457,0.90700,1.41100,1.65900,10
9626,1.82087,0.90700,1.37500,1.66200,10
9627,2.00737,0.89100,1.36800,1.84800,10
9628,1.91761,0.89000,1.38200,1.65300,10
9629,1.96925,1.28900,1.36700,1.83200,10
9630,1.78296,1.22700,1.29500,1.66800,10
9631,1.89206,1.11200,1.29500,1.66600,10
9632,1.86304,1.17000,1.38700,1.65900,10
9633,1.83585,0.98400,1.37300,1.66200,10
9634,2.50861,0.93300,1.50700,1.67500,10
9635,2.47271,0.90100,2.77900,1.61400,10
9636,1.57613,1.09800,1.41200,1.61400,10
9637,1.74728,0.96300,1.32600,1.64700,10
9638,1.86109,0.92700,1.34900,1.68200,10
9639,1.78120,0.92300,1.30700,1.65300,10
9640,1.87315,0.88000,1.36200,1.63900,10
9641,2.48339,0.90500,2.26100,1.64900,10
9642,2.04423,0.87800,2.00200,1.71000,10
9643,1.85585,1.17600,1.86900,1.71000,10
9644,1.63958,1.15000,1.63300,1.86300,10
9645,1.69345,0.92500,1.62200,1.86300,10
9646,10.51840,0.98400,1.55300,1.69100,10
9647,2.53096,0.93900,11.02300,1.90600,10
9648,1.91781,0.93400,1.49200,1.80300,10
9649,1.85835,1.13700,1.47600,1.67200,10
9650,1.79639,0.92600,1.42800,1.66100,10
9651,1.78987,0.85900,1.35400,1.70800,10
9652,1.89768,0.92100,1.38800,1.68200,10
9653,1.95515,0.88100,1.52400,1.66300,10
9654,1.75444,0.82400,1.44200,1.64400,10
9655,1.81909,0.81700,1.39600,1.68300,10
9656,3.01500,0.81700,2.56000,1.87500,10
9657,2.53142,0.92000,2.18900,1.70000,10
9658,2.13967,0.83500,2.12800,1.86000,10
9659,1.91488,0.83500,1.91300,1.69300,10
9660,1.93433,1.01700,1.91100,1.69500,10
9661,1.79850,0.90800,1.80200,1.67100,10
9662,1.92084,0.95100,1.90900,1.68800,10
9663,1.86909,0.93900,1.86800,1.69400,10
9664,1.96749,0.89900,1.92500,1.88100,10
9665,1.76731,1.07400,1.78400,1.64900,10
9666,1.70101,1.12000,1.69200,1.70000,10
9667,1.61744,1.08400,1.55500,1.67500,10
9668,1.98496,1.64500,1.80600,1.67300,10
9669,1.86913,1.22900,1.84500,1.64800,10
9670,1.80654,1.22700,1.81300,1.66200,10
9671,1.71911,1.09100,1.71300,1.67000,10
9672,1.81860,1.04500,1.72600,1.65800,10
9673,2.55806,1.01100,2.47100,1.65300,10
9674,1.87879,0.99900,1.87900,1.91300,10
9675,2.75750,1.00400,1.76000,1.91300,10
9676,2.56494,0.96700,3.34900,1.71300,10
9677,1.95648,0.95000,1.77500,1.71300,10
9678,1.68605,0.97700,1.61700,1.71300,10
9679,1.81952,0.91500,1.58100,1.68200,10
9680,1.98452,0.88400,1.69000,1.68500,10
9681,1.82662,1.00600,1.66500,1.64500,10
9682,2.09219,1.47200,1.67000,1.64300,10
9683,1.85580,1.57800,1.72900,1.70600,10
9684,2.02040,1.31100,1.93600,1.67300,10
9685,1.59864,1.15800,1.58700,1.67300,10
9686,2.22464,1.08600,2.00400,1.68000,10
9687,2.01849,1.03600,2.01500,1.66500,10
9688,2.00093,1.14800,1.99800,1.71200,10
9689,1.80320,1.12400,1.78100,1.70600,10
9690,1.61537,1.08900,1.62600,1.66400,10
9691,1.58468,0.97100,1.50500,1.66400,10
9692,1.87511,0.91600,1.52100,1.65700,10
9693,1.98653,1.00000,1.56600,1.80600,10
9694,1.70665,1.00300,1.43800,1.64900,10
9695,1.93280,0.91300,1.46500,1.68800,10
9696,1.84149,0.87300,1.43400,1.68200,10
9697,1.83826,1.08400,1.44100,1.62400,10
9698,1.92245,0.95800,1.60200,1.65800,10
9699,1.83471,0.92200,1.61200,1.65100,10
9700,1.96617,0.97100,1.50500,1.87400,10
9701,2.07887,0.97200,1.90100,1.68400,10
9702,1.64187,0.94200,1.60400,1.68400,10
9703,1.85333,0.91400,1.62200,1.63800,10
9704,1.70457,0.91600,1.47100,1.66000,10
9705,1.94117,0.87400,1.49400,1.67300,10
9706,1.74975,0.89100,1.45800,1.65100,10
9707,1.94888,0.87500,1.56200,1.64700,10
9708,1.72178,0.88900,1.47500,1.65400,10
9709,2.02634,0.88900,1.44000,1.85300,10
9710,1.87649,0.84600,1.45000,1.67000,10
9711,1.93200,1.07600,1.45100,1.80800,10
9712,1.78756,0.97400,1.41300,1.65200,10
9713,2.74395,0.82400,1.37100,1.69100,10
9714,1.87732,0.83500,1.43900,1.66400,10
9715,1.80418,0.82400,1.42400,1.66900,10
9716,1.86069,0.83000,1.38800,1.66800,10
9717,2.46593,0.90800,1.37700,1.88500,10
9718,1.84667,0.86600,1.40500,1.66000,10
9719,1.78317,0.94400,1.33700,1.67200,10
9720,1.80362,0.91600,1.33300,1.64600,10
9721,1.79627,0.86500,1.29800,1.64500,10
9722,1.86971,0.85100,1.34200,1.64200,10
9723,1.91553,0.84900,1.38100,1.67600,10
9724,1.81420,1.09800,1.41000,1.64000,10
9725,1.79724,1.11600,1.35200,1.66700,10
9726,2.12110,0.96300,1.41300,1.84100,10
9727,1.85699,1.24700,1.46400,1.67200,10
9728,1.89771,0.99700,1.37600,1.80000,10
9729,1.79031,0.96500,1.34700,1.65600,10
9730,1.82737,0.86700,1.32500,1.70200,10
9731,1.86828,0.89300,1.33300,1.65700,10
9732,1.88056,0.87000,1.41800,1.64500,10
9733,1.92549,0.85100,1.49600,1.65100,10
9734,2.01711,0.88500,1.72700,1.68600,10
9735,2.34336,1.01900,2.07400,1.65700,10
9736,1.92375,0.89800,1.90400,1.65900,10
9737,1.90073,0.87300,1.89800,1.64700,10
9738,1.80830,0.92100,1.80000,1.66300,10
9739,1.81833,0.95100,1.82000,1.70300,10
9740,1.61741,0.90600,1.60800,1.67900,10
9741,1.57431,0.92700,1.56300,1.67900,10
9742,1.82418,0.91300,1.64200,1.64500,10
9743,1.87448,0.88200,1.60900,1.69500,10
9744,1.99812,0.88500,1.52900,1.87000,10
9745,1.87409,0.84100,1.55900,1.67100,10
9746,1.99844,0.82200,1.52700,1.86600,10
9747,1.86555,0.81500,1.50300,1.67200,10
9748,1.82202,0.86200,1.49800,1.64200,10
9749,1.82226,1.01600,1.49200,1.67500,10
9750,1.73267,1.00200,1.37500,1.67300,10
9751,1.96177,0.95700,1.45500,1.66300,10
9752,2.11925,0.89300,1.57200,1.82400,10
9753,1.80346,0.90900,1.54800,1.68700,10
9754,1.89730,0.90100,1.58800,1.64000,10
9755,1.71498,0.82700,1.40000,1.69200,10
9756,1.99336,0.92300,1.55300,1.66100,10
9757,1.86921,0.95300,1.58600,1.67100,10
9758,2.28149,0.98500,1.53800,1.67000,10
9759,2.57532,1.08200,2.59900,1.69300,10
9760,1.63040,1.02700,1.49400,1.67700,10
9761,2.03325,1.13800,1.47200,1.88400,10
9762,1.75920,0.96800,1.45500,1.62600,10
9763,2.03834,0.94200,1.48000,1.80000,10
9764,1.90867,1.12400,1.56400,1.63400,10
9765,1.95251,1.38200,1.63800,1.66700,10
9766,1.83622,1.58400,1.69000,1.66700,10
9767,1.77423,1.21800,1.62000,1.68100,10
9768,1.69190,1.06400,1.49300,1.66900,10
9769,1.94221,1.00000,1.56400,1.65100,10
9770,2.12577,1.00300,1.63700,1.88900,10
9771,1.97721,1.04900,1.78800,1.69900,10
9772,1.65223,1.17400,1.62500,1.69900,10
9773,1.88122,1.01900,1.66200,1.66000,10
9774,1.84533,0.93300,1.66400,1.66500,10
9775,1.80003,0.92700,1.63100,1.64700,10
9776,1.85152,0.95400,1.63700,1.67500,10
9777,1.89270,0.98900,1.64400,1.67300,10
9778,1.86241,1.01400,1.67400,1.67800,10
9779,2.09401,1.00500,1.73700,1.66100,10
9780,1.88042,0.97500,1.80100,1.66100,10
9781,2.14181,1.05400,1.94600,1.64900,10
9782,1.99398,1.04200,1.98800,1.68200,10
9783,1.81956,0.99500,1.80600,1.70100,10
9784,1.81511,1.00600,1.81100,1.68200,10
9785,1.92478,0.97800,1.88900,1.70600,10
9786,1.87278,1.15400,1.88500,1.65900,10
9787,1.80563,0.98900,1.80600,1.83700,10
9788,1.76574,1.01300,1.76100,1.65700,10
9789,1.72120,1.02300,1.65900,1.65700,10
9790,1.72437,1.00600,1.53200,1.67900,10
9791,1.97347,1.03600,1.67800,1.66400,10
9792,1.82688,1.07100,1.61200,1.68500,10
9793,1.93931,1.07400,1.59900,1.66300,10
9794,1.84845,0.98400,1.72000,1.66500,10
9795,1.74193,0.97900,1.63800,1.67500,10
9796,2.08268,1.07000,1.70800,1.82800,10
9797,1.97230,1.03300,1.86200,1.66900,10
9798,2.08115,1.04600,1.88400,1.70100,10
9799,2.92561,1.04700,1.76400,1.70100,10
9800,2.67929,0.98900,3.63500,1.69200,10
9801,1.95541,1.00400,1.73400,1.65700,10
9802,1.87828,0.99400,1.79600,1.66500,10
9803,1.82910,1.27100,1.68400,1.66500,10
9804,2.09226,1.63200,1.75800,1.67200,10
9805,1.84233,1.54100,1.79800,1.70300,10
9806,1.88964,1.41700,1.78200,1.65200,10
9807,1.85359,1.33900,1.79900,1.67200,10
9808,1.66252,1.28000,1.63300,1.67200,10
9809,1.72683,1.28200,1.52300,1.66000,10
9810,1.90970,1.20400,1.58700,1.65900,10
9811,1.72372,1.22900,1.49800,1.65800,10
9812,2.04733,1.22100,1.72600,1.65600,10
9813,1.86367,1.21400,1.58700,1.84100,10
9814,1.76689,1.19000,1.54900,1.63400,10
9815,2.07376,1.18600,1.62400,1.81900,10
9816,2.55062,1.09400,1.69500,1.67200,10
9817,2.68021,1.12200,3.06400,1.74400,10
9818,1.87764,1.19100,1.68900,1.68200,10
9819,1.86564,1.26500,1.63900,1.65700,10
9820,1.81391,1.17600,1.63600,1.65700,10
9821,1.98391,1.15200,1.61800,1.84100,10
9822,1.87304,1.27500,1.63900,1.66600,10
9823,2.08852,1.16700,1.81100,1.68100,10
9824,1.94007,1.24900,1.91000,1.67600,10
9825,1.73394,1.34300,1.74100,1.66500,10
9826,1.93209,1.11900,1.85300,1.66500,10
9827,1.77071,1.17400,1.77600,1.67400,10
9828,1.77327,1.08800,1.75300,1.68000,10
9829,1.77987,1.07500,1.69900,1.68000,10
9830,2.36758,1.14200,2.05800,1.65800,10
9831,1.87219,1.13600,1.86000,1.83000,10
9832,1.80492,1.11100,1.80300,1.67300,10
9833,1.80317,1.13400,1.79700,1.69400,10
9834,1.93593,1.02500,1.87600,1.67300,10
9835,1.78570,1.07600,1.77800,1.69200,10
9836,1.78118,1.05100,1.77000,1.66000,10
9837,1.99236,1.05000,1.91900,1.67700,10
9838,1.76230,0.98900,1.75400,1.67700,10
9839,1.88581,1.11000,1.71100,1.85000,10
9840,1.86254,1.00700,1.69700,1.67500,10
9841,2.82714,0.99800,1.79300,1.67500,10
9842,2.74357,1.01800,3.41500,1.64800,10
9843,1.86703,1.03100,1.85100,1.66900,10
9844,1.88107,1.06300,1.88000,1.67100,10
9845,2.05559,1.04900,2.05700,1.67200,10
9846,1.96913,1.05100,1.94300,1.83800,10
9847,2.03042,1.02100,2.03000,1.71600,10
9848,2.03940,1.00500,2.03500,1.82200,10
9849,1.92846,0.95200,1.92500,1.69400,10
9850,1.91421,0.95600,1.89500,1.69800,10
9851,1.89872,1.00100,1.88100,1.69800,10
9852,1.85853,1.03800,1.65400,1.67700,10
9853,1.83110,1.02200,1.65000,1.64200,10
9854,1.75442,1.09800,1.58900,1.66200,10
9855,2.10343,1.09500,1.67700,1.85900,10
9856,1.79078,1.11600,1.61300,1.66500,10
9857,1.91787,1.09100,1.64100,1.66900,10
9858,1.96794,1.02100,1.77200,1.69100,10
9859,1.71160,1.08800,1.68200,1.69100,10
9860,1.72274,1.06100,1.60800,1.65500,10
9861,1.88656,0.97800,1.62100,1.66400,10
9862,1.96955,0.97700,1.70300,1.66700,10
9863,2.27854,1.03500,2.19500,1.66800,10
9864,2.46564,1.06200,2.45400,1.86200,10
9865,1.98787,1.04400,1.98500,1.83800,10
9866,1.85758,1.01200,1.84900,1.67100,10
9867,1.92399,1.11100,1.92200,1.73300,10
9868,1.98271,1.03700,1.95600,1.67300,10
9869,1.98882,1.02800,1.98200,1.68500,10
9870,1.95533,1.00100,1.81000,1.68500,10
9871,1.97468,1.06400,1.79000,1.64300,10
9872,1.84508,1.12100,1.62800,1.85100,10
9873,1.82989,1.06600,1.62100,1.65400,10
9874,1.99325,1.09400,1.78400,1.67600,10
9875,1.79762,1.25700,1.74600,1.67600,10
9876,2.17008,1.13700,2.08700,1.66700,10
9877,1.91933,1.18200,1.89700,1.69500,10
9878,1.85917,1.31300,1.86300,1.73400,10
9879,1.88687,1.30400,1.88100,1.69200,10
9880,1.89138,1.03900,1.86900,1.87900,10
9881,1.74855,1.17200,1.73800,1.87900,10
9882,2.15985,1.21600,1.67800,1.72400,10
9883,3.05981,1.03900,1.62800,1.72400,10
9884,1.80997,1.04600,1.61000,1.64800,10
9885,1.84106,1.06500,1.59800,1.69600,10
9886,1.81719,0.94900,1.54000,1.67400,10
9887,2.02571,1.51300,1.71800,1.63800,10
9888,1.95860,1.12500,1.92300,1.82100,10
9889,1.95465,1.00300,1.82900,1.67200,10
9890,1.84639,0.99400,1.84100,1.67900,10
9891,1.83609,1.00800,1.77200,1.66400,10
9892,1.88237,0.95900,1.83400,1.70000,10
9893,1.77732,0.97000,1.71800,1.70000,10
9894,1.73148,1.00100,1.60000,1.66100,10
9895,1.86751,0.97600,1.57500,1.66000,10
9896,1.81785,0.94900,1.61700,1.68500,10
9897,1.94269,1.01900,1.66500,1.65800,10
9898,1.90769,1.24200,1.56700,1.85300,10
9899,1.88496,1.25700,1.64600,1.65000,10
9900,1.92900,1.09200,1.58200,1.79700,10
9901,1.85796,1.04100,1.60800,1.65600,10
9902,1.92236,0.98700,1.66200,1.65300,10
9903,2.09345,1.00400,1.86200,1.65400,10
9904,1.92606,1.23400,1.92600,1.68600,10
9905,1.93668,1.65000,1.88300,1.65300,10
9906,1.89634,1.67400,1.89900,1.87400,10
9907,1.81496,1.40000,1.80600,1.67100,10
9908,1.79187,1.33200,1.79600,1.70100,10
9909,1.67956,1.16600,1.67600,1.70100,10
9910,1.92175,1.06900,1.79200,1.65700,10
9911,1.97483,1.11800,1.87100,1.66600,10
9912,1.96821,1.16800,1.97300,1.65900,10
9913,1.93407,1.02100,1.93300,1.71400,10
9914,1.94239,1.00500,1.93900,1.64500,10
9915,1.96610,0.97500,1.94600,1.90300,10
9916,1.90550,1.07600,1.89800,1.68900,10
9917,1.91030,1.04100,1.90600,1.82600,10
9918,1.94918,1.00800,1.94000,1.70100,10
9919,3.51356,1.10500,1.96800,1.64800,10
9920,1.90229,0.99300,1.88900,1.64000,10
9921,1.98339,1.04400,1.97600,1.69300,10
9922,1.95103,1.00000,1.93100,1.69500,10
9923,1.97987,1.10400,1.98600,1.99100,10
9924,2.92886,1.04500,1.79000,1.99100,10
9925,2.61585,1.00900,3.50000,1.65500,10
9926,1.80163,1.13900,1.81900,1.67600,10
9927,2.19283,1.07700,2.16000,1.67100,10
9928,2.06770,1.03200,2.07300,1.67500,10
9929,2.02475,1.01500,2.02300,1.85900,10
9930,1.82690,1.17300,1.81100,1.83600,10
9931,1.88664,1.17600,1.88900,1.68700,10
9932,1.84059,1.04600,1.83000,1.69900,10
9933,1.76658,1.02200,1.75500,1.86200,10
9934,1.81768,1.01100,1.79500,1.68400,10
9935,1.86190,1.09000,1.81100,1.68400,10
9936,1.90279,1.17600,1.78300,1.71800,10
9937,1.74979,1.18600,1.69900,1.68000,10
9938,1.88963,1.13900,1.72700,1.67900,10
9939,2.50731,1.04000,2.39800,1.86400,10
9940,1.90969,1.00600,1.91600,1.69700,10
9941,1.84180,1.04200,1.81100,1.69500,10
9942,1.75361,1.08600,1.76000,1.68900,10
9943,2.03724,1.04300,2.02400,1.69200,10
9944,1.87548,1.07700,1.87500,1.67100,10
9945,1.70109,1.08500,1.70300,1.64900,10
9946,1.68089,1.01700,1.66100,1.66300,10
9947,1.58612,1.09600,1.59800,1.66300,10
9948,1.80839,1.02700,1.56300,1.67000,10
9949,2.23612,0.98400,1.79400,1.66000,10
9950,1.64006,1.02500,1.57400,1.66000,10
9951,2.04536,0.99800,1.59800,1.83600,10
9952,1.91152,1.16300,1.66000,1.65900,10
9953,2.13043,1.09700,2.03000,1.68100,10
9954,1.65910,1.29000,1.56900,1.66200,10
9955,1.74305,1.54900,1.60900,1.69700,10
9956,1.84786,1.58300,1.61000,1.69700,10
9957,1.72321,1.35900,1.48200,1.68500,10
9958,1.99247,1.28500,1.43300,1.86700,10
9959,1.97749,1.16400,1.58300,1.67700,10
9960,1.83348,1.13600,1.55600,1.68400,10
9961,1.85716,1.12900,1.50600,1.67500,10
9962,1.98153,1.32700,1.73900,1.66700,10
9963,1.78182,1.28900,1.62700,1.66700,10
9964,2.06522,1.20300,1.89900,1.66100,10
9965,2.41456,1.19900,2.41900,1.66100,10
9966,3.27042,1.18600,1.92500,1.65200,10
9967,1.97547,1.22500,1.96300,1.70800,10
9968,2.05645,1.11800,2.00500,1.70800,10
9969,2.09128,1.10900,1.94200,1.70400,10
9970,1.92989,1.16700,1.84500,1.68400,10
9971,1.72454,1.12400,1.67900,1.68400,10
9972,1.90127,1.12300,1.74100,1.67600,10
9973,1.72064,1.01200,1.61600,1.67600,10
9974,2.13796,1.12500,1.71600,1.86400,10
9975,1.78220,1.06100,1.66100,1.66500,10
9976,1.91892,1.03600,1.76400,1.66600,10
9977,1.84629,1.11900,1.75100,1.68900,10
9978,1.84199,1.03800,1.77600,1.68900,10
9979,1.88929,1.08500,1.77800,1.69300,10
9980,1.74086,1.03200,1.67900,1.69300,10
9981,1.81769,0.98100,1.61100,1.67000,10
9982,2.11655,1.08000,1.92200,1.85700,10
9983,1.57034,0.97600,1.45900,1.85700,10
9984,1.84919,1.08200,1.47300,1.68100,10
9985,1.93560,1.09000,1.37600,1.82200,10
9986,1.80631,0.99300,1.38500,1.65100,10
9987,1.88435,0.96700,1.38700,1.65800,10
9988,2.58494,0.89600,2.09100,1.68500,10
9989,2.12893,1.10500,2.14200,1.70400,10
9990,1.96797,1.00300,1.94500,1.69000,10
9991,1.93894,0.99400,1.88500,1.68700,10
9992,2.02413,1.41500,2.03400,1.69600,10
9993,1.72950,1.39000,1.74800,1.68300,10
9994,1.85775,1.18700,1.84000,1.66400,10
9995,1.74155,1.17100,1.72600,1.69500,10
9996,1.65520,1.08500,1.65700,1.66500,10
9997,1.53042,1.06900,1.50600,1.62700,10
9998,1.66683,1.05300,1.46900,1.62700,10
9999,1.81880,1.04500,1.46400,1.64800,10
10000,2.26353,0.98400,1.81600,1.84600,10
10001,1.79995,1.02300,1.81600,1.84600,10
10002,1.70247,1.11300,1.53600,1.66800,10
10003,1.95509,1.01100,1.42300,1.84600,10
10004,1.87390,0.94300,1.47300,1.67100,10
10005,1.88311,1.14700,1.43300,1.69300,10
10006,1.97460,1.41000,1.52800,1.66800,10
10007,3.37235,1.43300,1.61600,1.63000,10
10008,1.87080,1.30700,1.68800,1.63000,10
10009,1.91902,1.34400,1.57500,1.64000,10
10010,1.82495,1.23900,1.57400,1.64000,10
10011,1.71874,1.06500,1.43600,1.67500,10
10012,2.10417,1.03100,1.67400,1.67400,10
10013,1.71513,1.06300,1.54300,1.67400,10
10014,2.01228,1.09100,1.70600,1.65800,10
10015,2.04983,1.03200,1.95200,1.65400,10
10016,1.46945,1.06300,1.46600,1.65400,10
10017,1.68306,1.06600,1.40300,1.67300,10
10018,2.13293,0.99200,1.50100,1.84900,10
10019,1.91710,1.01500,1.62800,1.68100,10
10020,1.95735,1.00100,1.49900,1.84900,10
10021,2.07780,1.03500,1.84500,1.65700,10
10022,3.06056,1.00400,1.51400,1.65700,10
10023,1.98615,1.17800,1.71600,1.66900,10
10024,1.79764,1.21400,1.70900,1.66900,10
10025,1.91363,1.03200,1.78900,1.64000,10
10026,1.74936,0.96300,1.51300,1.84000,10
10027,1.88893,0.95100,1.50000,1.69000,10
10028,1.87111,1.06700,1.51300,1.66300,10
10029,1.85469,0.97000,1.59400,1.66400,10
10030,1.85931,0.99300,1.58200,1.66300,10
10031,1.96115,1.01200,1.74700,1.67300,10
10032,2.14612,0.99800,2.13500,1.65900,10
10033,1.72090,0.98500,1.72000,1.67800,10
10034,1.65608,0.95700,1.63900,1.67800,10
10035,1.79925,0.90100,1.51500,1.85300,10
10036,1.90597,0.84400,1.54800,1.67300,10
10037,2.08363,0.85800,1.59900,1.84000,10
10038,1.68518,1.01600,1.48000,1.67200,10
10039,1.88510,1.05800,1.49800,1.67400,10
10040,1.83740,1.06100,1.49700,1.64800,10
10041,1.82488,1.02400,1.47500,1.68100,10
10042,2.66089,1.07500,2.26000,1.73700,10
10043,1.53116,0.96800,1.53600,1.73700,10
10044,1.80012,0.94300,1.62000,1.68900,10
10045,1.81566,0.86200,1.57200,1.69200,10
10046,1.63846,0.94400,1.34800,1.70100,10
10047,1.87160,0.88300,1.35000,1.68200,10
10048,2.78012,0.89200,1.37000,1.66900,10
10049,2.30313,1.27200,2.96100,1.70300,10
10050,1.86824,1.51100,1.39300,1.68200,10
10051,1.89757,1.30800,1.48100,1.65900,10
10052,2.00226,1.13200,1.44500,1.87100,10
10053,1.77835,1.07300,1.38800,1.65700,10
10054,2.04335,0.98800,1.40900,1.83000,10
10055,1.76954,1.20300,1.39600,1.69500,10
10056,1.84443,1.08000,1.33700,1.67300,10
10057,2.07916,1.04500,1.55200,1.66600,10
10058,1.74065,0.99200,1.51200,1.65900,10
10059,1.81018,0.91900,1.47100,1.68700,10
10060,1.89627,0.89700,1.48100,1.68600,10
10061,2.64495,0.90900,2.06900,1.65700,10
10062,1.78195,0.95900,1.78200,1.72000,10
10063,1.48117,0.95400,1.49100,1.72000,10
10064,1.57735,0.94700,1.40200,1.65100,10
10065,1.92224,0.91700,1.46600,1.67800,10
10066,1.97233,0.86600,1.65500,1.64300,10
10067,1.79927,0.92800,1.64200,1.63700,10
10068,1.68805,0.94200,1.51600,1.65000,10
10069,1.91588,0.93400,1.34700,1.86200,10
10070,1.80757,0.93000,1.32800,1.65600,10
10071,1.80503,1.05400,1.29400,1.65900,10
10072,1.98680,0.97400,1.31200,1.81600,10
10073,2.05755,0.98900,1.55300,1.64700,10
10074,1.71025,0.91900,1.43600,1.68100,10
10075,1.78730,0.90700,1.33400,1.66800,10
10076,1.89022,0.92000,1.42300,1.65700,10
10077,1.91589,0.90300,1.48600,1.65900,10
10078,1.84754,0.92100,1.29700,1.85000,10
10079,1.83730,0.89900,1.29600,1.65600,10
10080,1.82550,0.90900,1.30800,1.67500,10
10081,1.99150,0.90200,1.50700,1.65800,10
10082,1.69881,0.95900,1.34400,1.67300,10
10083,1.84207,0.92000,1.30700,1.68100,10
10084,1.97138,0.87900,1.44500,1.68200,10
10085,1.96810,0.92100,1.64100,1.64300,10
10086,1.73219,0.96000,1.52000,1.67200,10
10087,2.00560,1.05900,1.49000,1.85000,10
10088,1.92425,1.11000,1.56600,1.69300,10
10089,2.44207,1.09700,1.46700,1.62900,10
10090,2.10320,1.06100,2.66100,1.86300,10
10091,1.86131,0.93200,1.60000,1.72400,10
10092,1.86230,0.92400,1.39900,1.64800,10
10093,1.82011,0.91700,1.37200,1.68300,10
10094,1.96836,0.88000,1.47700,1.68000,10
10095,1.73836,0.87500,1.42100,1.64100,10
10096,2.11698,0.97500,1.45800,1.87600,10
10097,1.83642,0.96900,1.52700,1.66700,10
10098,1.88583,0.90500,1.52600,1.64800,10
10099,1.63215,0.91300,1.32900,1.65000,10
10100,1.89270,0.94200,1.34700,1.65600,10
10101,1.85462,0.92600,1.36600,1.67400,10
10102,1.83862,0.99200,1.35100,1.67300,10
10103,1.78648,0.95000,1.32900,1.67100,10
10104,1.83802,0.96100,1.31400,1.66200,10
10105,2.05447,0.94100,1.34200,1.84600,10
10106,1.82221,0.96900,1.35400,1.65300,10
10107,2.08362,0.89700,1.42100,1.83100,10
10108,1.85090,0.94500,1.41300,1.67800,10
10109,1.80754,0.96800,1.41400,1.65000,10
10110,1.90391,0.96500,1.48600,1.67500,10
10111,1.71242,0.97800,1.33700,1.67900,10
10112,1.85867,0.92600,1.32400,1.65400,10
10113,1.84850,0.90000,1.30200,1.68000,10
10114,2.11244,0.89900,1.40000,1.83400,10
10115,1.82786,0.89000,1.38200,1.67900,10
10116,1.92441,0.95000,1.41500,1.69300,10
10117,1.87465,0.93200,1.41700,1.68900,10
10118,1.97859,1.04400,1.54900,1.68900,10
10119,1.64379,0.92200,1.35700,1.64300,10
10120,2.11430,1.00100,1.63000,1.66300,10
10121,1.71757,0.94300,1.54600,1.63800,10
10122,1.91227,0.95800,1.42100,1.83200,10
10123,1.82155,0.88800,1.36700,1.69100,10
10124,1.86988,0.86000,1.37600,1.66600,10
10125,2.53582,0.92200,1.37400,1.87600,10
10126,1.87395,1.03500,1.40100,1.65600,10
10127,1.95327,0.90300,1.54300,1.70600,10
10128,1.70378,1.10300,1.43500,1.65900,10
10129,2.50342,0.95500,1.43000,1.66500,10
10130,2.22258,0.88900,2.64000,1.69200,10
10131,1.87425,0.90600,1.59100,1.70200,10
10132,1.77140,0.97200,1.50200,1.65700,10
10133,1.74124,0.92900,1.41700,1.68500,10
10134,1.99354,0.92200,1.55900,1.65800,10
10135,1.61837,0.96400,1.30200,1.68900,10
10136,1.83233,1.11200,1.29500,1.66000,10
10137,2.03772,1.15000,1.50200,1.67600,10
10138,1.73966,1.14900,1.38500,1.66600,10
10139,1.73606,1.09100,1.28900,1.67700,10
10140,2.03646,1.01200,1.27400,1.86700,10
10141,1.90376,0.98800,1.34500,1.66200,10
10142,2.16630,0.97000,1.49900,1.85200,10
10143,2.12998,0.88900,1.83200,1.64200,10
10144,2.14629,0.98000,2.11500,1.67000,10
10145,1.67492,0.94500,1.68700,1.66500,10
10146,1.57705,0.96400,1.56800,1.69200,10
10147,1.50026,0.94900,1.36700,1.69200,10
10148,2.15347,0.92000,1.46500,1.86800,10
10149,1.70946,0.87800,1.34500,1.66900,10
10150,1.92303,0.88000,1.38900,1.66600,10
10151,1.79127,0.95000,1.35600,1.69000,10
10152,1.89522,0.90400,1.38200,1.66300,10
10153,1.94434,0.89600,1.52600,1.66600,10
10154,1.78768,0.98400,1.49300,1.63200,10
10155,1.78087,1.38600,1.45200,1.66200,10
10156,1.80496,1.18700,1.40600,1.68100,10
10157,2.10811,1.04400,1.45800,1.83500,10
10158,1.73286,0.99100,1.37600,1.70000,10
10159,1.94906,0.91800,1.50400,1.65800,10
10160,1.93137,0.91200,1.38600,1.82300,10
10161,1.87370,0.95400,1.42400,1.66400,10
10162,1.84060,1.07000,1.42600,1.66000,10
10163,1.81881,1.07400,1.41800,1.66500,10
10164,1.78848,1.08000,1.35500,1.65600,10
10165,1.81156,1.05300,1.33100,1.65700,10
10166,1.99040,1.04400,1.29400,1.85600,10
10167,1.92783,0.96900,1.39100,1.66900,10
10168,1.71607,0.94600,1.31400,1.65500,10
10169,1.84112,0.86100,1.25700,1.68300,10
10170,3.04535,0.92400,1.31500,1.70600,10
10171,1.90840,0.94600,1.40700,1.64100,10
10172,1.86625,1.09200,1.47500,1.66900,10
10173,1.90869,1.05200,1.51300,1.68100,10
10174,1.80922,1.04200,1.48000,1.66000,10
10175,2.01243,1.05200,1.49800,1.84800,10
10176,1.83389,1.01000,1.49800,1.65500,10
10177,1.99862,1.02300,1.51200,1.80600,10
10178,1.79285,1.18800,1.40400,1.70500,10
10179,1.90544,0.97100,1.48700,1.68300,10
10180,1.83866,0.94000,1.41300,1.68700,10
10181,1.89731,0.99200,1.44500,1.66800,10
10182,1.92853,1.06200,1.53700,1.66700,10
10183,1.98721,1.09000,1.53700,1.86000,10
10184,1.72488,0.95300,1.44900,1.65900,10
10185,2.01071,0.95000,1.55000,1.63700,10
10186,1.73141,0.93600,1.48800,1.67100,10
10187,1.72549,0.94100,1.34800,1.65900,10
10188,1.78121,0.89800,1.29900,1.65800,10
10189,1.80103,0.88400,1.31000,1.64300,10
10190,1.81353,0.93200,1.25000,1.67700,10
10191,1.92585,1.05600,1.33600,1.67300,10
10192,1.80544,0.96800,1.31800,1.65600,10
10193,2.06593,0.94900,1.39400,1.82100,10
10194,1.77936,0.94100,1.34200,1.67600,10
10195,2.02663,0.95400,1.32300,1.83000,10
10196,1.77154,0.93100,1.32400,1.66000,10
10197,1.89063,0.93500,1.33400,1.68300,10
10198,1.77221,0.86400,1.32400,1.66500,10
10199,1.83981,0.85900,1.29100,1.66400,10
10200,1.97447,0.90100,1.44400,1.66100,10
10201,1.78819,0.98400,1.37400,1.67200,10
10202,1.96143,0.92000,1.32000,1.82300,10
10203,1.91313,0.88900,1.38800,1.66900,10
10204,1.84931,0.93300,1.38100,1.69200,10
10205,1.93473,0.95600,1.49900,1.68300,10
10206,1.77573,1.07700,1.44300,1.65500,10
10207,1.80744,0.96400,1.38700,1.66300,10
10208,2.01804,1.03100,1.55900,1.64900,10
10209,1.82455,1.06100,1.65300,1.62700,10
10210,2.44725,0.96600,1.42100,1.88800,10
10211,2.29894,0.96900,2.93900,1.88800,10
10212,1.92772,0.92300,1.58400,1.78800,10
10213,1.80540,0.95400,1.56500,1.65200,10
10214,1.95302,0.89800,1.62900,1.69200,10
10215,1.61777,0.91100,1.41300,1.66800,10
10216,1.94928,0.87300,1.52400,1.65800,10
10217,1.73400,0.85200,1.39900,1.67900,10
10218,1.83238,0.82200,1.38900,1.65700,10
10219,1.97235,0.92000,1.36200,1.83600,10
10220,1.80397,0.86200,1.35900,1.65000,10
10221,1.81087,0.84200,1.35500,1.64800,10
10222,1.92837,0.81100,1.38600,1.66200,10
10223,1.87336,0.88800,1.44800,1.67600,10
10224,1.92046,0.82600,1.61900,1.65700,10
10225,1.86465,0.82600,1.60700,1.66700,10
10226,1.80803,0.88500,1.61800,1.65500,10
10227,1.74214,0.84400,1.52100,1.65600,10
10228,2.88755,0.90100,1.40600,1.86600,10
10229,1.95166,0.86000,1.35100,1.79400,10
10230,1.82809,0.89100,1.35700,1.67700,10
10231,1.86697,0.87900,1.38100,1.68100,10
10232,1.84790,0.88300,1.40700,1.69800,10
10233,1.86347,0.91100,1.42600,1.64900,10
10234,1.91909,0.89500,1.52000,1.66300,10
10235,1.74028,0.87500,1.43000,1.67700,10
10236,1.98630,0.84700,1.51500,1.66000,10
10237,1.93961,0.94300,1.45000,1.86200,10
10238,1.79182,0.98600,1.37100,1.66200,10
10239,1.83878,0.89300,1.30700,1.65300,10
10240,1.82315,0.90200,1.36400,1.64600,10
10241,2.12374,0.87200,1.72000,1.65300,10
10242,1.66417,0.82200,1.50600,1.67400,10
10243,1.85337,0.83900,1.54200,1.65100,10
10244,1.83429,0.82300,1.58200,1.63000,10
10245,1.78642,0.93700,1.52400,1.64200,10
10246,2.03849,0.89800,1.54100,1.83900,10
10247,1.82530,0.89300,1.51800,1.64100,10
10248,1.88694,0.90900,1.38700,1.85900,10
10249,1.94366,0.84100,1.43600,1.66300,10
10250,1.81857,0.90900,1.40900,1.70400,10
10251,2.56407,0.89400,1.60800,1.67600,10
10252,2.12768,0.86200,2.44500,1.70900,10
10253,1.83792,1.05700,1.36700,1.66800,10
10254,1.98595,1.07600,1.33400,1.83100,10
10255,1.83282,1.10700,1.36000,1.65200,10
10256,2.01525,0.94000,1.55800,1.67700,10
10257,1.65430,0.99500,1.37900,1.63400,10
10258,1.80133,0.86200,1.34800,1.69000,10
10259,1.89359,0.96200,1.39200,1.66800,10
10260,1.89508,0.89100,1.47200,1.65700,10
10261,1.88410,0.84400,1.50700,1.68600,10
10262,1.96750,0.92000,1.60600,1.67800,10
10263,1.84649,1.13700,1.36900,1.86400,10
10264,1.97165,0.96100,1.51000,1.69100,10
10265,2.04274,1.01600,1.55400,1.84400,10
10266,1.77694,1.22700,1.50900,1.66300,10
10267,1.81484,1.00900,1.48200,1.66300,10
10268,1.84237,1.02200,1.48600,1.66900,10
10269,1.82532,1.01600,1.46700,1.67000,10
10270,1.90657,1.00100,1.56200,1.65000,10
10271,1.83791,1.00100,1.55300,1.67400,10
10272,2.00846,1.02300,1.53100,1.86400,10
10273,1.87248,1.01300,1.52200,1.65600,10
10274,1.80280,1.14900,1.56700,1.64600,10
10275,1.84829,1.03800,1.56400,1.67100,10
10276,1.85425,1.03200,1.56100,1.67100,10
10277,1.81643,1.00800,1.51200,1.69400,10
10278,1.84099,0.91900,1.51300,1.67500,10
10279,2.00965,0.90400,1.67300,1.66600,10
10280,1.56678,0.92600,1.39500,1.64700,10
10281,2.05716,0.92000,1.43000,1.83100,10
10282,1.79938,0.98700,1.38200,1.65700,10
10283,2.00265,0.96200,1.38200,1.80500,10
10284,1.94032,1.33900,1.40200,1.64900,10
10285,1.79616,1.56100,1.37000,1.71600,10
10286,2.10283,1.20300,1.65400,1.66600,10
10287,1.71930,1.12400,1.56500,1.66600,10
10288,1.72019,1.03000,1.39200,1.65700,10
10289,2.17025,1.06700,1.62800,1.68100,10
10290,1.87753,1.36100,1.59500,1.84100,10
10291,1.79107,1.12100,1.57100,1.66000,10
10292,2.31285,1.01300,1.60800,1.68100,10
10293,2.14882,0.93700,2.35300,1.69900,10
10294,1.91852,1.06900,1.44800,1.65700,10
10295,1.86704,1.06900,1.48000,1.64000,10
10296,1.88889,1.15700,1.71500,1.66100,10
10297,1.68571,1.25000,1.39200,1.67600,10
10298,2.04791,1.08400,1.44500,1.84000,10
10299,1.74949,0.93700,1.40300,1.63800,10
10300,2.01566,0.87200,1.37500,1.83800,10
10301,1.87937,0.86100,1.40600,1.66400,10
10302,2.44867,0.93100,2.07600,1.68600,10
10303,1.99215,0.86300,1.99300,1.67000,10
10304,1.84568,0.85300,1.83300,1.69700,10
10305,1.76576,0.81100,1.73500,1.68400,10
10306,1.60491,0.89900,1.61000,1.68400,10
10307,1.71415,0.96000,1.59500,1.82400,10
10308,1.79924,0.86500,1.50500,1.65100,10
10309,1.92051,0.89400,1.46800,1.71600,10
10310,1.94709,0.92000,1.52000,1.67100,10
10311,1.78251,1.05100,1.51300,1.64700,10
10312,1.73325,1.02500,1.41300,1.65000,10
10313,1.91180,1.01400,1.46800,1.69000,10
10314,1.79023,1.03300,1.45900,1.64600,10
10315,2.00146,1.10700,1.59000,1.66200,10
10316,1.83310,0.93000,1.43000,1.86400,10
10317,1.81703,0.83300,1.39100,1.66500,10
10318,1.97806,0.85500,1.34000,1.83400,10
10319,1.91659,0.88900,1.34200,1.69800,10
10320,1.88997,0.80200,1.34800,1.71700,10
10321,1.86528,0.82600,1.32000,1.69200,10
10322,1.94229,0.81800,1.38400,1.66100,10
10323,1.90552,0.94600,1.44400,1.68200,10
10324,1.77641,0.92300,1.34100,1.69300,10
10325,2.09448,0.92800,1.38000,1.86400,10
10326,1.89866,0.89600,1.44900,1.69500,10
10327,1.78075,0.83100,1.37900,1.67500,10
10328,1.84633,0.84100,1.40700,1.65900,10
10329,1.97198,0.84600,1.51700,1.67400,10
10330,2.22613,0.90400,2.13600,1.69100,10
10331,2.82911,0.87800,1.94600,1.62800,10
10332,1.89635,0.88800,1.89400,1.85200,10
10333,2.26140,0.85600,2.24300,1.69300,10
10334,2.99538,0.87900,1.57200,1.69300,10
10335,1.91210,0.94800,1.46900,1.68500,10
10336,1.90780,0.91100,1.49700,1.70700,10
10337,1.94212,0.92300,1.61800,1.66400,10
10338,1.65803,0.87800,1.44200,1.65300,10
10339,1.97719,0.87300,1.56500,1.65300,10
10340,1.91214,0.95600,1.68100,1.65400,10
10341,1.85153,1.18900,1.47900,1.86700,10
10342,1.85161,0.92300,1.52100,1.66600,10
10343,1.75881,1.32300,1.46400,1.66300,10
10344,1.91259,0.98300,1.49200,1.67900,10
10345,1.89285,0.90400,1.54100,1.66800,10
10346,1.85565,0.84200,1.61500,1.66300,10
10347,1.78228,0.90000,1.56500,1.65000,10
10348,1.82074,0.83600,1.51300,1.65300,10
10349,1.81654,0.82900,1.44600,1.67900,10
10350,2.07812,0.84800,1.48300,1.86500,10
10351,1.73228,0.92800,1.42500,1.63300,10
10352,2.02272,0.96800,1.44500,1.86000,10
10353,1.88361,0.85300,1.46800,1.65100,10
10354,1.72070,0.85800,1.39900,1.66900,10
10355,1.75282,0.84000,1.30800,1.64400,10
10356,1.93115,0.82400,1.38400,1.66300,10
10357,1.99958,0.89800,1.51900,1.69000,10
10358,1.91068,0.85000,1.60100,1.67200,10
10359,2.04299,1.00600,1.58800,1.87000,10
10360,1.91348,0.88800,1.66400,1.67600,10
10361,1.58748,0.83800,1.39300,1.67900,10
10362,2.33444,0.96600,1.86300,1.66300,10
10363,1.68648,1.73700,1.71200,1.66300,10
10364,1.50085,1.29500,1.43400,1.66300,10
10365,1.87999,1.20500,1.45700,1.66100,10
10366,1.83310,1.01400,1.44900,1.66800,10
10367,1.96853,1.02000,1.47400,1.64400,10
10368,2.10324,1.45200,1.62500,1.64200,10
10369,1.89770,1.51400,1.78600,1.81600,10
10370,1.71791,1.30200,1.49100,1.81600,10
10371,1.92036,1.16700,1.52200,1.65600,10
10372,2.07839,1.23200,1.78600,1.65200,10
10373,1.66197,1.24300,1.65100,1.66600,10
10374,1.80562,1.24900,1.62300,1.66600,10
10375,2.34536,1.11200,1.59600,1.65900,10
10376,2.51934,1.09700,2.96100,1.71000,10
10377,1.81158,1.20100,1.53500,1.65300,10
10378,1.91978,1.13700,1.52600,1.72500,10
10379,1.93522,1.03100,1.60600,1.69500,10
10380,1.84213,0.99500,1.59000,1.66700,10
10381,1.96186,0.96200,1.72200,1.67600,10
10382,1.78412,1.10600,1.67700,1.67600,10
10383,1.82589,1.05100,1.69600,1.66900,10
10384,2.23626,1.01100,2.22500,1.83400,10
10385,1.61234,1.20300,1.61000,1.65900,10
10386,1.64571,1.09900,1.53200,1.65900,10
10387,2.00056,1.12800,1.45900,1.85200,10
10388,1.93456,1.26100,1.52000,1.68000,10
10389,1.87367,1.11000,1.60900,1.65400,10
10390,1.78666,1.05800,1.58600,1.65200,10
10391,1.91862,1.04900,1.65400,1.64600,10
10392,1.63001,1.07100,1.48000,1.64600,10
10393,1.92166,1.47500,1.49400,1.68000,10
10394,2.14314,1.26000,1.68600,1.85100,10
10395,1.91521,1.19800,1.75300,1.68200,10
10396,1.86583,1.11300,1.81000,1.67400,10
10397,1.53523,1.27000,1.41000,1.67400,10
10398,1.82869,1.09500,1.40000,1.68800,10
10399,1.72972,0.99900,1.32700,1.65800,10
10400,1.88910,0.97500,1.37900,1.64500,10
10401,1.83374,0.96500,1.41900,1.67000,10
10402,2.02101,0.98900,1.58400,1.67200,10
10403,2.05122,1.05000,1.63800,1.84400,10
10404,1.74461,0.93000,1.49100,1.67400,10
10405,1.94334,0.92100,1.44300,1.85300,10
10406,1.91968,0.91900,1.47900,1.66300,10
10407,1.75871,0.89100,1.40500,1.68400,10
10408,1.81064,0.89000,1.38900,1.66600,10
10409,1.85097,0.90900,1.41900,1.65600,10
10410,1.89156,0.96600,1.42900,1.66000,10
10411,1.79670,0.98600,1.41700,1.68500,10
10412,2.14678,0.93600,1.54800,1.84600,10
10413,1.87796,0.95200,1.61800,1.66700,10
10414,1.97509,0.87500,1.70500,1.67200,10
10415,1.85669,0.92900,1.68700,1.70100,10
10416,3.06898,0.91400,1.53900,1.67700,10
10417,1.85891,0.82400,1.55000,1.65400,10
10418,1.87220,0.93900,1.55000,1.68700,10
10419,1.77549,0.88600,1.52000,1.68600,10
10420,2.31147,0.86900,1.81000,1.67300,10
10421,1.74137,0.87200,1.72400,1.67300,10
10422,1.86108,0.86300,1.52400,1.84100,10
10423,1.69534,0.98100,1.33900,1.65900,10
10424,1.86352,0.87200,1.37200,1.65100,10
10425,1.80815,0.89800,1.34300,1.67500,10
10426,1.84689,0.92700,1.40900,1.66100,10
10427,1.78505,0.87700,1.34300,1.65000,10
10428,1.80751,0.88500,1.31900,1.66800,10
10429,2.28316,1.01000,1.57500,1.86600,10
10430,1.83576,0.94100,1.60000,1.62200,10
10431,1.82748,0.85000,1.60900,1.65600,10
10432,1.75005,0.82900,1.51700,1.66100,10
10433,1.96586,0.84700,1.64700,1.66000,10
10434,2.96743,0.96700,1.46100,1.66200,10
10435,1.76503,0.88900,1.37700,1.67900,10
10436,2.03587,0.88100,1.56200,1.66900,10
10437,1.88403,0.94900,1.49200,1.83800,10
10438,1.77461,0.88000,1.37300,1.65800,10
10439,2.08374,0.81500,1.42600,1.82800,10
10440,1.89403,0.86900,1.54600,1.63900,10
10441,1.75495,0.83100,1.45300,1.67100,10
10442,1.82502,0.82400,1.43400,1.66800,10
10443,1.98407,0.93100,1.54800,1.69700,10
10444,1.72248,0.96100,1.46100,1.64900,10
10445,1.80211,0.96200,1.46000,1.63100,10
10446,2.01466,0.99600,1.44200,1.85800,10
10447,1.82996,0.91300,1.48200,1.65100,10
10448,1.81867,0.92800,1.44200,1.65800,10
10449,1.81035,0.90400,1.37900,1.69700,10
10450,1.87923,0.93400,1.41800,1.65700,10
10451,1.83705,0.89800,1.43000,1.66200,10
10452,1.78482,0.88300,1.34500,1.66400,10
10453,1.80972,0.88900,1.34100,1.68200,10
10454,1.91090,0.82100,1.37400,1.64800,10
10455,2.03646,1.06400,1.42300,1.84400,10
10456,1.90839,1.12000,1.48200,1.66000,10
10457,2.18843,1.01700,1.35600,1.85400,10
10458,2.40110,0.82800,2.39100,1.71400,10
10459,1.85256,1.01100,1.48500,1.66500,10
10460,1.67842,0.98100,1.34900,1.64600,10
10461,1.94368,0.91400,1.43400,1.64100,10
10462,1.83634,0.91300,1.45000,1.66200,10
10463,1.98679,1.12300,1.40500,1.83300,10
10464,1.80263,1.08100,1.42600,1.64100,10
10465,1.87217,1.03900,1.45700,1.65400,10
10466,1.81176,0.96400,1.43000,1.65400,10
10467,1.81342,0.90000,1.42000,1.66100,10
10468,1.82269,0.89600,1.41000,1.66200,10
10469,1.84865,0.87400,1.42600,1.65600,10
10470,1.76170,0.84200,1.36200,1.64900,10
10471,1.90951,0.87700,1.42000,1.67400,10
10472,2.21578,0.92400,1.63100,1.64700,10
10473,1.70646,1.20000,1.49000,1.64700,10
10474,1.93442,1.27600,1.43200,1.82900,10
10475,1.77334,1.01800,1.38700,1.66700,10
10476,1.86442,0.93300,1.42100,1.63700,10
10477,1.80786,0.93200,1.40700,1.65800,10
10478,1.70886,0.94500,1.30000,1.66300,10
10479,1.88435,0.90100,1.31600,1.66100,10
10480,1.84118,0.86100,1.35600,1.65200,10
10481,1.98715,0.86200,1.33300,1.84600,10
10482,1.88059,0.89800,1.34800,1.66200,10
10483,1.82291,0.95500,1.36400,1.65700,10
10484,1.87362,0.91000,1.41500,1.65000,10
10485,1.86475,0.94400,1.47900,1.66400,10
10486,1.82495,1.01800,1.48100,1.64800,10
10487,1.96428,1.00500,1.61300,1.65300,10
10488,1.74863,0.98100,1.56000,1.64700,10
10489,1.78475,0.95100,1.52200,1.65500,10
10490,2.00954,0.96500,1.49100,1.87400,10
10491,1.94651,0.98800,1.61200,1.65600,10
10492,1.93635,0.94000,1.53700,1.83800,10
10493,2.40963,1.04700,2.19600,1.67600,10
10494,1.64568,0.95100,1.59700,1.70100,10
10495,2.19409,1.54800,1.95600,1.67400,10
10496,1.66466,1.37200,1.51400,1.67400,10
10497,1.84254,1.12200,1.53400,1.65400,10
10498,2.56420,0.92900,1.37400,1.71200,10
10499,2.00462,1.05400,1.49700,1.65200,10
10500,1.85242,1.21000,1.56400,1.64900,10
10501,1.66637,1.07200,1.41300,1.64900,10
10502,1.90208,1.08500,1.49200,1.65700,10
10503,1.71981,0.93000,1.41600,1.66500,10
10504,1.82252,0.90000,1.39100,1.63300,10
10505,1.83210,0.95400,1.36300,1.68500,10
10506,1.95102,0.93300,1.46900,1.66500,10
10507,1.76171,0.91700,1.39700,1.68200,10
10508,2.05128,1.04300,1.36700,1.85400,10
10509,1.94323,1.39100,1.31200,1.83300,10
10510,1.84234,1.23300,1.32700,1.65300,10
10511,1.91175,1.07300,1.35400,1.68700,10
10512,1.79038,1.10000,1.34000,1.66700,10
10513,1.82403,1.00400,1.34100,1.66600,10
10514,1.80727,0.99300,1.30200,1.65600,10
10515,1.85882,0.97200,1.30700,1.67900,10
10516,2.04006,0.95900,1.32500,1.84200,10
10517,1.78495,0.89300,1.29800,1.66400,10
10518,1.87824,0.87300,1.31100,1.65400,10
10519,1.89638,0.87800,1.38800,1.68100,10
10520,1.76381,0.88300,1.33700,1.64000,10
10521,1.82163,0.89400,1.29500,1.66000,10
10522,1.82997,0.91100,1.31400,1.65300,10
10523,1.83254,0.88000,1.33100,1.67100,10
10524,1.85998,0.93900,1.32700,1.67300,10
10525,2.00378,0.91300,1.36000,1.83900,10
10526,1.87170,0.88600,1.37300,1.65900,10
10527,1.93626,0.99200,1.32700,1.82700,10
10528,1.88265,0.93100,1.36300,1.63000,10
10529,1.89803,0.95600,1.44700,1.65800,10
10530,1.98960,0.84800,1.65200,1.64500,10
10531,1.67625,0.92000,1.48600,1.64300,10
10532,1.83406,0.93600,1.46300,1.70100,10
10533,1.81023,0.92700,1.40300,1.68500,10
10534,2.01490,0.84700,1.39500,1.83500,10
10535,1.82267,0.85100,1.40200,1.66100,10
10536,1.87972,0.82200,1.39000,1.67300,10
10537,2.44322,1.00500,1.37900,1.67000,10
10538,4.12019,0.99300,2.57100,1.68700,10
10539,2.07493,1.20200,1.73100,1.65400,10
10540,2.36950,1.05000,2.33100,1.83900,10
10541,1.99943,1.35800,2.00700,1.67600,10
10542,1.94501,1.19400,1.95000,1.72900,10
10543,2.00696,1.08500,1.99200,1.84600,10
10544,1.88870,1.38700,1.90000,1.70700,10
10545,1.89168,1.29400,1.80600,1.66600,10
10546,1.71379,1.08300,1.74200,1.68100,10
10547,1.72601,1.00200,1.72000,1.65000,10
10548,1.76559,0.91700,1.74600,1.65500,10
10549,1.63595,0.99600,1.62900,1.65200,10
10550,10.44779,1.01000,1.63500,1.90600,10
10551,2.82936,1.27100,11.35200,1.67100,10
10552,1.75677,1.23500,1.76000,1.64900,10
10553,1.55398,1.03400,1.52100,1.64900,10
10554,2.04160,1.08200,1.53500,1.83100,10
10555,1.93218,1.01100,1.64700,1.68700,10
10556,1.95442,1.01200,1.55800,1.83700,10
10557,1.81533,1.00300,1.53200,1.66500,10
10558,1.76960,0.90300,1.49800,1.64900,10
10559,1.79962,1.01500,1.43300,1.67100,10
10560,1.79848,0.90100,1.37300,1.64900,10
10561,1.92533,0.87700,1.48900,1.63200,10
10562,1.88787,0.85300,1.50000,1.68200,10
10563,1.96731,0.84700,1.46200,1.85400,10
10564,1.78607,0.85000,1.39800,1.64800,10
10565,1.83102,1.08100,1.38300,1.67400,10
10566,1.91355,1.11000,1.46200,1.66000,10
10567,1.85330,1.09100,1.46400,1.69000,10
10568,1.98457,1.11200,1.55200,1.69800,10
10569,1.93126,1.13900,1.65000,1.68800,10
10570,1.80097,1.07100,1.63200,1.65800,10
10571,1.89877,0.99600,1.71100,1.65900,10
10572,1.86953,0.93400,1.61500,1.82100,10
10573,1.92840,0.91600,1.67200,1.65300,10
10574,1.90260,1.00000,1.61700,1.82700,10
10575,1.81878,0.94200,1.55700,1.66200,10
10576,1.83669,0.91500,1.56500,1.68400,10
10577,1.89362,0.88800,1.57900,1.66300,10
10578,1.85117,1.10300,1.56200,1.67400,10
10579,3.37280,1.25600,1.50500,1.69400,10
10580,1.97221,1.21900,1.43200,1.84000,10
10581,1.86359,1.18600,1.53200,1.62700,10
10582,1.78923,1.08600,1.48700,1.67200,10
10583,1.96333,1.12300,1.66000,1.64300,10
10584,1.77248,1.14500,1.60500,1.64300,10
10585,1.82203,1.15600,1.58200,1.66000,10
10586,1.80610,1.09600,1.56400,1.64300,10
10587,1.86051,1.04800,1.56500,1.67900,10
10588,1.87112,1.02800,1.59700,1.67100,10
10589,1.96369,1.05300,1.55100,1.83000,10
10590,1.83301,1.04400,1.54600,1.65700,10
10591,1.85605,1.04100,1.40500,1.81700,10
10592,1.80834,0.90000,1.35700,1.66700,10
10593,1.83988,0.90600,1.33800,1.70100,10
10594,1.89141,0.89100,1.43100,1.65500,10
10595,1.86713,0.87700,1.46800,1.66600,10
10596,1.89598,0.93000,1.50800,1.66300,10
10597,1.81324,0.88700,1.52800,1.65100,10
10598,1.89683,0.92800,1.36500,1.85300,10
10599,1.95040,0.90300,1.45300,1.66600,10
10600,1.72757,0.91100,1.37700,1.64300,10
10601,1.95721,0.96400,1.50200,1.66300,10
10602,1.74870,0.89900,1.41900,1.65100,10
10603,1.92725,0.93200,1.51700,1.63800,10
10604,1.86489,1.04800,1.56100,1.66300,10
10605,2.51921,1.01000,2.37400,1.65100,10
10606,1.89786,0.92100,1.89700,1.85900,10
10607,1.82739,1.01000,1.80700,1.66600,10
10608,2.03272,1.00900,2.02500,1.83900,10
10609,1.76986,0.89800,1.76800,1.67000,10
10610,1.73921,0.83600,1.72400,1.70600,10
10611,1.60430,0.84100,1.60300,1.70600,10
10612,1.74504,0.82300,1.62800,1.64600,10
10613,1.77517,0.80900,1.58300,1.64400,10
10614,1.82179,0.81200,1.58800,1.62400,10
10615,1.77213,0.80200,1.54000,1.66900,10
10616,2.08345,0.86500,1.58900,1.88300,10
10617,1.80811,0.83800,1.51100,1.62600,10
10618,1.77245,0.88600,1.47900,1.66700,10
10619,1.84970,0.91800,1.47800,1.70300,10
10620,2.61500,0.84700,1.55800,1.64600,10
10621,2.30106,0.92100,2.80700,1.70100,10
10622,2.29381,1.01200,2.07300,1.66100,10
10623,1.95273,0.88500,1.70800,1.67100,10
10624,2.03126,0.86300,1.66800,1.87200,10
10625,1.65656,0.84500,1.52100,1.66400,10
10626,1.95038,1.01400,1.44000,1.82900,10
10627,1.77633,1.07200,1.42800,1.61300,10
10628,1.86348,0.88500,1.47300,1.68400,10
10629,1.87522,0.86400,1.42600,1.65400,10
10630,1.80617,1.09300,1.40100,1.65900,10
10631,1.74428,0.85200,1.36700,1.67700,10
10632,1.86127,0.83000,1.35300,1.67500,10
10633,2.07019,0.86300,1.42400,1.85600,10
10634,1.78566,0.84000,1.39800,1.65300,10
10635,1.87981,0.84700,1.44200,1.66500,10
10636,1.94566,0.91900,1.50600,1.68400,10
10637,1.80349,0.92000,1.48500,1.67500,10
10638,2.05337,0.90200,1.64800,1.69800,10
10639,1.83846,0.85600,1.70500,1.63900,10
10640,2.37279,0.91600,1.53300,1.66300,10
10641,2.28696,0.97700,2.76100,1.68800,10
10642,1.79815,1.14300,1.54000,1.67000,10
10643,1.90190,1.00500,1.41400,1.82200,10
10644,1.77417,0.90000,1.38300,1.66000,10
10645,1.89100,0.90400,1.40900,1.66000,10
10646,1.85604,0.90100,1.40700,1.68600,10
10647,1.83469,0.93800,1.38900,1.67800,10
10648,1.82474,0.87400,1.39000,1.69200,10
10649,1.80970,0.84500,1.35600,1.66500,10
10650,2.06031,0.86600,1.39400,1.84600,10
10651,1.81565,0.83600,1.32300,1.67900,10
10652,1.85904,0.84500,1.30200,1.71100,10
10653,1.90187,0.87900,1.38000,1.65800,10
10654,1.81289,0.84600,1.38200,1.67500,10
10655,1.93512,0.82700,1.42400,1.67900,10
10656,1.89245,0.84500,1.45700,1.69100,10
10657,2.39716,0.84400,2.00800,1.70000,10
10658,1.75460,0.89400,1.74000,1.86000,10
10659,1.71631,0.86400,1.59500,1.86000,10
10660,1.62368,0.90000,1.37900,1.64000,10
10661,3.27233,0.92700,1.40100,1.85700,10
10662,1.82064,1.02400,1.38400,1.66800,10
10663,1.88603,1.00100,1.42200,1.69000,10
10664,1.87605,0.94000,1.45400,1.65700,10
10665,1.97606,1.28800,1.52000,1.68300,10
10666,1.82715,1.47300,1.57000,1.68700,10
10667,2.01944,1.14300,1.54000,1.82900,10
10668,1.82137,1.11600,1.56800,1.65800,10
10669,2.19665,1.14600,1.93500,1.67600,10
10670,2.00211,1.07800,1.99500,1.69400,10
10671,1.46202,1.13000,1.46500,1.66100,10
10672,1.55398,1.08700,1.41700,1.66100,10
10673,1.84347,1.09900,1.44600,1.65400,10
10674,1.97617,1.18200,1.57800,1.69000,10
10675,1.66594,0.93000,1.41800,1.65600,10
10676,2.10592,0.89600,1.47800,1.87600,10
10677,1.70329,0.87900,1.36800,1.65000,10
10678,2.07573,0.88600,1.39400,1.82500,10
10679,1.81543,0.89000,1.40100,1.67000,10
10680,1.78323,0.87100,1.32500,1.67400,10
10681,1.89735,0.84800,1.37100,1.65600,10
10682,1.99635,0.85300,1.56400,1.65700,10
10683,1.96860,0.83400,1.71300,1.64300,10
10684,2.04324,0.85900,2.03300,1.86800,10
10685,1.92331,0.84700,1.89700,1.66000,10
10686,1.78261,0.89300,1.77900,1.69200,10
10687,1.77344,0.86600,1.71500,1.64700,10
10688,1.79918,0.83900,1.71700,1.64700,10
10689,1.79316,0.83200,1.65800,1.64500,10
10690,1.94013,0.89200,1.72300,1.67400,10
10691,1.74918,0.84800,1.66200,1.67400,10
10692,1.99810,0.90100,1.78500,1.64100,10
10693,1.78588,0.83400,1.78500,1.64100,10
10694,1.81671,0.84900,1.63100,1.84000,10
10695,1.79728,0.84300,1.55900,1.67000,10
10696,2.28437,0.86300,1.82300,1.68400,10
10697,1.71260,1.01800,1.69200,1.64700,10
10698,1.91699,0.89500,1.80800,1.67900,10
10699,1.76612,0.89600,1.73200,1.67900,10
10700,1.79020,0.87800,1.66500,1.66100,10
10701,2.00503,0.88200,1.83400,1.66700,10
10702,2.68002,0.94000,1.58700,1.82900,10
10703,2.45683,0.88700,3.19600,1.87000,10
10704,1.95771,0.89400,1.78600,1.65500,10
10705,1.83289,0.91100,1.80800,1.65500,10
10706,1.57630,1.15200,1.53000,1.65500,10
10707,1.74810,0.88800,1.44500,1.63500,10
10708,1.83313,0.88200,1.40900,1.67700,10
10709,1.89299,0.88900,1.48500,1.65300,10
10710,1.92080,0.89600,1.43400,1.80600,10
10711,1.97957,0.84600,1.38700,1.81900,10
10712,1.85459,0.91000,1.37000,1.72000,10
10713,2.11224,0.86800,1.44500,1.85200,10
10714,1.72329,0.87400,1.37600,1.63200,10
10715,1.86787,0.85600,1.34000,1.67200,10
10716,1.82430,1.08900,1.37100,1.66400,10
10717,1.77592,1.07000,1.32200,1.65400,10
10718,1.92460,1.06400,1.34000,1.68300,10
10719,1.78754,1.74800,1.37900,1.64600,10
10720,2.06802,1.30600,1.41400,1.84600,10
10721,1.84456,1.04700,1.40800,1.67800,10
10722,1.89306,0.91500,1.45200,1.69700,10
10723,2.43769,0.94800,2.01500,1.66600,10
10724,1.52728,1.06400,1.54100,1.65000,10
10725,1.71503,0.98200,1.58400,1.65000,10
10726,1.84735,0.97700,1.64400,1.65600,10
10727,1.72740,0.92500,1.51900,1.65000,10
10728,1.86529,0.88000,1.51400,1.68900,10
10729,1.97079,0.97700,1.49000,1.83400,10
10730,1.77660,1.10100,1.47600,1.64100,10
10731,2.08341,0.96300,1.49900,1.85800,10
10732,1.81250,0.98300,1.42200,1.63700,10
10733,2.06349,1.05600,1.63600,1.72400,10
10734,2.22728,0.99200,2.05200,1.72000,10
10735,2.03334,0.93000,1.57800,1.69500,10
10736,1.83448,0.90000,1.58600,1.65400,10
10737,1.87030,1.05300,1.43800,1.84100,10
10738,1.78171,1.17900,1.35300,1.66700,10
10739,1.86041,1.11500,1.35100,1.68000,10
10740,1.91940,1.10500,1.43300,1.67900,10
10741,1.80347,1.10800,1.41000,1.65400,10
10742,1.88356,1.08800,1.47500,1.64000,10
10743,5.44157,1.03500,2.02900,1.74100,10
10744,1.56928,0.97200,1.56000,1.84800,10
10745,1.39231,0.99800,1.39400,1.84800,10
10746,1.72158,0.93200,1.33500,1.64400,10
10747,2.31394,0.88400,1.60200,1.65000,10
10748,1.85971,1.08800,1.69200,1.65000,10
10749,1.69698,0.94900,1.52900,1.69100,10
10750,1.96497,0.93900,1.75800,1.67200,10
10751,1.82431,0.97000,1.73900,1.65300,10
10752,1.83325,0.89900,1.75700,1.65900,10
10753,1.66019,0.96800,1.54100,1.65900,10
10754,2.00943,0.88800,1.54900,1.86600,10
10755,1.72836,0.88600,1.35700,1.66700,10
10756,1.78513,0.89000,1.32600,1.68000,10
10757,1.89118,0.90000,1.40200,1.63800,10
10758,1.84596,1.02600,1.43800,1.64900,10
10759,2.09540,0.95700,1.50400,1.63900,10
10760,1.61669,1.38000,1.46700,1.63900,10
10761,1.78142,0.89600,1.39700,1.67700,10
10762,1.84267,0.85400,1.39900,1.65000,10
10763,2.06484,0.89100,1.42300,1.84400,10
10764,1.80658,0.97600,1.39900,1.67200,10
10765,1.99302,0.90100,1.39100,1.80200,10
10766,1.86284,1.00000,1.41500,1.66000,10
10767,1.78862,0.90000,1.35200,1.69200,10
10768,1.91412,0.83400,1.45100,1.65500,10
10769,1.76056,0.83100,1.37300,1.65400,10
10770,1.81097,0.80600,1.35200,1.65100,10
10771,1.92110,0.81900,1.38100,1.68100,10
10772,2.00344,0.90000,1.41100,1.84000,10
10773,1.96109,0.88200,1.47900,1.66000,10
10774,1.81818,0.86800,1.52300,1.68700,10
10775,1.74839,0.89500,1.41400,1.66200,10
10776,2.06797,0.83100,1.63100,1.65100,10
10777,2.31769,0.81500,2.27900,1.69400,10
10778,2.00604,0.89000,1.99500,1.73300,10
10779,1.78803,0.91900,1.77700,1.66500,10
10780,1.75995,0.96300,1.76100,1.87800,10
10781,1.75316,1.03800,1.73100,1.87800,10
10782,1.80707,1.07600,1.62200,1.69800,10
10783,1.84080,1.04700,1.64800,1.64400,10
10784,2.58614,1.01800,1.51700,1.70600,10
10785,1.95018,0.95400,1.65500,1.64700,10
10786,1.79489,0.99800,1.58500,1.65500,10
10787,1.73114,0.92200,1.47400,1.64900,10
10788,1.76772,0.92800,1.44100,1.65600,10
10789,2.16605,0.90200,1.56100,1.85300,10
10790,1.68555,0.88600,1.49000,1.65100,10
10791,1.85880,0.87100,1.41300,1.70000,10
10792,1.86432,0.84600,1.43200,1.67700,10
10793,1.95984,0.88200,1.55000,1.66000,10
10794,1.91401,0.81800,1.66300,1.66500,10
10795,1.80789,0.83700,1.64600,1.65400,10
10796,1.91078,1.22500,1.60800,1.63800,10
10797,1.75845,1.49900,1.63200,1.63800,10
10798,2.39037,1.14200,1.97600,1.63900,10
10799,2.11641,1.06700,2.11400,1.81500,10
10800,1.87744,0.95500,1.86200,1.71300,10
10801,1.91606,1.14500,1.88400,1.71900,10
10802,1.81504,1.23500,1.82100,1.66000,10
10803,1.78301,1.09500,1.78200,1.69900,10
10804,1.53390,1.00000,1.52300,1.68300,10
10805,1.52660,0.98100,1.39300,1.68300,10
10806,1.91414,0.94300,1.43600,1.67600,10
10807,1.96318,0.98900,1.39000,1.84600,10
10808,1.80405,1.05500,1.38700,1.66900,10
10809,2.02856,1.01600,1.55600,1.65300,10
10810,1.78018,1.00400,1.56000,1.64700,10
10811,1.82581,0.92400,1.55500,1.66500,10
10812,1.87473,0.87300,1.52700,1.69700,10
10813,2.15946,0.88400,1.96800,1.65800,10
10814,1.79775,0.87900,1.78700,1.65000,10
10815,1.91271,0.83800,1.90200,1.82900,10
10816,1.81088,0.89900,1.80100,1.82900,10
10817,1.96626,0.85800,1.88300,1.82500,10
10818,2.72786,0.85800,2.70400,1.69700,10
10819,2.36216,1.03100,2.35400,1.69100,10
10820,2.06048,1.04000,2.05600,1.66600,10
10821,1.93611,1.00600,1.92500,1.69600,10
10822,1.83070,1.00500,1.82100,1.65300,10
10823,1.84009,0.94900,1.84100,1.86500,10
10824,1.80143,0.83100,1.79500,1.71300,10
10825,3.27413,0.81700,1.66200,1.71300,10
10826,1.73000,0.88200,1.53700,1.64400,10
10827,1.77838,0.83400,1.49500,1.64400,10
10828,1.89470,0.82700,1.52600,1.67500,10
10829,1.94695,0.91500,1.68400,1.67100,10
10830,1.72845,1.12700,1.61500,1.67100,10
10831,1.69282,0.97200,1.44200,1.65900,10
10832,2.08900,0.89900,1.52600,1.86400,10
10833,1.85634,1.00100,1.56000,1.64700,10
10834,1.98980,0.96700,1.53800,1.83600,10
10835,1.82395,1.07200,1.55900,1.64100,10
10836,1.72326,1.02700,1.41000,1.68000,10
10837,2.00198,0.96600,1.58400,1.67800,10
10838,1.78876,1.03700,1.60000,1.63600,10
10839,1.62899,0.87700,1.33700,1.64800,10
10840,1.95681,0.90500,1.42000,1.69200,10
10841,1.93104,1.04900,1.39300,1.83300,10
10842,1.78418,1.07800,1.31200,1.65800,10
10843,1.81925,1.00200,1.32700,1.67200,10
10844,1.91119,0.98400,1.36600,1.66300,10
10845,1.96116,1.00300,1.54200,1.65000,10
10846,2.07508,0.94500,1.41400,1.63500,10
10847,2.32256,0.89600,2.26200,1.70600,10
10848,1.86953,0.91300,1.42900,1.66100,10
10849,2.05975,0.94400,1.46800,1.83300,10
10850,1.76273,0.92700,1.41000,1.64400,10
10851,1.98395,0.89600,1.38700,1.84500,10
10852,1.98380,0.86600,1.53700,1.66000,10
10853,1.77378,0.87100,1.50500,1.65400,10
10854,1.73897,0.89600,1.37000,1.64000,10
10855,1.81127,0.86500,1.38100,1.66800,10
10856,1.92020,0.86300,1.46600,1.67800,10
10857,1.78271,0.90700,1.44500,1.64300,10
10858,2.07792,0.86200,1.42300,1.86800,10
10859,1.80698,0.96700,1.41000,1.67100,10
10860,1.86570,0.88000,1.45900,1.65200,10
10861,1.82622,0.88500,1.44900,1.65800,10
10862,1.88951,0.95500,1.49700,1.66500,10
10863,1.73079,0.95800,1.43400,1.64400,10
10864,1.86062,0.93800,1.43800,1.65800,10
10865,1.81393,1.18800,1.42700,1.65300,10
10866,3.21994,0.91600,1.37800,1.70700,10
10867,1.84583,0.89900,1.42100,1.65300,10
10868,1.89253,0.96200,1.42200,1.69000,10
10869,1.90165,0.93500,1.34000,1.80300,10
10870,1.89731,0.89900,1.35000,1.70300,10
10871,1.91178,0.88800,1.37700,1.67400,10
10872,1.77771,1.06700,1.32400,1.67700,10
10873,1.90042,0.90400,1.45200,1.66500,10
10874,1.85157,0.82600,1.43700,1.66000,10
10875,1.85931,0.82800,1.41900,1.66700,10
10876,1.99776,0.88800,1.38300,1.86100,10
10877,1.89300,0.90300,1.41100,1.67400,10
10878,1.81080,1.10100,1.38700,1.65800,10
10879,1.84082,1.01300,1.39600,1.66500,10
10880,1.77487,0.95900,1.32300,1.67400,10
10881,1.96585,0.88400,1.46500,1.67600,10
10882,1.79099,0.87200,1.40200,1.70400,10
10883,1.86409,0.86500,1.39900,1.65300,10
10884,1.93015,0.96600,1.52700,1.66500,10
10885,1.87263,0.99500,1.37600,1.83500,10
10886,2.13681,0.96500,1.53000,1.83000,10
10887,1.67214,0.96100,1.37100,1.65000,10
10888,1.80785,0.89700,1.35900,1.65500,10
10889,1.92057,0.88600,1.45800,1.65700,10
10890,1.74006,0.87100,1.37700,1.64700,10
10891,1.79154,0.91500,1.32400,1.64800,10
10892,1.97494,0.99300,1.43300,1.66100,10
10893,1.74339,1.05400,1.40500,1.67100,10
10894,2.06157,0.98300,1.37900,1.86500,10
10895,2.04290,1.14100,1.56300,1.66200,10
10896,1.73845,1.42300,1.48100,1.66200,10
10897,1.84468,1.41500,1.45500,1.68800,10
10898,1.74346,1.12200,1.39600,1.63900,10
10899,1.88198,1.09500,1.43900,1.65100,10
10900,2.01914,1.02500,1.56500,1.69500,10
10901,1.67622,1.01600,1.44400,1.65400,10
10902,1.97174,0.93900,1.40500,1.85100,10
10903,1.84092,0.88900,1.41200,1.66900,10
10904,1.99604,0.86800,1.45000,1.81400,10
10905,2.19591,1.02700,1.78600,1.70900,10
10906,1.73040,0.98400,1.68400,1.70900,10
10907,3.37639,1.00400,1.80400,1.65600,10
10908,1.56643,1.23700,1.46000,1.65600,10
10909,1.80083,1.39700,1.40100,1.69600,10
10910,1.85696,1.25500,1.43900,1.65300,10
10911,1.94924,1.16100,1.38200,1.83400,10
10912,1.85146,1.06000,1.34100,1.69700,10
10913,1.84514,1.01200,1.39700,1.67800,10
10914,1.96662,1.08300,1.48400,1.67400,10
10915,1.68468,0.92900,1.34900,1.67800,10
10916,1.91793,0.97300,1.41700,1.65600,10
10917,1.81239,0.94800,1.40900,1.67200,10
10918,1.86449,0.98300,1.46500,1.64600,10
10919,1.78856,0.93400,1.40300,1.65500,10
10920,1.99209,0.88300,1.36500,1.82400,10
10921,2.02517,0.95700,1.37800,1.82300,10
10922,1.83222,0.97100,1.40200,1.65900,10
10923,1.80904,0.90300,1.41600,1.66800,10
10924,1.82341,0.88000,1.37900,1.66100,10
10925,1.90346,0.87600,1.43300,1.66000,10
10926,1.78535,0.92600,1.37800,1.63900,10
10927,1.98106,0.87100,1.53400,1.66600,10
10928,1.87359,0.85900,1.35200,1.84400,10
10929,1.80300,0.97900,1.30500,1.68400,10
10930,1.79607,0.93200,1.29800,1.63500,10
10931,1.86828,0.87800,1.33600,1.65300,10
10932,1.89079,0.90000,1.39300,1.66400,10
10933,2.41083,0.87100,2.23100,1.67200,10
10934,2.00410,0.90000,1.97200,1.67400,10
10935,1.70188,1.01600,1.71100,1.65900,10
10936,1.71242,0.92500,1.70900,1.66400,10
10937,10.36882,0.88700,1.54900,1.66400,10
10938,2.23836,0.98200,10.86800,1.85400,10
10939,1.83225,1.03400,1.45700,1.67400,10
10940,1.87729,0.88800,1.45500,1.67800,10
10941,2.02541,0.91300,1.48900,1.85100,10
10942,1.87332,0.84500,1.50300,1.66900,10
10943,1.80366,1.02700,1.42700,1.68800,10
10944,2.27885,1.04900,1.87600,1.63000,10
10945,1.84304,0.98700,1.84100,1.65500,10
10946,1.83729,1.01600,1.82400,1.66600,10
10947,2.53107,1.06400,1.56700,1.70600,10
10948,2.67423,1.33700,3.42700,1.70600,10
10949,10.43407,1.32100,1.74700,1.64500,10
10950,2.59902,1.11500,10.91200,1.89500,10
10951,1.83792,1.03400,1.70600,1.65500,10
10952,2.08991,0.94900,1.77400,1.82600,10
10953,1.91294,0.98500,1.69300,1.84200,10
10954,1.79785,0.84800,1.65200,1.67300,10
10955,1.94844,0.83300,1.71600,1.66000,10
10956,1.68132,0.89800,1.59000,1.66000,10
10957,1.80392,0.90400,1.52200,1.66300,10
10958,1.80594,0.89100,1.44500,1.68800,10
10959,1.84749,0.83700,1.40900,1.67700,10
10960,1.90046,0.89800,1.45900,1.68700,10
10961,1.72909,0.87300,1.36600,1.65000,10
10962,2.01172,0.85900,1.33400,1.86800,10
10963,1.81504,0.88900,1.36000,1.64400,10
10964,1.98712,0.85200,1.30600,1.83700,10
10965,1.87738,0.80300,1.34800,1.67300,10
10966,2.01610,0.85700,1.54400,1.66400,10
10967,1.67849,0.84700,1.36300,1.65400,10
10968,1.92232,0.95900,1.53100,1.66300,10
10969,1.89849,1.06000,1.59300,1.66600,10
10970,1.99137,1.08700,1.76200,1.64500,10
10971,1.74520,0.97100,1.55900,1.87900,10
10972,1.75058,0.85200,1.34800,1.66300,10
10973,1.90173,0.87000,1.37400,1.67400,10
10974,1.82554,0.85600,1.34100,1.67900,10
10975,1.82124,0.90100,1.32900,1.64100,10
10976,1.92042,0.89700,1.38600,1.69500,10
10977,1.78105,0.85400,1.34700,1.64500,10
10978,1.95744,0.83600,1.43600,1.66800,10
10979,1.92399,0.92700,1.53900,1.67200,10
10980,1.90094,1.05900,1.52700,1.82900,10
10981,1.90220,0.99900,1.54600,1.65700,10
10982,2.04802,1.05100,1.58600,1.86900,10
10983,1.72863,1.06800,1.42800,1.65300,10
10984,1.83112,0.89800,1.41600,1.68300,10
10985,1.83865,1.04300,1.36300,1.69800,10
10986,1.81530,0.90400,1.38200,1.66100,10
10987,1.80709,0.83700,1.33100,1.64900,10
10988,2.67585,0.92000,1.43700,1.66600,10
10989,1.79769,0.93200,1.41000,1.67700,10
10990,1.94280,0.90700,1.50200,1.67600,10
10991,1.77572,0.91700,1.45000,1.67500,10
10992,1.87813,0.91700,1.46500,1.66500,10
10993,1.74496,0.94100,1.36900,1.66100,10
10994,1.83876,0.86900,1.39200,1.66900,10
10995,1.77201,0.94100,1.32200,1.66900,10
10996,1.84240,0.86700,1.35500,1.65000,10
10997,1.80381,0.86500,1.31400,1.65800,10
10998,2.07130,0.87700,1.37800,1.81400,10
10999,2.15425,0.94100,1.48900,1.86300,10
11000,1.77574,1.15900,1.45000,1.66100,10
11001,1.73758,1.03000,1.33900,1.67100,10
11002,1.83763,0.94300,1.32800,1.65600,10
11003,1.82584,0.92000,1.33700,1.65000,10
11004,2.02598,0.85800,1.49700,1.64800,10
11005,1.99986,0.86700,1.66900,1.67400,10
11006,2.05316,0.85000,1.67500,1.87400,10
11007,1.67540,0.80200,1.54500,1.64300,10
11008,1.88639,0.80700,1.60400,1.66600,10
11009,1.79635,0.84500,1.56100,1.66000,10
11010,1.83139,0.80800,1.57400,1.63900,10
11011,1.82517,0.93000,1.57300,1.64400,10
11012,1.85630,1.11800,1.60100,1.64100,10
11013,1.76822,1.06600,1.53400,1.65800,10
11014,1.87930,0.96100,1.54000,1.67100,10
11015,1.91182,0.90500,1.45400,1.83400,10
11016,1.81234,0.85300,1.39900,1.66900,10
11017,1.94763,0.91300,1.37600,1.82200,10
11018,1.86224,0.92100,1.41100,1.65800,10
11019,1.84616,1.01400,1.38300,1.68300,10
11020,2.03296,1.07100,1.53400,1.70100,10
11021,1.66135,0.98900,1.36300,1.65100,10
11022,1.89765,1.06100,1.35200,1.65900,10
11023,1.92436,1.00000,1.47800,1.68600,10
11024,1.96736,1.01500,1.38700,1.86100,10
11025,1.79048,0.98000,1.33800,1.66800,10
11026,2.25340,0.95000,1.78200,1.64800,10
11027,1.75322,1.01200,1.70100,1.64800,10
11028,2.33903,1.01100,1.41500,1.72700,10
11029,2.68124,0.96300,2.95100,1.62200,10
11030,1.62768,1.25100,1.53100,1.62200,10
11031,1.85746,1.22600,1.54000,1.65200,10
11032,1.95965,1.03700,1.48800,1.85500,10
11033,1.88423,1.01000,1.49500,1.68900,10
11034,2.05464,0.99700,1.49900,1.83100,10
11035,1.75219,0.85500,1.43300,1.67500,10
11036,1.83265,0.91000,1.40500,1.67000,10
11037,1.95591,0.98800,1.53700,1.68800,10
11038,1.83290,1.10500,1.52400,1.65800,10
11039,1.81320,1.06700,1.46900,1.66600,10
11040,1.78413,1.12900,1.41400,1.65800,10
11041,2.07637,1.13500,1.45400,1.86700,10
11042,1.77579,1.08100,1.37900,1.66700,10
11043,1.93611,0.99500,1.52100,1.65700,10
11044,2.36113,1.13200,1.99900,1.67000,10
11045,2.43341,1.10700,2.43500,1.70800,10
11046,1.84221,0.96100,1.82900,1.68500,10
11047,1.78746,0.92800,1.77100,1.68700,10
11048,1.64002,1.02300,1.63600,1.68700,10
11049,1.59671,0.97200,1.58400,1.66800,10
11050,2.39431,0.99100,2.00600,1.66500,10
11051,1.68750,1.04300,1.67400,1.66500,10
11052,2.59780,1.04200,1.52900,1.83900,10
11053,2.53121,0.96100,3.23300,1.70500,10
11054,1.78647,0.95100,1.57300,1.66700,10
11055,1.75484,0.97600,1.48800,1.65700,10
11056,1.93001,0.91800,1.57100,1.67400,10
11057,1.79751,0.88600,1.49800,1.67200,10
11058,2.05561,0.91700,1.50700,1.86100,10
11059,1.96053,0.95200,1.64900,1.67700,10
11060,2.38486,1.10800,2.34900,1.70700,10
11061,1.84763,1.12300,1.86000,1.67600,10
11062,1.85676,1.08300,1.84600,1.69500,10
11063,1.87794,1.16400,1.80500,1.69400,10
11064,1.76312,1.76300,1.78600,1.68500,10
11065,1.49593,1.35500,1.50600,1.68500,10
11066,1.66587,1.25400,1.45400,1.69000,10
11067,1.92425,1.10200,1.38300,1.82000,10
11068,1.91386,1.23500,1.43200,1.66400,10
11069,2.54644,1.25000,1.42500,1.83700,10
11070,2.35571,1.46000,2.70200,1.69800,10
11071,1.92517,1.35800,1.48900,1.66100,10
11072,1.88959,1.52100,1.50000,1.66200,10
11073,1.69788,1.22200,1.36500,1.68300,10
11074,1.98014,1.15300,1.47600,1.67300,10
11075,2.08300,1.28200,1.52600,1.86700,10
11076,1.87121,1.15000,1.56600,1.69300,10
11077,1.86684,1.07700,1.52500,1.68800,10
11078,1.71392,0.99800,1.42000,1.65300,10
11079,1.96441,0.99500,1.49900,1.67500,10
11080,1.73251,1.00400,1.42500,1.67700,10
11081,2.15835,0.92000,1.69000,1.69000,10
11082,1.53344,1.01900,1.39200,1.69000,10
11083,1.92397,0.94500,1.45500,1.66300,10
11084,3.10698,0.91200,2.65900,1.68300,10
11085,1.86437,0.92100,1.85700,1.88300,10
11086,1.50789,0.90800,1.49800,1.66300,10
11087,1.46137,0.88600,1.46500,1.66300,10
11088,1.67511,0.86200,1.42600,1.69400,10
11089,1.84398,0.91900,1.39500,1.68700,10
11090,1.87479,0.89900,1.41900,1.68600,10
11091,1.85744,0.84700,1.44300,1.69500,10
11092,1.81252,0.81500,1.40900,1.65700,10
11093,2.03600,0.88900,1.35600,1.87100,10
11094,1.85042,0.85900,1.35900,1.67400,10
11095,1.77983,0.82700,1.30800,1.69800,10
11096,1.87449,0.82700,1.33100,1.65700,10
11097,1.93327,0.80300,1.45700,1.66900,10
11098,1.76531,0.82600,1.38900,1.68100,10
11099,1.83616,0.82200,1.35500,1.67400,10
11100,1.87350,0.88600,1.35900,1.68700,10
11101,1.84761,0.91200,1.35100,1.66900,10
11102,1.98671,1.08800,1.32900,1.86400,10
11103,1.89795,1.05700,1.34200,1.67900,10
11104,2.08544,0.89700,1.44700,1.82700,10
11105,1.80083,0.98000,1.40600,1.69000,10
11106,1.82366,0.87700,1.34500,1.65800,10
11107,1.79445,0.87900,1.34500,1.64600,10
11108,1.85780,0.89000,1.32200,1.67900,10
11109,2.32827,0.89200,1.41300,1.64900,10
11110,2.55565,0.99300,2.26900,1.94300,10
11111,1.77465,0.95400,1.35600,1.62700,10
11112,1.88808,0.85400,1.37700,1.67100,10
11113,1.97874,0.85300,1.51100,1.66900,10
11114,1.92430,0.84100,1.63700,1.67800,10
11115,1.62650,0.93300,1.39200,1.67000,10
11116,1.87817,0.92600,1.40200,1.68000,10
11117,1.80642,0.93000,1.36500,1.66500,10
11118,1.81382,0.85300,1.35200,1.66900,10
11119,1.98455,0.83200,1.31600,1.82800,10
11120,1.91914,0.82500,1.39100,1.66700,10
11121,2.03612,0.80600,1.41700,1.85300,10
11122,1.82406,0.80300,1.34100,1.68500,10
11123,1.97660,0.91500,1.49100,1.70200,10
11124,1.94287,0.87400,1.65400,1.65200,10
11125,1.81861,0.88400,1.67500,1.64300,10
11126,1.82161,0.83600,1.61800,1.66500,10
11127,1.84481,0.83100,1.65000,1.66700,10
11128,1.89266,0.84100,1.45800,1.84900,10
11129,1.79997,0.83000,1.38800,1.67500,10
11130,1.86247,0.83800,1.39000,1.71100,10
11131,1.79460,0.82900,1.36900,1.65200,10
11132,1.87592,0.89900,1.41300,1.65200,10
11133,1.77477,0.82000,1.34200,1.67000,10
11134,1.82477,0.80800,1.32900,1.67700,10
11135,1.81735,0.81300,1.33600,1.64400,10
11136,1.85529,0.85200,1.30000,1.65200,10
11137,2.03496,0.87000,1.33300,1.86700,10
11138,1.86047,0.90000,1.34100,1.64200,10
11139,2.00244,0.90600,1.35100,1.81700,10
11140,1.83227,0.89100,1.31900,1.68700,10
11141,1.88449,1.03800,1.35900,1.66900,10
11142,1.83651,0.82600,1.33200,1.65600,10
11143,1.81988,0.88800,1.34900,1.66600,10
11144,1.80264,0.88700,1.31300,1.65400,10
11145,1.89985,0.93400,1.41300,1.66700,10
11146,2.13858,0.84500,1.51800,1.85100,10
11147,1.91430,0.85800,1.55800,1.67700,10
11148,1.90176,0.88300,1.59500,1.68100,10
11149,2.60434,0.89100,1.42500,1.69500,10
11150,2.20001,0.83900,2.95600,1.71700,10
11151,1.96097,1.31700,1.46600,1.66500,10
11152,1.73979,1.42300,1.36600,1.69600,10
11153,1.75634,1.20100,1.30100,1.64700,10
11154,1.99873,1.00800,1.28200,1.82900,10
11155,3.25324,1.01800,1.44000,1.67700,10
11156,1.68246,1.20200,1.34900,1.64900,10
11157,2.03173,0.88300,1.52900,1.67800,10
11158,1.80492,0.85500,1.56400,1.65700,10
11159,1.78100,0.87800,1.44200,1.67200,10
11160,1.77295,0.94200,1.40000,1.65700,10
11161,1.86050,0.90200,1.41600,1.66100,10
11162,1.96880,0.89700,1.36800,1.85900,10
11163,1.80979,0.84100,1.35500,1.62600,10
11164,1.78221,0.86400,1.32600,1.66600,10
11165,1.84361,0.82300,1.31300,1.65900,10
11166,1.85322,0.85900,1.34900,1.64800,10
11167,1.81801,0.93500,1.34100,1.66400,10
11168,1.85148,0.87500,1.32800,1.66900,10
11169,1.90906,1.02700,1.40600,1.68300,10
11170,1.73915,1.12600,1.34000,1.66300,10
11171,2.02749,1.12200,1.38900,1.82400,10
11172,1.91995,0.98900,1.35800,1.67600,10
11173,2.07982,1.17800,1.52900,1.84600,10
11174,1.77232,0.92400,1.41200,1.65400,10
11175,1.85279,0.85000,1.33700,1.70300,10
11176,1.80194,1.02900,1.32000,1.66200,10
11177,2.04759,0.90200,1.53600,1.66500,10
11178,1.93103,0.90100,1.72100,1.67000,10
11179,1.49781,0.85100,1.35200,1.67000,10
11180,2.09373,0.93000,1.38800,1.88100,10
11181,1.79428,0.86400,1.37100,1.65300,10
11182,1.95131,0.86800,1.46100,1.68300,10
11183,1.82289,0.87100,1.45600,1.67000,10
11184,1.74831,0.86800,1.39500,1.65400,10
11185,1.84207,0.84300,1.40600,1.66000,10
11186,1.81057,0.88700,1.38600,1.68400,10
11187,1.92268,0.84900,1.45300,1.66000,10
11188,1.85085,0.81800,1.46600,1.65400,10
11189,2.00371,0.84200,1.46400,1.84000,10
11190,2.28132,0.84200,1.45600,1.65800,10
11191,2.20332,0.82500,2.43800,1.87500,10
11192,1.85012,0.84100,1.44200,1.66300,10
11193,1.79321,0.81900,1.38300,1.66700,10
11194,1.82473,0.80600,1.36800,1.65200,10
11195,1.86637,0.83400,1.37900,1.68100,10
11196,1.79027,0.84300,1.35400,1.65700,10
11197,1.80698,0.82700,1.31900,1.66300,10
11198,2.23621,0.82400,1.51800,1.83700,10
11199,1.74698,0.87500,1.47300,1.68600,10
11200,1.91745,0.83800,1.59000,1.65500,10
11201,1.87853,0.88500,1.61800,1.67900,10
11202,1.83028,0.85900,1.59000,1.67300,10
11203,1.76606,0.83800,1.53800,1.65200,10
11204,1.89252,0.81900,1.57900,1.67400,10
11205,1.89176,0.83000,1.61500,1.66900,10
11206,1.91145,0.84100,1.51000,1.84700,10
11207,1.76729,0.83400,1.38300,1.69600,10
11208,1.96126,0.82900,1.33300,1.82000,10
11209,2.01721,0.88800,1.47200,1.68100,10
11210,1.84478,1.08500,1.53200,1.66300,10
11211,1.72291,0.91100,1.37800,1.68000,10
11212,1.83198,0.93000,1.34600,1.66600,10
11213,2.02093,0.91900,1.44000,1.68100,10
11214,2.01651,1.78200,1.63300,1.69600,10
11215,2.00616,1.67600,1.65300,1.64600,10
11216,1.76622,1.19600,1.59700,1.64600,10
11217,2.11791,1.18300,1.84100,1.68900,10
11218,1.44130,1.40100,1.45100,1.68900,10
11219,1.94430,1.12000,1.56400,1.66200,10
11220,1.86867,1.00500,1.68800,1.63700,10
11221,1.78920,0.95100,1.62900,1.65900,10
11222,1.79194,1.16300,1.64800,1.66600,10
11223,1.79916,1.04900,1.58600,1.66600,10
11224,1.98015,1.05400,1.50200,1.85300,10
11225,1.81533,0.93500,1.51600,1.67600,10
11226,1.98232,0.85900,1.48400,1.82000,10
11227,1.93036,0.83100,1.60800,1.68400,10
11228,1.82816,0.90600,1.57000,1.67100,10
11229,1.87099,1.07900,1.56300,1.69800,10
11230,1.72039,0.86600,1.43000,1.67200,10
11231,2.27318,0.86300,1.39900,1.66700,10
11232,2.48946,0.84900,2.39600,1.74400,10
11233,1.99046,0.90600,1.46600,1.84800,10
11234,1.81486,0.88500,1.40600,1.67800,10
11235,2.00249,0.97700,1.53400,1.68600,10
11236,1.65850,0.96300,1.39700,1.66900,10
11237,1.99725,1.13100,1.48100,1.66100,10
11238,1.83035,1.44700,1.44100,1.69100,10
11239,1.91941,1.27800,1.49600,1.70600,10
11240,1.78826,1.33700,1.43100,1.69500,10
11241,1.82784,1.31500,1.42400,1.66200,10
11242,2.02163,1.14800,1.47900,1.83800,10
11243,1.98810,0.98300,1.44800,1.80900,10
11244,1.95336,1.14500,1.57700,1.66200,10
11245,1.80662,1.31600,1.49500,1.67200,10
11246,1.71901,1.01900,1.40300,1.67700,10
11247,1.82476,0.93200,1.36200,1.66600,10
11248,1.87962,0.87800,1.40900,1.67300,10
11249,1.76964,0.97400,1.36900,1.64800,10
11250,2.09888,0.96900,1.47400,1.81500,10
11251,1.78284,0.95100,1.43000,1.67100,10
11252,1.88778,0.99300,1.44900,1.68500,10
11253,1.74261,0.91500,1.39500,1.64900,10
11254,1.94957,0.86200,1.47100,1.66500,10
11255,1.83839,0.82900,1.47800,1.66200,10
11256,1.81990,0.86700,1.47200,1.65900,10
11257,1.97948,0.85400,1.59000,1.66800,10
11258,2.78276,0.87600,1.52600,1.66600,10
11259,1.98270,0.84300,1.48700,1.81900,10
11260,1.79149,0.87000,1.41000,1.65600,10
11261,1.99792,0.89700,1.42400,1.84600,10
11262,1.88156,0.86600,1.43300,1.71000,10
11263,1.74805,0.87200,1.33100,1.65900,10
11264,1.78116,0.88200,1.25900,1.66300,10
11265,1.83673,0.84000,1.25600,1.65500,10
11266,1.93415,0.87200,1.31000,1.67700,10
11267,1.86109,1.09400,1.34800,1.65600,10
11268,2.11997,1.04000,1.44700,1.83500,10
11269,1.87357,0.97000,1.50900,1.64600,10
11270,1.85927,0.90000,1.53900,1.67900,10
11271,1.67740,0.92000,1.36900,1.65900,10
11272,2.67201,0.91000,1.35200,1.67600,10
11273,1.83153,0.86800,1.34100,1.65100,10
11274,1.86085,0.94200,1.37100,1.67000,10
11275,1.80709,0.93500,1.35700,1.63700,10
11276,1.96779,0.89900,1.35200,1.82100,10
11277,1.89384,0.91200,1.39400,1.67600,10
11278,2.07382,0.92400,1.44800,1.83500,10
11279,1.71869,0.87600,1.37000,1.64000,10
11280,1.86996,0.82900,1.38000,1.69600,10
11281,1.80838,0.83200,1.34800,1.65000,10
11282,1.84822,0.86400,1.36100,1.66000,10
11283,1.81938,0.90100,1.32900,1.67900,10
11284,2.00178,0.95500,1.52000,1.66800,10
11285,2.02194,0.98600,1.52800,1.83800,10
11286,1.77055,0.91500,1.50000,1.62700,10
11287,1.93051,0.85700,1.56100,1.66900,10
11288,1.72054,0.94200,1.49100,1.63700,10
11289,1.73216,0.88700,1.41000,1.65200,10
11290,1.82418,0.85300,1.37200,1.66700,10
11291,1.92126,0.80500,1.44800,1.68400,10
11292,1.87422,0.82700,1.42800,1.68600,10
11293,1.85175,0.91200,1.44800,1.66100,10
11294,1.98667,0.91200,1.45400,1.83900,10
11295,1.83412,0.84800,1.47900,1.64200,10
11296,2.00134,0.83000,1.45000,1.82600,10
11297,2.09177,0.87000,1.71200,1.67000,10
11298,1.60345,0.81300,1.48900,1.67000,10
11299,1.76357,0.86900,1.41500,1.66400,10
11300,1.87545,0.82800,1.44200,1.67400,10
11301,1.87969,0.82600,1.49000,1.68900,10
11302,1.77745,0.82500,1.42800,1.66200,10
11303,2.22184,0.82100,1.64200,1.85300,10
11304,1.75516,0.85800,1.60500,1.63700,10
11305,1.91850,0.95000,1.69700,1.67000,10
11306,1.80119,1.08100,1.68700,1.67000,10
11307,1.75229,1.04900,1.62200,1.65900,10
11308,2.12519,1.00900,1.88600,1.67800,10
11309,1.50763,0.96600,1.51800,1.67800,10
11310,1.71553,0.82400,1.40400,1.64400,10
11311,1.86315,0.79300,1.42400,1.66800,10
11312,2.67933,0.81900,2.07200,1.70900,10
11313,3.63354,0.89700,2.06200,1.64700,10
11314,1.73019,0.99500,1.72700,1.67600,10
11315,1.58387,0.84300,1.56900,1.67600,10
11316,1.82972,0.82000,1.58000,1.65200,10
11317,1.87774,0.78300,1.54500,1.67900,10
11318,1.76724,0.79400,1.49600,1.65900,10
11319,1.86112,0.79700,1.51500,1.65700,10
11320,2.06469,0.84000,1.54600,1.85300,10
11321,1.75062,0.80300,1.45200,1.66700,10
11322,1.87960,0.79000,1.50700,1.69700,10
11323,1.88745,0.77400,1.50000,1.67200,10
11324,2.08266,0.89900,1.71600,1.65900,10
11325,2.12513,0.81500,2.10800,1.66500,10
11326,1.98273,0.89300,1.98500,1.66100,10
11327,1.86802,0.90900,1.86600,1.69300,10
11328,1.75994,0.90500,1.75500,1.83800,10
11329,1.55871,0.81800,1.54600,1.83800,10
11330,10.52338,0.80700,1.51800,1.64500,10
11331,2.67318,0.83600,11.19300,1.89500,10
11332,10.81090,1.31500,1.45000,1.67800,10
11333,2.46232,1.67900,11.25800,1.87300,10
11334,1.73427,1.31100,1.51600,1.67500,10
11335,1.81850,1.04800,1.43900,1.69300,10
11336,1.95809,1.02000,1.34400,1.87300,10
11337,1.82554,0.91100,1.36100,1.66300,10
11338,2.15586,1.14000,1.40500,1.88400,10
11339,1.88517,1.40200,1.47000,1.67000,10
11340,1.88334,1.08400,1.53900,1.68000,10
11341,1.84712,0.95100,1.54200,1.65000,10
11342,1.73751,0.92900,1.44800,1.65600,10
11343,1.82686,0.84200,1.49800,1.64400,10
11344,1.78510,0.90100,1.44000,1.63200,10
11345,2.12962,0.91400,1.55500,1.85600,10
11346,1.80079,0.85400,1.49500,1.68400,10
11347,1.95266,0.91500,1.62300,1.64200,10
11348,2.16732,0.85500,2.07300,1.65400,10
11349,1.73770,0.99200,1.72700,1.67300,10
11350,1.55369,0.97200,1.56000,1.67300,10
11351,1.72849,0.89400,1.52900,1.65200,10
11352,1.82183,0.85000,1.53800,1.64200,10
11353,1.77844,0.91300,1.48600,1.65000,10
11354,2.96174,0.90500,1.42800,1.83600,10
11355,2.07874,0.90600,2.88600,1.72900,10
11356,1.87546,1.00400,1.39800,1.66000,10
11357,1.82720,0.84600,1.34700,1.70700,10
11358,1.84541,0.84800,1.35100,1.68100,10
11359,1.87114,0.82900,1.36600,1.65900,10
11360,1.91046,0.80700,1.44700,1.66500,10
11361,2.26855,0.81900,1.45500,1.67300,10
11362,2.61800,0.87000,2.37200,1.92500,10
11363,1.80247,0.97600,1.42600,1.67200,10
11364,1.90507,0.88700,1.39100,1.67700,10
11365,1.91291,0.96300,1.54400,1.65000,10
11366,1.89982,1.03400,1.57800,1.65500,10
11367,1.80334,0.99600,1.55400,1.67200,10
11368,1.81028,0.88300,1.49500,1.68100,10
11369,1.91533,0.99500,1.57500,1.66200,10
11370,1.86885,0.98800,1.59300,1.64900,10
11371,2.12393,1.04300,1.67600,1.64500,10
11372,2.06226,1.05600,2.05700,1.84500,10
11373,1.83286,1.05200,1.80400,1.68100,10
11374,1.71816,1.05700,1.62600,1.68100,10
11375,1.75571,1.06700,1.54000,1.65900,10
11376,1.79055,1.06300,1.45000,1.66000,10
11377,1.77860,1.01400,1.38900,1.68800,10
11378,1.87059,0.96100,1.42400,1.64600,10
11379,1.81766,0.84900,1.45100,1.65600,10
11380,2.04935,0.88900,1.44500,1.85200,10
11381,1.80815,0.87100,1.45600,1.67900,10
11382,1.88899,0.84300,1.45300,1.68900,10
11383,1.83708,0.82300,1.43800,1.68200,10
11384,1.77877,0.85200,1.36900,1.68700,10
11385,1.83458,0.90100,1.38300,1.64400,10
11386,1.85908,0.83100,1.40600,1.64700,10
11387,1.86545,0.83200,1.39400,1.68800,10
11388,1.77113,0.99600,1.34100,1.67300,10
11389,2.09894,1.10900,1.40400,1.85300,10
11390,1.80985,0.94400,1.33600,1.68000,10
11391,2.15938,1.00200,1.46800,1.82900,10
11392,1.74213,1.05900,1.39700,1.67600,10
11393,1.82455,1.04500,1.37100,1.65700,10
11394,1.92787,1.02400,1.44900,1.66200,10
11395,2.56057,0.93000,1.44000,1.65600,10
11396,2.30759,0.86700,2.85000,1.70300,10
11397,1.93862,0.88400,1.36800,1.84800,10
11398,1.95058,0.96800,1.42200,1.66100,10
11399,1.80897,0.92000,1.45600,1.68300,10
11400,1.76065,0.91200,1.37900,1.66100,10
11401,1.75690,0.86500,1.31800,1.65900,10
11402,1.90639,0.82600,1.39800,1.66700,10
11403,1.83077,0.87600,1.39000,1.66800,10
11404,1.83646,0.86900,1.39700,1.64900,10
11405,2.02377,0.86400,1.55700,1.66000,10
11406,2.04291,1.04400,1.62800,1.84600,10
11407,1.87311,0.98400,1.68500,1.67500,10
11408,2.03733,1.02500,1.72400,1.65000,10
11409,1.60550,0.98000,1.45800,1.65000,10
11410,1.76969,0.83000,1.39700,1.66600,10
11411,1.85867,0.81300,1.40800,1.65500,10
11412,1.82365,0.80300,1.38800,1.68300,10
11413,1.82421,0.79000,1.36000,1.66500,10
11414,1.94111,0.81000,1.41800,1.68400,10
11415,1.99671,0.85100,1.45000,1.82800,10
11416,1.96237,0.82100,1.54900,1.65800,10
11417,1.74750,0.87900,1.43900,1.68200,10
11418,1.86018,0.93000,1.49300,1.64700,10
11419,1.84473,0.84600,1.50400,1.66200,10
11420,1.79009,0.87200,1.48500,1.64000,10
11421,1.91262,0.83500,1.50800,1.68200,10
11422,1.82809,0.80800,1.52400,1.66200,10
11423,1.82272,0.95000,1.43400,1.68700,10
11424,2.11638,0.90100,1.51700,1.86500,10
11425,1.83675,0.82400,1.53400,1.63500,10
11426,1.99061,0.82600,1.49900,1.83900,10
11427,1.88915,0.83100,1.50000,1.71700,10
11428,2.25082,0.82800,2.04000,1.66200,10
11429,1.80138,0.80800,1.79900,1.68800,10
11430,1.89454,0.83700,1.88100,1.63900,10
11431,1.83429,0.87000,1.83000,1.68200,10
11432,1.99622,0.87100,1.97900,1.86200,10
11433,1.74552,0.88900,1.74000,1.70900,10
11434,1.71589,0.88400,1.63100,1.70900,10
11435,1.99760,0.85700,1.76800,1.68200,10
11436,1.68524,0.88000,1.65000,1.68200,10
11437,3.16507,0.86800,1.58300,1.70100,10
11438,1.75812,0.91700,1.51400,1.65300,10
11439,1.86443,0.87100,1.55000,1.66300,10
11440,1.89781,0.95600,1.61600,1.65900,10
11441,2.05963,0.94500,1.61500,1.86900,10
11442,1.84072,0.94500,1.64200,1.64300,10
11443,1.93326,0.98200,1.55800,1.85600,10
11444,2.02126,0.95300,1.77100,1.65400,10
11445,1.75229,0.90500,1.67300,1.65400,10
11446,1.84361,0.89000,1.66000,1.67400,10
11447,1.76643,0.93900,1.60800,1.66800,10
11448,1.84847,0.88700,1.60200,1.64200,10
11449,1.85237,0.85300,1.60100,1.65700,10
11450,2.04666,0.98900,1.60100,1.85900,10
11451,1.84261,0.97600,1.58900,1.68700,10
11452,2.14093,0.89700,1.88500,1.65200,10
11453,1.82731,0.87600,1.81900,1.64100,10
11454,1.66769,0.80600,1.65600,1.68500,10
11455,1.68604,0.82200,1.61400,1.68500,10
11456,1.77893,0.87900,1.54700,1.65400,10
11457,1.85028,0.83400,1.55000,1.64800,10
11458,1.77682,0.85400,1.51200,1.64200,10
11459,2.25249,0.86900,1.72600,1.85500,10
11460,1.82066,0.87200,1.55800,1.82600,10
11461,1.81501,0.84000,1.48700,1.66700,10
11462,1.89174,0.86900,1.46900,1.73100,10
11463,1.81862,0.85100,1.41600,1.69400,10
11464,2.48158,0.84100,1.41000,1.67200,10
11465,2.31077,0.82900,2.46800,1.69900,10
11466,1.89282,0.86100,1.39700,1.68800,10
11467,3.19933,0.89300,2.60800,1.63400,10
11468,1.79204,0.86400,1.79400,1.71700,10
11469,1.49011,0.84000,1.48200,1.66700,10
11470,1.44364,0.82200,1.44800,1.66700,10
11471,1.84110,0.83400,1.43800,1.69500,10
11472,1.75089,0.84500,1.33000,1.66100,10
11473,1.85709,0.84600,1.34600,1.66100,10
11474,2.09353,0.85200,1.61400,1.65200,10
11475,2.11541,0.84600,1.90100,1.78600,10
11476,2.04485,0.85500,1.81800,1.87900,10
11477,2.07180,0.88100,1.88300,1.65800,10
11478,1.76885,0.85000,1.76500,1.72300,10
11479,3.22160,0.80600,1.65900,1.64900,10
11480,1.78256,0.82400,1.65200,1.64900,10
11481,2.03307,0.99300,1.88400,1.66500,10
11482,1.87591,1.16200,1.86900,1.68400,10
11483,10.49004,1.15700,1.81400,1.68400,10
11484,2.49444,0.96800,10.97600,1.87800,10
11485,1.75475,0.87600,1.57900,1.68500,10
11486,1.84055,0.89300,1.57500,1.66600,10
11487,2.01514,0.87900,1.52300,1.86500,10
11488,1.78811,0.81900,1.50800,1.64500,10
11489,2.01574,0.84800,1.54100,1.81400,10
11490,2.00883,0.99000,1.55000,1.68300,10
11491,1.72540,1.07800,1.57100,1.68300,10
11492,1.80060,0.86800,1.48800,1.68500,10
11493,1.87336,0.81900,1.48000,1.69500,10
11494,1.81764,0.81100,1.49900,1.67400,10
11495,1.80839,0.85500,1.47500,1.67200,10
11496,2.04843,0.79200,1.53500,1.84300,10
11497,1.84191,0.81100,1.52200,1.67800,10
11498,1.81162,0.79800,1.51100,1.66800,10
11499,1.83892,0.87600,1.48300,1.65700,10
11500,1.84373,0.82600,1.46400,1.69800,10
11501,1.89324,0.81700,1.46200,1.69200,10
11502,1.89536,0.85700,1.55800,1.69100,10
11503,1.81105,0.81300,1.50200,1.66100,10
11504,1.82076,0.85300,1.46200,1.66100,10
11505,2.07251,0.84700,1.53600,1.85000,10
11506,1.72745,0.86900,1.43500,1.64300,10
11507,2.07317,0.83500,1.49800,1.83000,10
11508,1.94953,0.90900,1.51700,1.68800,10
11509,1.71491,0.84800,1.38300,1.68100,10
11510,1.87199,0.86800,1.43800,1.67100,10
11511,1.96966,0.81900,1.48000,1.66300,10
11512,1.85428,0.90200,1.59900,1.65000,10
11513,1.77423,0.84500,1.50800,1.66700,10
11514,2.09552,0.91300,1.56900,1.66800,10
11515,1.73497,1.16300,1.51000,1.66800,10
11516,1.77330,1.14600,1.39500,1.67700,10
11517,1.86660,0.87400,1.33900,1.68100,10
11518,1.81763,0.89900,1.38800,1.65600,10
11519,1.81415,0.85900,1.36500,1.65100,10
11520,2.56359,0.84500,1.37400,1.66500,10
11521,2.14201,0.86200,2.66200,1.67500,10
11522,1.82130,0.89000,1.42500,1.64600,10
11523,2.06222,0.89200,1.45200,1.83400,10
11524,1.93980,0.83700,1.38700,1.81800,10
11525,1.85265,0.81200,1.44200,1.64800,10
11526,1.83801,0.81100,1.41200,1.66600,10
11527,1.90490,0.87100,1.38800,1.67400,10
11528,1.77913,1.47600,1.38800,1.67400,10
11529,2.00981,1.30400,1.53400,1.67100,10
11530,1.90062,1.08500,1.67600,1.66000,10
11531,2.22063,1.02300,1.55100,1.65300,10
11532,1.56740,1.54300,1.51500,1.68600,10
11533,1.80472,1.62900,1.47400,1.68600,10
11534,1.82212,1.11900,1.45500,1.66300,10
11535,1.80484,1.03100,1.46600,1.63100,10
11536,1.81166,1.03700,1.44800,1.65800,10
11537,1.74797,1.13400,1.34600,1.66100,10
11538,1.87667,0.97700,1.38100,1.66400,10
11539,1.88429,1.11700,1.41900,1.67600,10
11540,2.16348,1.20700,1.49600,1.83500,10
11541,1.72339,1.53200,1.46800,1.65900,10
11542,2.14052,1.34000,1.59600,1.67100,10
11543,1.72885,1.19100,1.47400,1.67100,10
11544,1.82491,1.12800,1.41600,1.70100,10
11545,2.01654,1.15800,1.60700,1.65300,10
11546,1.62714,1.01600,1.45900,1.65300,10
11547,1.78806,0.96500,1.36200,1.67700,10
11548,1.83539,0.89600,1.35500,1.65800,10
11549,2.21166,0.95500,1.58800,1.83500,10
11550,1.84500,0.91000,1.65100,1.66100,10
11551,2.23937,0.86800,1.96500,1.69200,10
11552,2.02789,0.98000,2.02500,1.68600,10
11553,1.88948,0.87900,1.86900,1.71200,10
11554,1.89721,0.96500,1.89200,1.70600,10
11555,1.90570,0.84600,1.89400,1.69700,10
11556,1.90540,0.84800,1.89000,1.68900,10
11557,1.84951,0.82400,1.83700,1.86300,10
11558,1.90516,0.94200,1.88400,1.66700,10
11559,1.76794,0.89400,1.75700,1.85900,10
11560,1.59139,1.03300,1.59300,1.85900,10
11561,2.71761,0.84600,1.51700,1.70400,10
11562,2.41829,0.83900,3.12000,1.63000,10
11563,1.77502,0.95100,1.64600,1.63000,10
11564,1.77848,0.90600,1.57200,1.64700,10
11565,1.86782,0.82000,1.62100,1.64300,10
11566,2.40338,0.87400,2.03500,1.70300,10
11567,3.40093,0.85700,2.09400,1.65000,10
11568,1.67914,0.95000,1.68800,1.65100,10
11569,1.59416,0.84800,1.59900,1.65100,10
11570,1.66882,0.88900,1.52100,1.64900,10
11571,1.95732,0.83800,1.57100,1.68600,10
11572,1.70921,0.97700,1.45600,1.65400,10
11573,1.81058,1.06600,1.43200,1.67400,10
11574,2.07179,1.27500,1.49500,1.83600,10
11575,1.72995,1.41100,1.39100,1.69000,10
11576,2.00804,1.38500,1.36300,1.81600,10
11577,1.82583,1.07100,1.38300,1.65100,10
11578,1.87405,0.95300,1.38100,1.70500,10
11579,1.86818,0.87600,1.40600,1.66700,10
11580,1.85604,0.86800,1.43200,1.65700,10
11581,1.81078,0.83300,1.38000,1.67600,10
11582,1.85436,0.85800,1.40300,1.66500,10
11583,1.99495,0.83100,1.38400,1.84300,10
11584,1.85702,0.81100,1.41600,1.65900,10
11585,1.96495,0.87400,1.50300,1.70100,10
11586,1.82588,0.90900,1.48500,1.67300,10
11587,1.74828,0.88400,1.42200,1.66300,10
11588,1.84307,0.84300,1.42800,1.66700,10
11589,1.84352,0.82900,1.41400,1.67200,10
11590,1.83491,0.82000,1.41200,1.67300,10
11591,1.82725,0.85000,1.39400,1.66400,10
11592,2.05328,0.85000,1.42300,1.84900,10
11593,1.90116,0.81700,1.47600,1.66800,10
11594,1.93965,0.88000,1.42600,1.83700,10
11595,1.88905,0.87800,1.43000,1.67600,10
11596,1.89133,0.82800,1.45600,1.69800,10
11597,1.84381,0.85500,1.49700,1.63900,10
11598,1.80361,0.83100,1.44900,1.67900,10
11599,1.99154,0.83200,1.55000,1.67400,10
11600,1.73470,0.83300,1.45900,1.67600,10
11601,2.12586,0.90300,1.52600,1.84400,10
11602,2.47172,0.92500,2.16100,1.70400,10
11603,3.07520,0.92800,2.08700,1.65800,10
11604,1.95589,0.96200,1.95400,1.67000,10
11605,1.78100,0.93100,1.78300,1.68200,10
11606,1.68916,0.85000,1.68600,1.67300,10
11607,1.92269,0.84500,1.88900,1.66200,10
11608,1.89368,0.83900,1.89600,1.84100,10
11609,2.35596,1.00300,2.34300,1.69700,10
11610,1.95617,0.86200,1.94200,1.88600,10
11611,1.72712,1.09300,1.73000,1.66600,10
11612,1.58020,0.92600,1.57200,1.69300,10
11613,1.50561,0.85700,1.50600,1.69300,10
11614,1.90872,0.85100,1.52900,1.67400,10
11615,1.70202,0.83300,1.41200,1.66100,10
11616,1.88813,0.81500,1.46200,1.64500,10
11617,1.76342,0.86300,1.43100,1.64200,10
11618,2.00228,0.83900,1.40100,1.82700,10
11619,1.84916,0.81100,1.42300,1.68500,10
11620,1.95099,0.93200,1.49700,1.70100,10
11621,1.97015,0.95100,1.66800,1.63400,10
11622,1.66150,0.90600,1.48900,1.66500,10
11623,1.89191,0.87900,1.48200,1.68600,10
11624,1.74042,0.92100,1.37500,1.68000,10
11625,1.84489,0.91100,1.37200,1.66300,10
11626,1.78423,0.92800,1.31900,1.67700,10
11627,2.12562,0.92600,1.41100,1.83500,10
11628,1.83157,0.91900,1.41900,1.66900,10
11629,1.98782,0.86100,1.39900,1.83800,10
11630,1.90735,0.83300,1.45700,1.67900,10
11631,1.76298,0.81600,1.37500,1.66300,10
11632,1.90474,0.81200,1.42500,1.67200,10
11633,1.77405,0.89400,1.33000,1.69900,10
11634,1.93042,0.84700,1.38700,1.68900,10
11635,1.77190,0.85600,1.32700,1.67000,10
11636,2.05149,0.86400,1.33700,1.84500,10
11637,1.85906,0.83500,1.37200,1.66900,10
11638,2.00513,0.81500,1.54300,1.68800,10
11639,1.66450,0.93300,1.38400,1.64000,10
11640,1.77919,0.92400,1.32300,1.66200,10
11641,1.83217,0.92600,1.35800,1.64900,10
11642,1.77161,0.86400,1.31100,1.64700,10
11643,2.55699,0.85100,1.34600,1.65400,10
11644,2.01065,0.85200,2.47900,1.68800,10
11645,1.88833,0.90300,1.39400,1.64300,10
11646,1.96215,0.90600,1.35500,1.80900,10
11647,1.81210,0.82800,1.30900,1.68300,10
11648,1.91537,0.84800,1.32600,1.69100,10
11649,1.78865,0.85100,1.35500,1.63200,10
11650,1.85041,1.00900,1.39300,1.64500,10
11651,1.86609,0.92500,1.43200,1.65500,10
11652,2.68208,0.83400,2.44300,1.84400,10
11653,2.01179,0.95600,2.00700,1.67800,10
11654,1.98174,0.85100,1.97300,1.75300,10
11655,1.99481,0.81000,1.98200,1.68800,10
11656,1.94159,0.80300,1.92800,1.72900,10
11657,1.89493,0.82800,1.88300,1.68100,10
11658,2.00713,0.81100,1.98900,1.69100,10
11659,1.94643,0.79100,1.93400,1.67000,10
11660,1.87998,0.78800,1.87600,1.71300,10
11661,2.33624,0.81200,2.33000,1.87000,10
11662,2.11190,0.79900,2.07200,1.84400,10
11663,1.86018,0.78300,1.84400,1.73900,10
11664,1.81337,0.78200,1.80000,1.70600,10
11665,1.86142,0.81500,1.84300,1.69900,10
11666,1.92423,0.80500,1.91500,1.68100,10
11667,1.87690,0.79400,1.86100,1.67800,10
11668,1.86480,0.88100,1.85700,1.70300,10
11669,1.88979,0.82700,1.87900,1.86300,10
11670,1.87477,0.84600,1.63000,1.86300,10
11671,2.79965,0.79600,2.43600,1.69200,10
11672,1.90672,0.83400,1.84800,1.66700,10
11673,1.81216,0.82400,1.79800,1.64000,10
11674,1.87548,0.81900,1.85200,1.66800,10
11675,1.81581,0.89500,1.80500,1.64900,10
11676,1.73301,0.92100,1.72200,1.63800,10
11677,1.73054,0.90700,1.70300,1.63800,10
11678,1.99257,0.84500,1.68000,1.85100,10
11679,1.82533,0.82000,1.68500,1.65400,10
11680,2.07224,0.83400,1.73400,1.65000,10
11681,1.82058,0.85600,1.65200,1.65000,10
11682,1.90647,0.95700,1.72400,1.63400,10
11683,1.71862,0.83200,1.65000,1.63400,10
11684,2.08121,0.84400,1.63900,1.66500,10
11685,2.65802,0.79000,2.44100,1.68800,10
11686,1.81025,0.83400,1.71600,1.67800,10
11687,2.06481,0.81400,1.74200,1.66600,10
11688,1.76694,0.85100,1.67900,1.66600,10
11689,1.95138,0.84800,1.74900,1.64800,10
11690,1.75622,0.92300,1.67700,1.64800,10
11691,1.74204,0.91000,1.62100,1.65100,10
11692,1.85555,0.80500,1.58400,1.66900,10
11693,1.91146,0.88300,1.71000,1.65400,10
11694,1.70686,0.81200,1.57000,1.65400,10
11695,1.83913,0.82400,1.59400,1.65900,10
11696,2.14306,0.92400,1.70700,1.85300,10
11697,1.73711,0.90900,1.60400,1.66100,10
11698,1.98178,0.87100,1.59100,1.81600,10
11699,1.85140,0.89200,1.60300,1.67300,10
11700,1.84550,0.91500,1.66700,1.63900,10
11701,1.94071,0.83600,1.73700,1.63600,10
11702,1.91386,0.82800,1.89500,1.67000,10
11703,2.04353,0.86100,2.03000,1.64900,10
11704,1.72294,0.83400,1.72000,1.83700,10
11705,1.72117,0.83800,1.65100,1.83700,10
11706,1.96248,0.82700,1.74700,1.68500,10
11707,1.83125,0.79800,1.70400,1.68200,10
11708,2.09983,0.86700,1.96400,1.66800,10
11709,1.76487,0.87100,1.76600,1.65000,10
11710,1.57446,0.80800,1.56600,1.65000,10
11711,1.62680,0.79900,1.46700,1.65500,10
11712,1.92149,0.79200,1.52000,1.69000,10
11713,1.83006,0.88300,1.49500,1.65600,10
11714,2.05340,1.02100,1.53300,1.84500,10
11715,2.09470,1.23800,1.59300,1.65400,10
11716,1.84181,1.70300,1.63100,1.64500,10
11717,1.74889,1.24100,1.56600,1.64500,10
11718,1.85550,1.09900,1.56700,1.67400,10
11719,1.78537,1.01200,1.49600,1.69200,10
11720,1.83511,0.97100,1.48400,1.65300,10
11721,2.04891,1.22300,1.53000,1.83800,10
11722,1.84823,1.23600,1.48900,1.67200,10
11723,2.03647,1.51100,1.47200,1.87000,10
11724,1.87295,1.38800,1.50100,1.70300,10
11725,1.75672,1.09000,1.43100,1.66300,10
11726,3.28126,1.04900,1.45900,1.71200,10
11727,1.80573,1.05400,1.47700,1.66200,10
11728,1.84430,0.97400,1.44400,1.67400,10
11729,2.20778,0.94400,1.65600,1.66900,10
11730,1.68770,0.93600,1.50800,1.66900,10
11731,2.10919,1.14600,1.50200,1.87000,10
11732,1.82146,1.23400,1.55000,1.64000,10
11733,2.08985,1.07000,1.61300,1.80800,10
11734,1.87529,1.08800,1.65700,1.66900,10
11735,2.05320,1.17500,1.95000,1.64500,10
11736,1.86220,1.05900,1.85400,1.69400,10
11737,1.71844,0.96500,1.71800,1.68100,10
11738,1.81221,0.98400,1.74900,1.68100,10
11739,1.85316,0.98900,1.62400,1.66000,10
11740,2.01970,0.93900,1.76500,1.70100,10
11741,1.70782,0.95900,1.60000,1.70100,10
11742,1.94871,0.90900,1.70800,1.66300,10
11743,1.64739,0.90300,1.54600,1.66300,10
11744,1.83843,0.90900,1.49600,1.67500,10
11745,1.82051,0.92200,1.49400,1.65400,10
11746,1.92024,0.91900,1.58300,1.67700,10
11747,1.85974,1.02900,1.61300,1.65100,10
11748,10.45130,1.06900,1.65300,1.63900,10
11749,2.75994,0.96500,11.17300,1.64300,10
11750,2.12837,0.90300,2.12100,1.69200,10
11751,2.19635,0.92200,2.18500,1.72200,10
11752,1.89690,0.85400,1.88600,1.89200,10
11753,1.59137,0.80000,1.58600,1.69100,10
11754,1.52389,0.80000,1.51900,1.65300,10
11755,1.63787,0.81900,1.52800,1.65300,10
11756,1.85075,0.93000,1.53000,1.67100,10
11757,1.94340,0.83500,1.62800,1.66100,10
11758,1.60015,0.83100,1.39500,1.64700,10
11759,1.84816,0.83400,1.40400,1.65900,10
11760,1.76623,0.82300,1.34000,1.67700,10
11761,2.06646,0.81800,1.34700,1.87100,10
11762,2.01988,0.86900,1.50100,1.66600,10
11763,1.96729,0.87700,1.50000,1.81300,10
11764,1.85969,0.99800,1.50100,1.66500,10
11765,1.65874,0.82800,1.33500,1.65100,10
11766,1.88431,0.89200,1.39900,1.63500,10
11767,2.55459,0.89500,1.38700,1.67100,10
11768,2.09397,0.82700,2.66600,1.68300,10
11769,1.87354,0.81500,1.35800,1.67700,10
11770,1.97949,0.82800,1.32100,1.84500,10
11771,1.86573,0.86100,1.29400,1.65800,10
11772,1.79602,0.90000,1.29600,1.66100,10
11773,3.09719,0.86800,1.32700,1.69900,10
11774,1.80162,0.84900,1.32000,1.66200,10
11775,1.83511,0.82900,1.34700,1.65900,10
11776,2.10786,0.88300,1.59700,1.64400,10
11777,2.29860,0.92000,2.23300,1.83100,10
11778,2.05739,0.87000,2.05000,1.66600,10
11779,1.83094,0.80800,1.82200,1.68200,10
11780,1.73688,0.81700,1.73100,1.68400,10
11781,1.75260,0.87500,1.74200,1.65900,10
11782,1.79691,0.81700,1.69600,1.62900,10
11783,1.72529,0.79500,1.62100,1.62900,10
11784,1.88428,0.79800,1.64400,1.67000,10
11785,1.80353,0.81600,1.60800,1.67200,10
11786,1.83301,0.82300,1.63300,1.66900,10
11787,2.03841,0.82400,1.60100,1.88200,10
11788,1.90985,0.87300,1.64200,1.66300,10
11789,1.88231,0.81800,1.64400,1.68700,10
11790,2.10521,0.79200,1.92100,1.68000,10
11791,1.85222,0.89600,1.85900,1.66700,10
11792,1.73789,0.88400,1.72300,1.65900,10
11793,1.58641,0.91800,1.56700,1.65900,10
11794,1.81124,1.11300,1.50200,1.66600,10
11795,1.82330,1.79800,1.50800,1.66900,10
11796,1.99968,1.08400,1.49400,1.85200,10
11797,1.76196,0.93300,1.42500,1.66000,10
11798,2.14700,0.87900,1.56200,1.80400,10
11799,1.65059,0.91500,1.42000,1.64200,10
11800,1.83058,0.94800,1.39600,1.66100,10
11801,1.81630,0.88200,1.35100,1.66100,10
11802,1.85449,0.88600,1.37200,1.66700,10
11803,1.76815,0.91100,1.33900,1.66200,10
11804,1.81286,0.87700,1.31800,1.65400,10
11805,2.20370,0.88600,1.48400,1.85400,10
11806,1.86570,0.94700,1.51500,1.65500,10
11807,1.80369,0.90400,1.46400,1.69500,10
11808,1.87847,0.88200,1.50400,1.65300,10
11809,2.60191,0.92800,1.42800,1.68000,10
11810,1.88425,0.85400,1.45600,1.65600,10
11811,1.83408,0.86200,1.47200,1.65500,10
11812,1.69059,0.83600,1.32700,1.66700,10
11813,2.07984,0.83800,1.35300,1.85300,10
11814,1.82278,0.86300,1.33700,1.66500,10
11815,1.98185,0.82600,1.33200,1.83800,10
11816,1.88335,0.85800,1.36800,1.65700,10
11817,1.84019,0.89700,1.33900,1.70800,10
11818,1.78817,0.89700,1.29900,1.66900,10
11819,1.86135,0.93700,1.31200,1.66700,10
11820,1.91932,0.89900,1.43700,1.64700,10
11821,1.75528,0.88000,1.37100,1.67300,10
11822,2.15018,0.93200,1.46200,1.85200,10
11823,1.90752,0.89800,1.55100,1.65800,10
11824,1.81610,0.85800,1.51100,1.66700,10
11825,1.98124,0.90800,1.62300,1.68600,10
11826,1.75571,0.87500,1.50800,1.69100,10
11827,1.86738,0.82500,1.52200,1.69700,10
11828,1.87339,0.81600,1.55600,1.66600,10
11829,1.91650,0.81800,1.66500,1.66400,10
11830,1.78095,0.82000,1.62700,1.65000,10
11831,1.91442,0.97300,1.43000,1.87600,10
11832,1.79052,0.94400,1.37600,1.65800,10
11833,2.10981,0.89200,1.44800,1.85700,10
11834,2.05498,0.84000,1.69200,1.71700,10
11835,1.91643,0.84800,1.75000,1.65700,10
11836,1.60374,1.02900,1.51100,1.65700,10
11837,1.83434,1.09300,1.50900,1.66300,10
11838,1.80840,1.10600,1.47300,1.65000,10
11839,1.84004,0.96800,1.47000,1.67000,10
11840,2.28053,0.91700,1.73400,1.63300,10
11841,1.65776,0.87800,1.66200,1.63300,10
11842,1.69346,0.90800,1.48500,1.65800,10
11843,2.02841,0.87200,1.64400,1.64100,10
11844,1.76779,0.85200,1.62500,1.65000,10
11845,1.76253,0.97900,1.52800,1.66600,10
11846,1.90564,1.19800,1.58300,1.65900,10
11847,1.72637,1.01900,1.52200,1.64700,10
11848,1.86795,0.93500,1.51100,1.66400,10
11849,2.08443,0.85700,1.56300,1.87300,10
11850,2.50572,0.83200,1.49800,1.64800,10
11851,2.45503,0.81300,2.96100,1.89700,10
11852,1.90639,0.84200,1.51400,1.67300,10
11853,1.85288,0.88300,1.53300,1.67900,10
11854,2.00925,0.83800,1.71100,1.66000,10
11855,2.10938,0.80900,1.96400,1.67600,10
11856,1.88959,0.79600,1.69200,1.67600,10
11857,2.04994,0.86000,1.54800,1.83900,10
11858,1.89878,0.84500,1.60300,1.65600,10
11859,1.80709,0.81200,1.54700,1.67800,10
11860,1.85536,0.83400,1.56100,1.68000,10
11861,1.84464,0.80700,1.55700,1.68200,10
11862,1.93783,0.80200,1.63500,1.67500,10
11863,1.85394,0.80100,1.65500,1.65700,10
11864,1.75632,0.79600,1.59700,1.66500,10
11865,1.82464,0.85100,1.57200,1.66600,10
11866,2.05821,0.89900,1.60900,1.85300,10
11867,1.99911,0.83700,1.58300,1.84100,10
11868,1.80264,0.80200,1.50100,1.67000,10
11869,1.88681,0.83800,1.58800,1.66200,10
11870,1.84424,0.81000,1.60400,1.67300,10
11871,1.66958,0.97100,1.40200,1.68700,10
11872,1.83269,0.85400,1.36500,1.67300,10
11873,1.80948,0.90100,1.32700,1.65600,10
11874,1.87110,0.88000,1.37700,1.64800,10
11875,2.14778,0.86200,1.50500,1.85700,10
11876,3.16388,0.88000,1.45000,1.72300,10
11877,1.85921,0.91300,1.46500,1.65900,10
11878,1.79114,0.94800,1.45500,1.66900,10
11879,1.78942,0.93700,1.40900,1.64600,10
11880,1.81782,0.93100,1.39700,1.67400,10
11881,1.84811,0.83000,1.45100,1.65500,10
11882,2.13583,0.93900,1.76100,1.65900,10
11883,2.60541,0.88700,2.34000,1.84400,10
11884,2.43292,0.90400,2.43700,1.75200,10
11885,1.73446,0.90500,1.73600,1.71100,10
11886,1.72905,0.93100,1.72400,1.67900,10
11887,1.57851,0.87600,1.57500,1.68300,10
11888,1.62714,0.85500,1.50200,1.68300,10
11889,1.78931,0.86100,1.50200,1.64200,10
11890,1.80344,0.81500,1.44400,1.66600,10
11891,2.17021,0.84700,1.55500,1.89600,10
11892,1.78279,0.85800,1.49200,1.66500,10
11893,2.66879,0.88800,1.57900,1.69500,10
11894,1.99569,1.06200,1.55400,1.70200,10
11895,1.75748,1.09200,1.66400,1.66400,10
11896,1.78376,1.13100,1.61100,1.66400,10
11897,1.83567,1.12300,1.60900,1.66800,10
11898,1.98828,1.08600,1.76400,1.67800,10
11899,1.52261,0.84900,1.44100,1.67800,10
11900,2.13481,0.81900,1.47900,1.88400,10
11901,1.91504,0.90600,1.54100,1.65200,10
11902,1.98967,0.87400,1.54100,1.83200,10
11903,1.77410,0.84100,1.48000,1.66900,10
11904,1.87113,0.83300,1.48600,1.66100,10
11905,1.88446,0.86700,1.57300,1.66500,10
11906,2.24064,0.86900,1.99200,1.67600,10
11907,1.99297,0.83800,1.99300,1.67100,10
11908,1.77470,0.86500,1.76000,1.89100,10
11909,1.64992,0.87100,1.63900,1.89100,10
11910,2.11734,0.88400,1.93000,1.71000,10
11911,1.62818,0.89400,1.61700,1.71000,10
11912,1.73449,0.87900,1.58300,1.65500,10
11913,1.87919,0.90000,1.53500,1.70300,10
11914,1.96980,0.85900,1.72500,1.68700,10
11915,1.94110,0.85100,1.80200,1.71800,10
11916,1.82782,0.85600,1.74000,1.65700,10
11917,1.63753,0.89400,1.50100,1.65700,10
11918,2.17079,0.87000,1.67400,1.84600,10
11919,1.98082,0.85000,1.63600,1.85000,10
11920,1.59869,0.94500,1.39100,1.65500,10
11921,1.85961,0.86300,1.37500,1.68200,10
11922,1.81535,0.85800,1.33900,1.65300,10
11923,1.77995,0.82700,1.30200,1.65000,10
11924,1.84765,0.87200,1.29900,1.66200,10
11925,1.80640,0.85800,1.30900,1.65000,10
11926,1.86819,0.82900,1.32200,1.66400,10
11927,1.95901,0.94600,1.30400,1.83200,10
11928,1.93174,0.89400,1.35600,1.70500,10
11929,1.78195,0.88800,1.29100,1.67300,10
11930,1.87465,1.04100,1.32200,1.65200,10
11931,2.12063,1.13100,1.60700,1.66000,10
11932,1.63625,1.08800,1.46400,1.66600,10
11933,1.76304,1.01600,1.35700,1.67900,10
11934,2.50210,0.98500,1.34800,1.64900,10
11935,2.19408,0.90700,2.69000,1.85100,10
11936,1.86415,0.92300,1.40500,1.63600,10
11937,2.04199,0.86700,1.39300,1.85600,10
11938,1.88160,0.88000,1.37400,1.69300,10
11939,1.79278,0.93500,1.34100,1.64900,10
11940,1.81647,0.89200,1.33600,1.65000,10
11941,1.92332,0.87900,1.42700,1.66700,10
11942,1.78236,0.84000,1.37700,1.67700,10
11943,1.86200,0.85700,1.34400,1.65200,10
11944,2.17832,0.93100,1.47600,1.88700,10
11945,1.84105,0.95700,1.41200,1.68500,10
11946,2.03718,0.98000,1.60600,1.71400,10
11947,2.29526,0.94300,2.25500,1.67200,10
11948,1.95385,0.96000,1.94000,1.69600,10
11949,1.90085,0.96900,1.89600,1.69100,10
11950,1.90560,0.89100,1.90000,1.69400,10
11951,1.85419,0.98000,1.85500,1.69100,10
11952,1.85594,1.00800,1.85100,1.89500,10
11953,1.94403,0.96200,1.90800,1.67200,10
11954,1.80364,1.00900,1.80500,1.85400,10
11955,2.04522,0.99200,2.04100,1.67100,10
11956,2.00003,0.93900,1.99300,1.70500,10
11957,1.82551,1.11600,1.81700,1.69400,10
11958,1.86290,0.93300,1.85400,1.71200,10
11959,1.85907,0.86000,1.83500,1.72500,10
11960,1.60762,0.95900,1.62500,1.69000,10
11961,1.50881,0.94200,1.49500,1.69000,10
11962,2.20506,0.94900,1.66300,1.87400,10
11963,1.72298,1.06200,1.59000,1.66700,10
11964,1.85938,1.06000,1.59300,1.64000,10
11965,2.08804,0.98600,1.82200,1.67500,10
11966,1.90853,0.90800,1.90500,1.68400,10
11967,1.87359,0.90200,1.87500,1.68000,10
11968,1.91707,0.87100,1.91700,1.67100,10
11969,1.71416,0.84900,1.70000,1.69100,10
11970,10.47594,0.84200,1.81100,1.69100,10
11971,2.74938,1.06200,11.19900,1.89100,10
11972,1.96555,0.89100,1.86100,1.66300,10
11973,2.19701,0.97200,2.19300,1.66200,10
11974,1.88238,0.94800,1.87900,1.85000,10
11975,2.14987,0.96100,1.58000,1.85000,10
11976,2.54046,0.89600,2.89200,1.65800,10
11977,1.75245,0.95900,1.67900,1.65800,10
11978,1.81872,0.87600,1.66500,1.65500,10
11979,2.29853,0.86100,1.55000,1.65800,10
11980,2.63477,0.85600,2.77400,1.75500,10
11981,1.82410,0.89400,1.62200,1.66000,10
11982,1.84627,0.89700,1.46900,1.84700,10
11983,2.23606,0.86400,1.61900,1.83100,10
11984,1.72493,0.94200,1.55900,1.64600,10
11985,1.80756,1.05200,1.46100,1.68400,10
11986,1.90726,0.97000,1.51100,1.68600,10
11987,1.86827,0.90200,1.54200,1.63800,10
11988,1.87214,0.90500,1.56900,1.67600,10
11989,1.80178,0.84800,1.54000,1.66400,10
11990,1.84890,0.83400,1.52800,1.66400,10
11991,1.98183,0.86100,1.50500,1.84000,10
11992,1.81899,0.82300,1.44800,1.70500,10
11993,2.05094,0.90000,1.61000,1.69800,10
11994,1.64831,0.93600,1.45400,1.65300,10
11995,1.78763,0.98400,1.36000,1.67800,10
11996,1.88328,0.91800,1.41800,1.64800,10
11997,1.86110,0.87400,1.44100,1.65900,10
11998,1.85084,0.85500,1.42800,1.68200,10
11999,1.96806,0.86800,1.51400,1.66600,10
12000,1.92101,1.00300,1.40500,1.86200,10
12001,1.99774,0.97800,1.36300,1.83500,10
12002,1.82493,0.89400,1.38000,1.66100,10
12003,1.80373,0.83800,1.37400,1.63800,10
12004,1.83787,0.83600,1.33700,1.67900,10
12005,1.85587,0.90100,1.35400,1.66500,10
12006,1.82754,0.86000,1.38900,1.62800,10
12007,1.86155,0.90200,1.40000,1.66400,10
12008,1.93061,0.89900,1.30400,1.84900,10
12009,1.85548,0.89100,1.31900,1.66700,10
12010,1.89517,0.89000,1.37600,1.68400,10
12011,1.79217,0.91600,1.35000,1.65400,10
12012,1.77853,0.88300,1.33700,1.65600,10
12013,1.89066,0.90600,1.36500,1.67200,10
12014,1.77162,0.91000,1.31500,1.65100,10
12015,1.87646,0.95700,1.37100,1.67700,10
12016,3.21113,0.98000,1.37000,1.69900,10
12017,2.03272,0.90200,1.57100,1.65700,10
12018,1.83249,0.82800,1.39000,1.85700,10
12019,1.81783,0.93100,1.36300,1.64500,10
12020,1.87099,0.84700,1.33700,1.68100,10
12021,1.89776,0.83500,1.40600,1.66400,10
12022,1.76842,0.83600,1.33700,1.65000,10
12023,1.79184,0.87300,1.34300,1.63300,10
12024,1.82891,0.83000,1.35300,1.65500,10
12025,1.78692,0.81000,1.31200,1.67400,10
12026,2.10115,0.86600,1.32000,1.88100,10
12027,1.89097,0.88000,1.34300,1.67200,10
12028,1.83546,0.80900,1.34600,1.68300,10
12029,1.87527,0.80600,1.38300,1.67900,10
12030,1.96228,0.89300,1.43000,1.68500,10
12031,1.90417,0.85000,1.39700,1.65800,10
12032,2.01870,1.64000,1.35700,1.66200,10
12033,1.85254,1.63400,1.70400,1.67200,10
12034,1.70034,1.19000,1.62000,1.67200,10
12035,1.87338,1.15600,1.46700,1.82400,10
12036,2.04507,1.06000,1.46500,1.83100,10
12037,1.92131,1.26100,1.52100,1.63900,10
12038,1.77436,1.30400,1.47900,1.65200,10
12039,1.82885,1.22600,1.47000,1.69900,10
12040,2.59192,1.01100,2.19800,1.68000,10
12041,2.25602,1.01400,2.25700,1.68600,10
12042,1.51081,0.95800,1.51000,1.68600,10
12043,1.71790,0.94100,1.47200,1.87400,10
12044,1.72124,0.92400,1.37700,1.65200,10
12045,2.10395,0.91500,1.58200,1.69600,10
12046,1.73395,0.96100,1.46000,1.66200,10
12047,1.93561,0.98600,1.64500,1.68000,10
12048,1.84327,0.94400,1.60200,1.67400,10
12049,1.90322,0.89700,1.65700,1.67500,10
12050,1.74208,1.04300,1.59900,1.64800,10
12051,1.75022,0.94200,1.43600,1.67600,10
12052,2.15929,0.93300,1.51900,1.84700,10
12053,2.31436,0.98600,2.06200,1.67600,10
12054,1.96262,1.00500,1.88800,1.67900,10
12055,1.67014,0.90600,1.65400,1.68800,10
12056,2.29044,0.90000,1.35800,1.68800,10
12057,2.19720,0.88800,2.89800,1.69500,10
12058,1.95364,0.88300,1.44100,1.67400,10
12059,2.07205,0.86300,1.64400,1.67600,10
12060,1.96194,1.00300,1.62000,1.85900,10
12061,1.88211,0.90400,1.65700,1.65000,10
12062,1.79678,0.93600,1.63100,1.67200,10
12063,2.02152,0.87600,1.73700,1.67700,10
12064,2.24143,0.94600,2.23700,1.69600,10
12065,2.07823,0.95700,2.06800,1.70300,10
12066,1.98304,0.90000,1.98400,1.72100,10
12067,1.83676,0.90400,1.82700,1.71300,10
12068,1.73180,0.91600,1.73000,1.86400,10
12069,1.85951,0.91900,1.84700,1.66400,10
12070,10.47395,0.93000,1.72100,1.66400,10
12071,2.59363,1.01300,11.14900,1.85500,10
12072,1.75110,0.96900,1.64000,1.69600,10
12073,2.11594,0.94100,1.76400,1.83500,10
12074,1.85790,0.90200,1.74100,1.64500,10
12075,1.78747,0.91000,1.69800,1.63700,10
12076,1.79027,0.91700,1.66100,1.63700,10
12077,1.82835,0.88800,1.64800,1.64600,10
12078,1.80431,0.97300,1.64400,1.65300,10
12079,1.75426,0.95400,1.53000,1.69000,10
12080,1.82783,0.94800,1.50000,1.66900,10
12081,1.96385,0.90900,1.59600,1.66500,10
12082,3.75600,0.92600,1.56700,1.87900,10
12083,1.93366,0.94300,1.64200,1.68000,10
12084,1.80771,0.96000,1.61900,1.68100,10
12085,1.95222,0.87200,1.69600,1.68900,10
12086,1.79383,0.92400,1.68500,1.65000,10
12087,1.82823,0.95400,1.63700,1.67700,10
12088,1.81502,0.89900,1.60400,1.66900,10
12089,1.86080,0.96000,1.61700,1.65800,10
12090,2.01354,0.92300,1.60500,1.84500,10
12091,1.93495,0.91700,1.70000,1.69400,10
12092,1.89741,1.01900,1.66800,1.67000,10
12093,2.06343,0.85200,2.03400,1.65500,10
12094,1.75544,1.08800,1.76500,1.72200,10
12095,1.74450,1.05000,1.73400,1.72200,10
12096,2.02935,1.07300,1.75000,1.69100,10
12097,2.80320,0.96200,1.69100,1.68900,10
12098,2.53384,0.97600,3.33500,1.71600,10
12099,2.01775,0.93500,1.68500,1.86000,10
12100,1.71795,0.91100,1.52900,1.72100,10
12101,1.78819,0.89500,1.47700,1.68100,10
12102,1.86125,0.84700,1.43100,1.69300,10
12103,1.83559,0.85900,1.41600,1.67800,10
12104,1.90487,1.16900,1.38900,1.68900,10
12105,1.87181,1.44400,1.46400,1.66200,10
12106,1.98757,1.12000,1.44200,1.86000,10
12107,1.87780,1.13500,1.43000,1.66900,10
12108,1.78640,1.16500,1.34600,1.67500,10
12109,1.87037,1.08100,1.37700,1.68600,10
12110,1.81866,1.01500,1.34800,1.66900,10
12111,1.90025,0.96000,1.36700,1.66900,10
12112,1.83672,0.97600,1.37200,1.67400,10
12113,1.85243,0.90100,1.37900,1.67000,10
12114,1.83725,0.89200,1.37700,1.68400,10
12115,2.04549,0.89500,1.40300,1.83800,10
12116,1.79376,0.95400,1.32800,1.67600,10
12117,2.03101,0.91400,1.34600,1.84000,10
12118,2.03947,1.01300,1.52300,1.65900,10
12119,1.67969,0.88100,1.38500,1.66400,10
12120,1.82141,0.91300,1.33400,1.67900,10
12121,2.06288,0.89900,1.56800,1.66500,10
12122,1.79804,1.10300,1.58600,1.63700,10
12123,1.85976,1.44300,1.54900,1.68100,10
12124,1.92858,1.26000,1.59400,1.85700,10
12125,1.75496,1.06500,1.35400,1.68200,10
12126,1.88931,1.05100,1.34300,1.70600,10
12127,1.91325,0.99700,1.44500,1.66600,10
12128,1.97681,0.97900,1.54500,1.67700,10
12129,1.88027,1.00500,1.63400,1.64800,10
12130,1.69269,0.91200,1.51100,1.66100,10
12131,1.81400,0.97800,1.41900,1.69100,10
12132,1.81825,1.02600,1.41600,1.66700,10
12133,1.98397,0.97600,1.39600,1.83100,10
12134,1.87082,0.95700,1.43400,1.68700,10
12135,2.46552,0.92000,1.85400,1.69700,10
12136,1.53705,0.96100,1.54300,1.69700,10
12137,1.92784,0.89100,1.65900,1.65300,10
12138,2.05817,1.14400,1.93400,1.65300,10
12139,2.63104,1.12200,1.94000,1.65300,10
12140,3.00776,1.03700,3.50200,1.83200,10
12141,2.13458,1.04500,2.13400,1.68000,10
12142,1.96147,1.01100,1.94700,1.71100,10
12143,1.82012,1.03700,1.82300,1.69000,10
12144,1.83257,0.96200,1.81400,1.71000,10
12145,1.72754,0.98800,1.74200,1.72600,10
12146,1.62008,0.93500,1.61500,1.65000,10
12147,1.69304,0.87800,1.61400,1.65000,10
12148,1.92019,1.05500,1.70900,1.66600,10
12149,1.66000,0.95400,1.53400,1.66600,10
12150,2.04729,0.94400,1.51700,1.87100,10
12151,2.06973,0.97600,1.58400,1.80800,10
12152,1.83076,0.93500,1.57600,1.67300,10
12153,1.80544,0.95600,1.49900,1.65500,10
12154,1.92001,0.96300,1.62000,1.67100,10
12155,2.02694,0.92400,1.67400,1.66700,10
12156,1.86331,1.47300,1.84800,1.65300,10
12157,1.94175,1.63200,1.77000,1.65300,10
12158,2.47179,1.34400,2.30900,1.87500,10
12159,1.73040,1.14000,1.74000,1.68600,10
12160,1.49807,0.99300,1.48100,1.68600,10
12161,1.96552,0.97600,1.60700,1.68400,10
12162,1.69109,1.07800,1.46800,1.68700,10
12163,1.83869,1.29000,1.47500,1.66100,10
12164,1.81599,1.05300,1.43600,1.65200,10
12165,1.80727,1.24900,1.37000,1.66600,10
12166,2.13012,0.99600,1.64100,1.66400,10
12167,1.79320,1.02000,1.46900,1.84800,10
12168,2.05252,1.00300,1.64600,1.69100,10
12169,2.37078,1.20600,1.93400,1.66300,10
12170,1.79523,1.17300,1.79400,1.69600,10
12171,1.78098,1.03000,1.78500,1.67000,10
12172,1.83938,0.97000,1.77200,1.66200,10
12173,1.58879,1.33400,1.62000,1.64400,10
12174,1.70437,1.19000,1.52300,1.64400,10
12175,1.73900,0.91300,1.42000,1.67700,10
12176,2.08951,0.87300,1.46300,1.84900,10
12177,1.95447,0.88100,1.59300,1.67700,10
12178,1.86789,0.99100,1.59200,1.67400,10
12179,1.76769,0.93500,1.47900,1.65900,10
12180,2.57232,0.92500,1.42100,1.65500,10
12181,2.31413,0.90000,2.96600,1.71700,10
12182,1.97688,0.88200,1.60100,1.67700,10
12183,1.85206,0.84100,1.61700,1.64800,10
12184,1.99160,1.06200,1.54100,1.84100,10
12185,2.76506,1.54900,1.64100,1.73300,10
12186,1.89247,1.40500,1.53600,1.85200,10
12187,1.89402,1.12100,1.60400,1.67000,10
12188,1.84509,1.20300,1.59800,1.67000,10
12189,1.83686,1.04700,1.60000,1.65900,10
12190,1.86438,0.99100,1.61700,1.64300,10
12191,1.76037,0.94600,1.53000,1.67700,10
12192,1.81457,1.30500,1.50000,1.67500,10
12193,2.02158,1.27200,1.48700,1.85600,10
12194,2.19625,0.99300,1.67200,1.67300,10
12195,2.12285,0.98900,2.09500,1.70600,10
12196,1.37652,0.97500,1.38800,1.70600,10
12197,1.53318,0.93900,1.32800,1.68400,10
12198,2.01054,0.87400,1.50700,1.66300,10
12199,1.63315,0.86300,1.38100,1.63600,10
12200,1.81256,1.18600,1.33400,1.64000,10
12201,1.89358,1.15300,1.38400,1.66800,10
12202,2.04768,1.08700,1.43700,1.85500,10
12203,1.79296,1.02800,1.36500,1.66000,10
12204,2.14775,0.96400,1.52300,1.83700,10
12205,2.33434,1.01300,2.10700,1.67000,10
12206,1.92177,1.14900,1.94100,1.65400,10
12207,1.89587,1.03200,1.89700,1.69300,10
12208,1.84178,0.91700,1.82900,1.68600,10
12209,1.70420,0.96600,1.69300,1.67900,10
12210,1.57003,1.07400,1.55900,1.67900,10
12211,1.73844,1.03900,1.49600,1.83700,10
12212,1.76546,1.00600,1.37200,1.65100,10
12213,1.89434,1.03700,1.42000,1.68400,10
12214,1.77353,1.02100,1.34000,1.69800,10
12215,1.86987,1.01700,1.37700,1.66300,10
12216,1.81753,1.04300,1.32900,1.66400,10
12217,1.91412,0.97500,1.34600,1.67100,10
12218,1.75892,1.54900,1.30700,1.65900,10
12219,1.86165,1.30800,1.37500,1.66100,10
12220,2.00951,1.15200,1.34600,1.84900,10
12221,2.05540,1.02400,1.42400,1.83400,10
12222,3.24985,1.08500,1.44300,1.69000,10
12223,2.12144,0.94700,1.70900,1.64600,10
12224,1.48301,0.94600,1.35600,1.64600,10
12225,1.91344,0.95900,1.44700,1.66000,10
12226,1.96376,0.90200,1.41600,1.82300,10
12227,1.81113,0.98300,1.36700,1.66400,10
12228,1.98263,0.93900,1.32600,1.84900,10
12229,1.98762,0.90700,1.43400,1.65000,10
12230,1.81197,0.95900,1.42900,1.68800,10
12231,1.81433,0.86400,1.37900,1.69400,10
12232,1.78372,0.85300,1.34600,1.64600,10
12233,1.97315,0.85000,1.45800,1.65300,10
12234,1.72992,0.90600,1.39300,1.65800,10
12235,1.93591,0.88900,1.33700,1.82300,10
12236,1.91102,0.87500,1.36500,1.69200,10
12237,2.10434,0.94600,1.42700,1.85200,10
12238,1.95305,0.91500,1.39200,1.82300,10
12239,1.83369,0.85100,1.40800,1.65700,10
12240,1.79397,0.81400,1.38100,1.65800,10
12241,1.86698,0.84200,1.41900,1.66800,10
12242,1.80029,0.81500,1.35300,1.65200,10
12243,1.83885,0.89700,1.42600,1.63500,10
12244,1.81824,0.85600,1.41600,1.64700,10
12245,2.19467,0.85200,1.54000,1.85700,10
12246,1.77892,0.88600,1.47200,1.67800,10
12247,1.79934,0.84300,1.41300,1.68900,10
12248,1.92099,0.83600,1.46900,1.65700,10
12249,1.85671,0.87300,1.48400,1.66700,10
12250,1.96466,0.84300,1.57900,1.64200,10
12251,1.81451,0.85400,1.59800,1.64100,10
12252,1.79584,1.17900,1.51900,1.63600,10
12253,1.82454,1.61500,1.59000,1.65100,10
12254,2.02674,1.29200,1.57500,1.86100,10
12255,1.78086,1.12300,1.53100,1.66400,10
12256,1.94879,1.12200,1.43000,1.84800,10
12257,1.90806,1.02400,1.45500,1.67300,10
12258,1.80575,0.99900,1.43800,1.68400,10
12259,2.49189,1.00200,2.08100,1.66900,10
12260,1.49939,1.06600,1.48500,1.67800,10
12261,1.48809,1.07600,1.39000,1.67800,10
12262,1.87632,0.97400,1.40300,1.66300,10
12263,2.52539,0.93400,1.46200,1.87100,10
12264,1.79873,0.90200,1.40800,1.65700,10
12265,2.01708,0.89000,1.59600,1.68300,10
12266,1.88603,0.90400,1.63400,1.67200,10
12267,1.67729,0.93700,1.42400,1.68000,10
12268,1.83314,1.00800,1.41000,1.66700,10
12269,1.84459,1.02900,1.41800,1.68300,10
12270,1.82558,0.99400,1.40200,1.64400,10
12271,1.87462,0.95300,1.40300,1.66700,10
12272,2.09353,0.95200,1.49500,1.84600,10
12273,2.04699,0.87800,1.71400,1.68100,10
12274,1.89004,0.95000,1.58300,1.83100,10
12275,1.78612,1.00500,1.45600,1.71100,10
12276,1.93745,0.92000,1.50500,1.68200,10
12277,1.82371,0.91000,1.51000,1.67200,10
12278,1.88846,0.91400,1.53800,1.67500,10
12279,1.93230,0.94500,1.55800,1.65700,10
12280,1.86706,1.32700,1.63800,1.65700,10
12281,1.84560,1.23600,1.47400,1.87800,10
12282,2.07051,1.14500,1.65300,1.68800,10
12283,2.12689,1.02400,2.10900,1.70600,10
12284,1.79182,1.03000,1.80900,1.70600,10
12285,1.72986,0.96000,1.55000,1.67900,10
12286,1.86952,0.93200,1.54100,1.68900,10
12287,2.03552,0.90000,1.74700,1.64700,10
12288,1.95315,0.86100,1.41900,1.64700,10
12289,2.56001,0.91600,2.43600,1.85900,10
12290,1.99728,0.95600,1.44000,1.84000,10
12291,1.82988,0.94500,1.40500,1.69200,10
12292,1.81367,0.91200,1.37900,1.64400,10
12293,1.89459,0.87300,1.41000,1.67500,10
12294,1.90807,0.84900,1.47400,1.69100,10
12295,1.75572,0.84600,1.40200,1.65000,10
12296,1.87543,0.93600,1.43300,1.67800,10
12297,1.90004,0.88000,1.51400,1.68500,10
12298,1.95151,0.88700,1.44700,1.85500,10
12299,1.87193,0.93900,1.42800,1.67300,10
12300,1.98585,0.84400,1.48300,1.68800,10
12301,1.74567,1.42600,1.44200,1.65400,10
12302,2.04940,1.27600,1.61300,1.65500,10
12303,2.21531,1.11300,2.13100,1.70200,10
12304,3.87515,1.09400,2.30500,1.69100,10
12305,1.99791,1.30900,2.00600,1.91300,10
12306,1.85421,1.19500,1.83700,1.84000,10
12307,1.60144,1.08900,1.62600,1.70700,10
12308,1.70760,0.94400,1.64700,1.70700,10
12309,1.90763,0.90900,1.71600,1.70800,10
12310,1.74013,0.87700,1.66100,1.66000,10
12311,1.94726,0.81800,1.76100,1.68200,10
12312,1.79462,0.90400,1.71300,1.64300,10
12313,1.77369,0.88200,1.62800,1.64300,10
12314,1.81857,0.86700,1.61300,1.66300,10
12315,2.06387,1.19700,1.61300,1.64700,10
12316,1.84647,1.30000,1.60300,1.69900,10
12317,1.86856,1.19900,1.67200,1.65600,10
12318,1.71814,1.09800,1.58300,1.65600,10
12319,1.80614,1.07400,1.54600,1.67500,10
12320,1.80273,1.01400,1.52300,1.65100,10
12321,1.88860,0.93300,1.59700,1.65700,10
12322,1.94751,1.14600,1.57800,1.68300,10
12323,1.73640,1.58300,1.53800,1.68300,10
12324,2.05323,1.55700,1.58800,1.83900,10
12325,2.05188,0.99700,1.64500,1.83700,10
12326,2.00242,1.12800,1.86900,1.69400,10
12327,2.01335,0.94200,2.00800,1.69400,10
12328,1.97776,1.04200,1.76200,1.64300,10
12329,1.77445,0.94800,1.71100,1.64300,10
12330,1.80017,1.01800,1.67600,1.67100,10
12331,1.75850,1.06000,1.57200,1.64500,10
12332,2.20736,1.06700,1.74600,1.66000,10
12333,1.60915,1.06500,1.56400,1.66000,10
12334,1.82701,0.98700,1.49000,1.67400,10
12335,2.00796,1.01800,1.57400,1.64700,10
12336,1.63442,1.58100,1.48200,1.64700,10
12337,1.89277,1.25000,1.51100,1.67000,10
12338,1.79697,1.07500,1.50900,1.63700,10
12339,1.78779,0.98500,1.43800,1.67800,10
12340,2.01706,0.93600,1.58600,1.71000,10
12341,2.00266,0.91700,1.55600,1.84100,10
12342,1.79941,1.01200,1.57300,1.66000,10
12343,2.09943,0.95600,1.62800,1.85100,10
12344,1.79153,0.90000,1.56900,1.64600,10
12345,1.82259,0.87100,1.55600,1.69700,10
12346,3.06351,0.83500,1.55600,1.69700,10
12347,1.73190,0.92800,1.50400,1.64500,10
12348,1.82400,0.95100,1.46300,1.69100,10
12349,2.11892,0.88000,1.50000,1.87900,10
12350,1.77921,0.91600,1.46500,1.64800,10
12351,1.93382,0.91300,1.46500,1.72100,10
12352,1.85945,0.88800,1.55200,1.65100,10
12353,1.76270,0.84900,1.47600,1.65300,10
12354,1.84148,0.86500,1.47000,1.64600,10
12355,1.78033,0.91800,1.42600,1.66800,10
12356,1.89672,0.87600,1.45900,1.66300,10
12357,1.75722,0.89100,1.44600,1.63300,10
12358,2.18867,0.81900,1.63100,1.82200,10
12359,1.78136,0.95000,1.64400,1.64700,10
12360,1.97582,0.87200,1.58100,1.81800,10
12361,1.78251,0.88300,1.57200,1.64200,10
12362,1.82540,0.86600,1.48700,1.71100,10
12363,1.76284,0.86000,1.49300,1.61700,10
12364,1.80885,0.79600,1.40900,1.65900,10
12365,2.02589,0.88200,1.63600,1.66200,10
12366,1.70484,0.84300,1.52800,1.66500,10
12367,2.03453,0.85300,1.49200,1.87200,10
12368,1.77684,0.85700,1.46400,1.64900,10
12369,2.07489,0.86500,1.66600,1.68800,10
12370,1.65367,0.83000,1.51000,1.67700,10
12371,1.73466,0.86400,1.41700,1.65200,10
12372,1.87757,0.84900,1.41800,1.67400,10
12373,1.88902,0.81900,1.45000,1.65900,10
12374,1.92938,0.83200,1.52900,1.67400,10
12375,1.74904,0.82500,1.49100,1.64300,10
12376,2.10435,0.81500,1.54000,1.83900,10
12377,1.73760,0.85200,1.49200,1.66700,10
12378,1.99447,0.87900,1.46700,1.81100,10
12379,1.85292,1.04600,1.44200,1.67600,10
12380,1.93501,0.87100,1.51000,1.71600,10
12381,1.68410,0.86300,1.38700,1.64400,10
12382,1.87318,0.89700,1.39700,1.64800,10
12383,1.78860,1.05700,1.37000,1.66400,10
12384,1.81776,1.04900,1.38200,1.63200,10
12385,2.13053,1.06500,1.47700,1.84900,10
12386,1.83504,1.13100,1.52000,1.64400,10
12387,2.62155,1.50300,1.47000,1.69100,10
12388,2.08737,1.19700,2.72700,1.69100,10
12389,1.88564,1.12600,1.43300,1.65500,10
12390,1.81914,1.04700,1.39400,1.66400,10
12391,1.79699,1.01100,1.38100,1.67100,10
12392,2.57294,0.96800,1.32900,1.67300,10
12393,2.09763,1.09300,1.33800,1.83900,10
12394,1.88747,1.39300,1.41100,1.67300,10
12395,2.03913,1.26200,1.46900,1.86300,10
12396,1.83438,1.08000,1.44100,1.69300,10
12397,1.77990,1.05200,1.43000,1.64600,10
12398,1.79308,0.91400,1.37200,1.65200,10
12399,1.80590,0.91300,1.34600,1.65900,10
12400,1.85551,0.87900,1.34100,1.67700,10
12401,1.85389,0.90800,1.36100,1.67800,10
12402,2.09713,0.95600,1.44700,1.84200,10
12403,1.86348,0.96000,1.44200,1.69900,10
12404,1.95532,0.92900,1.44800,1.65800,10
12405,1.76761,1.44300,1.44200,1.65800,10
12406,1.95449,1.03500,1.53800,1.65700,10
12407,2.06160,1.06900,1.77500,1.68100,10
12408,1.73301,1.00800,1.66800,1.68100,10
12409,1.81704,0.94800,1.50500,1.64900,10
12410,1.79095,0.97500,1.46400,1.65500,10
12411,2.08402,0.92300,1.48600,1.85500,10
12412,1.98932,0.94700,1.46800,1.83100,10
12413,1.90642,0.99600,1.53100,1.66400,10
12414,1.95473,1.01300,1.72400,1.65500,10
12415,2.07321,0.91000,1.96600,1.65400,10
12416,1.56414,0.90000,1.55000,1.65400,10
12417,1.74595,0.93600,1.56100,1.63800,10
12418,1.71563,0.91100,1.50700,1.65800,10
12419,1.78430,0.91700,1.41500,1.65900,10
12420,2.23053,0.90700,1.60800,1.85200,10
12421,1.79890,0.93000,1.62800,1.64500,10
12422,1.77682,0.96000,1.54100,1.68600,10
12423,2.37975,0.99400,2.08100,1.65600,10
12424,1.99350,0.99500,1.99300,1.70200,10
12425,1.83632,0.87200,1.82400,1.69500,10
12426,1.80244,0.88400,1.79000,1.66900,10
12427,1.75543,0.87200,1.74700,1.67300,10
12428,2.25862,0.90500,1.64300,1.67300,10
12429,2.46620,0.89900,2.85500,1.90400,10
12430,1.87821,0.97300,1.64700,1.67900,10
12431,1.79238,0.88600,1.59700,1.67900,10
12432,1.80999,0.94100,1.57100,1.65300,10
12433,1.80730,0.93800,1.54700,1.65700,10
12434,1.81724,0.86100,1.56600,1.64300,10
12435,1.85258,0.95800,1.51500,1.67200,10
12436,1.87363,0.94700,1.57200,1.65900,10
12437,2.19303,0.98800,1.69400,1.64600,10
12438,1.62787,0.98000,1.55200,1.64600,10
12439,2.06825,1.13200,1.62000,1.65000,10
12440,1.71368,1.54600,1.56200,1.65000,10
12441,1.77218,1.14800,1.52500,1.63200,10
12442,1.86347,1.01200,1.59700,1.65300,10
12443,1.90455,0.94800,1.65500,1.63400,10
12444,1.79490,0.90600,1.68000,1.66700,10
12445,1.79720,0.85400,1.61100,1.68100,10
12446,2.13582,0.94000,1.64200,1.63400,10
12447,1.66401,0.98100,1.60000,1.63400,10
12448,1.97305,0.85700,1.52700,1.83900,10
12449,1.95105,0.86700,1.65900,1.68200,10
12450,1.75354,0.83300,1.60400,1.65900,10
12451,1.85883,0.80900,1.59000,1.64800,10
12452,1.81973,0.84300,1.56900,1.65800,10
12453,1.80805,0.87800,1.56400,1.66600,10
12454,1.83924,0.84400,1.58900,1.65200,10
12455,2.13428,0.86100,1.81300,1.86100,10
12456,1.74899,0.82600,1.57200,1.65700,10
12457,1.81949,0.85100,1.56600,1.67200,10
12458,2.19435,0.90900,1.89700,1.62500,10
12459,1.91315,0.86000,1.90500,1.65200,10
12460,1.78316,0.92500,1.78300,1.68000,10
12461,1.70228,0.86800,1.69800,1.67000,10
12462,1.64685,0.88500,1.63300,1.67000,10
12463,2.04974,0.85400,1.88200,1.66200,10
12464,2.02709,0.86600,1.97000,1.84200,10
12465,2.23463,0.85600,2.16200,1.68300,10
12466,1.83913,0.81900,1.82800,1.69400,10
12467,1.74172,0.84600,1.73700,1.66800,10
12468,1.97535,0.80500,1.96500,1.64400,10
12469,2.59660,0.84500,1.66500,1.64400,10
12470,2.50784,0.91200,3.22100,1.64400,10
12471,1.73928,0.86800,1.70900,1.64400,10
12472,2.02996,0.97400,1.65700,1.85600,10
12473,1.80464,0.96200,1.62400,1.65300,10
12474,1.85087,0.88800,1.64600,1.71000,10
12475,1.77129,0.86100,1.56600,1.66400,10
12476,1.82130,0.84800,1.52700,1.66000,10
12477,1.81413,0.85600,1.51700,1.66600,10
12478,1.85291,0.91800,1.48400,1.70800,10
12479,1.81832,0.88600,1.49000,1.65000,10
12480,1.84681,0.93900,1.49300,1.66700,10
12481,2.06489,0.92900,1.53700,1.85500,10
12482,1.91334,0.88600,1.45200,1.82900,10
12483,1.89937,0.89800,1.52600,1.68300,10
12484,1.91457,0.86500,1.52500,1.69800,10
12485,1.86083,0.84300,1.56700,1.65000,10
12486,1.91662,0.87900,1.75300,1.66300,10
12487,1.66674,0.85400,1.48400,1.67000,10
12488,1.91812,0.84700,1.48200,1.70500,10
12489,1.79199,0.87500,1.44000,1.66000,10
12490,2.05047,0.86800,1.49300,1.83700,10
12491,1.83132,0.86400,1.50300,1.65800,10
12492,1.82461,0.88100,1.48700,1.66000,10
12493,1.91160,0.83800,1.53600,1.68400,10
12494,1.93474,0.86000,1.60500,1.67000,10
12495,2.70192,0.86900,1.57700,1.69800,10
12496,1.76655,0.86400,1.50300,1.65000,10
12497,1.82870,0.85100,1.48500,1.67800,10
12498,1.95745,0.86100,1.43300,1.84800,10
12499,2.00205,0.82700,1.55800,1.66300,10
12500,1.86423,0.81100,1.46700,1.86100,10
12501,1.91400,0.82000,1.49700,1.65500,10
12502,1.71511,0.83100,1.42400,1.64200,10
12503,1.93443,0.81400,1.49900,1.65600,10
12504,1.84347,0.83600,1.53100,1.64800,10
12505,1.82938,0.80000,1.51400,1.67900,10
12506,1.82263,0.82900,1.48000,1.65100,10
12507,2.18055,0.89000,1.62100,1.86100,10
12508,1.65213,0.80200,1.52000,1.62600,10
12509,1.80188,0.77600,1.48400,1.65900,10
12510,1.89525,0.80300,1.50300,1.67100,10
12511,2.63215,1.05500,1.41000,1.69500,10
12512,2.27494,0.95600,2.93200,1.70000,10
12513,1.97801,0.97600,1.56500,1.67200,10
12514,1.75150,1.06100,1.44200,1.67100,10
12515,2.11601,0.93200,1.50600,1.86600,10
12516,1.76385,0.82900,1.47500,1.63500,10
12517,2.06825,0.88300,1.49300,1.84200,10
12518,1.76961,0.86600,1.45900,1.66700,10
12519,1.91526,0.83500,1.48800,1.67600,10
12520,1.79620,0.83800,1.45200,1.64800,10
12521,1.88019,0.91200,1.50200,1.64900,10
12522,1.76911,1.02000,1.46100,1.65100,10
12523,1.84227,0.87400,1.48000,1.66200,10
12524,2.04703,0.84200,1.47900,1.85500,10
12525,1.77228,0.81100,1.41400,1.64200,10
12526,1.80001,0.84300,1.41200,1.63600,10
12527,1.84219,0.84100,1.40400,1.66800,10
12528,1.87441,0.82100,1.45200,1.65200,10
12529,1.84098,0.83700,1.47300,1.64800,10
12530,1.90505,0.84800,1.63500,1.64300,10
12531,2.11216,0.91800,1.86800,1.68000,10
12532,1.81566,0.86000,1.80900,1.68000,10
12533,2.00385,0.90700,1.80500,1.85000,10
12534,1.85038,0.81200,1.67300,1.79400,10
12535,2.15274,0.95400,2.08700,1.67700,10
12536,2.46830,0.83900,2.46300,1.66400,10
12537,1.82843,0.82900,1.80500,1.67600,10
12538,1.71663,0.86400,1.72000,1.66500,10
12539,1.67222,0.87200,1.65800,1.66100,10
12540,1.71020,0.92600,1.69200,1.66400,10
12541,10.51604,0.93000,1.66600,1.66400,10
12542,2.63670,0.88900,11.30000,1.87800,10
12543,1.91308,0.86800,1.67600,1.64900,10
12544,1.91985,0.97700,1.93700,1.64900,10
12545,1.82516,0.95500,1.64600,1.84400,10
12546,1.88366,0.88500,1.71800,1.65300,10
12547,1.93250,0.83000,1.60300,1.82300,10
12548,2.29477,0.84500,2.16200,1.67600,10
12549,2.08242,0.83400,2.07800,1.70500,10
12550,1.76254,0.85200,1.74600,1.69700,10
12551,1.91360,0.81500,1.91200,1.68000,10
12552,2.01878,0.83000,1.99900,1.67800,10
12553,3.21001,0.97400,2.00700,1.68100,10
12554,1.88961,0.88000,1.86600,1.70300,10
12555,1.52242,1.04200,1.52900,1.64600,10
12556,1.68722,1.08900,1.53300,1.64600,10
12557,1.78745,1.08800,1.46700,1.65200,10
12558,1.82453,0.92400,1.48900,1.64000,10
12559,2.11201,0.83500,1.73000,1.66600,10
12560,1.93155,0.84100,1.91500,1.67300,10
12561,1.84837,0.85700,1.83500,1.66200,10
12562,10.46725,0.89300,1.68800,1.66200,10
12563,2.61468,0.89800,11.17700,1.67000,10
12564,1.78457,0.99800,1.74900,1.63200,10
12565,1.82127,0.90700,1.77800,1.63200,10
12566,1.86625,0.86900,1.58600,1.86200,10
12567,1.84057,0.84000,1.53000,1.66500,10
12568,1.89626,0.98200,1.66700,1.63400,10
12569,1.71852,1.11800,1.57200,1.63400,10
12570,1.79611,0.93500,1.53000,1.66700,10
12571,1.91915,0.87200,1.57500,1.67700,10
12572,1.72637,0.84900,1.52600,1.62500,10
12573,1.82310,0.81100,1.47100,1.68000,10
12574,1.86223,0.82600,1.47400,1.68100,10
12575,2.18328,0.86000,1.61500,1.84100,10
12576,1.74284,0.94200,1.52500,1.66100,10
12577,1.94194,0.98000,1.45600,1.83500,10
12578,1.82455,1.02300,1.43300,1.65600,10
12579,1.87117,0.87800,1.46800,1.67500,10
12580,1.72478,0.86200,1.39000,1.61400,10
12581,1.88148,0.93300,1.41500,1.67100,10
12582,1.81098,0.89900,1.39400,1.67800,10
12583,1.85023,0.93500,1.37300,1.68700,10
12584,1.98690,0.85300,1.39400,1.83400,10
12585,1.86501,0.84700,1.42300,1.67200,10
12586,1.84075,0.81500,1.35600,1.70800,10
12587,1.91280,1.04800,1.43400,1.66900,10
12588,1.95548,1.20800,1.58000,1.66500,10
12589,1.96001,0.95200,1.71200,1.64900,10
12590,1.99161,1.25600,1.82600,1.66200,10
12591,2.03198,1.63000,2.04100,1.69100,10
12592,1.69701,1.28400,1.70500,1.86700,10
12593,1.92746,1.25800,1.77100,1.66800,10
12594,1.71469,1.24200,1.60100,1.66800,10
12595,3.32665,1.04800,1.47800,1.73400,10
12596,1.86374,1.07100,1.52400,1.66200,10
12597,1.81136,1.08900,1.52800,1.66500,10
12598,2.71762,0.90700,1.52700,1.66300,10
12599,2.52594,0.91600,3.17800,1.71500,10
12600,2.04505,0.95400,1.52600,1.83500,10
12601,1.83457,0.89900,1.54100,1.65400,10
12602,1.75892,0.87700,1.45500,1.65900,10
12603,2.15410,0.86200,1.73700,1.67400,10
12604,1.71892,0.86300,1.67100,1.67400,10
12605,1.81255,0.94300,1.64300,1.64400,10
12606,1.79931,0.92800,1.62700,1.65200,10
12607,1.96138,0.84400,1.75100,1.67600,10
12608,1.70195,0.88000,1.63300,1.67600,10
12609,1.93985,0.92500,1.76600,1.65000,10
12610,2.28084,0.92100,1.80800,1.66900,10
12611,1.70251,0.85800,1.70500,1.66900,10
12612,1.92439,0.94800,1.74700,1.68000,10
12613,2.01308,0.96600,2.01600,1.66200,10
12614,1.87161,0.86900,1.87000,1.65500,10
12615,1.81609,0.88000,1.80200,1.67700,10
12616,1.64342,0.84400,1.63500,1.67700,10
12617,1.77280,0.87100,1.67400,1.67900,10
12618,10.46133,0.83800,1.63900,1.67600,10
12619,2.96800,1.08800,11.41600,1.70800,10
12620,2.00164,1.08400,1.79500,1.70800,10
12621,2.10000,0.95900,1.82900,1.64500,10
12622,2.11453,0.96400,2.03000,1.81100,10
12623,1.88466,0.98600,1.84800,1.69600,10
12624,1.90166,0.98400,1.87800,1.70300,10
12625,1.72242,1.02100,1.72300,1.70300,10
12626,1.81925,0.96700,1.67900,1.65500,10
12627,1.77745,0.91900,1.62200,1.66600,10
12628,1.93824,0.99100,1.67300,1.65100,10
12629,1.82756,0.99800,1.73100,1.67500,10
12630,1.88612,0.92300,1.74200,1.68300,10
12631,2.02832,0.89700,1.75200,1.84700,10
12632,1.80456,0.84500,1.68700,1.68400,10
12633,1.77635,0.94100,1.56100,1.68700,10
12634,1.84613,0.92800,1.56200,1.67900,10
12635,1.75858,0.99900,1.50500,1.65000,10
12636,1.85402,0.92700,1.52800,1.66200,10
12637,3.34456,0.88400,1.50300,1.68100,10
12638,2.13855,0.82200,1.82100,1.66400,10
12639,1.87584,0.94000,1.66300,1.85800,10
12640,2.05237,0.86200,1.53000,1.69200,10
12641,1.89474,0.82300,1.58200,1.67200,10
12642,1.78436,0.95000,1.49800,1.68700,10
12643,1.92818,0.92700,1.61700,1.65900,10
12644,1.84653,0.81000,1.58400,1.68900,10
12645,1.78232,0.80300,1.54000,1.65200,10
12646,2.01279,0.92600,1.66900,1.65100,10
12647,1.76748,0.82400,1.60000,1.67400,10
12648,1.91737,0.82100,1.52200,1.83700,10
12649,2.19253,0.82800,1.84400,1.64400,10
12650,2.15719,0.92400,2.08300,1.67300,10
12651,1.84861,1.15400,1.90600,1.67600,10
12652,1.82402,0.88500,1.81200,1.69400,10
12653,1.77549,0.91700,1.76000,1.73300,10
12654,1.69586,0.84300,1.69400,1.67000,10
12655,1.62203,0.80000,1.61900,1.67000,10
12656,1.76006,0.89300,1.63700,1.66400,10
12657,2.26043,0.87000,1.69800,2.01900,10
12658,1.76071,0.81200,1.62600,1.66700,10
12659,1.90660,0.91700,1.69200,1.64700,10
12660,2.03105,0.81000,1.90400,1.65100,10
12661,1.68926,0.81300,1.68400,1.64000,10
12662,1.67964,0.81400,1.60900,1.64000,10
12663,1.86976,0.86700,1.61500,1.66600,10
12664,1.78656,0.90300,1.60400,1.67600,10
12665,2.02463,1.17400,1.61100,1.83700,10
12666,1.76446,0.85500,1.54300,1.66000,10
12667,2.15004,0.86300,1.90100,1.65900,10
12668,2.11568,0.85600,2.10200,1.68100,10
12669,2.24033,0.96900,2.24400,1.66900,10
12670,1.98440,0.82000,1.96700,1.69700,10
12671,1.89173,0.91200,1.87600,1.68000,10
12672,1.82481,0.85100,1.82400,1.67600,10
12673,1.83451,0.83400,1.83200,1.87400,10
12674,1.56294,0.83800,1.55500,1.87400,10
12675,1.78748,0.93300,1.49800,1.83500,10
12676,1.94973,0.88900,1.57600,1.69000,10
12677,1.75744,0.82900,1.51700,1.65600,10
12678,1.85699,0.79600,1.51100,1.66000,10
12679,3.44477,0.82100,1.75600,1.64900,10
12680,1.87501,0.86900,1.85900,1.69000,10
12681,1.69934,0.83800,1.70100,1.69000,10
12682,1.85954,0.87000,1.49600,1.85400,10
12683,1.97443,0.91400,1.63500,1.69000,10
12684,1.74502,0.93000,1.50100,1.69400,10
12685,1.96719,0.81700,1.60600,1.65100,10
12686,1.75945,0.80400,1.51400,1.67000,10
12687,1.93791,0.84800,1.59900,1.67800,10
12688,1.84598,0.84400,1.66300,1.64500,10
12689,1.78441,0.86400,1.61700,1.67000,10
12690,1.62520,0.85900,1.39500,1.65300,10
12691,2.10356,0.86500,1.45000,1.86000,10
12692,1.98176,0.81100,1.43400,1.80900,10
12693,2.06102,1.17700,1.51200,1.65800,10
12694,1.79003,1.44400,1.59700,1.65800,10
12695,1.77889,1.13200,1.57000,1.66500,10
12696,2.02066,1.05100,1.77900,1.69800,10
12697,1.89722,0.95600,1.72000,1.69800,10
12698,1.87207,0.92400,1.56300,1.68700,10
12699,1.82942,0.93700,1.52300,1.69000,10
12700,1.98833,1.00800,1.44900,1.87200,10
12701,2.31236,0.92700,1.52500,1.66500,10
12702,2.43440,0.93700,2.48500,1.68800,10
12703,1.81478,0.92100,1.51200,1.67000,10
12704,2.86570,1.12800,2.44600,1.65900,10
12705,2.10451,1.38600,2.11300,1.68200,10
12706,1.58845,1.22600,1.60200,1.64900,10
12707,1.53868,1.04500,1.48700,1.64900,10
12708,2.14815,1.08800,1.64800,1.85000,10
12709,1.81497,1.01700,1.45300,1.82900,10
12710,2.17915,1.00500,1.79500,1.67600,10
12711,2.05287,0.94100,2.01800,1.65600,10
12712,1.88735,1.12000,1.88400,1.66400,10
12713,1.86781,1.16700,1.84300,1.67000,10
12714,1.74902,1.16800,1.75800,1.68000,10
12715,1.66171,1.14000,1.66700,1.69100,10
12716,1.63652,0.93600,1.63100,1.69100,10
12717,1.94136,0.97900,1.56900,1.85700,10
12718,1.93539,0.94600,1.59600,1.70000,10
12719,1.90246,0.92900,1.64000,1.66000,10
12720,1.78712,0.97600,1.62500,1.65100,10
12721,3.07209,0.93900,1.93000,1.64000,10
12722,1.95339,1.04300,1.95200,1.65600,10
12723,1.67924,0.99400,1.66200,1.65200,10
12724,1.64302,0.92700,1.61800,1.65200,10
12725,2.04444,0.91900,1.62900,1.85400,10
12726,1.95009,0.87000,1.56100,1.83200,10
12727,1.90849,0.97900,1.59100,1.69300,10
12728,1.95365,0.92700,1.71700,1.66400,10
12729,1.70170,0.92600,1.55800,1.66500,10
12730,1.87591,0.85900,1.53500,1.66700,10
12731,1.85057,0.91200,1.56100,1.66500,10
12732,2.06787,0.91700,1.64200,1.81100,10
12733,1.72657,0.90900,1.54600,1.68000,10
12734,2.08178,0.93300,1.52100,1.90100,10
12735,1.79126,0.92800,1.53600,1.68600,10
12736,2.01514,0.95400,1.60600,1.67900,10
12737,1.85926,0.99800,1.66200,1.66600,10
12738,1.81272,1.09800,1.66100,1.64900,10
12739,1.85350,1.05400,1.68600,1.64800,10
12740,1.89800,1.14800,1.79400,1.64000,10
12741,2.24554,1.08000,2.05400,1.66500,10
12742,1.49428,0.87600,1.48800,1.66500,10
12743,2.05035,0.90700,1.59500,1.88700,10
12744,1.90184,0.82900,1.50600,1.85900,10
12745,1.82355,0.86500,1.45300,1.66500,10
12746,1.86128,0.82700,1.44700,1.67500,10
12747,2.07489,0.81000,1.68000,1.64800,10
12748,1.79582,0.89700,1.66500,1.64800,10
12749,1.65221,0.86000,1.51900,1.67200,10
12750,1.88291,0.86000,1.54100,1.64100,10
12751,1.94958,0.85400,1.71400,1.65000,10
12752,1.99542,0.88300,1.70300,1.84600,10
12753,1.88353,0.85600,1.68300,1.70200,10
12754,1.84652,0.90400,1.70000,1.64900,10
12755,1.88379,0.83500,1.70600,1.66700,10
12756,1.84669,0.87600,1.76700,1.68100,10
12757,1.84441,0.96000,1.74300,1.63900,10
12758,1.86691,0.91300,1.81600,1.66500,10
12759,1.92553,0.91200,1.86300,1.84200,10
12760,2.07433,0.89600,1.96600,1.81800,10
12761,2.15203,0.89500,2.13300,1.70400,10
12762,3.04462,0.87500,1.63000,1.70400,10
12763,1.73471,0.83700,1.49500,1.66500,10
12764,1.80082,0.85900,1.47800,1.65500,10
12765,1.80741,0.86500,1.44000,1.67300,10
12766,1.94746,0.85800,1.50500,1.68600,10
12767,1.80824,0.84300,1.49500,1.65100,10
12768,2.03205,0.87200,1.54300,1.84600,10
12769,1.76977,0.84000,1.49700,1.62900,10
12770,1.79634,0.86700,1.47000,1.67400,10
12771,1.85527,0.85800,1.48900,1.66300,10
12772,1.88694,0.84100,1.49500,1.69600,10
12773,1.97234,0.87200,1.61100,1.67100,10
12774,1.69286,0.86500,1.49500,1.64500,10
12775,1.85618,0.86400,1.50600,1.65900,10
12776,1.80061,0.82100,1.48400,1.67000,10
12777,2.09497,0.82000,1.51300,1.87200,10
12778,1.93370,0.82800,1.48700,1.80700,10
12779,1.87237,0.81600,1.64300,1.68200,10
12780,1.91695,0.92600,1.59800,1.65300,10
12781,1.79299,0.85200,1.54200,1.67400,10
12782,1.94469,0.86200,1.63300,1.65700,10
12783,2.10202,0.92800,1.98200,1.66900,10
12784,1.86300,0.98900,1.86900,1.66900,10
12785,1.59828,0.88800,1.53100,1.67200,10
12786,10.40455,0.82000,1.48900,1.65300,10
12787,2.83525,0.83600,11.38200,1.62300,10
12788,1.61795,0.91500,1.50300,1.62300,10
12789,1.81443,0.93100,1.49200,1.68600,10
12790,2.06267,0.87800,1.49300,1.82700,10
12791,2.13391,0.85800,1.61600,1.85300,10
12792,1.81594,0.86700,1.58200,1.67800,10
12793,1.82455,0.85200,1.53300,1.69600,10
12794,1.82069,0.83400,1.53700,1.63100,10
12795,1.96794,0.82300,1.69200,1.66100,10
12796,1.74918,0.83400,1.57900,1.67200,10
12797,1.83934,0.84200,1.55400,1.66900,10
12798,1.79892,0.90600,1.55800,1.65400,10
12799,1.98529,0.95000,1.52300,1.83900,10
12800,1.82190,0.88500,1.47900,1.65500,10
12801,1.98559,0.86100,1.58200,1.69300,10
12802,1.75747,0.83800,1.56000,1.64700,10
12803,1.85056,0.84900,1.56600,1.65000,10
12804,2.63825,0.89600,1.53600,1.64300,10
12805,4.40701,0.86400,3.24900,1.88000,10
12806,1.60327,0.84500,1.49900,1.88000,10
12807,2.00310,0.90500,1.48800,1.82500,10
12808,1.78583,0.94200,1.41400,1.68500,10
12809,1.81722,0.94400,1.36600,1.66000,10
12810,1.80905,0.87500,1.35900,1.67900,10
12811,1.83245,0.87400,1.35500,1.64600,10
12812,2.08987,0.83100,1.58100,1.68300,10
12813,1.89392,0.87500,1.67300,1.66800,10
12814,2.36733,0.91800,2.28100,1.87600,10
12815,2.05034,0.90400,2.04800,1.67900,10
12816,1.97907,0.97200,1.96700,1.66900,10
12817,1.90437,0.88600,1.90200,1.69700,10
12818,1.76865,0.85600,1.75800,1.69800,10
12819,1.67011,0.86100,1.66400,1.67200,10
12820,1.70996,0.82900,1.68900,1.64300,10
12821,1.73100,0.94100,1.69200,1.64400,10
12822,1.73542,0.89600,1.63600,1.64400,10
12823,1.95651,0.84900,1.74000,1.65300,10
12824,1.97812,0.83900,1.74700,1.81800,10
12825,1.82471,0.83100,1.57800,1.80300,10
12826,2.18234,0.96800,1.74700,1.66100,10
12827,1.64630,0.88800,1.63700,1.66100,10
12828,1.97570,0.89300,1.84300,1.67700,10
12829,1.93002,0.81800,1.91700,1.64300,10
12830,1.75883,0.91000,1.74800,1.67900,10
12831,1.59004,0.91200,1.59100,1.67900,10
12832,1.73109,0.90400,1.54700,1.65200,10
12833,2.02598,0.89500,1.49300,1.87700,10
12834,1.77921,0.89800,1.46900,1.64400,10
12835,1.92313,0.81800,1.46600,1.71700,10
12836,1.76386,0.84200,1.40000,1.66300,10
12837,1.89280,0.84200,1.52400,1.63700,10
12838,1.77747,0.80500,1.41600,1.66200,10
12839,1.96441,0.82300,1.54500,1.67400,10
12840,1.87035,0.79600,1.60000,1.63200,10
12841,1.78272,0.97900,1.54400,1.67700,10
12842,2.01167,0.84700,1.55600,1.83100,10
12843,1.95066,0.88800,1.50400,1.79700,10
12844,1.89038,0.92600,1.54600,1.68300,10
12845,1.84356,0.83600,1.57800,1.64600,10
12846,2.86863,0.84300,1.48800,1.70700,10
12847,2.04248,0.81400,1.69100,1.64300,10
12848,2.10798,0.89900,2.10600,1.66200,10
12849,1.79441,0.87700,1.79300,1.67800,10
12850,1.73314,0.91200,1.72800,1.67800,10
12851,1.92669,0.93500,1.63400,1.66400,10
12852,1.93032,0.83600,1.73500,1.63600,10
12853,1.77152,0.90500,1.68900,1.69700,10
12854,1.88145,0.87400,1.70600,1.66600,10
12855,1.72596,0.89400,1.63900,1.66600,10
12856,1.74577,0.90800,1.53700,1.64600,10
12857,1.86689,0.87000,1.52800,1.66000,10
12858,1.79389,0.82100,1.50800,1.64700,10
12859,2.01834,0.84700,1.46400,1.86100,10
12860,2.11457,0.85200,1.54600,1.82000,10
12861,1.75769,0.81900,1.53100,1.65200,10
12862,1.93166,0.82900,1.58700,1.66900,10
12863,1.75652,0.83700,1.54400,1.64900,10
12864,1.84010,0.85700,1.53400,1.66000,10
12865,1.84906,0.87100,1.56100,1.64300,10
12866,1.84694,0.94800,1.53800,1.66000,10
12867,1.81379,0.88000,1.52400,1.66500,10
12868,1.99139,0.89300,1.52300,1.83600,10
12869,1.84549,0.83300,1.50600,1.65600,10
12870,1.87431,0.90100,1.57800,1.67100,10
12871,1.84653,0.92900,1.55000,1.66000,10
12872,1.81410,0.84800,1.52100,1.67300,10
12873,1.83694,0.85400,1.53800,1.65700,10
12874,2.36356,0.91200,2.05600,1.65500,10
12875,1.59960,0.86400,1.58900,1.67700,10
12876,1.84243,0.82500,1.81400,1.67700,10
12877,1.76367,0.84100,1.59500,1.85800,10
12878,1.91457,0.85300,1.54100,1.63400,10
12879,1.84737,0.90600,1.49700,1.68000,10
12880,1.88715,0.85100,1.55600,1.67100,10
12881,1.77465,0.86800,1.49300,1.65700,10
12882,1.90072,0.85000,1.56200,1.66700,10
12883,1.84425,0.87600,1.56200,1.67300,10
12884,1.94807,0.88500,1.66700,1.65800,10
12885,2.83212,0.89200,2.83500,1.88900,10
12886,2.34075,0.92900,2.33100,1.67600,10
12887,2.67237,1.01100,1.70700,1.67600,10
12888,2.37219,0.95900,3.15100,1.70300,10
12889,1.99947,0.90600,1.78100,1.65800,10
12890,1.76837,0.91900,1.69200,1.65800,10
12891,1.79278,0.89800,1.65400,1.66000,10
12892,1.93447,0.89900,1.73500,1.66300,10
12893,1.94976,0.88200,1.60700,1.87700,10
12894,2.01716,0.92100,1.66600,1.81200,10
12895,1.73457,0.91900,1.54500,1.66400,10
12896,1.89700,0.97400,1.60400,1.66300,10
12897,2.12380,0.91200,1.84300,1.67500,10
12898,1.58776,0.92400,1.53900,1.67500,10
12899,1.95005,0.94200,1.68200,1.68500,10
12900,1.77509,0.86600,1.60200,1.68800,10
12901,2.45552,0.83500,2.15500,1.85300,10
12902,1.81625,0.87100,1.79200,1.65500,10
12903,2.01187,0.94000,2.01300,1.68800,10
12904,1.72085,0.86700,1.72100,1.65500,10
12905,1.71087,0.85900,1.69500,1.67200,10
12906,1.62737,0.85700,1.60200,1.67200,10
12907,1.82641,0.83100,1.56500,1.68600,10
12908,3.26645,0.90000,1.61800,1.71300,10
12909,1.77415,0.88600,1.59700,1.67100,10
12910,2.06435,0.92900,1.62500,1.84200,10
12911,1.93185,0.88600,1.61200,1.81200,10
12912,1.81517,0.88900,1.57600,1.63900,10
12913,1.93381,0.84300,1.62600,1.67100,10
12914,1.78643,1.03100,1.59400,1.63800,10
12915,1.79457,1.05600,1.57400,1.67100,10
12916,1.95035,1.01800,1.67000,1.62900,10
12917,1.70588,0.96600,1.57500,1.62900,10
12918,1.83468,0.86800,1.59300,1.67200,10
12919,2.03241,0.88700,1.58300,1.84700,10
12920,1.86547,0.87500,1.60100,1.67300,10
12921,1.83079,0.85600,1.60600,1.64000,10
12922,1.84894,0.94600,1.61400,1.67100,10
12923,1.80614,0.89000,1.61300,1.65300,10
12924,1.85108,0.92300,1.60200,1.67800,10
12925,1.81352,0.93700,1.55000,1.69300,10
12926,1.85338,0.85900,1.55900,1.65400,10
12927,1.87311,0.83100,1.60300,1.64800,10
12928,2.01660,0.86700,1.62700,1.83700,10
12929,3.31457,0.87600,1.56700,1.83800,10
12930,1.81332,0.99000,1.56800,1.64600,10
12931,1.85616,0.88500,1.60500,1.65900,10
12932,1.91676,0.84600,1.65600,1.66300,10
12933,1.72495,0.85700,1.59700,1.61400,10
12934,1.83586,0.88900,1.62900,1.62400,10
12935,1.71920,0.91400,1.51900,1.64800,10
12936,1.85466,0.89200,1.58000,1.63200,10
12937,2.03306,0.88000,1.59200,1.84000,10
12938,1.78333,0.89600,1.55500,1.65200,10
12939,1.93555,0.89900,1.63400,1.65300,10
12940,1.98434,0.93000,1.79200,1.67900,10
12941,1.86525,0.92800,1.82600,1.67500,10
12942,1.99782,1.00600,1.97300,1.64800,10
12943,2.13382,0.93900,2.10400,1.70200,10
12944,1.90597,0.93800,1.91800,1.70800,10
12945,1.73077,0.89400,1.71200,2.00400,10
12946,1.84167,0.87900,1.74900,1.64100,10
12947,1.75443,0.96600,1.71600,1.64100,10
12948,1.73409,0.90200,1.55300,1.64700,10
12949,1.79103,0.83500,1.51500,1.64200,10
12950,1.84083,0.84300,1.49000,1.68000,10
12951,1.86335,0.85900,1.49000,1.66400,10
12952,2.13857,0.90900,1.78700,1.66400,10
12953,1.63361,0.91300,1.63100,1.66400,10
12954,2.06344,0.87900,1.66200,1.65600,10
12955,1.65231,0.85800,1.49600,1.66100,10
12956,1.82481,0.80600,1.41600,1.69200,10
12957,1.80444,0.81300,1.38700,1.64900,10
12958,1.83087,0.80500,1.40900,1.64400,10
12959,1.87329,0.83500,1.42000,1.66200,10
12960,1.81163,0.84200,1.42000,1.67100,10
12961,1.82517,0.82100,1.40100,1.65500,10
12962,1.80104,0.86300,1.37200,1.66000,10
12963,2.13905,0.87800,1.51000,1.84900,10
12964,1.89075,0.79800,1.41900,1.81100,10
12965,1.91574,0.79800,1.47900,1.66700,10
12966,1.96405,0.88000,1.55200,1.69400,10
12967,1.70993,0.92400,1.42400,1.67700,10
12968,1.87994,0.80200,1.47000,1.67600,10
12969,1.96495,0.84300,1.59900,1.64200,10
12970,2.59150,0.87100,1.49000,1.65500,10
12971,2.35049,0.93500,2.99900,1.68000,10
12972,1.84789,0.95600,1.51500,1.67100,10
12973,1.84877,0.87000,1.50300,1.66700,10
12974,1.94051,0.91500,1.59100,1.65900,10
12975,1.90614,0.84100,1.62900,1.69400,10
12976,1.82464,0.84600,1.58100,1.68900,10
12977,2.14407,0.89200,1.85000,1.66200,10
12978,1.98812,0.91300,1.98200,1.67200,10
12979,1.84216,0.88100,1.82100,1.67900,10
12980,1.84924,0.94800,1.86200,1.67900,10
12981,1.74469,0.90700,1.57600,2.00200,10
12982,1.83210,0.95400,1.63800,1.63600,10
12983,1.80890,0.98000,1.59300,1.68100,10
12984,1.97955,1.02800,1.66000,1.65900,10
12985,1.68332,1.06000,1.52000,1.65900,10
12986,1.92676,1.08200,1.60900,1.65100,10
12987,2.11073,1.08200,1.86300,1.64700,10
12988,1.66771,1.07100,1.66100,1.64700,10
12989,1.97902,1.12500,1.66200,1.86800,10
12990,1.79552,0.83500,1.68300,1.63800,10
12991,1.81350,0.88900,1.66800,1.63800,10
12992,1.87452,0.85300,1.63200,1.71200,10
12993,1.81926,0.97300,1.60500,1.66300,10
12994,1.77526,1.01600,1.54600,1.65800,10
12995,1.77790,0.85500,1.52100,1.65100,10
12996,1.96869,0.83400,1.63400,1.66600,10
12997,1.71797,0.86500,1.54300,1.64700,10
12998,2.11782,0.82800,1.62700,1.70700,10
12999,1.91225,0.91200,1.50000,1.83300,10
13000,1.87274,0.86600,1.49600,1.70000,10
13001,1.95552,0.85800,1.61900,1.64600,10
13002,1.96555,0.89200,1.71600,1.65800,10
13003,1.68480,0.89200,1.57800,1.65800,10
13004,1.77644,0.89500,1.53200,1.64300,10
13005,1.77080,0.82100,1.48300,1.66900,10
13006,1.83886,0.83100,1.47500,1.67700,10
13007,2.10971,0.86500,1.56300,1.84200,10
13008,1.77525,0.84400,1.52200,1.63600,10
13009,1.92423,0.80600,1.57400,1.68800,10
13010,1.97389,0.81300,1.66000,1.65600,10
13011,3.85455,0.82800,1.48100,1.69400,10
13012,2.84182,0.87100,3.46000,1.70900,10
13013,1.86196,0.83800,1.73200,1.68900,10
13014,10.84024,0.84500,1.51600,1.65900,10
13015,2.48974,0.82000,11.34900,1.99800,10
13016,1.82456,0.84200,1.58700,1.66900,10
13017,1.77214,0.83900,1.53000,1.66500,10
13018,2.12689,0.98400,1.67300,1.84600,10
13019,1.86883,1.09500,1.68700,1.64400,10
13020,1.84459,1.11300,1.69700,1.67400,10
13021,1.83178,1.10000,1.67500,1.66600,10
13022,1.79633,1.11300,1.64500,1.63700,10
13023,1.88472,1.06800,1.68800,1.64700,10
13024,1.82625,1.08800,1.71400,1.64700,10
13025,1.80904,1.07200,1.66000,1.67600,10
13026,1.77892,1.11000,1.58100,1.65800,10
13027,1.99883,1.10000,1.61800,1.65600,10
13028,2.05368,1.07300,1.63300,1.83500,10
13029,1.82975,1.06000,1.66100,1.67000,10
13030,1.81694,1.03700,1.61300,1.66700,10
13031,1.81702,1.05600,1.58100,1.65900,10
13032,1.78775,0.99400,1.54200,1.67500,10
13033,1.78528,0.90100,1.48800,1.65100,10
13034,1.90934,0.92400,1.55900,1.64600,10
13035,1.89922,0.89700,1.67400,1.62500,10
13036,1.91356,0.90400,1.57900,1.81400,10
13037,1.82321,0.84900,1.55600,1.65800,10
13038,1.89988,0.89700,1.56700,1.70100,10
13039,1.75050,0.86900,1.53300,1.63600,10
13040,2.25167,0.86700,1.91100,1.66400,10
13041,1.92062,0.90300,1.91600,1.65400,10
13042,1.73012,0.90100,1.72200,1.68200,10
13043,1.72672,0.89000,1.70600,1.65800,10
13044,1.57291,0.90200,1.54200,1.65800,10
13045,2.12204,0.92800,1.60800,1.84700,10
13046,1.91778,0.99700,1.52500,1.79900,10
13047,1.71866,0.93100,1.47500,1.67400,10
13048,1.91128,0.92600,1.50000,1.67300,10
13049,1.75340,0.89900,1.47500,1.64900,10
13050,1.87162,0.88300,1.47400,1.66800,10
13051,1.87471,0.86300,1.49300,1.68900,10
13052,1.85867,0.94900,1.49200,1.64800,10
13053,3.86769,1.00100,1.57800,1.70200,10
13054,1.77980,1.00000,1.57700,1.63300,10
13055,1.80140,0.90000,1.57200,1.69900,10
13056,1.71693,1.00200,1.42000,1.64300,10
13057,2.11031,0.93700,1.69300,1.66600,10
13058,1.76714,0.88400,1.65100,1.64300,10
13059,1.92011,0.97500,1.64900,1.72200,10
13060,2.07917,0.93000,1.76400,1.65900,10
13061,2.11002,0.93700,2.10100,1.89700,10
13062,1.88368,0.95800,1.86200,1.89700,10
13063,2.64102,0.96400,2.34800,1.69600,10
13064,1.76813,0.97500,1.74400,1.68600,10
13065,1.77134,1.04400,1.77300,1.71400,10
13066,1.58185,1.02100,1.56400,1.67900,10
13067,1.57284,1.10900,1.54000,1.67900,10
13068,1.83055,1.14100,1.52800,1.67000,10
13069,1.78376,1.11300,1.49400,1.64800,10
13070,1.89500,1.08300,1.54500,1.65900,10
13071,2.04438,0.94000,1.54500,1.87000,10
13072,1.79987,0.92600,1.46700,1.67100,10
13073,1.92825,1.73900,1.51300,1.66100,10
13074,1.88864,1.22600,1.59800,1.65000,10
13075,1.75336,0.97500,1.49500,1.66600,10
13076,1.82865,0.99100,1.50700,1.67500,10
13077,1.75559,0.94100,1.43100,1.65700,10
13078,2.10232,0.91500,1.64900,1.68400,10
13079,1.87251,0.96900,1.47800,1.89700,10
13080,2.08662,0.99800,1.57700,1.80800,10
13081,1.85620,1.00100,1.59300,1.65500,10
13082,1.75341,0.93500,1.51200,1.65500,10
13083,1.74842,0.87300,1.37600,1.69000,10
13084,1.82628,0.89500,1.40000,1.64600,10
13085,1.82497,0.91300,1.36800,1.67200,10
13086,1.84357,0.89800,1.37100,1.67200,10
13087,1.85934,0.93700,1.41400,1.65500,10
13088,2.19776,0.94800,1.55100,1.87800,10
13089,1.87798,0.93100,1.64200,1.67300,10
13090,1.75339,0.92000,1.49400,1.68600,10
13091,1.96004,0.91500,1.57300,1.68000,10
13092,1.70290,0.94300,1.47500,1.66200,10
13093,2.01354,0.88400,1.57500,1.65700,10
13094,2.55026,0.85700,1.57700,1.69900,10
13095,1.77530,0.89500,1.54900,1.64400,10
13096,1.73322,1.01100,1.48600,1.67100,10
13097,2.33558,0.95200,1.61500,1.99500,10
13098,1.91667,1.11400,1.70500,1.69400,10
13099,1.73937,0.95200,1.53700,1.69400,10
13100,1.86237,0.96800,1.55700,1.70300,10
13101,1.84890,0.91700,1.51800,1.68700,10
13102,2.09966,0.97600,1.82600,1.65400,10
13103,1.57776,0.99800,1.58600,1.65400,10
13104,1.71349,1.03300,1.43400,1.66100,10
13105,2.06196,0.90400,1.68700,1.66900,10
13106,1.73411,1.02000,1.36700,1.84700,10
13107,1.87880,1.01500,1.40400,1.66000,10
13108,1.87226,0.92100,1.41500,1.68900,10
13109,1.99869,0.99500,1.62600,1.65500,10
13110,1.64927,1.00500,1.40600,1.65800,10
13111,1.78295,0.95900,1.33300,1.67100,10
13112,1.82173,0.91200,1.32100,1.67300,10
13113,1.93146,0.95600,1.34400,1.69200,10
13114,2.50739,1.04800,1.41100,1.65600,10
13115,2.52869,1.09900,2.95500,2.01800,10
13116,1.78828,1.18200,1.56300,1.68800,10
13117,1.88547,1.16000,1.57300,1.67900,10
13118,1.99404,1.09300,1.67800,1.64000,10
13119,1.67868,1.11100,1.52700,1.64000,10
13120,1.91279,1.06700,1.62000,1.66100,10
13121,1.50985,1.01700,1.33700,1.62500,10
13122,1.98075,0.93900,1.43100,1.65800,10
13123,2.11419,0.99100,1.54900,1.86600,10
13124,1.82360,1.02600,1.52400,1.65200,10
13125,1.67936,0.94000,1.36900,1.70000,10
13126,1.87195,0.89400,1.35400,1.68400,10
13127,1.80640,0.91200,1.28500,1.67300,10
13128,1.84552,1.08900,1.29300,1.68100,10
13129,1.81299,1.10700,1.26200,1.66200,10
13130,1.88716,0.90700,1.30000,1.68400,10
13131,1.93906,0.89200,1.41900,1.66900,10
13132,1.90053,0.90800,1.32300,1.84800,10
13133,2.10210,0.87700,1.41400,1.82200,10
13134,2.60280,1.46700,1.66300,1.67600,10
13135,2.18676,1.12100,2.49000,1.69700,10
13136,1.86806,0.96100,1.41400,1.67700,10
13137,1.80587,0.90700,1.34300,1.68000,10
13138,1.86021,0.87000,1.33700,1.67900,10
13139,1.75511,0.92700,1.28500,1.65800,10
13140,2.12070,0.89800,1.39900,1.81300,10
13141,1.83291,0.94500,1.40300,1.67700,10
13142,1.86272,0.98500,1.48200,1.65300,10
13143,1.72213,0.93500,1.33200,1.68100,10
13144,2.03358,0.92300,1.49600,1.65100,10
13145,1.78743,0.85900,1.42800,1.68800,10
13146,1.75713,0.91100,1.37700,1.64900,10
13147,1.83284,0.93000,1.35000,1.66100,10
13148,1.83751,0.91700,1.35100,1.67800,10
13149,2.16312,0.91100,1.44700,1.85100,10
13150,1.89279,0.91700,1.42300,1.80200,10
13151,1.79315,0.89800,1.33400,1.67700,10
13152,1.88599,0.89200,1.41200,1.63700,10
13153,1.81350,0.85300,1.38100,1.68600,10
13154,1.83846,0.84400,1.38100,1.66400,10
13155,1.78937,0.90500,1.32100,1.68200,10
13156,1.90138,0.85200,1.37300,1.66900,10
13157,1.84805,0.89600,1.42000,1.66800,10
13158,2.22904,0.94300,1.58100,1.85500,10
13159,1.63873,0.88800,1.36700,1.63700,10
13160,1.89428,0.87500,1.46100,1.67700,10
13161,1.69792,0.83200,1.34600,1.66000,10
13162,1.86458,0.83800,1.36800,1.64800,10
13163,1.88515,0.84900,1.43600,1.66000,10
13164,1.83803,0.88100,1.40400,1.68000,10
13165,1.85427,0.95000,1.38800,1.66800,10
13166,1.88277,0.84800,1.41900,1.68600,10
13167,1.92030,0.81800,1.35500,1.83800,10
13168,1.93854,0.81200,1.31600,1.79500,10
13169,1.82565,0.83100,1.34000,1.66200,10
13170,1.84621,0.82800,1.32700,1.67300,10
13171,1.81952,0.78900,1.28600,1.65700,10
13172,1.86703,0.81000,1.33200,1.66600,10
13173,1.85604,0.84000,1.33600,1.66000,10
13174,1.89697,0.80200,1.37300,1.67100,10
13175,2.24994,0.86500,1.41300,1.65800,10
13176,2.47855,0.84600,2.34800,1.67900,10
13177,1.73791,0.93200,1.40300,1.66500,10
13178,1.83883,0.99500,1.39100,1.67000,10
13179,1.89773,0.87900,1.46700,1.65500,10
13180,1.77149,0.87900,1.37700,1.67100,10
13181,1.87341,0.94100,1.43400,1.66600,10
13182,1.97264,0.82600,1.59200,1.66100,10
13183,1.72228,0.92500,1.49600,1.63800,10
13184,2.12283,0.96000,1.56600,1.84200,10
13185,1.93741,0.96700,1.52400,1.82200,10
13186,1.91378,0.87900,1.55600,1.67900,10
13187,1.70775,0.95600,1.41700,1.66600,10
13188,1.85518,0.83200,1.44200,1.68000,10
13189,1.82337,0.85400,1.48200,1.64800,10
13190,1.87736,0.83300,1.54800,1.66100,10
13191,1.67014,0.85000,1.33800,1.64900,10
13192,1.83332,1.18900,1.38700,1.66100,10
13193,2.04891,0.97900,1.40100,1.84900,10
13194,1.94355,0.97300,1.49600,1.65300,10
13195,1.77052,0.90100,1.42800,1.68200,10
13196,1.75879,0.84500,1.31800,1.67900,10
13197,1.85192,0.84100,1.34700,1.66100,10
13198,1.83727,0.86400,1.29200,1.67500,10
13199,1.80183,0.91700,1.31200,1.65600,10
13200,1.84172,0.87800,1.32000,1.65500,10
13201,2.10461,0.86500,1.62600,1.66400,10
13202,2.03428,0.85900,1.83400,1.66200,10
13203,2.02361,0.90400,1.50200,1.80400,10
13204,1.84862,0.91000,1.44000,1.68700,10
13205,1.88489,0.88700,1.45300,1.70600,10
13206,1.82737,0.87500,1.40900,1.68000,10
13207,1.88592,0.84000,1.44800,1.66500,10
13208,1.92175,0.89000,1.53600,1.70200,10
13209,1.81379,0.88000,1.52300,1.64500,10
13210,1.81341,0.85700,1.43700,1.69300,10
13211,2.04838,0.88400,1.47300,1.84800,10
13212,1.81621,0.86400,1.44300,1.64400,10
13213,2.01591,0.86800,1.55200,1.70500,10
13214,1.92112,0.98200,1.62400,1.68600,10
13215,1.80062,1.05800,1.66700,1.63700,10
13216,2.24629,0.98400,1.36700,1.63700,10
13217,4.11084,0.87800,2.66300,1.70600,10
13218,2.05983,0.96200,1.47500,1.84900,10
13219,2.02822,0.94700,1.53700,1.80400,10
13220,1.67852,0.95900,1.38400,1.65100,10
13221,1.90503,0.88200,1.37100,1.69000,10
13222,1.80491,0.99400,1.34500,1.69000,10
13223,1.84525,1.31800,1.40900,1.65000,10
13224,1.84658,1.01700,1.40200,1.66400,10
13225,1.82997,0.92000,1.40200,1.65600,10
13226,1.74473,0.94100,1.29800,1.66700,10
13227,2.12508,1.66500,1.34700,1.83500,10
13228,1.84525,1.51400,1.44300,1.66000,10
13229,1.75841,1.16400,1.34000,1.66300,10
13230,1.90442,1.07800,1.38200,1.69000,10
13231,1.82894,1.06800,1.39200,1.66500,10
13232,1.84518,1.05400,1.40700,1.66400,10
13233,1.77760,1.05800,1.33300,1.65800,10
13234,1.89514,1.02200,1.33200,1.67100,10
13235,1.80441,1.35000,1.30600,1.67400,10
13236,1.99177,1.27300,1.28700,1.82600,10
13237,1.99688,1.13800,1.34400,1.82100,10
13238,1.86122,1.04500,1.32500,1.66800,10
13239,2.08259,1.00900,1.57000,1.66500,10
13240,1.60442,1.01900,1.38400,1.64600,10
13241,1.95656,0.96000,1.45600,1.68000,10
13242,1.80838,0.98700,1.44400,1.66300,10
13243,1.85032,0.92800,1.39300,1.69000,10
13244,2.05420,0.99600,1.60100,1.65000,10
13245,1.82551,1.01700,1.40200,1.84600,10
13246,1.89675,0.97800,1.44200,1.64200,10
13247,2.01428,0.97300,1.53200,1.70300,10
13248,2.25458,1.04900,2.31000,1.66300,10
13249,1.38508,1.12100,1.40500,1.66300,10
13250,1.75316,0.97300,1.50100,1.66100,10
13251,2.05437,1.67700,1.52700,1.66600,10
13252,1.78228,1.53900,1.52500,1.64500,10
13253,2.01632,1.35000,1.83100,1.64500,10
13254,1.76285,1.00600,1.55700,1.87900,10
13255,2.06992,0.99600,1.65800,1.80100,10
13256,2.21747,1.12000,1.57700,1.65800,10
13257,2.11599,1.00900,2.42800,1.69400,10
13258,1.88941,0.98100,1.50100,1.63000,10
13259,1.85763,1.03400,1.53300,1.64100,10
13260,1.69611,0.99700,1.35000,1.67200,10
13261,1.79758,0.87900,1.30200,1.64100,10
13262,1.93560,0.91000,1.47000,1.66600,10
13263,1.89278,0.87100,1.33100,1.85100,10
13264,1.99502,0.93100,1.44600,1.65500,10
13265,1.86629,1.03300,1.45700,1.68300,10
13266,2.04289,0.98100,1.60900,1.67700,10
13267,2.17597,1.04300,1.91800,1.67000,10
13268,1.79062,1.20000,1.79600,1.66400,10
13269,1.54411,1.08600,1.55500,1.66400,10
13270,1.86557,0.95700,1.63900,1.65100,10
13271,2.29949,0.91400,1.89600,1.79400,10
13272,2.22831,0.88300,2.22900,1.65900,10
13273,2.08097,0.92900,2.03900,1.69200,10
13274,1.88817,1.04800,1.90000,1.68100,10
13275,2.01838,1.18700,2.00300,1.66900,10
13276,1.91312,1.08900,1.91100,1.68700,10
13277,1.77429,1.08700,1.76800,1.69600,10
13278,2.17908,1.09100,2.17600,1.68300,10
13279,1.89525,1.07900,1.88000,1.85900,10
13280,1.83457,0.92700,1.83300,1.69200,10
13281,1.76127,0.93700,1.74700,1.71500,10
13282,1.67561,0.94700,1.67700,1.67700,10
13283,1.77961,0.89800,1.75100,1.66600,10
13284,1.84721,1.02200,1.61000,1.70100,10
13285,1.96700,1.96400,2.17300,1.68100,10
13286,2.08017,0.98500,2.06700,1.70300,10
13287,1.82846,0.98100,1.82600,1.67400,10
13288,2.36388,1.03900,2.35700,1.90400,10
13289,1.99043,0.98000,1.95100,1.87600,10
13290,2.15120,1.01100,2.16000,1.76400,10
13291,2.39181,1.05000,2.39500,1.68700,10
13292,1.84225,1.00100,1.83400,1.66500,10
13293,1.83223,0.93300,1.83700,1.70300,10
13294,1.70751,0.87100,1.70800,1.69100,10
13295,1.54075,0.83000,1.54000,1.69100,10
13296,1.69456,0.82800,1.57100,1.69100,10
13297,3.35249,0.92000,1.55000,1.88700,10
13298,1.87654,0.92800,1.59800,1.66700,10
13299,1.78037,0.90800,1.54800,1.66800,10
13300,1.88509,0.83400,1.55100,1.67400,10
13301,1.77682,0.85300,1.50300,1.66700,10
13302,1.92752,0.84300,1.57800,1.67900,10
13303,1.78255,0.79800,1.54500,1.67500,10
13304,1.72424,0.87700,1.37300,1.66500,10
13305,2.02485,0.84400,1.34700,1.82200,10
13306,2.05494,1.13500,1.37300,1.81300,10
13307,1.77480,1.56800,1.35500,1.65600,10
13308,1.93141,1.17000,1.44900,1.68300,10
13309,2.14497,1.08600,1.75900,1.64800,10
13310,1.57978,1.01900,1.52900,1.64800,10
13311,1.86080,0.98900,1.56900,1.66800,10
13312,1.81170,1.01700,1.53500,1.66300,10
13313,1.73425,0.93700,1.47000,1.66000,10
13314,2.07037,0.91300,1.45800,1.87700,10
13315,1.82412,0.93600,1.46300,1.67800,10
13316,1.98602,0.90200,1.48700,1.66600,10
13317,1.85463,1.56500,1.55400,1.67700,10
13318,1.70327,1.46100,1.43500,1.67700,10
13319,1.79886,1.22400,1.43900,1.63700,10
13320,3.10377,1.13800,1.34200,1.71100,10
13321,1.79450,1.19600,1.36300,1.63200,10
13322,1.74145,1.11000,1.29500,1.65900,10
13323,2.18650,1.03900,1.30100,1.98300,10
13324,1.87092,1.00500,1.31900,1.66900,10
13325,2.04239,0.95700,1.73000,1.67400,10
13326,1.74004,1.00000,1.39300,1.66400,10
13327,1.83846,1.13900,1.41900,1.66800,10
13328,1.87085,1.01700,1.50600,1.66300,10
13329,1.82339,1.06600,1.50800,1.64200,10
13330,1.84085,1.04700,1.51100,1.64500,10
13331,1.73032,1.03700,1.36300,1.69200,10
13332,2.07865,0.90900,1.41700,1.83000,10
13333,1.90033,0.97800,1.50500,1.65700,10
13334,1.71118,0.90700,1.41900,1.65200,10
13335,1.81436,0.87100,1.38900,1.65900,10
13336,1.83393,0.83300,1.36300,1.68400,10
13337,1.81210,0.82800,1.31600,1.68200,10
13338,2.94813,0.87800,1.38100,1.68700,10
13339,1.90386,0.83200,1.46000,1.63700,10
13340,2.09651,0.88300,1.38100,1.98500,10
13341,1.83273,1.12900,1.34900,1.65300,10
13342,2.17687,1.25100,1.49500,1.66200,10
13343,1.51075,1.64300,1.39000,1.66200,10
13344,1.93520,1.17100,1.48700,1.62100,10
13345,1.84663,1.33500,1.62600,1.64400,10
13346,1.78528,1.18500,1.47200,1.65700,10
13347,1.84238,1.15200,1.49200,1.70400,10
13348,1.78026,1.09800,1.42200,1.67500,10
13349,2.14018,1.05400,1.51000,1.85900,10
13350,1.75573,1.00800,1.42000,1.66600,10
13351,1.89435,0.95700,1.44000,1.69100,10
13352,1.90760,1.00700,1.57500,1.65600,10
13353,1.82581,1.03900,1.57500,1.65400,10
13354,1.88955,0.98600,1.62800,1.64400,10
13355,1.76664,0.97000,1.54400,1.66500,10
13356,1.77779,0.97700,1.46300,1.66400,10
13357,1.83882,0.92400,1.47100,1.64900,10
13358,2.18141,0.91300,1.52900,1.97600,10
13359,1.82268,0.88900,1.48400,1.65600,10
13360,1.75545,0.97400,1.35800,1.67500,10
13361,1.79242,1.04100,1.34000,1.68100,10
13362,1.95636,0.97400,1.43300,1.64700,10
13363,1.77734,1.10800,1.46300,1.63800,10
13364,1.81348,1.04700,1.43800,1.67500,10
13365,1.82534,1.11600,1.38300,1.69500,10
13366,1.82586,1.15800,1.38100,1.65200,10
13367,1.97948,1.08400,1.33100,1.85800,10
13368,1.84377,0.99100,1.31800,1.66300,10
13369,1.83831,0.96300,1.32000,1.67300,10
13370,1.91680,0.94600,1.38600,1.67900,10
13371,1.85350,0.90500,1.40500,1.65900,10
13372,1.79825,1.00700,1.38200,1.65900,10
13373,1.80846,0.94700,1.38500,1.68000,10
13374,1.87785,0.87900,1.35100,1.65900,10
13375,1.83567,0.86300,1.35100,1.67800,10
13376,2.15618,0.99300,1.37200,1.97500,10
13377,1.88049,1.13800,1.39800,1.70700,10
13378,2.33799,0.97600,1.34300,1.66300,10
13379,2.17476,0.85300,2.45000,1.71400,10
13380,1.86517,1.14600,1.34700,1.65400,10
13381,1.79242,1.06100,1.32600,1.66100,10
13382,1.79012,0.96800,1.27000,1.66700,10
13383,2.09593,0.85200,1.45900,1.70700,10
13384,1.98628,0.96800,1.49900,1.85800,10
13385,1.82269,0.90400,1.48000,1.65800,10
13386,1.83612,0.88600,1.41700,1.69000,10
13387,1.98422,0.94200,1.61000,1.65100,10
13388,1.70719,0.89700,1.53200,1.63400,10
13389,1.78987,0.87700,1.47000,1.67200,10
13390,1.88480,0.87400,1.48300,1.68000,10
13391,1.71362,0.85800,1.35100,1.66900,10
13392,1.82886,0.91400,1.34000,1.66800,10
13393,2.15856,0.89400,1.36500,1.98100,10
13394,1.78510,0.92800,1.33100,1.64900,10
13395,1.86254,0.98500,1.34000,1.65900,10
13396,1.95348,0.95400,1.46300,1.67600,10
13397,1.74885,0.91500,1.39200,1.66000,10
13398,1.79529,0.88100,1.29600,1.65300,10
13399,1.85192,0.86100,1.31000,1.67000,10
13400,1.84229,0.90300,1.33700,1.67300,10
13401,1.88986,0.86700,1.39300,1.65300,10
13402,1.94687,0.84300,1.34900,1.85100,10
13403,1.82296,0.84600,1.31000,1.66300,10
13404,1.89744,0.92000,1.35200,1.69100,10
13405,1.83086,0.90400,1.35600,1.69500,10
13406,1.81973,0.88400,1.33800,1.65000,10
13407,1.88317,0.93900,1.39500,1.65300,10
13408,1.94216,0.92700,1.53700,1.66500,10
13409,1.77350,1.04300,1.46700,1.65900,10
13410,1.79919,0.87400,1.43400,1.66300,10
13411,2.18366,0.83600,1.45400,1.99000,10
13412,1.84951,0.80900,1.45900,1.64200,10
13413,1.81563,0.93100,1.38200,1.72800,10
13414,1.96067,0.85100,1.45300,1.71700,10
13415,2.05363,0.84400,1.66800,1.69100,10
13416,1.76560,0.81400,1.56100,1.69000,10
13417,1.71515,0.98700,1.43700,1.65200,10
13418,1.87245,1.28100,1.39800,1.69400,10
13419,2.99883,1.33900,1.65200,1.62200,10
13420,1.68432,1.11700,1.61100,1.66500,10
13421,1.74224,1.10500,1.55700,1.66500,10
13422,1.74278,1.05700,1.47200,1.63500,10
13423,2.58268,1.03000,1.48600,1.66000,10
13424,2.67404,1.03100,3.20400,1.68700,10
13425,1.69571,0.96200,1.55400,1.68700,10
13426,1.84064,0.98900,1.50900,1.68500,10
13427,2.05831,0.97300,1.51400,1.85700,10
13428,2.02470,0.95900,1.55300,1.83800,10
13429,1.84727,0.91400,1.53500,1.67200,10
13430,1.88107,1.11200,1.53300,1.65800,10
13431,1.71101,1.38200,1.41000,1.69600,10
13432,1.97623,1.13900,1.46100,1.68000,10
13433,1.83867,1.19000,1.51900,1.67300,10
13434,1.85225,1.04900,1.55300,1.65000,10
13435,2.32191,0.95300,1.99900,1.82800,10
13436,2.02556,1.14500,1.99800,1.70200,10
13437,2.01572,1.06300,2.03100,1.70300,10
13438,1.78459,1.02500,1.79900,1.68800,10
13439,1.76357,0.89700,1.75300,1.69200,10
13440,1.72336,0.92500,1.70800,1.66400,10
13441,1.72091,0.92600,1.71700,1.66900,10
13442,1.71135,0.88500,1.65000,1.66900,10
13443,1.87927,0.87600,1.70700,1.66700,10
13444,1.91857,0.96300,1.76000,1.69100,10
13445,10.44526,0.88000,1.73000,1.69100,10
13446,2.55411,0.99100,11.02400,1.68500,10
13447,1.85077,1.20100,1.69600,1.64000,10
13448,1.83125,1.37800,1.74700,1.64000,10
13449,2.14025,1.59700,1.84200,1.70300,10
13450,2.33755,1.18700,2.14500,1.71400,10
13451,2.19905,1.08000,2.01400,1.65200,10
13452,2.28775,0.99900,2.29200,1.67200,10
13453,1.79586,0.96700,1.76500,1.69900,10
13454,1.77893,1.00000,1.77900,1.68300,10
13455,1.78384,0.98800,1.77300,1.66800,10
13456,1.75155,0.94500,1.73700,1.71800,10
13457,1.71131,0.98700,1.70900,1.71800,10
13458,10.53943,1.00600,1.62500,1.84200,10
13459,2.48811,1.10800,11.01500,1.88600,10
13460,1.75988,0.99000,1.54700,1.68800,10
13461,3.26406,0.93400,1.54900,1.68900,10
13462,1.85114,0.91300,1.60200,1.64900,10
13463,1.82198,0.91400,1.59700,1.67300,10
13464,1.86197,1.01900,1.53600,1.67500,10
13465,1.84329,1.41900,1.56500,1.68000,10
13466,1.87380,1.19800,1.59000,1.64700,10
13467,2.08661,1.11000,1.94500,1.66800,10
13468,1.71464,1.00200,1.70800,1.65900,10
13469,1.83599,1.07100,1.60700,1.65900,10
13470,2.15054,0.95700,1.52600,1.88500,10
13471,1.82841,0.89100,1.45300,1.65700,10
13472,1.90056,0.89000,1.50000,1.66700,10
13473,1.73649,0.86800,1.38300,1.67600,10
13474,1.85593,0.98200,1.39900,1.66400,10
13475,1.86325,0.93300,1.38000,1.68500,10
13476,1.82350,1.03300,1.36200,1.67200,10
13477,1.97459,0.91300,1.51100,1.64900,10
13478,1.66620,0.96300,1.40800,1.65500,10
13479,2.00653,0.90100,1.33900,1.84500,10
13480,1.88460,0.96700,1.38700,1.66000,10
13481,1.88244,1.02800,1.42600,1.64100,10
13482,1.83022,0.97600,1.40200,1.67100,10
13483,1.88409,0.97000,1.47900,1.66000,10
13484,1.93065,0.90900,1.59300,1.64100,10
13485,1.94242,0.89700,1.75900,1.66300,10
13486,1.86381,1.17900,1.76100,1.66300,10
13487,2.13610,1.42700,1.85200,1.83300,10
13488,1.81050,1.17900,1.69500,1.83300,10
13489,1.94195,1.06900,1.73500,1.67400,10
13490,1.65091,1.35100,1.50800,1.67400,10
13491,1.82132,1.45400,1.51000,1.66800,10
13492,1.87253,1.09300,1.57900,1.64000,10
13493,1.86036,0.98600,1.65100,1.64000,10
13494,1.88355,0.92800,1.67200,1.65300,10
13495,1.82631,0.90700,1.48500,1.84000,10
13496,2.09607,0.89600,1.53800,1.86700,10
13497,1.73424,0.87700,1.43700,1.65800,10
13498,1.94936,0.85700,1.52500,1.66400,10
13499,1.71389,0.82700,1.40900,1.67900,10
13500,1.99608,0.89100,1.55500,1.65100,10
13501,1.81994,0.90000,1.58800,1.64800,10
13502,2.80602,0.86600,1.55300,1.70100,10
13503,1.69358,0.83400,1.45100,1.64600,10
13504,2.03053,0.88500,1.66700,1.64300,10
13505,10.56973,0.86300,2.15600,1.84000,10
13506,2.72696,0.96500,10.93200,1.66700,10
13507,2.21857,0.96200,2.21500,1.66200,10
13508,1.94947,0.89700,1.93000,1.87700,10
13509,1.86930,0.90800,1.86700,1.72900,10
13510,1.57198,0.86800,1.56800,1.72800,10
13511,1.51931,0.83100,1.51100,1.72800,10
13512,1.87858,0.83100,1.52300,1.68600,10
13513,1.99750,0.82500,1.66100,1.67600,10
13514,1.60128,0.83300,1.44500,1.65800,10
13515,1.80470,0.85000,1.41000,1.66500,10
13516,1.86060,0.86700,1.44100,1.67100,10
13517,1.88032,0.82200,1.43500,1.67800,10
13518,2.15093,0.82400,1.40300,2.01800,10
13519,1.77954,0.82100,1.34600,1.67400,10
13520,1.89486,0.82500,1.35500,1.65100,10
13521,1.84522,0.78900,1.36200,1.68300,10
13522,1.80509,0.80200,1.30800,1.67300,10
13523,1.87216,0.82600,1.34100,1.65600,10
13524,1.78638,0.85700,1.33200,1.64800,10
13525,1.82088,0.80300,1.31300,1.65200,10
13526,1.91210,0.77600,1.38400,1.67100,10
13527,2.87419,0.80600,1.39700,1.86300,10
13528,1.77760,0.81800,1.33500,1.68100,10
13529,1.80457,0.83100,1.32200,1.65600,10
13530,1.85631,0.81400,1.34100,1.65900,10
13531,1.84831,0.80500,1.32600,1.65800,10
13532,1.84513,0.82000,1.30900,1.67900,10
13533,2.26195,0.89000,1.77900,1.64900,10
13534,1.45134,0.89000,1.44100,1.64900,10
13535,2.09442,0.94800,1.34600,1.97900,10
13536,1.84979,1.00400,1.40500,1.65200,10
13537,1.85987,0.98500,1.42200,1.67400,10
13538,1.95327,0.90200,1.50300,1.71200,10
13539,1.77749,0.96800,1.46100,1.66600,10
13540,1.90744,0.89800,1.50500,1.65500,10
13541,1.91729,0.88300,1.61400,1.66600,10
13542,1.69480,0.90400,1.45000,1.64000,10
13543,2.78436,1.04200,1.36600,1.70100,10
13544,2.02027,0.90300,1.39600,1.84200,10
13545,1.78211,0.91700,1.35200,1.65200,10
13546,1.82713,0.84500,1.31800,1.65400,10
13547,1.81101,0.82800,1.31500,1.66900,10
13548,1.86949,0.81000,1.32400,1.67300,10
13549,1.94351,1.13300,1.43800,1.66800,10
13550,1.86277,0.91300,1.50100,1.64800,10
13551,1.91746,0.83300,1.57000,1.65000,10
13552,1.96071,0.90600,1.54600,1.84000,10
13553,2.06825,1.08500,1.59500,1.83300,10
13554,1.61182,1.00000,1.41300,1.65700,10
13555,1.95946,0.88800,1.49200,1.67400,10
13556,2.39219,0.88800,2.05000,1.65100,10
13557,2.70499,0.86400,2.72500,1.69100,10
13558,2.27205,0.95700,2.27400,1.69700,10
13559,1.57149,0.87600,1.56100,1.68200,10
13560,1.57002,0.90300,1.55500,1.68200,10
13561,1.71783,0.87600,1.45000,1.70200,10
13562,1.80903,0.83400,1.42900,1.63900,10
13563,1.88045,0.82100,1.48000,1.70100,10
13564,1.84182,0.81200,1.43100,1.69300,10
13565,1.83077,0.86400,1.40900,1.67800,10
13566,1.80460,0.84100,1.36300,1.65200,10
13567,1.84362,0.79800,1.38000,1.66300,10
13568,1.86223,0.78600,1.36000,1.68200,10
13569,1.94687,0.93700,1.46300,1.67000,10
13570,2.21436,0.90700,1.52600,2.00600,10
13571,1.89661,0.91900,1.54100,1.68800,10
13572,2.20712,0.85500,2.04400,1.67900,10
13573,1.82595,0.85500,1.81600,1.64900,10
13574,1.79697,0.86900,1.77200,1.65700,10
13575,1.64981,0.91800,1.65700,1.66700,10
13576,1.75724,0.85400,1.64400,1.66700,10
13577,1.81323,0.91300,1.65400,1.66400,10
13578,2.02934,0.94300,1.63900,1.86000,10
13579,1.88305,0.83600,1.59600,1.66200,10
13580,1.86312,0.92800,1.66900,1.65300,10
13581,1.82297,1.06400,1.66700,1.65300,10
13582,1.81464,1.03200,1.60900,1.69000,10
13583,1.87743,0.93300,1.62600,1.67800,10
13584,2.65221,0.91500,1.61400,1.65300,10
13585,2.43764,0.88500,3.08600,1.70400,10
13586,1.92579,0.85400,1.69100,1.67700,10
13587,2.62475,0.95800,2.13000,1.68300,10
13588,2.15333,1.22500,2.15600,1.68600,10
13589,2.01708,0.86900,2.01000,1.72700,10
13590,1.90501,0.83600,1.89500,1.70900,10
13591,1.92064,0.85900,1.91600,1.67300,10
13592,1.59520,0.86300,1.59000,1.66700,10
13593,1.59444,0.85100,1.58500,1.69500,10
13594,1.85497,0.84400,1.84500,1.66800,10
13595,10.43921,0.84500,1.52700,1.66800,10
13596,2.45325,0.80400,11.10400,1.89400,10
13597,1.64964,0.91800,1.41400,1.66500,10
13598,1.85727,0.93400,1.40300,1.67800,10
13599,1.96823,0.92100,1.34400,1.84200,10
13600,2.20524,0.89100,1.55500,1.80900,10
13601,1.79533,0.90100,1.47700,1.67300,10
13602,1.75983,0.82900,1.43700,1.65200,10
13603,1.77427,0.79600,1.36100,1.68500,10
13604,1.87106,0.80200,1.35400,1.66900,10
13605,1.91588,0.94400,1.40000,1.64800,10
13606,1.82369,1.64300,1.41500,1.65100,10
13607,1.80511,1.28300,1.41600,1.66900,10
13608,1.96879,1.11700,1.37500,1.84400,10
13609,1.87020,1.00800,1.41900,1.64900,10
13610,1.83909,1.07000,1.41600,1.67600,10
13611,1.87778,1.12800,1.40700,1.66000,10
13612,1.77887,1.20700,1.33800,1.67400,10
13613,1.83099,1.10300,1.32300,1.67600,10
13614,1.86559,1.01000,1.39600,1.64100,10
13615,1.96670,0.91600,1.54900,1.65000,10
13616,1.63604,0.93700,1.36100,1.63600,10
13617,2.01314,0.91500,1.36400,1.82800,10
13618,2.00803,0.89700,1.39400,1.80300,10
13619,1.82698,0.88200,1.35800,1.66600,10
13620,2.12055,0.90100,1.64000,1.64600,10
13621,1.60074,0.87300,1.45000,1.64600,10
13622,1.81120,0.88000,1.36400,1.66600,10
13623,1.84399,1.04600,1.38100,1.66300,10
13624,1.79212,0.91400,1.35200,1.65000,10
13625,2.58584,0.84100,1.42300,1.66300,10
13626,2.27797,0.83700,2.75700,1.88200,10
13627,1.92405,0.90800,1.53300,1.67000,10
13628,1.77436,1.01800,1.45000,1.64800,10
13629,1.85493,1.03300,1.41700,1.68300,10
13630,3.22578,0.96100,1.42600,1.69000,10
13631,1.79176,0.91000,1.42400,1.67300,10
13632,1.82910,0.84900,1.41600,1.66400,10
13633,1.79598,0.85700,1.36900,1.66800,10
13634,2.20771,0.92700,1.37300,2.00600,10
13635,1.82187,0.91200,1.37300,1.71400,10
13636,1.88784,0.83600,1.32900,1.66500,10
13637,1.79231,0.86300,1.29800,1.70000,10
13638,2.53621,0.97100,2.05900,1.68000,10
13639,2.05485,0.90100,2.06200,1.66000,10
13640,1.88869,0.85400,1.87000,1.70000,10
13641,1.85042,0.81400,1.83500,1.68300,10
13642,1.69356,0.84100,1.69000,1.89500,10
13643,1.78283,0.82000,1.66400,1.89500,10
13644,1.93386,0.82600,1.74700,1.69100,10
13645,1.81217,0.83500,1.66300,1.70600,10
13646,1.81400,1.06000,1.62300,1.66600,10
13647,1.78237,0.84700,1.53900,1.66900,10
13648,1.91915,0.98700,1.55600,1.68700,10
13649,1.83458,0.97100,1.58800,1.67000,10
13650,1.86771,0.90700,1.64400,1.65700,10
13651,2.01492,0.88500,1.65200,1.66200,10
13652,1.83203,0.87700,1.44600,1.80900,10
13653,1.89945,1.05500,1.49300,1.67900,10
13654,2.04290,1.20200,1.67400,1.66900,10
13655,1.64596,1.54500,1.50500,1.66900,10
13656,1.92602,1.30900,1.58900,1.65800,10
13657,1.60941,1.13100,1.40400,1.66600,10
13658,1.98238,1.05700,1.52100,1.66400,10
13659,1.67532,0.96800,1.42300,1.64600,10
13660,1.95186,1.07500,1.49200,1.69000,10
13661,2.08776,1.10700,1.57900,1.86100,10
13662,1.76219,0.94500,1.44700,1.70400,10
13663,1.99237,1.04600,1.56500,1.67100,10
13664,1.78488,0.96600,1.56600,1.65200,10
13665,1.90188,0.95400,1.66400,1.63800,10
13666,2.04611,1.05500,1.87800,1.68800,10
13667,3.00554,0.92500,1.64600,1.68800,10
13668,1.84615,1.02600,1.53100,1.65500,10
13669,1.95267,0.98300,1.48500,1.80700,10
13670,1.85346,0.96800,1.52200,1.66400,10
13671,1.83207,1.03000,1.54400,1.66900,10
13672,1.72879,1.01200,1.47400,1.63400,10
13673,1.91335,0.88400,1.52200,1.66500,10
13674,1.77532,0.95900,1.46100,1.64600,10
13675,1.85167,0.87000,1.50400,1.63500,10
13676,1.98809,0.86700,1.67600,1.65500,10
13677,10.46969,0.87600,1.46300,1.65800,10
13678,2.78452,1.10400,11.39400,1.67600,10
13679,1.64637,1.37800,1.61500,1.67600,10
13680,1.87805,1.14400,1.68600,1.65400,10
13681,10.43789,1.03400,1.68900,1.65400,10
13682,2.46329,0.97200,10.87700,2.05200,10
13683,1.90489,1.20800,1.53400,1.67300,10
13684,1.89789,0.93800,1.58300,1.63900,10
13685,10.52061,0.85500,1.47400,1.65200,10
13686,2.59354,0.89100,11.19600,1.88500,10
13687,1.80981,1.29100,1.57000,1.66500,10
13688,1.92185,1.40200,1.63200,1.64300,10
13689,1.89081,1.18600,1.55100,1.84100,10
13690,2.15593,1.06800,1.66200,1.66800,10
13691,1.87088,1.07900,1.86300,1.67200,10
13692,1.80681,1.03100,1.75300,1.66600,10
13693,1.72548,0.99800,1.66800,1.66600,10
13694,1.86246,1.00800,1.63500,1.67800,10
13695,1.91396,0.92300,1.65700,1.68400,10
13696,1.92737,0.93200,1.77000,1.66400,10
13697,1.77614,0.91900,1.73800,1.66400,10
13698,10.49532,0.88700,1.56600,1.64900,10
13699,2.75477,1.07300,11.36200,1.63400,10
13700,1.76923,1.25600,1.58900,1.63400,10
13701,1.74162,1.16300,1.50000,1.64600,10
13702,2.14578,1.45000,1.49700,1.97500,10
13703,1.85725,1.09200,1.52700,1.65300,10
13704,2.13837,0.95700,1.81700,1.71100,10
13705,1.91307,0.92300,1.90600,1.65500,10
13706,1.91535,0.87300,1.90700,1.65100,10
13707,1.80794,0.85500,1.79100,1.64300,10
13708,1.71993,0.84200,1.71300,1.71100,10
13709,3.11299,0.90200,1.71600,1.71100,10
13710,1.90758,0.95600,1.58200,1.84400,10
13711,1.80591,0.86300,1.57000,1.65400,10
13712,1.93492,0.85400,1.63500,1.66900,10
13713,1.81864,0.86200,1.61600,1.65200,10
13714,1.86767,0.93000,1.68300,1.66800,10
13715,1.85309,0.90100,1.70300,1.64900,10
13716,1.75472,0.91900,1.64400,1.64900,10
13717,1.79527,0.81400,1.58800,1.66700,10
13718,1.76327,0.81400,1.52100,1.66400,10
13719,2.19567,0.88300,1.52600,2.00200,10
13720,1.84281,0.82100,1.53700,1.67100,10
13721,1.79182,0.97500,1.49300,1.68000,10
13722,1.85909,0.83900,1.45100,1.69500,10
13723,1.85144,0.80400,1.48600,1.67900,10
13724,2.19312,0.83200,1.89100,1.66700,10
13725,1.69926,0.99800,1.70400,1.66700,10
13726,2.04626,0.91700,1.71100,1.87500,10
13727,1.76743,0.93100,1.63400,1.66000,10
13728,2.03405,0.93200,1.63200,1.85300,10
13729,1.72546,0.90900,1.53800,1.64000,10
13730,1.84219,0.85500,1.56100,1.65000,10
13731,1.73752,0.84100,1.47100,1.64500,10
13732,2.01996,0.85300,1.62600,1.66800,10
13733,2.04615,0.88300,1.46900,1.67500,10
13734,2.56836,0.90500,2.24100,1.89400,10
13735,1.93462,0.94600,1.50900,1.66200,10
13736,2.08279,0.89700,1.44700,1.97900,10
13737,1.79541,0.85700,1.39500,1.67900,10
13738,1.84295,0.87900,1.36400,1.66500,10
13739,1.89164,0.89300,1.40200,1.69700,10
13740,1.87130,0.88900,1.43300,1.66500,10
13741,1.94568,0.86500,1.54700,1.67000,10
13742,1.71062,0.92200,1.47200,1.62200,10
13743,1.84359,0.96100,1.46100,1.66000,10
13744,1.82846,0.85500,1.45400,1.65400,10
13745,2.11719,0.80800,1.57500,1.83000,10
13746,1.67415,0.87700,1.45600,1.64100,10
13747,1.99558,0.89800,1.57000,1.68500,10
13748,1.72488,0.92300,1.45100,1.66800,10
13749,2.35637,0.91200,1.94200,1.66000,10
13750,2.81431,1.08200,1.54100,1.66000,10
13751,2.64945,1.01300,3.73400,1.67100,10
13752,1.98385,0.93000,1.97500,1.67100,10
13753,2.05951,0.95000,1.94100,1.67600,10
13754,2.31435,0.95700,1.93700,1.70400,10
13755,1.83230,1.02900,1.83000,1.71900,10
13756,1.81299,0.92500,1.80900,1.68000,10
13757,1.71379,0.90400,1.71400,1.65900,10
13758,1.67916,0.84600,1.66700,1.68400,10
13759,1.62221,0.84600,1.58400,1.68400,10
13760,2.17969,0.89500,1.89200,1.66300,10
13761,1.70182,0.90400,1.69900,1.66300,10
13762,1.95208,0.90300,1.70500,1.65400,10
13763,1.70579,0.82200,1.57000,1.65400,10
13764,1.85424,0.83500,1.52700,1.69000,10
13765,1.81868,0.83600,1.51400,1.64900,10
13766,1.93456,0.80800,1.63800,1.67600,10
13767,2.04081,0.87700,1.55500,1.66000,10
13768,1.73455,0.95200,1.67900,1.66000,10
13769,1.59942,0.93900,1.49100,1.65700,10
13770,1.86098,0.90800,1.51100,1.65800,10
13771,2.37132,0.91900,1.69300,1.68200,10
13772,1.72618,0.93500,1.61200,1.68200,10
13773,1.82737,0.97400,1.58600,1.63100,10
13774,1.73186,0.83800,1.46500,1.71400,10
13775,1.85308,0.81400,1.44500,1.68700,10
13776,1.85555,0.81400,1.44900,1.65600,10
13777,1.83899,0.90300,1.51800,1.64200,10
13778,1.64342,0.96700,1.36300,1.63100,10
13779,1.86160,0.84400,1.39300,1.63300,10
13780,2.10595,0.95900,1.57000,1.82600,10
13781,1.84750,1.06000,1.58100,1.66300,10
13782,1.88999,1.08200,1.57800,1.67300,10
13783,1.78281,1.05100,1.52700,1.65400,10
13784,1.83388,1.03000,1.52900,1.66100,10
13785,1.79724,1.03000,1.49900,1.64400,10
13786,1.83779,0.99300,1.50100,1.65900,10
13787,1.79895,0.84300,1.50000,1.66400,10
13788,1.84749,0.84100,1.44100,1.65700,10
13789,2.13118,0.85700,1.38300,2.00700,10
13790,1.84871,0.87500,1.38400,1.68400,10
13791,1.82261,0.81800,1.34000,1.68200,10
13792,2.85155,0.84500,1.45600,1.70500,10
13793,1.81892,0.83900,1.53400,1.65300,10
13794,1.83099,0.86400,1.44500,1.67900,10
13795,2.40082,0.89500,2.14100,1.66300,10
13796,1.96188,0.85700,1.96400,1.81200,10
13797,1.84581,0.88800,1.83000,1.66200,10
13798,2.08189,0.84400,2.06900,1.70700,10
13799,1.89968,0.83400,1.89700,1.72800,10
13800,1.85322,0.87800,1.84700,1.70100,10
13801,1.86545,0.84600,1.85200,1.67700,10
13802,1.87218,0.82000,1.86900,1.69700,10
13803,1.79501,0.84200,1.77800,1.68900,10
13804,1.75397,0.91300,1.74600,1.68800,10
13805,1.77049,0.82200,1.76400,1.90300,10
13806,1.63770,0.86500,1.62100,1.90300,10
13807,2.13007,0.85200,1.67600,1.64900,10
13808,1.79367,0.89700,1.60700,1.64900,10
13809,1.92105,0.97900,1.61800,1.65600,10
13810,1.78110,1.64900,1.60900,1.66400,10
13811,1.76553,1.28900,1.57500,1.66400,10
13812,1.79753,1.20700,1.54500,1.64400,10
13813,2.05062,1.14700,1.76700,1.63400,10
13814,1.86057,1.28700,1.84000,1.83100,10
13815,1.89041,1.16600,1.72900,1.63500,10
13816,1.75678,0.98300,1.61500,1.63500,10
13817,1.80919,0.92800,1.60600,1.69200,10
13818,1.77778,0.89800,1.54900,1.63900,10
13819,1.95062,0.98600,1.65200,1.68400,10
13820,1.73271,1.03500,1.56900,1.66800,10
13821,1.88231,0.95900,1.58200,1.64700,10
13822,1.93375,0.99600,1.69300,1.65300,10
13823,1.92438,0.94100,1.79100,1.65300,10
13824,2.24667,0.99200,1.98000,1.66300,10
13825,2.10783,1.12700,2.05500,1.66600,10
13826,1.79175,1.32300,1.79300,1.69900,10
13827,1.77091,1.14200,1.77800,1.67900,10
13828,1.61149,1.00000,1.60200,1.68200,10
13829,1.75590,0.98700,1.61800,1.68200,10
13830,1.80618,0.90500,1.57800,1.65500,10
13831,2.03134,0.86000,1.75000,1.67800,10
13832,1.94617,0.86500,1.76600,1.66100,10
13833,1.70670,0.87800,1.61300,1.66100,10
13834,3.12960,0.86400,1.49800,1.72200,10
13835,1.75142,0.88700,1.45300,1.64400,10
13836,2.46532,0.91900,1.49400,1.66400,10
13837,2.28656,0.96800,2.67600,1.73300,10
13838,1.85866,0.91900,1.54600,1.65800,10
13839,1.70699,0.85100,1.44100,1.64200,10
13840,2.02771,0.84300,1.41800,1.86500,10
13841,1.98082,0.83400,1.38900,1.83300,10
13842,1.85121,0.84700,1.39000,1.67900,10
13843,1.81522,0.82700,1.37500,1.67000,10
13844,1.93916,0.86100,1.47400,1.66700,10
13845,1.79916,0.85200,1.46700,1.64700,10
13846,1.83317,0.81700,1.49200,1.64900,10
13847,1.83614,0.78700,1.49000,1.67000,10
13848,1.84597,0.81500,1.49700,1.63600,10
13849,2.05202,0.90100,1.53800,1.84700,10
13850,1.89848,0.85600,1.61200,1.66100,10
13851,1.95873,0.88700,1.66200,1.65600,10
13852,1.74054,0.91700,1.57200,1.65600,10
13853,2.05890,0.86600,1.79700,1.64200,10
13854,1.50274,0.90300,1.49900,1.64200,10
13855,1.82013,0.89400,1.45400,1.66600,10
13856,1.79349,0.89900,1.41400,1.64600,10
13857,1.93958,0.83300,1.52800,1.63800,10
13858,1.95738,0.93500,1.44500,1.86000,10
13859,1.97354,0.87600,1.42300,1.80800,10
13860,1.99929,0.85800,1.56800,1.67600,10
13861,1.98123,0.88000,1.71100,1.65200,10
13862,2.14231,0.91600,2.13700,1.66800,10
13863,1.95715,0.90100,1.93500,1.69300,10
13864,1.83464,0.86000,1.82100,1.70100,10
13865,1.80526,1.05400,1.80100,1.72300,10
13866,1.70536,1.08300,1.71300,1.72300,10
13867,1.92281,0.90700,1.76000,1.64200,10
13868,1.66896,1.00200,1.66200,1.64200,10
13869,1.84784,1.07300,1.59800,1.68500,10
13870,1.80897,0.96200,1.53300,1.66500,10
13871,2.08289,0.99400,1.76300,1.64300,10
13872,1.60457,0.92400,1.56100,1.64300,10
13873,1.96883,0.95300,1.68600,1.65800,10
13874,1.74433,1.11900,1.66800,1.65800,10
13875,2.60904,1.03800,1.68800,1.63800,10
13876,2.28718,0.96700,2.86100,1.88500,10
13877,2.19727,0.92900,1.83500,1.64500,10
13878,1.73620,0.86600,1.73600,1.64500,10
13879,1.75243,0.83000,1.63800,1.63500,10
13880,1.81425,0.83300,1.60800,1.66300,10
13881,1.87281,0.84500,1.59300,1.70100,10
13882,1.83290,0.82000,1.61100,1.64500,10
13883,1.82570,0.82800,1.59800,1.65900,10
13884,2.08457,0.85300,1.66700,1.85400,10
13885,1.76058,0.84600,1.64600,1.65200,10
13886,1.96025,0.86100,1.71600,1.68100,10
13887,1.71691,0.85000,1.60400,1.64600,10
13888,2.19363,0.83200,2.00100,1.66000,10
13889,1.60003,1.00900,1.59800,1.66000,10
13890,1.71050,0.92400,1.62800,1.65700,10
13891,1.90634,0.84200,1.73000,1.66200,10
13892,1.79166,0.92300,1.68100,1.66200,10
13893,1.90447,0.87800,1.56900,1.67800,10
13894,2.01847,0.84800,1.60000,1.81600,10
13895,1.97132,0.85000,1.66700,1.66100,10
13896,1.73275,0.84000,1.57300,1.66700,10
13897,1.77970,0.85900,1.52300,1.66600,10
13898,1.95434,0.85900,1.61300,1.66500,10
13899,1.78598,0.84700,1.56300,1.66800,10
13900,1.95700,0.96300,1.67700,1.66200,10
13901,1.76278,0.93300,1.66100,1.64300,10
13902,2.13180,0.94800,1.83600,1.67200,10
13903,1.77737,0.91500,1.74500,1.67200,10
13904,1.68520,0.87200,1.56200,1.68500,10
13905,1.95465,0.89100,1.67400,1.65800,10
13906,1.83524,0.83700,1.64600,1.66100,10
13907,1.89467,0.86000,1.62900,1.67600,10
13908,1.67141,0.91600,1.56500,1.67600,10
13909,1.79276,0.85600,1.52000,1.65900,10
13910,1.92557,0.81300,1.59900,1.66100,10
13911,1.96959,0.86600,1.54900,1.67900,10
13912,1.98200,0.85400,1.53800,1.84200,10
13913,1.91574,0.83900,1.57200,1.70800,10
13914,1.88024,0.90000,1.59900,1.68600,10
13915,2.01507,0.89200,1.67400,1.66800,10
13916,1.76383,0.92400,1.65000,1.66800,10
13917,2.15747,0.88800,1.46900,1.63700,10
13918,2.13648,0.82100,2.46000,1.71200,10
13919,10.61257,0.89800,1.31300,1.66300,10
13920,2.67459,0.88400,11.32200,1.65400,10
13921,1.55508,0.92600,1.45500,1.65400,10
13922,2.57360,0.85700,2.17900,1.65600,10
13923,2.80886,0.86900,2.79100,2.03700,10
13924,1.70185,0.97800,1.66100,1.70200,10
13925,1.58500,1.25400,1.52000,1.68600,10
13926,1.51841,1.43900,1.51600,1.68600,10
13927,1.84204,1.33300,1.59500,1.67800,10
13928,1.82972,1.15700,1.61400,1.66400,10
13929,2.00700,1.11000,1.77600,1.66600,10
13930,1.55165,1.12800,1.49000,1.66600,10
13931,1.88367,1.07600,1.50900,1.65300,10
13932,2.11233,1.23900,1.58700,1.86600,10
13933,1.65638,1.31900,1.46000,1.64200,10
13934,1.81968,1.15400,1.38300,1.69700,10
13935,1.85046,1.05800,1.35600,1.68500,10
13936,1.87719,1.08800,1.40900,1.66100,10
13937,1.85374,1.23800,1.40800,1.65300,10
13938,2.00631,1.17600,1.62100,1.71900,10
13939,3.18117,0.97500,1.59200,1.67000,10
13940,10.50953,1.00700,1.45300,1.84800,10
13941,2.47915,0.96000,10.91400,1.64200,10
13942,1.91083,0.97100,1.88000,1.69300,10
13943,1.80155,0.98000,1.74500,1.64600,10
13944,10.39980,0.89200,1.41000,1.64600,10
13945,2.59789,0.90000,11.26900,1.90100,10
13946,1.79839,0.88400,1.63200,1.64500,10
13947,1.59694,0.88000,1.33800,1.67000,10
13948,2.03456,0.84700,1.34400,1.84400,10
13949,1.96924,0.83700,1.32400,1.81600,10
13950,1.87089,0.84600,1.37400,1.63900,10
13951,1.94870,0.85200,1.43900,1.68900,10
13952,1.86329,0.91100,1.47300,1.66700,10
13953,1.90980,0.91100,1.57800,1.65300,10
13954,1.75405,0.84400,1.55000,1.64500,10
13955,1.90143,0.84400,1.59700,1.68600,10
13956,1.66439,0.88600,1.43300,1.65500,10
13957,2.02084,0.87100,1.40900,1.83600,10
13958,2.27254,0.88300,1.43900,1.64900,10
13959,2.28647,0.81200,2.52300,1.70100,10
13960,1.79370,0.81800,1.48100,1.66800,10
13961,1.74363,0.85100,1.38600,1.65100,10
13962,1.81936,1.16900,1.32100,1.67300,10
13963,1.82719,0.92400,1.35900,1.65900,10
13964,1.84722,0.85500,1.33800,1.67100,10
13965,1.90216,0.84500,1.40200,1.66500,10
13966,2.23949,0.93100,1.46200,2.01500,10
13967,2.06661,0.89400,1.71100,1.67300,10
13968,1.68170,0.94000,1.53600,1.69000,10
13969,1.80454,0.85000,1.47800,1.65300,10
13970,1.75999,1.00000,1.37000,1.65700,10
13971,1.87389,0.99000,1.41400,1.66600,10
13972,1.95054,1.05000,1.54400,1.66300,10
13973,1.73785,0.95700,1.44100,1.67500,10
13974,1.92125,0.95800,1.44700,1.65700,10
13975,2.04842,0.94600,1.49700,1.86700,10
13976,1.97529,0.92000,1.66000,1.69500,10
13977,1.75297,0.90100,1.56700,1.65900,10
13978,1.73457,0.90400,1.45800,1.64300,10
13979,1.85393,0.92900,1.41600,1.66100,10
13980,1.84092,1.08000,1.43500,1.66300,10
13981,1.76477,1.05400,1.37300,1.66100,10
13982,1.77348,1.10300,1.34300,1.65000,10
13983,1.86154,0.99900,1.33800,1.64900,10
13984,2.22657,1.08700,1.39800,2.00100,10
13985,1.79560,1.01200,1.36100,1.67300,10
13986,1.92678,1.02800,1.44300,1.66900,10
13987,1.89990,1.07400,1.55800,1.66100,10
13988,1.84239,1.05300,1.54300,1.66600,10
13989,2.00244,1.01400,1.73500,1.65100,10
13990,1.83545,1.06400,1.74100,1.64500,10
13991,1.74625,1.07500,1.69500,1.64500,10
13992,1.89130,1.13700,1.53700,1.82600,10
13993,1.83197,1.04700,1.52500,1.66200,10
13994,1.93073,1.08400,1.59800,1.67700,10
13995,1.78457,0.92700,1.53900,1.68000,10
13996,1.84605,0.89800,1.56200,1.63400,10
13997,1.81415,0.87500,1.49800,1.67900,10
13998,2.27744,0.92000,1.93100,1.71100,10
13999,2.64341,0.98600,2.10800,1.66800,10
14000,2.16590,0.99700,2.16300,1.85000,10
14001,2.21683,0.95900,2.21000,1.85200,10
14002,2.21185,1.06400,2.20600,1.70500,10
14003,2.00876,0.96000,1.96000,1.72900,10
14004,1.74494,0.95200,1.77000,1.69000,10
14005,1.61285,0.84800,1.60100,1.66200,10
14006,1.73322,1.22400,1.66900,1.70300,10
14007,1.51850,1.42000,1.49800,1.70300,10
14008,1.93873,1.16000,1.56500,1.66700,10
14009,1.87968,1.11900,1.67900,1.64100,10
14010,2.07242,1.03000,1.69000,1.87000,10
14011,1.67697,0.91400,1.51500,1.66900,10
14012,1.84106,0.85600,1.44600,1.66800,10
14013,1.95981,1.00200,1.60100,1.67500,10
14014,1.88234,0.96900,1.66400,1.64300,10
14015,1.78476,0.87400,1.60000,1.66500,10
14016,2.04641,0.85200,1.82600,1.65000,10
14017,2.29195,0.85600,2.29400,1.86400,10
14018,2.15323,0.88900,2.15100,1.84100,10
14019,1.81889,0.85100,1.80800,1.67600,10
14020,1.77303,1.15900,1.75300,1.69500,10
14021,1.64846,0.97800,1.65000,1.65700,10
14022,1.64051,0.90500,1.63500,1.65700,10
14023,1.61302,0.82100,1.47400,1.69100,10
14024,1.76127,0.84600,1.41700,1.63700,10
14025,1.89040,0.86700,1.46000,1.66200,10
14026,1.78450,0.87300,1.38900,1.66000,10
14027,2.03787,0.91500,1.37700,1.86400,10
14028,1.80032,0.85500,1.35700,1.65500,10
14029,1.84382,0.86500,1.37400,1.67100,10
14030,1.90425,0.86600,1.45500,1.64700,10
14031,1.85114,0.98300,1.47500,1.66800,10
14032,2.02486,0.89800,1.64900,1.66400,10
14033,1.67248,0.92900,1.45500,1.68100,10
14034,2.07104,0.99200,1.84800,1.66600,10
14035,1.62521,1.02600,1.47500,1.67600,10
14036,2.02793,1.01100,1.48000,1.83500,10
14037,1.92119,0.99500,1.43500,1.81400,10
14038,1.82233,0.90900,1.39100,1.66500,10
14039,1.95438,0.99900,1.47000,1.68400,10
14040,2.76883,1.11600,1.47000,1.67500,10
14041,2.27624,0.92100,3.01300,1.68200,10
14042,2.61440,0.93400,1.39100,1.68600,10
14043,2.18058,0.97100,2.85400,1.68600,10
14044,1.94015,1.04100,1.38000,1.83400,10
14045,2.03012,1.09200,1.49800,1.64800,10
14046,1.67478,0.97700,1.39600,1.68800,10
14047,1.83949,0.92500,1.39300,1.65500,10
14048,1.83749,0.89400,1.37100,1.67000,10
14049,2.01732,1.07500,1.54100,1.66800,10
14050,1.76451,1.17500,1.52100,1.67300,10
14051,1.76043,1.05700,1.41000,1.65100,10
14052,2.03031,1.41500,1.62000,1.67500,10
14053,2.04279,1.03900,1.47400,2.02500,10
14054,1.82134,0.97500,1.45200,1.64500,10
14055,2.21485,0.98900,1.74600,1.65200,10
14056,1.65107,1.01800,1.58700,1.65200,10
14057,1.81061,1.02800,1.58800,1.66100,10
14058,1.91541,0.97600,1.70900,1.66900,10
14059,1.76612,1.00500,1.60400,1.66900,10
14060,1.84909,0.93900,1.59500,1.67500,10
14061,1.76800,1.00100,1.57800,1.67300,10
14062,2.11303,1.02600,1.66000,1.84400,10
14063,1.76610,0.97800,1.51300,1.65900,10
14064,1.98174,0.96400,1.65100,1.70400,10
14065,1.85092,0.91000,1.65100,1.67000,10
14066,2.04023,1.04500,1.85400,1.66800,10
14067,1.61704,1.10200,1.59900,1.66800,10
14068,1.69555,1.20500,1.46300,1.69100,10
14069,1.82668,1.08100,1.38400,1.67000,10
14070,2.44977,1.41900,1.77900,1.81900,10
14071,1.87205,1.18700,1.75600,1.64600,10
14072,1.68229,1.24300,1.55600,1.64600,10
14073,1.78973,1.15400,1.49400,1.68200,10
14074,1.99941,0.99900,1.61500,1.70700,10
14075,1.90730,0.95500,1.68600,1.66800,10
14076,1.72836,0.92600,1.56900,1.66800,10
14077,1.85082,1.01600,1.57200,1.68500,10
14078,1.80388,1.05900,1.50100,1.64000,10
14079,2.07030,1.05100,1.52400,1.87200,10
14080,1.83733,0.96100,1.52700,1.66200,10
14081,2.56826,0.96400,1.33900,1.67200,10
14082,2.11405,0.93500,2.81300,1.67200,10
14083,2.39062,0.98600,2.18200,1.72200,10
14084,1.99300,1.09700,1.74800,1.70500,10
14085,2.01187,1.15200,1.75400,1.66400,10
14086,1.66832,1.02200,1.56000,1.66400,10
14087,10.60288,0.95400,1.56300,1.64500,10
14088,2.49477,1.06100,11.03600,1.89600,10
14089,1.78744,1.21200,1.65300,1.64700,10
14090,1.80044,1.04300,1.55000,1.66500,10
14091,2.09789,1.06600,1.63000,1.83600,10
14092,1.75601,1.00200,1.58600,1.63200,10
14093,1.82900,1.08700,1.57300,1.67600,10
14094,1.81455,0.96400,1.55400,1.65200,10
14095,1.83353,0.98900,1.50300,1.66600,10
14096,1.87714,1.00300,1.55300,1.65900,10
14097,1.96452,1.02500,1.73300,1.66100,10
14098,1.65853,1.04600,1.50300,1.65600,10
14099,1.82178,0.97600,1.52300,1.66400,10
14100,2.03889,1.07700,1.53900,1.85200,10
14101,2.07700,1.06400,1.62400,1.81900,10
14102,1.86247,1.15100,1.68700,1.66700,10
14103,1.75189,1.10400,1.57300,1.69700,10
14104,1.86669,1.03000,1.60700,1.66500,10
14105,2.39278,1.12500,2.14700,1.65400,10
14106,2.11506,0.93700,2.12100,1.68700,10
14107,1.98700,0.85400,1.97400,1.67900,10
14108,2.09096,0.86300,1.98400,1.89200,10
14109,2.02218,1.46100,2.06400,1.68500,10
14110,2.02538,1.38400,2.03400,1.74200,10
14111,1.98244,1.19400,1.96300,1.74300,10
14112,1.99343,1.10200,1.96600,1.69100,10
14113,1.97162,1.12500,1.97100,1.69000,10
14114,1.89590,1.07800,1.89300,1.66200,10
14115,1.94839,1.08600,1.93900,1.68400,10
14116,1.90969,1.01500,1.89800,1.65600,10
14117,1.89602,0.99800,1.88100,2.02200,10
14118,1.90932,1.05000,1.88600,1.69100,10
14119,1.93696,1.17100,1.94200,1.71500,10
14120,1.86320,0.94500,1.85900,1.72100,10
14121,1.72914,0.94200,1.72500,1.69500,10
14122,1.99352,1.30300,1.93800,1.68600,10
14123,2.62400,1.36800,1.62200,1.71800,10
14124,2.25650,1.34500,3.11000,1.71800,10
14125,1.85222,1.09600,1.58900,1.66200,10
14126,2.05031,0.99600,1.56300,1.84600,10
14127,1.79569,0.95000,1.48300,1.67700,10
14128,1.84221,0.93000,1.47600,1.67300,10
14129,2.22835,1.51700,1.59700,1.67700,10
14130,1.62984,1.56700,1.49000,1.68500,10
14131,1.76928,1.57200,1.46800,1.68500,10
14132,1.84700,1.33000,1.54200,1.63500,10
14133,1.76337,1.18500,1.46800,1.65300,10
14134,2.26250,1.03900,1.52900,1.88900,10
14135,2.59809,1.10800,2.48500,1.73900,10
14136,1.96656,1.00300,1.96700,1.71900,10
14137,1.89421,0.92600,1.88000,1.69000,10
14138,1.74683,0.98100,1.73600,1.70400,10
14139,1.72401,1.10500,1.72100,1.68600,10
14140,1.60645,1.04300,1.61200,1.67400,10
14141,1.47413,0.88300,1.45700,1.67400,10
14142,1.89073,0.85100,1.53100,1.65500,10
14143,1.98327,0.84100,1.50100,1.81800,10
14144,1.72718,0.82900,1.40800,1.66300,10
14145,3.00806,0.80200,1.51500,1.71000,10
14146,1.92417,0.80400,1.66600,1.66100,10
14147,1.74749,1.00400,1.54700,1.66100,10
14148,1.76296,1.38500,1.47100,1.64900,10
14149,1.85669,1.34100,1.47700,1.67100,10
14150,1.79360,1.20600,1.40900,1.67400,10
14151,2.13939,1.08400,1.51900,1.85200,10
14152,1.85768,1.09200,1.44600,1.80500,10
14153,1.89796,1.08800,1.43500,1.66600,10
14154,1.94173,1.04200,1.47000,1.67200,10
14155,2.30171,1.03700,1.96400,1.63200,10
14156,2.67345,0.95300,2.68000,1.70100,10
14157,2.32866,0.99000,2.33100,1.66700,10
14158,1.92163,0.91600,1.90200,1.65400,10
14159,1.92511,0.93500,1.92100,1.87100,10
14160,1.90249,0.94400,1.82700,1.68600,10
14161,1.65357,1.58800,1.64100,1.67700,10
14162,1.64526,1.35200,1.66900,1.65700,10
14163,1.56648,1.23800,1.55800,1.65700,10
14164,1.67277,1.12900,1.43900,1.67200,10
14165,2.74648,1.02400,1.40800,1.70400,10
14166,1.83487,0.98500,1.44200,1.65300,10
14167,1.89589,0.95300,1.66600,1.68000,10
14168,2.12035,0.96700,1.38100,1.97000,10
14169,1.83576,0.97000,1.37100,1.65900,10
14170,1.83574,1.14300,1.40500,1.65700,10
14171,1.83863,0.99900,1.39600,1.68900,10
14172,1.80914,0.94200,1.39100,1.66300,10
14173,2.08530,0.88100,1.60500,1.67500,10
14174,2.04426,0.97600,1.84800,1.67900,10
14175,1.97658,1.01700,1.85000,1.70600,10
14176,1.59259,0.87500,1.48900,1.70600,10
14177,2.00209,0.93000,1.46700,1.86800,10
14178,1.92757,0.86000,1.56400,1.65900,10
14179,1.68318,0.82700,1.39700,1.68200,10
14180,2.30302,0.84800,1.86200,1.68000,10
14181,1.65454,0.88600,1.65300,1.68000,10
14182,1.59343,0.84300,1.43200,1.65100,10
14183,1.91698,0.82800,1.49100,1.66800,10
14184,1.74391,0.84500,1.42800,1.64000,10
14185,1.87076,0.83900,1.45000,1.68000,10
14186,2.26555,0.86600,1.55400,1.98900,10
14187,1.80068,0.93800,1.55100,1.64500,10
14188,1.89967,0.86600,1.56400,1.68000,10
14189,1.81950,0.91900,1.58100,1.65100,10
14190,1.80991,0.88900,1.53600,1.67600,10
14191,1.81333,0.89300,1.52000,1.64000,10
14192,1.93220,0.85700,1.65800,1.65100,10
14193,1.74051,0.84200,1.56700,1.64700,10
14194,1.67723,0.82100,1.36100,1.66000,10
14195,2.02989,0.90700,1.37900,1.84200,10
14196,1.83947,0.86500,1.36400,1.65200,10
14197,1.95417,0.85800,1.50000,1.68600,10
14198,1.91641,0.87400,1.63000,1.66600,10
14199,1.91903,0.82800,1.69100,1.65200,10
14200,1.66611,0.84400,1.54000,1.66200,10
14201,1.82573,0.82000,1.48200,1.66700,10
14202,1.76476,0.85700,1.41100,1.66100,10
14203,1.78596,0.98200,1.38400,1.67900,10
14204,2.16915,0.92400,1.35200,1.99900,10
14205,1.93565,0.87800,1.42700,1.68300,10
14206,2.60818,0.98300,1.38800,1.66700,10
14207,2.11352,0.86300,2.75600,1.69700,10
14208,1.96412,0.91200,1.40900,1.66200,10
14209,1.73254,0.93500,1.34500,1.67000,10
14210,2.71683,0.96600,2.19100,1.64400,10
14211,2.65962,0.96800,2.66400,1.88700,10
14212,1.99819,0.89800,1.98600,1.63800,10
14213,1.89836,0.87500,1.88200,1.66200,10
14214,1.80170,0.89400,1.79300,1.71100,10
14215,1.62075,0.86800,1.61500,1.67500,10
14216,1.65647,0.94500,1.64700,1.67500,10
14217,1.75807,0.94800,1.59700,1.67000,10
14218,1.77358,0.87600,1.58400,1.67100,10
14219,1.80302,0.82700,1.48300,1.66600,10
14220,2.01270,0.81700,1.46800,1.83100,10
14221,1.98733,0.88400,1.47000,1.82600,10
14222,1.84944,1.00400,1.47100,1.71000,10
14223,1.90218,0.91600,1.49900,1.67800,10
14224,1.70360,0.85700,1.34800,1.65500,10
14225,1.85806,0.89400,1.32800,1.65500,10
14226,2.00679,1.04100,1.50400,1.65600,10
14227,2.23066,1.51200,1.94200,1.65400,10
14228,1.90404,1.28600,1.89600,1.66800,10
14229,1.73366,1.15500,1.73200,1.86700,10
14230,2.28845,1.06900,2.17900,1.69100,10
14231,2.40995,1.01600,2.33500,1.67600,10
14232,1.78661,1.25800,1.79500,1.69900,10
14233,1.58125,1.21800,1.59100,1.68100,10
14234,1.53034,1.07300,1.53000,1.64800,10
14235,1.64402,0.97300,1.54200,1.64800,10
14236,1.78128,0.99400,1.51700,1.65600,10
14237,1.80732,0.95400,1.45600,1.67000,10
14238,2.01585,0.92900,1.44400,1.84200,10
14239,1.91105,0.89200,1.51300,1.67000,10
14240,1.77597,0.86600,1.46600,1.65000,10
14241,1.93863,0.99600,1.51500,1.66300,10
14242,1.73610,0.87200,1.44400,1.64300,10
14243,1.90815,0.88100,1.49500,1.65200,10
14244,1.78312,0.92600,1.48000,1.64600,10
14245,1.90760,0.85300,1.55500,1.68100,10
14246,1.70001,0.87100,1.46100,1.63800,10
14247,2.28159,0.85700,1.43800,1.83400,10
14248,3.22028,0.80300,2.21800,1.70100,10
14249,2.46220,0.83000,2.83900,1.68200,10
14250,1.92610,0.96900,1.62400,1.67200,10
14251,1.79506,1.10200,1.59000,1.65000,10
14252,1.69889,1.02400,1.44600,1.64200,10
14253,1.79944,0.92500,1.42000,1.65600,10
14254,1.85717,0.87400,1.45300,1.66500,10
14255,2.19382,1.01800,1.47700,1.99200,10
14256,1.85196,0.93700,1.49800,1.66100,10
14257,1.92848,0.87100,1.51300,1.70000,10
14258,1.73756,0.86000,1.42600,1.64600,10
14259,1.91794,0.90800,1.45300,1.68300,10
14260,1.80128,0.94800,1.44100,1.65500,10
14261,1.88734,0.90100,1.49200,1.70300,10
14262,1.79453,0.86200,1.45100,1.66700,10
14263,1.93061,0.86400,1.52500,1.65900,10
14264,2.08595,0.85000,1.64300,1.84800,10
14265,1.78853,0.84300,1.57600,1.63800,10
14266,1.75744,0.83300,1.44600,1.65400,10
14267,1.75112,0.97700,1.38500,1.63500,10
14268,1.76086,0.98900,1.34200,1.63200,10
14269,1.81163,0.95500,1.34600,1.64700,10
14270,1.90877,1.02300,1.40400,1.66100,10
14271,1.81421,1.03400,1.39800,1.67500,10
14272,1.81825,1.01100,1.37100,1.66900,10
14273,2.21739,1.02100,1.39900,2.00900,10
14274,1.84020,1.01600,1.44200,1.66100,10
14275,1.85284,1.01700,1.42500,1.68100,10
14276,2.00426,0.98800,1.64000,1.68000,10
14277,1.66773,1.05600,1.42400,1.65400,10
14278,1.89836,1.00000,1.46200,1.67400,10
14279,1.74755,1.07400,1.35800,1.68300,10
14280,1.84984,0.99700,1.34900,1.65100,10
14281,2.37966,1.15600,2.04500,1.86100,10
14282,1.70318,0.95300,1.69800,1.86100,10
14283,1.66779,0.93600,1.48100,1.68100,10
14284,1.76041,0.86500,1.40800,1.65300,10
14285,1.86329,0.86200,1.40900,1.68300,10
14286,1.90140,0.94900,1.50300,1.65200,10
14287,1.82921,0.93500,1.50900,1.65000,10
14288,2.68814,0.89400,1.48700,1.65900,10
14289,2.26471,0.87300,2.94100,1.69400,10
14290,1.99683,0.91100,1.51300,1.83800,10
14291,1.98505,0.88700,1.49600,1.79400,10
14292,1.83183,0.92700,1.47000,1.66400,10
14293,1.90131,0.88700,1.54700,1.70400,10
14294,1.77002,0.94200,1.46300,1.64700,10
14295,1.84821,0.89000,1.52300,1.64700,10
14296,1.77774,0.89300,1.49000,1.64700,10
14297,1.93228,0.90400,1.57200,1.65100,10
14298,1.61258,0.89800,1.34500,1.65300,10
14299,2.08948,0.93300,1.40300,1.86300,10
14300,1.88909,0.87100,1.44600,1.67000,10
14301,1.78567,0.93300,1.41300,1.65600,10
14302,2.00700,0.95300,1.55200,1.67900,10
14303,1.76426,0.91400,1.47500,1.66900,10
14304,1.91006,0.85500,1.49400,1.68800,10
14305,2.30897,0.86100,1.99100,1.66200,10
14306,1.61496,0.84400,1.60500,1.67200,10
14307,10.36548,0.93800,1.33300,1.67200,10
14308,2.09591,0.87800,10.83100,2.02800,10
14309,1.81177,0.92700,1.36900,1.65600,10
14310,1.87807,0.90900,1.36200,1.66000,10
14311,1.84621,0.96700,1.34300,1.66400,10
14312,2.00158,0.89800,1.35800,1.82700,10
14313,1.88974,0.84600,1.39400,1.65700,10
14314,1.81810,0.83600,1.35900,1.69600,10
14315,1.82688,0.84700,1.34800,1.66800,10
14316,1.87452,0.82800,1.38200,1.66900,10
14317,1.80740,0.83200,1.31000,1.69000,10
14318,1.83059,0.89600,1.33600,1.67000,10
14319,1.94360,0.84500,1.39900,1.65700,10
14320,1.83106,0.97300,1.42100,1.67400,10
14321,2.21987,0.92900,1.47600,1.99900,10
14322,1.98212,1.07900,1.63600,1.66800,10
14323,1.76250,0.92300,1.53700,1.67800,10
14324,1.66834,0.86500,1.35800,1.64800,10
14325,1.94617,0.88000,1.44900,1.66500,10
14326,1.76046,0.89600,1.38500,1.65300,10
14327,1.93397,0.94100,1.47700,1.65600,10
14328,2.58979,0.87400,1.43300,1.63700,10
14329,2.23894,0.88300,2.87700,1.68700,10
14330,1.86584,0.88800,1.44600,1.63900,10
14331,1.93286,1.41600,1.50000,1.65600,10
14332,1.78843,1.49900,1.45900,1.65800,10
14333,1.81210,1.24100,1.43700,1.68700,10
14334,1.90045,1.11000,1.44100,1.67300,10
14335,1.77892,1.03300,1.44100,1.67000,10
14336,1.89279,0.96900,1.47700,1.66800,10
14337,1.76902,0.94500,1.41500,1.68100,10
14338,2.22617,0.92500,1.43400,2.00700,10
14339,1.76895,0.89800,1.40800,1.66100,10
14340,1.85588,1.49400,1.38900,1.66100,10
14341,1.90434,1.49400,1.44600,1.70300,10
14342,1.84196,1.06900,1.42700,1.66400,10
14343,1.86596,1.01500,1.41900,1.67100,10
14344,1.80046,1.01700,1.38500,1.64200,10
14345,1.86025,1.05000,1.43800,1.66000,10
14346,1.85836,1.33400,1.46100,1.68900,10
14347,1.97760,1.06600,1.41500,1.84200,10
14348,1.86008,1.04700,1.41900,1.65500,10
14349,1.84762,1.06500,1.42900,1.68700,10
14350,1.91527,1.03700,1.45200,1.68400,10
14351,2.93625,0.98200,1.45300,1.72300,10
14352,1.74011,0.99800,1.38300,1.63300,10
14353,1.86579,0.98900,1.40800,1.66400,10
14354,1.85831,0.98500,1.41800,1.66700,10
14355,2.21416,0.94900,1.47300,1.98700,10
14356,1.78941,0.98000,1.48000,1.66400,10
14357,1.97059,0.95300,1.57600,1.67000,10
14358,1.72493,0.92000,1.49300,1.65700,10
14359,1.95998,0.92100,1.56300,1.68800,10
14360,1.91450,0.95800,1.58900,1.65200,10
14361,1.68923,1.46900,1.46000,1.66600,10
14362,1.88119,1.22700,1.47500,1.65900,10
14363,1.79525,1.06800,1.47000,1.64600,10
14364,1.97901,1.00200,1.39200,1.84000,10
14365,1.83730,1.17000,1.40200,1.67100,10
14366,2.08748,1.09700,1.66700,1.65800,10
14367,2.36093,0.94500,2.33800,1.68100,10
14368,1.90876,0.88600,1.89000,1.69400,10
14369,1.65595,1.14100,1.66200,1.68200,10
14370,2.49350,1.09000,1.59400,1.68200,10
14371,2.36659,0.92100,3.04700,1.67100,10
14372,2.48483,0.98800,1.66600,2.03300,10
14373,1.74349,0.97400,1.59400,1.67500,10
14374,1.78280,1.08500,1.49100,1.67900,10
14375,1.85266,0.93600,1.45500,1.68800,10
14376,1.82140,0.92300,1.46100,1.65300,10
14377,1.82449,0.93400,1.43300,1.67600,10
14378,1.96808,0.85500,1.58000,1.64200,10
14379,1.66896,0.90800,1.46300,1.65500,10
14380,1.92608,0.87000,1.46900,1.69100,10
14381,1.97823,0.89500,1.43500,1.85800,10
14382,1.76526,1.11400,1.34300,1.67300,10
14383,1.87069,0.93700,1.36400,1.68200,10
14384,2.49474,0.89400,2.01800,1.64900,10
14385,1.96211,0.88400,1.96200,1.67800,10
14386,2.01845,0.82300,2.00000,1.68400,10
14387,1.79828,0.93000,1.79900,1.70800,10
14388,1.99806,0.92300,1.98700,1.69800,10
14389,1.88295,0.90100,1.86500,1.85500,10
14390,1.81181,1.09400,1.81400,1.71500,10
14391,1.74634,1.12700,1.73900,1.69800,10
14392,1.66901,1.13000,1.65800,1.64700,10
14393,2.69204,1.12200,2.48000,1.67500,10
14394,1.83458,1.17300,1.82200,1.68900,10
14395,1.80668,1.01700,1.80900,1.67700,10
14396,1.74641,0.85900,1.75100,1.67100,10
14397,1.52674,0.82000,1.52400,1.67100,10
14398,10.47649,0.80700,1.40200,1.70100,10
14399,2.33844,1.15500,11.04200,1.88400,10
14400,1.74031,0.91800,1.37300,1.66000,10
14401,1.85223,0.92100,1.36800,1.66300,10
14402,2.60063,0.91900,1.79800,1.64400,10
14403,1.90810,0.89200,1.88400,1.69700,10
14404,2.42210,0.92000,2.41700,1.70000,10
14405,2.17512,0.93300,2.18500,1.70900,10
14406,1.62348,0.91600,1.61000,1.64900,10
14407,1.62334,0.86400,1.61500,1.66400,10
14408,1.57556,0.84600,1.56900,1.66400,10
14409,1.69411,0.80700,1.38500,1.66600,10
14410,1.85435,0.83000,1.40600,1.67200,10
14411,2.80426,0.87700,1.49200,1.83400,10
14412,2.29420,0.84500,2.80300,1.67700,10
14413,1.91638,0.92000,1.56600,1.65000,10
14414,1.66680,0.84400,1.47500,1.63300,10
14415,1.82787,1.18800,1.40800,1.64700,10
14416,1.80950,1.35500,1.39400,1.66500,10
14417,1.84598,1.13700,1.39000,1.67900,10
14418,1.77294,1.06100,1.35300,1.66600,10
14419,2.04924,1.01000,1.36800,1.84100,10
14420,2.02498,1.12000,1.38100,1.80900,10
14421,1.99714,1.22400,1.51500,1.68600,10
14422,1.85820,1.10600,1.51800,1.69200,10
14423,1.74885,1.00000,1.42300,1.66500,10
14424,1.78586,1.16700,1.34800,1.66600,10
14425,1.98980,1.04000,1.52100,1.66400,10
14426,1.64648,1.12700,1.38100,1.64400,10
14427,1.97868,1.03000,1.49000,1.66000,10
14428,1.98444,0.96500,1.45900,1.86200,10
14429,1.99669,0.99500,1.65800,1.66900,10
14430,1.61251,1.16600,1.36700,1.66900,10
14431,1.84741,1.02500,1.36500,1.67400,10
14432,1.83250,0.93100,1.37900,1.66300,10
14433,1.84702,0.87600,1.36500,1.69100,10
14434,1.84042,0.83100,1.39100,1.68000,10
14435,1.77954,0.82800,1.33800,1.66000,10
14436,1.86655,0.80500,1.39300,1.65700,10
14437,2.03335,0.82400,1.40700,1.85300,10
14438,1.92698,0.87900,1.36800,1.80700,10
14439,1.91461,0.85100,1.37600,1.71200,10
14440,1.84758,0.84000,1.36300,1.70700,10
14441,1.77358,0.85700,1.30200,1.66400,10
14442,2.04673,0.84400,1.43300,1.67200,10
14443,1.79982,1.58300,1.43400,1.66200,10
14444,1.82899,1.24500,1.41900,1.64700,10
14445,1.78716,1.26600,1.37800,1.68400,10
14446,2.02008,1.16500,1.34000,1.85700,10
14447,1.89730,1.07800,1.38100,1.67900,10
14448,1.92349,0.99700,1.41800,1.70800,10
14449,1.85656,1.09200,1.44100,1.66900,10
14450,1.79766,0.97800,1.42900,1.67100,10
14451,1.95081,0.92700,1.56000,1.65200,10
14452,2.77510,0.83700,1.46900,1.70700,10
14453,1.89792,0.82400,1.52000,1.65900,10
14454,3.08966,0.94000,1.46700,1.87500,10
14455,1.81709,0.84100,1.40800,1.64800,10
14456,2.05717,0.89600,1.47000,1.86100,10
14457,1.76297,0.89500,1.44300,1.64200,10
14458,1.79652,0.87900,1.36100,1.67800,10
14459,1.83011,0.83600,1.34200,1.67600,10
14460,1.80543,0.82500,1.33400,1.65600,10
14461,1.80422,0.84800,1.32300,1.64300,10
14462,1.84644,0.84800,1.28900,1.65900,10
14463,2.14169,1.02900,1.37900,1.85400,10
14464,1.93244,0.94900,1.45200,1.70600,10
14465,1.93069,0.86300,1.53300,1.66300,10
14466,1.79311,0.93400,1.49900,1.67500,10
14467,1.79317,0.87900,1.46100,1.66000,10
14468,1.87963,0.86300,1.49700,1.65000,10
14469,1.80477,0.93500,1.47800,1.66000,10
14470,1.77553,1.08900,1.44400,1.64400,10
14471,1.99092,0.89300,1.42800,1.84100,10
14472,1.91767,0.88500,1.36600,1.80900,10
14473,1.82058,0.87800,1.36200,1.65400,10
14474,1.92898,0.89800,1.43700,1.68700,10
14475,1.91104,0.92200,1.46800,1.70200,10
14476,2.52906,0.87500,2.28700,1.66000,10
14477,2.12177,0.93700,2.11100,1.70000,10
14478,1.87107,0.91000,1.86300,1.70500,10
14479,1.87580,0.98700,1.87800,1.87500,10
14480,1.74438,0.91800,1.73400,1.66000,10
14481,1.68083,0.83500,1.67900,1.66000,10
14482,1.63122,0.86700,1.49000,1.66800,10
14483,1.92196,0.88300,1.58600,1.64700,10
14484,1.82843,0.90400,1.56300,1.65500,10
14485,1.75742,0.92100,1.47000,1.66500,10
14486,1.75591,0.91700,1.42900,1.66400,10
14487,2.02082,0.92600,1.39400,1.82900,10
14488,1.94917,0.89700,1.45800,1.66600,10
14489,2.06340,0.91500,1.35000,2.03600,10
14490,2.02668,0.91400,1.54500,1.64200,10
14491,1.62302,0.88800,1.35900,1.67900,10
14492,2.04470,0.89600,1.52500,1.66000,10
14493,3.19942,0.87600,1.86500,1.63500,10
14494,1.74845,0.87000,1.76100,1.63500,10
14495,1.87888,0.88700,1.87000,1.76200,10
14496,1.63717,0.94100,1.60300,1.76200,10
14497,2.11325,0.86400,1.63200,1.86200,10
14498,1.62210,0.93000,1.48500,1.63400,10
14499,1.91643,0.85400,1.50400,1.68500,10
14500,1.84651,0.86900,1.49200,1.68000,10
14501,1.89783,0.93700,1.58300,1.65000,10
14502,1.89570,1.02100,1.64100,1.65400,10
14503,1.68498,1.01000,1.47400,1.64800,10
14504,2.07753,0.92400,1.71300,1.66800,10
14505,1.62914,0.98100,1.49000,1.68600,10
14506,2.16888,0.94800,1.52000,1.96600,10
14507,1.86520,0.97800,1.55100,1.64300,10
14508,1.83596,0.83000,1.49400,1.71300,10
14509,1.98564,1.01500,1.60800,1.70500,10
14510,1.91965,1.12100,1.69400,1.65500,10
14511,1.58351,1.08800,1.45900,1.65500,10
14512,1.86861,0.89300,1.47200,1.64200,10
14513,1.96140,0.84500,1.60900,1.64700,10
14514,1.70250,0.89500,1.50100,1.64100,10
14515,2.08288,0.87400,1.54400,1.85500,10
14516,1.76929,0.85400,1.47500,1.66300,10
14517,1.91651,0.85500,1.50700,1.72400,10
14518,1.84299,0.83700,1.53300,1.63000,10
14519,1.80649,0.96100,1.49100,1.64300,10
14520,1.74854,0.91400,1.44200,1.65400,10
14521,1.97014,0.89400,1.57700,1.66100,10
14522,1.66291,0.93800,1.45200,1.65600,10
14523,1.81506,0.91200,1.35100,1.65500,10
14524,1.97640,0.87600,1.33400,1.85400,10
14525,1.84435,0.88000,1.36200,1.63000,10
14526,2.06369,0.93600,1.56600,1.68300,10
14527,2.01244,0.89300,1.76300,1.66200,10
14528,1.51600,0.98400,1.43100,1.66200,10
14529,1.98716,0.90800,1.54100,1.66600,10
14530,1.70638,0.92400,1.41400,1.67800,10
14531,1.83535,0.87700,1.38100,1.66000,10
14532,1.89695,0.85400,1.44400,1.66100,10
14533,1.97377,0.87200,1.33500,1.86700,10
14534,3.46713,0.92900,1.50000,1.68500,10
14535,1.82151,1.02400,1.51600,1.65400,10
14536,1.85981,1.04600,1.57200,1.64100,10
14537,1.82851,1.02000,1.55800,1.65100,10
14538,2.37240,0.98100,2.18200,1.64500,10
14539,1.92205,0.84600,1.91900,1.69500,10
14540,1.75322,0.81800,1.74300,1.86300,10
14541,1.75856,0.85200,1.75000,1.86300,10
14542,1.93596,0.83600,1.72000,1.66500,10
14543,1.68979,0.82900,1.61900,1.66500,10
14544,1.82149,0.82900,1.52700,1.69600,10
14545,2.12348,0.87500,1.86100,1.65900,10
14546,1.90552,0.84600,1.89400,1.65600,10
14547,1.75632,0.93600,1.75500,1.69200,10
14548,1.72453,0.81400,1.62400,1.69200,10
14549,1.86636,0.85800,1.68400,1.65500,10
14550,1.96237,0.84200,1.61500,1.83500,10
14551,1.80712,0.85300,1.57000,1.66000,10
14552,1.93844,0.86200,1.65800,1.70700,10
14553,1.94931,0.86200,1.74100,1.67400,10
14554,2.06217,1.08500,2.06000,1.69500,10
14555,1.78733,1.13300,1.78200,1.65500,10
14556,1.60821,0.91900,1.59900,1.68100,10
14557,2.67315,0.88000,1.55700,1.68100,10
14558,2.69517,0.84400,3.22400,1.85000,10
14559,1.94954,0.87600,1.74700,1.69000,10
14560,1.96952,0.83000,1.77000,1.69600,10
14561,1.83510,0.84800,1.55500,1.70300,10
14562,1.79899,0.94000,1.39600,1.66500,10
14563,1.85214,0.85300,1.36500,1.65900,10
14564,1.89510,0.83700,1.43800,1.67500,10
14565,2.01769,0.81800,1.60900,1.65300,10
14566,1.70693,1.03100,1.49200,1.67500,10
14567,1.93212,1.15500,1.36600,1.86100,10
14568,1.77969,0.92400,1.35600,1.65200,10
14569,1.91948,0.87200,1.41100,1.66700,10
14570,1.83852,0.88500,1.46600,1.65900,10
14571,1.83179,0.84700,1.45300,1.65900,10
14572,1.76651,1.00600,1.36200,1.65100,10
14573,1.82399,0.98000,1.35100,1.66200,10
14574,1.93659,0.89100,1.46300,1.65300,10
14575,1.77475,0.88500,1.45200,1.66700,10
14576,3.14723,1.05100,1.54600,2.00000,10
14577,1.75397,1.00000,1.51900,1.65200,10
14578,2.03055,0.96800,1.72200,1.69900,10
14579,1.71502,0.84900,1.61000,1.64800,10
14580,1.86736,0.84700,1.60900,1.68500,10
14581,1.70158,0.82900,1.45000,1.65000,10
14582,1.73574,0.91400,1.36200,1.65700,10
14583,1.90338,0.84500,1.42100,1.66400,10
14584,2.00728,0.84300,1.42400,1.83100,10
14585,1.80566,0.99300,1.37400,1.68000,10
14586,1.99822,1.08400,1.45600,1.67800,10
14587,1.80942,1.06900,1.49500,1.63800,10
14588,1.75613,1.06700,1.42700,1.64300,10
14589,1.77462,0.93900,1.36200,1.65400,10
14590,1.86568,0.87400,1.40600,1.65300,10
14591,1.78472,0.81200,1.35800,1.68600,10
14592,1.78524,0.83100,1.31200,1.63000,10
14593,2.21292,0.88000,1.34800,1.98200,10
14594,1.81413,0.94600,1.36100,1.65400,10
14595,1.94694,0.85200,1.45800,1.65300,10
14596,1.73764,0.94100,1.35300,1.69300,10
14597,1.91529,0.98300,1.41700,1.66300,10
14598,1.73620,0.98600,1.32000,1.67800,10
14599,1.98288,0.93400,1.41400,1.66300,10
14600,1.82316,0.92300,1.43000,1.65300,10
14601,1.73395,0.86100,1.32700,1.66000,10
14602,2.52926,0.82400,1.86100,1.65100,10
14603,1.42952,0.86800,1.41400,1.65100,10
14604,1.76155,0.86100,1.35600,1.67500,10
14605,1.80088,0.88900,1.33200,1.66200,10
14606,2.01168,0.91500,1.48100,1.68100,10
14607,1.67780,0.88700,1.35500,1.66900,10
14608,1.80147,0.90900,1.30800,1.65300,10
14609,1.94678,0.89300,1.37800,1.68000,10
14610,1.86477,0.95100,1.43200,1.66000,10
14611,2.18670,0.93200,1.48500,1.96900,10
14612,1.81620,0.97000,1.46800,1.66700,10
14613,1.81286,1.00900,1.38400,1.68200,10
14614,1.89748,0.94000,1.41800,1.67500,10
14615,1.84383,0.91800,1.41500,1.66500,10
14616,2.43008,0.92300,1.46100,1.67300,10
14617,2.18749,0.87400,2.53600,1.69800,10
14618,1.91064,0.95500,1.44400,1.61900,10
14619,1.83164,0.91700,1.46400,1.64300,10
14620,1.98717,0.86500,1.42400,1.85800,10
14621,1.91597,0.84600,1.47600,1.71000,10
14622,1.93734,0.86100,1.54800,1.68700,10
14623,1.90969,0.88300,1.60500,1.66400,10
14624,1.91138,1.19300,1.68300,1.65300,10
14625,1.90910,0.89500,1.69100,1.72700,10
14626,1.73701,0.99300,1.59300,1.65900,10
14627,1.80161,0.89800,1.48300,1.68400,10
14628,1.75543,0.93500,1.35000,1.65300,10
14629,2.03460,0.86200,1.36500,1.86000,10
14630,1.79098,0.94700,1.34900,1.65300,10
14631,1.84285,0.98900,1.35700,1.67500,10
14632,1.81769,0.94400,1.37200,1.65400,10
14633,1.92522,0.95300,1.43800,1.66300,10
14634,1.84148,0.94400,1.45300,1.66200,10
14635,1.90981,0.93800,1.59100,1.65700,10
14636,1.87881,1.00200,1.63600,1.64700,10
14637,2.48792,0.91300,2.06800,1.67700,10
14638,1.46602,0.97400,1.45500,1.67700,10
14639,3.14327,0.96000,3.12200,1.71100,10
14640,1.77441,0.94500,1.76200,1.69300,10
14641,1.65742,0.94400,1.65200,1.67100,10
14642,1.45480,0.93400,1.44000,1.67100,10
14643,1.64052,0.94200,1.44800,1.64700,10
14644,1.82761,0.91100,1.40300,1.66200,10
14645,1.87648,0.90200,1.40900,1.66600,10
14646,1.98901,1.00100,1.39100,1.85400,10
14647,1.86474,0.96000,1.41200,1.65300,10
14648,1.94005,0.88200,1.44500,1.69300,10
14649,1.89425,0.88300,1.49800,1.69000,10
14650,1.65305,0.94500,1.35200,1.65800,10
14651,2.09569,0.86400,1.53400,1.65900,10
14652,2.05165,0.88700,1.91800,1.67600,10
14653,1.59193,0.90700,1.55700,1.67600,10
14654,1.73324,0.85700,1.46100,1.65500,10
14655,2.03723,0.92300,1.44900,1.85700,10
14656,1.85715,0.83100,1.42300,1.70100,10
14657,2.26775,0.98900,1.31100,1.67800,10
14658,2.33152,0.94500,2.67300,1.68500,10
14659,2.14033,0.90600,1.90500,1.63600,10
14660,2.39018,0.89000,1.45100,1.63600,10
14661,2.24094,0.88500,2.97200,1.70200,10
14662,1.88803,0.93200,1.47100,1.65300,10
14663,2.16601,1.06600,1.44400,2.00900,10
14664,1.79611,0.93900,1.38500,1.69000,10
14665,1.86851,0.99300,1.45500,1.63700,10
14666,1.80123,1.03000,1.42800,1.66600,10
14667,1.85673,0.98000,1.43200,1.66800,10
14668,1.81413,0.87800,1.41200,1.63200,10
14669,1.92460,0.88700,1.50600,1.64800,10
14670,1.78950,1.00500,1.48800,1.66000,10
14671,2.20272,0.96400,1.69500,1.83500,10
14672,1.65974,0.87000,1.52200,1.67200,10
14673,1.82993,0.87100,1.46600,1.66800,10
14674,1.80067,0.88700,1.48200,1.66300,10
14675,1.75272,0.82300,1.39000,1.66000,10
14676,1.92742,0.91700,1.47100,1.64800,10
14677,1.72203,0.85300,1.38300,1.66900,10
14678,1.95812,0.91300,1.45100,1.66200,10
14679,1.91015,1.06900,1.55000,1.67200,10
14680,1.99214,1.10500,1.54600,1.84400,10
14681,2.00628,0.94800,1.53100,1.81400,10
14682,1.72421,0.90600,1.56800,1.65100,10
14683,1.70596,0.92400,1.33800,1.65200,10
14684,1.91249,0.84400,1.39800,1.62800,10
14685,1.75102,0.88200,1.34500,1.67000,10
14686,1.93378,0.82400,1.41400,1.67100,10
14687,1.97637,0.86300,1.56400,1.66400,10
14688,1.77736,0.98900,1.51500,1.65300,10
14689,1.96219,0.97100,1.46900,1.83700,10
14690,1.79150,0.96800,1.40500,1.66700,10
14691,1.91243,0.88300,1.44800,1.67100,10
14692,1.78470,0.87300,1.38500,1.67300,10
14693,1.90464,0.93100,1.46500,1.66100,10
14694,1.73326,0.90700,1.38200,1.65200,10
14695,1.88829,0.87300,1.44600,1.64400,10
14696,1.85322,0.88100,1.44500,1.65900,10
14697,1.85890,0.83700,1.45900,1.68700,10
14698,2.25508,0.81300,1.32600,2.00100,10
14699,2.48236,0.86500,2.27600,1.70000,10
14700,1.85466,0.92200,1.41500,1.71700,10
14701,1.83578,0.95700,1.40400,1.70200,10
14702,1.81667,0.89700,1.37600,1.66900,10
14703,1.84229,0.85500,1.36700,1.65200,10
14704,1.83196,1.18000,1.35900,1.65500,10
14705,1.94115,1.01000,1.50600,1.65800,10
14706,1.99111,1.05900,1.64200,1.67700,10
14707,1.81824,1.01800,1.44800,1.87300,10
14708,1.82608,0.88200,1.37500,1.67300,10
14709,1.78611,0.91500,1.36000,1.65900,10
14710,1.84464,0.83600,1.33500,1.67800,10
14711,1.84122,0.90700,1.32800,1.66500,10
14712,1.87202,0.90000,1.37800,1.64300,10
14713,1.85617,0.89400,1.40300,1.67300,10
14714,1.86062,0.89400,1.46200,1.67000,10
14715,1.80002,0.86400,1.41400,1.65500,10
14716,2.25327,0.82100,1.51800,2.02100,10
14717,1.94340,0.91500,1.52600,1.68100,10
14718,1.86163,1.03600,1.53700,1.72800,10
14719,1.85684,0.99500,1.55200,1.66000,10
14720,1.72004,1.01500,1.42600,1.66100,10
14721,1.90005,0.87000,1.44900,1.67900,10
14722,1.80372,1.05900,1.40200,1.67700,10
14723,1.90718,1.00600,1.44700,1.70500,10
14724,2.24022,0.98500,1.87100,1.67400,10
14725,1.58659,0.96800,1.42100,1.84000,10
14726,1.82947,0.86900,1.38900,1.68600,10
14727,1.79677,0.87600,1.34200,1.68100,10
14728,1.84769,0.84200,1.34300,1.65300,10
14729,1.88135,0.83100,1.42300,1.66800,10
14730,1.80312,0.83700,1.39400,1.65300,10
14731,1.78029,0.80800,1.34000,1.65400,10
14732,1.83084,0.82000,1.31500,1.70500,10
14733,1.87736,0.82700,1.33300,1.65200,10
14734,2.07373,0.79900,1.37700,1.85400,10
14735,2.04398,0.97900,1.57000,1.69100,10
14736,1.85435,0.92100,1.54700,1.68300,10
14737,1.71140,0.99600,1.46700,1.64300,10
14738,2.54266,0.91300,1.29800,1.66700,10
14739,2.49284,0.89200,3.13300,1.67000,10
14740,1.85104,0.87400,1.65200,1.62200,10
14741,1.76917,0.94200,1.68000,1.62200,10
14742,1.98435,0.92600,1.58000,1.86900,10
14743,1.84859,0.84100,1.59500,1.68100,10
14744,1.78182,0.79400,1.49400,1.68600,10
14745,1.83199,0.81800,1.37300,1.70900,10
14746,1.96728,1.14500,1.53700,1.65100,10
14747,1.81071,0.96300,1.54200,1.63900,10
14748,1.74715,0.91700,1.48400,1.64000,10
14749,1.86466,0.86000,1.46800,1.68200,10
14750,1.79539,1.01600,1.43200,1.68700,10
14751,2.37913,1.26900,1.59900,1.99600,10
14752,1.80113,0.97100,1.61000,1.64800,10
14753,1.98304,0.96200,1.72600,1.69300,10
14754,1.66120,0.91900,1.54300,1.67300,10
14755,1.89810,0.99400,1.54200,1.64500,10
14756,1.94500,0.98500,1.75400,1.68300,10
14757,1.72758,0.95900,1.62500,1.68300,10
14758,1.75759,0.92600,1.63800,1.63600,10
14759,1.94287,1.00200,1.67800,1.65600,10
14760,2.08004,1.06900,1.72500,1.65100,10
14761,1.69742,1.07000,1.58600,1.65100,10
14762,1.67714,1.04800,1.44200,1.66100,10
14763,3.48855,0.86800,1.57800,1.73000,10
14764,1.80784,1.12000,1.69000,1.64200,10
14765,1.79907,1.23100,1.57700,1.67800,10
14766,1.72972,1.12700,1.47400,1.65300,10
14767,1.81173,1.09500,1.45500,1.66500,10
14768,2.16016,1.00900,1.44500,1.99000,10
14769,1.85184,1.04600,1.44400,1.65300,10
14770,2.02405,0.99000,1.63600,1.73400,10
14771,1.87770,1.10600,1.66500,1.67900,10
14772,1.74825,1.09900,1.61600,1.65300,10
14773,1.86801,1.03600,1.62300,1.65000,10
14774,1.71019,1.11500,1.49600,1.66300,10
14775,1.74350,1.03900,1.40000,1.66400,10
14776,1.90636,0.95700,1.46200,1.66700,10
14777,1.95938,0.90200,1.37800,1.85600,10
14778,1.93683,0.87400,1.48000,1.63700,10
14779,1.81632,0.85700,1.45600,1.69900,10
14780,2.37958,0.91100,1.43000,1.65300,10
14781,2.46178,0.91600,2.53300,1.72900,10
14782,1.82468,0.91800,1.41500,1.66000,10
14783,1.89268,0.92300,1.45000,1.65100,10
14784,1.76981,0.93300,1.40700,1.66500,10
14785,2.04006,0.94300,1.42500,1.84000,10
14786,1.86841,1.06000,1.44700,1.66100,10
14787,1.93531,1.22900,1.49600,1.68400,10
14788,1.88798,1.13000,1.53800,1.70500,10
14789,1.77238,1.08200,1.47100,1.66900,10
14790,1.97718,1.09000,1.66000,1.64600,10
14791,1.85793,0.98800,1.64000,1.67600,10
14792,1.81724,0.96100,1.67500,1.63900,10
14793,1.84710,0.92100,1.67900,1.66500,10
14794,2.09401,0.95300,1.77600,1.67000,10
14795,1.80461,0.96200,1.76100,1.67200,10
14796,2.31649,0.93500,2.30600,1.68200,10
14797,1.90504,1.18900,1.84900,1.66900,10
14798,1.67352,1.68600,1.69200,1.69900,10
14799,1.55795,1.22600,1.56900,1.69900,10
14800,1.56798,1.09500,1.49900,1.65500,10
14801,2.00841,1.05300,1.65200,1.68900,10
14802,1.75191,1.02800,1.66700,1.64800,10
14803,1.97487,1.19200,1.50300,1.85600,10
14804,2.00291,1.02400,1.55000,1.82000,10
14805,2.02150,0.93700,1.55700,1.69200,10
14806,1.75721,0.95100,1.57300,1.69200,10
14807,1.73508,0.91700,1.49100,1.65900,10
14808,1.78936,1.15200,1.41400,1.65100,10
14809,1.80456,1.30500,1.35500,1.69200,10
14810,1.84394,1.20500,1.35800,1.69200,10
14811,1.83855,1.11800,1.38400,1.63200,10
14812,2.05761,1.11400,1.44600,1.85800,10
14813,1.92869,0.96900,1.41300,1.66500,10
14814,1.73172,1.04800,1.37300,1.69600,10
14815,1.81702,0.93700,1.35100,1.67000,10
14816,1.84256,1.05200,1.37100,1.63900,10
14817,1.94611,1.12200,1.47500,1.64900,10
14818,1.88932,1.08600,1.60400,1.68300,10
14819,1.68035,0.88200,1.42000,1.65700,10
14820,1.80863,0.84600,1.35100,1.66900,10
14821,3.16430,0.82200,1.37700,1.92100,10
14822,1.83283,0.90800,1.31100,1.65100,10
14823,1.71103,1.05900,1.27700,1.67400,10
14824,1.97845,1.02700,1.39700,1.67100,10
14825,1.83650,1.05200,1.42300,1.65500,10
14826,1.74072,0.95900,1.35900,1.66800,10
14827,1.87413,0.91100,1.32400,1.67800,10
14828,1.77979,0.92700,1.30900,1.64400,10
14829,2.25453,0.91400,1.51500,1.84600,10
14830,1.68497,1.04200,1.40500,1.64300,10
14831,1.83924,1.09200,1.34900,1.67800,10
14832,1.85694,0.99000,1.38300,1.66100,10
14833,1.83392,1.00200,1.42500,1.64900,10
14834,1.79399,0.94500,1.37000,1.63500,10
14835,1.84328,0.88800,1.37600,1.67400,10
14836,1.92970,0.97000,1.47500,1.68000,10
14837,1.79211,0.85900,1.47900,1.66300,10
14838,1.96423,0.83400,1.35700,1.85300,10
14839,1.83183,0.91400,1.32800,1.65600,10
14840,1.90006,1.00300,1.37600,1.69300,10
14841,1.94774,0.96400,1.48400,1.67200,10
14842,1.77606,0.89500,1.47800,1.63300,10
14843,1.73867,0.91800,1.36900,1.68900,10
14844,1.81557,0.85100,1.37300,1.64500,10
14845,1.81287,0.87100,1.37000,1.66300,10
14846,1.78478,0.84100,1.33300,1.65900,10
14847,2.16746,0.87400,1.47000,1.82500,10
14848,1.66532,0.97700,1.37200,1.65100,10
14849,1.87444,0.92800,1.36200,1.68400,10
14850,1.95099,0.89100,1.51000,1.64000,10
14851,1.86072,0.89100,1.51800,1.65800,10
14852,1.81807,0.85900,1.51800,1.64400,10
14853,1.78061,0.90000,1.49400,1.66300,10
14854,1.98045,0.92200,1.61500,1.65800,10
14855,1.70504,0.89000,1.51200,1.68100,10
14856,2.13643,0.92200,1.47700,1.96800,10
14857,1.67378,1.07200,1.33800,1.65800,10
14858,1.88110,0.97700,1.36900,1.67300,10
14859,1.83207,0.96200,1.36100,1.67500,10
14860,1.76552,1.01000,1.31700,1.64000,10
14861,2.53298,1.06000,1.35800,1.64900,10
14862,2.07323,1.06300,2.54400,1.67300,10
14863,1.80885,1.04400,1.34400,1.63500,10
14864,2.08406,1.02700,1.62000,1.63500,10
14865,1.84531,0.93700,1.49700,1.85600,10
14866,3.16059,0.94800,1.42200,1.65000,10
14867,1.75504,0.91100,1.36100,1.69100,10
14868,1.82875,0.84600,1.39000,1.62700,10
14869,1.82376,0.84100,1.37000,1.64400,10
14870,1.93864,0.90200,1.48000,1.66500,10
14871,1.67863,0.84100,1.36000,1.65000,10
14872,1.79373,0.84300,1.33800,1.63400,10
14873,2.10331,0.84400,1.42300,1.82300,10
14874,1.80912,0.85700,1.40700,1.65300,10
14875,1.81490,0.90200,1.31500,1.68500,10
14876,1.90216,0.84400,1.35500,1.69300,10
14877,1.92184,0.81500,1.44700,1.68800,10
14878,1.97909,0.82000,1.57100,1.68100,10
14879,1.79831,0.92600,1.52600,1.67500,10
14880,1.91657,1.03700,1.62600,1.64500,10
14881,1.76640,0.91200,1.58000,1.66500,10
14882,2.06761,0.94300,1.58300,1.85000,10
14883,1.76078,1.00100,1.50800,1.65800,10
14884,1.83316,0.85900,1.52200,1.66000,10
14885,1.68110,0.95100,1.40500,1.64100,10
14886,1.98063,0.94300,1.54900,1.67800,10
14887,1.70726,0.85300,1.45200,1.64500,10
14888,1.92365,0.83700,1.49700,1.67000,10
14889,1.80296,0.86900,1.47500,1.66100,10
14890,1.96409,0.95100,1.60100,1.66400,10
14891,2.20335,0.92000,1.60400,1.98800,10
14892,1.66825,0.86500,1.49700,1.64000,10
14893,1.81805,0.97700,1.40600,1.70300,10
14894,1.92682,0.88200,1.46600,1.67400,10
14895,1.91996,0.94600,1.56700,1.67900,10
14896,1.85933,1.03500,1.59400,1.67600,10
14897,1.81294,1.05100,1.54100,1.64900,10
14898,1.71742,1.22600,1.38900,1.65700,10
14899,1.88027,1.03300,1.42000,1.66700,10
14900,1.96100,1.04100,1.38000,1.85200,10
14901,1.89117,1.03000,1.40700,1.63500,10
14902,1.84677,1.09600,1.41200,1.66700,10
14903,3.32518,0.96200,1.65000,1.67400,10
14904,1.60264,0.89200,1.35500,1.63400,10
14905,1.86285,0.92000,1.39400,1.67100,10
14906,1.85601,0.89600,1.38200,1.66700,10
14907,1.82759,0.82900,1.38500,1.67200,10
14908,2.05625,0.85000,1.42000,1.85200,10
14909,1.93245,0.82800,1.46900,1.68000,10
14910,1.85281,0.82900,1.39000,1.71300,10
14911,1.98298,0.86900,1.55000,1.65100,10
14912,1.88157,0.85100,1.64500,1.64000,10
14913,1.90744,0.87500,1.71500,1.67400,10
14914,2.19657,0.89900,2.17600,1.66900,10
14915,1.90539,0.86400,1.89700,1.68500,10
14916,1.78896,0.86000,1.78700,1.84900,10
14917,1.68820,0.90700,1.68900,1.66100,10
14918,1.77336,0.84000,1.67800,1.66100,10
14919,1.77651,0.80800,1.59000,1.65900,10
14920,1.76133,0.88400,1.52200,1.64200,10
14921,1.94188,0.87600,1.61800,1.69600,10
14922,1.72879,0.84800,1.49700,1.66500,10
14923,1.85252,0.83700,1.48400,1.69100,10
14924,1.86511,0.82600,1.47100,1.68400,10
14925,1.79171,0.90700,1.39800,1.67800,10
14926,2.14756,0.84600,1.40900,1.98800,10
14927,1.81744,0.84300,1.32800,1.66100,10
14928,1.87503,0.85500,1.36300,1.71400,10
14929,1.80940,0.84400,1.34500,1.65100,10
14930,1.91529,0.84800,1.36500,1.69200,10
14931,1.82327,0.81100,1.40200,1.65600,10
14932,1.82346,0.83700,1.38600,1.64700,10
14933,1.82155,0.89200,1.36600,1.65900,10
14934,1.81909,1.02600,1.38700,1.66800,10
14935,2.05069,0.87900,1.40000,1.83900,10
14936,1.83542,1.01800,1.37000,1.65900,10
14937,1.89813,1.26600,1.39300,1.71400,10
14938,1.82699,1.50800,1.37200,1.66600,10
14939,1.82719,1.30400,1.36900,1.66700,10
14940,1.85455,1.07800,1.38800,1.66600,10
14941,1.77259,0.93800,1.33700,1.65800,10
14942,2.09111,0.90600,1.61200,1.66000,10
14943,2.68249,0.95400,1.39100,1.66800,10
14944,2.59980,0.99200,3.44700,1.89000,10
14945,1.93398,1.19400,1.65100,1.74300,10
14946,1.64612,1.01600,1.45100,1.66200,10
14947,1.79896,1.03000,1.36600,1.68300,10
14948,1.86346,0.98000,1.41900,1.64300,10
14949,1.81176,0.99000,1.42100,1.64900,10
14950,1.82857,1.01400,1.39100,1.67400,10
14951,1.85796,1.00500,1.39700,1.66400,10
14952,2.08387,0.95700,1.49800,1.85800,10
14953,1.76088,0.93600,1.39800,1.65500,10
14954,1.82679,0.93900,1.40000,1.68900,10
14955,1.97510,0.88800,1.52500,1.66600,10
14956,1.64668,0.87200,1.34700,1.64300,10
14957,1.82128,0.86500,1.31800,1.67400,10
14958,2.05172,0.87800,1.52500,1.65200,10
14959,1.84087,0.85400,1.53400,1.66800,10
14960,1.80307,0.87900,1.50600,1.64300,10
14961,2.06062,0.86800,1.44700,1.98700,10
14962,1.78164,0.88700,1.32000,1.66000,10
14963,1.88378,0.90900,1.30800,1.66400,10
14964,1.74920,0.94100,1.30500,1.63900,10
14965,1.94360,0.87300,1.40500,1.68000,10
14966,1.77813,0.87400,1.34300,1.68100,10
14967,1.82164,0.90700,1.33000,1.66400,10
14968,2.04503,0.86800,1.52000,1.67000,10
14969,3.15019,0.90800,1.49500,1.67400,10
14970,1.86146,0.95200,1.51200,1.65500,10
14971,2.51212,0.98000,1.50900,1.69300,10
14972,1.54188,1.00600,1.53900,1.69400,10
14973,1.58716,1.09500,1.50600,1.69400,10
14974,1.88856,1.12300,1.57900,1.66800,10
14975,1.78780,0.94700,1.52000,1.64900,10
14976,1.84721,0.85000,1.51800,1.66300,10
14977,1.82734,0.88200,1.48500,1.67600,10
14978,2.16058,0.84100,1.45200,2.02300,10
14979,1.88099,0.99300,1.46300,1.67000,10
14980,1.84154,1.11000,1.50100,1.67500,10
14981,1.80297,0.98000,1.46900,1.66400,10
14982,1.77600,0.86300,1.43100,1.64100,10
14983,1.86161,0.90600,1.46200,1.65200,10
14984,2.63077,0.84600,1.49300,1.63600,10
14985,2.19643,0.90300,2.80600,1.70400,10
14986,1.96866,0.99700,1.40500,1.86800,10
14987,2.03967,0.89800,1.60500,1.66500,10
14988,1.64897,0.83200,1.43700,1.68700,10
14989,1.96962,0.81800,1.54900,1.67900,10
14990,1.72111,0.83500,1.46900,1.62800,10
14991,1.84904,0.89400,1.42700,1.68500,10
14992,1.85974,0.85100,1.44100,1.66100,10
14993,2.55411,1.34100,2.22300,1.65900,10
14994,1.94629,1.55300,1.99300,1.87200,10
14995,1.66387,1.23500,1.67100,1.67700,10
14996,1.60312,1.08500,1.61200,1.67700,10
14997,1.76098,1.17400,1.55400,1.69000,10
14998,1.93884,1.00200,1.62100,1.69400,10
14999,1.80903,0.97100,1.59100,1.65600,10
15000,1.77631,0.93900,1.53700,1.66400,10
15001,1.79274,0.98300,1.52500,1.68000,10
15002,1.80402,0.92200,1.43000,1.69600,10
15003,1.93122,1.13600,1.41800,1.68000,10
15004,2.02621,1.26300,1.46100,1.82600,10
15005,1.87467,1.12000,1.52500,1.67500,10
15006,1.91683,1.04900,1.54900,1.70100,10
15007,1.69755,1.00000,1.40800,1.66700,10
15008,1.81132,0.95000,1.38400,1.68100,10
15009,1.85865,1.00600,1.43800,1.67100,10
15010,1.80082,0.90300,1.40200,1.64200,10
15011,1.94364,0.98600,1.50900,1.65900,10
15012,1.67828,0.87300,1.38500,1.63500,10
15013,2.19565,0.91500,1.35400,2.06400,10
15014,1.87266,0.97500,1.37400,1.68100,10
15015,1.80604,0.89500,1.36800,1.68900,10
15016,1.87221,0.90200,1.35600,1.66900,10
15017,1.80957,0.88600,1.32900,1.65500,10
15018,1.84543,0.86400,1.33500,1.66900,10
15019,1.85180,0.84400,1.30900,1.68300,10
15020,1.95640,0.89600,1.40000,1.68900,10
15021,1.91219,0.90500,1.47600,1.66300,10
15022,2.03625,0.85900,1.49100,1.88300,10
15023,1.93066,0.83500,1.42700,1.68100,10
15024,1.66546,0.88500,1.35200,1.66300,10
15025,1.78802,0.84800,1.32300,1.63400,10
15026,2.43428,0.81400,1.33200,1.68500,10
15027,1.95521,0.93100,1.49900,1.65700,10
15028,1.74786,0.89400,1.40900,1.67700,10
15029,1.80966,0.85000,1.36000,1.67900,10
15030,1.85260,1.01600,1.34300,1.66200,10
15031,2.28269,1.02000,1.60900,1.83700,10
15032,1.71353,1.05700,1.66800,1.70200,10
15033,1.76212,1.07000,1.40100,1.70600,10
15034,1.90098,0.95800,1.45500,1.64600,10
15035,1.97796,0.91200,1.57900,1.69100,10
15036,2.43474,0.86800,2.23500,1.68600,10
15037,1.85410,0.91500,1.85000,1.68600,10
15038,2.23596,0.91500,1.99800,1.71000,10
15039,2.12322,1.02700,1.93500,1.87700,10
15040,1.85242,0.91000,1.62500,1.67300,10
15041,1.68583,1.00100,1.43300,1.70400,10
15042,2.30868,0.94200,1.89300,1.65500,10
15043,1.67655,0.88300,1.65000,1.65500,10
15044,1.62599,0.93600,1.50400,1.65500,10
15045,1.77114,1.06900,1.47400,1.64700,10
15046,1.86659,1.37700,1.48600,1.65900,10
15047,1.69927,1.26600,1.38700,1.66000,10
15048,2.37467,0.97500,1.55200,1.99000,10
