frame,frame_ms,game_ms,render_ms,gpu_ms,instances
0,1.70060,0.59300,1.27900,1.58600,1
1,1.87589,0.57300,1.35200,1.60100,1
2,1.60351,0.54500,1.18400,1.61600,1
3,1.74351,0.56100,1.16100,1.58300,1
4,1.77854,0.56900,1.17200,1.60400,1
5,1.78859,0.57000,1.22500,1.57400,1
6,1.75851,0.57100,1.19000,1.60200,1
7,1.85228,0.65700,1.19700,1.60900,1
8,2.07476,0.56400,1.31700,1.65400,1
9,1.71111,0.56700,1.26500,1.60100,1
10,1.86514,0.57500,1.31300,1.63200,1
11,1.66747,0.56500,1.20300,1.60400,1
12,1.75527,0.57800,1.21000,1.60700,1
13,1.85652,0.56400,1.29000,1.61200,1
14,1.87530,0.55000,1.26200,1.74700,1
15,1.74950,0.55900,1.24000,1.59100,1
16,1.73423,0.57600,1.21100,1.57800,1
17,2.40303,0.61500,1.25700,1.62300,1
18,1.70260,0.58000,1.21600,1.58700,1
19,1.76174,0.59000,1.20000,1.60700,1
20,1.78912,0.55900,1.21700,1.60000,1
21,1.80975,0.57400,1.24000,1.61000,1
22,1.78648,0.58900,1.25100,1.60500,1
23,1.82053,0.58100,1.31100,1.59600,1
24,1.82666,0.58700,1.32000,1.62200,1
25,1.80252,0.63600,1.33300,1.58900,1
26,1.82524,0.75500,1.41500,1.62500,1
27,1.90854,0.69600,1.38300,1.77800,1
28,1.80106,0.63800,1.39700,1.61600,1
29,1.74053,0.69500,1.40800,1.60200,1
30,1.72537,0.64700,1.30800,1.61500,1
31,1.73697,0.70800,1.24400,1.59100,1
32,1.93350,0.67400,1.25000,1.77200,1
33,1.71538,0.64800,1.19300,1.60300,1
34,1.78898,0.68500,1.16400,1.59800,1
35,1.78022,0.67500,1.18400,1.62000,1
36,2.02798,0.67800,1.27700,1.76900,1
37,1.71763,0.56900,1.19300,1.61900,1
38,1.72152,0.56600,1.16800,1.58400,1
39,1.73556,0.58000,1.15800,1.56800,1
40,1.79527,0.56400,1.17800,1.59600,1
41,1.70347,0.55800,1.09500,1.60700,1
42,1.78998,0.57900,1.15600,1.58000,1
43,2.12028,0.54100,1.51100,1.59900,1
44,2.01892,0.62400,1.83500,1.61800,1
45,1.82658,0.58100,1.71100,1.80200,1
46,1.68664,0.59400,1.57400,1.60800,1
47,1.78062,0.58500,1.59100,1.59400,1
48,1.66912,0.56400,1.45300,1.60800,1
49,1.82796,0.55400,1.44100,1.62600,1
50,1.64745,0.56300,1.32100,1.62700,1
51,1.97983,0.54600,1.29400,1.78700,1
52,1.83990,0.64100,1.37000,1.60200,1
53,1.73661,0.61100,1.30600,1.60900,1
54,1.93882,0.60600,1.26600,1.79000,1
55,1.69029,0.64300,1.21400,1.57800,1
56,2.96817,0.54800,1.20400,1.64800,1
57,1.76483,0.54300,1.20800,1.59200,1
58,1.74512,0.55900,1.18400,1.59400,1
59,1.72772,0.56600,1.15100,1.58000,1
60,1.88595,0.59800,1.24100,1.61100,1
61,1.87578,0.58800,1.36500,1.60400,1
62,1.76038,0.54800,1.33200,1.62700,1
63,1.89821,0.60200,1.29000,1.76700,1
64,1.74986,0.60900,1.27000,1.59200,1
65,1.76627,0.58700,1.28700,1.57800,1
66,1.96254,0.68500,1.51900,1.58200,1
67,1.54719,0.68700,1.27500,1.61200,1
68,2.03288,0.96100,1.31300,1.73500,1
69,1.64760,1.04400,1.24900,1.60700,1
70,1.73956,0.85800,1.23000,1.60000,1
71,1.91874,0.71300,1.34400,1.62100,1
72,1.90736,0.73200,1.33000,1.77000,1
73,1.68994,0.67600,1.25200,1.59800,1
74,2.34583,0.79400,1.79200,1.59200,1
75,1.81355,0.97600,1.82600,1.62900,1
76,1.66028,0.83300,1.66900,1.59600,1
77,1.75892,0.77500,1.74400,1.61200,1
78,1.38955,0.79100,1.39800,1.61200,1
79,1.61131,0.74700,1.31500,1.57500,1
80,1.76733,0.64500,1.27100,1.60100,1
81,1.82551,0.64000,1.28400,1.64700,1
82,1.88172,0.66700,1.20800,1.78000,1
83,1.80373,0.61900,1.22200,1.58300,1
84,1.75664,0.71900,1.25400,1.59100,1
85,1.74899,0.69800,1.22700,1.58100,1
86,1.84282,0.66100,1.28100,1.58400,1
87,1.79923,0.68400,1.21300,1.74800,1
88,1.76123,0.68000,1.21400,1.59300,1
89,1.75415,0.61400,1.19800,1.59600,1
90,1.80485,0.62000,1.20800,1.60000,1
91,1.96869,0.63100,1.23600,1.80500,1
92,1.84567,0.57300,1.31800,1.59600,1
93,1.63607,0.59900,1.19200,1.56900,1
94,1.73657,0.60700,1.22300,1.57600,1
95,2.71612,0.62300,1.29100,1.65000,1
96,1.70528,0.66100,1.24800,1.61800,1
97,1.75094,0.67100,1.20700,1.60600,1
98,1.71851,0.64100,1.17500,1.58200,1
99,1.82732,0.67800,1.23100,1.60100,1
100,1.94327,0.69500,1.22400,1.77200,1
101,1.76841,0.63900,1.22400,1.60400,1
102,1.72825,0.67400,1.18300,1.60700,1
103,2.90210,0.67200,1.22700,1.62400,1
104,1.79161,0.62800,1.25500,1.64200,1
105,1.85766,0.64700,1.19900,1.72900,1
106,1.75841,0.64100,1.20700,1.60200,1
107,1.80108,0.57500,1.20400,1.63800,1
108,1.95281,0.58500,1.17000,1.80700,1
109,1.83726,0.64700,1.23400,1.58300,1
110,1.66722,0.69200,1.20300,1.58800,1
111,1.77234,0.59100,1.18000,1.60700,1
112,1.73253,0.65700,1.16400,1.59400,1
113,1.83881,0.60500,1.20600,1.60000,1
114,1.74168,0.63200,1.16100,1.59300,1
115,1.82782,0.62900,1.23900,1.57500,1
116,1.66398,0.67600,1.17400,1.58200,1
117,1.79098,0.62500,1.19200,1.60500,1
118,1.90409,0.61900,1.14600,1.77800,1
119,1.75678,0.69500,1.13000,1.59800,1
120,1.80326,0.69300,1.14900,1.60100,1
121,1.91426,0.67300,1.26800,1.61700,1
122,1.88502,0.65500,1.42300,1.60100,1
123,2.13004,0.62800,1.68400,1.75100,1
124,1.46665,0.69100,1.40800,1.59200,1
125,1.71898,0.67000,1.27400,1.61000,1
126,1.85738,0.70200,1.25000,1.63300,1
127,1.99841,0.62500,1.33600,1.78600,1
128,1.74885,0.63400,1.36500,1.59700,1
129,1.80939,0.58600,1.41300,1.60200,1
130,1.98044,0.62000,1.71400,1.62200,1
131,1.68564,0.58900,1.53200,1.57700,1
132,1.79040,0.62500,1.53900,1.62900,1
133,1.54978,0.70200,1.28600,1.59100,1
134,2.58010,0.66400,1.21300,1.63500,1
135,1.82502,0.63300,1.28500,1.61400,1
136,2.31848,0.70400,1.59600,1.78800,1
137,1.66983,0.71000,1.56500,1.62500,1
138,1.56282,0.71800,1.29700,1.60800,1
139,1.75152,0.58700,1.23900,1.61200,1
140,1.78926,0.59600,1.23800,1.59300,1
141,1.95865,0.56300,1.24900,1.76300,1
142,1.69579,0.55700,1.20700,1.58000,1
143,1.83243,0.60700,1.23300,1.61100,1
144,1.78793,0.57000,1.18600,1.63200,1
145,2.00454,0.74600,1.26600,1.82300,1
146,1.70009,0.59200,1.19100,1.60300,1
147,1.98620,0.56100,1.44300,1.62000,1
148,1.79655,0.56700,1.40900,1.61700,1
149,1.81435,0.54500,1.45500,1.60200,1
150,1.76563,0.56500,1.39900,1.61400,1
151,1.75588,0.54600,1.36500,1.61600,1
152,1.88389,0.53600,1.44700,1.59400,1
153,1.72679,0.65400,1.36100,1.62000,1
154,2.00303,1.35000,1.39900,1.79200,1
155,1.92205,0.84600,1.63100,1.60900,1
156,1.76171,0.74200,1.56700,1.60800,1
157,1.75989,0.65500,1.52500,1.60100,1
158,1.78338,0.62600,1.52000,1.61000,1
159,2.00890,0.60500,1.58700,1.77900,1
160,1.67439,0.68400,1.43700,1.59700,1
161,1.75277,0.94400,1.40600,1.61000,1
162,1.76549,0.82600,1.40000,1.65800,1
163,1.93108,0.70400,1.36200,1.77700,1
164,1.78844,0.74200,1.35400,1.59300,1
165,1.79114,0.69400,1.35500,1.60100,1
166,1.69989,0.63900,1.37800,1.60700,1
167,1.64115,0.59800,1.19700,1.60300,1
168,1.77928,0.61100,1.19100,1.57900,1
169,1.70271,0.68400,1.19200,1.57200,1
170,1.76246,0.67700,1.20200,1.58800,1
171,1.73767,0.65900,1.20200,1.56700,1
172,2.49956,0.58800,1.25300,1.64600,1
173,1.64855,0.56800,2.08100,1.82100,1
174,1.74286,0.58600,1.23500,1.60800,1
175,1.75048,0.57000,1.22000,1.59100,1
176,1.75894,0.57700,1.22600,1.58300,1
177,1.75149,0.58800,1.22800,1.58200,1
178,2.01270,0.56500,1.28000,1.74100,1
179,1.80604,0.56500,1.35900,1.60800,1
180,1.73864,0.54300,1.30400,1.58600,1
181,1.72833,0.56000,1.28500,1.60200,1
182,1.97437,0.56500,1.29700,1.77900,1
183,1.77298,0.55500,1.29700,1.59100,1
184,1.80119,0.54800,1.35500,1.60400,1
185,1.72668,0.53100,1.31500,1.60400,1
186,1.77296,0.56700,1.29200,1.60200,1
187,1.75889,0.54400,1.28200,1.60200,1
188,1.80586,0.53400,1.32300,1.60800,1
189,1.74987,0.56300,1.33400,1.58400,1
190,1.76437,0.57900,1.32800,1.62000,1
191,1.80231,0.59200,1.20700,1.75900,1
192,1.82878,0.59200,1.22500,1.58300,1
193,1.71966,0.66300,1.20500,1.58700,1
194,1.78008,0.56900,1.22200,1.60100,1
195,1.72017,0.58800,1.17700,1.58100,1
196,1.97940,0.58300,1.24000,1.75800,1
197,1.77291,0.55400,1.23700,1.59200,1
198,1.85023,0.65000,1.32900,1.59600,1
199,1.70375,0.67500,1.21200,1.66600,1
200,1.97926,0.61900,1.19500,1.79300,1
201,1.71720,0.58100,1.13400,1.59400,1
202,1.83788,0.57600,1.19100,1.58500,1
203,1.88024,0.56100,1.30600,1.59000,1
204,1.75704,0.60900,1.29700,1.61600,1
205,1.68046,0.56700,1.21500,1.57300,1
206,3.21305,0.55900,1.26400,1.63100,1
207,1.63465,0.72600,1.22500,1.58400,1
208,1.82736,0.61600,1.21600,1.62700,1
209,1.91121,0.55800,1.14900,1.80400,1
210,1.84384,0.54800,1.21700,1.58600,1
211,2.33632,0.60200,1.19600,1.62200,1
212,1.63192,0.56300,2.01300,1.64300,1
213,1.80139,0.62500,1.19900,1.58200,1
214,1.89475,0.60300,1.20900,1.73800,1
215,1.96278,0.57400,1.40100,1.59100,1
216,1.58541,0.55500,1.28300,1.59100,1
217,1.82071,0.57100,1.24800,1.62000,1
218,1.99348,0.58100,1.23700,1.78800,1
219,1.75831,0.69200,1.24000,1.62900,1
220,1.84476,0.73900,1.29400,1.62900,1
221,1.74056,0.70500,1.25300,1.63200,1
222,1.98482,0.70600,1.35300,1.61000,1
223,1.59082,0.76000,1.24700,1.61400,1
224,1.74905,0.69200,1.20700,1.60000,1
225,1.72065,0.68600,1.16100,1.59200,1
226,1.77648,0.63800,1.16100,1.60700,1
227,1.95061,0.59100,1.16200,1.77900,1
228,1.82089,0.55800,1.20200,1.62700,1
229,1.82126,0.58100,1.26100,1.58800,1
230,1.73159,0.60800,1.20700,1.59800,1
231,1.81093,0.57200,1.26000,1.58200,1
232,1.81729,0.64500,1.18600,1.75700,1
233,1.88825,0.56400,1.29100,1.58600,1
234,1.70358,0.60200,1.21100,1.60100,1
235,1.83430,0.64900,1.25100,1.63600,1
236,1.90482,0.70500,1.20200,1.80000,1
237,1.77134,0.63300,1.20700,1.57100,1
238,1.75488,0.62300,1.22800,1.57800,1
239,1.77061,0.58800,1.22300,1.60900,1
240,1.79798,0.57200,1.26200,1.60000,1
241,1.70731,0.59300,1.22900,1.57600,1
242,1.83784,0.56100,1.26700,1.59000,1
243,1.73052,0.72100,1.23200,1.60000,1
244,1.86258,0.92900,1.27000,1.60500,1
245,1.92511,0.97200,1.26400,1.62700,1
246,1.77176,0.78800,1.33200,1.60000,1
247,1.79803,0.68700,1.34700,1.59300,1
248,1.69550,0.69900,1.26500,1.60300,1
249,1.71340,0.67300,1.22400,1.57500,1
250,2.63418,0.68700,1.28200,1.64400,1
251,1.71999,0.68600,1.24200,1.57400,1
252,1.63506,0.73400,1.19200,1.57100,1
253,1.83848,0.58800,1.20300,1.64800,1
254,1.94238,0.54300,1.18800,1.79000,1
255,2.01955,0.56900,1.41200,1.59700,1
256,1.61254,0.67900,1.30500,1.62000,1
257,1.74754,0.70300,1.21500,1.59000,1
258,1.80158,0.68800,1.21000,1.59700,1
259,1.75326,0.91900,1.22600,1.57200,1
260,1.82452,0.81000,1.24900,1.60200,1
261,1.82086,0.77200,1.31600,1.61800,1
262,1.71771,0.68900,1.25600,1.61600,1
263,1.78003,0.65200,1.23800,1.61700,1
264,1.93192,0.68000,1.20600,1.79000,1
265,1.76912,0.62400,1.20700,1.59200,1
266,1.78518,0.61800,1.22300,1.60400,1
267,1.73859,0.67200,1.22100,1.58300,1
268,1.83608,0.60700,1.29100,1.59700,1
269,1.95737,0.63200,1.33800,1.74500,1
270,1.71304,0.59300,1.23500,1.60600,1
271,1.76957,0.63200,1.22800,1.63300,1
272,1.77192,0.60900,1.20000,1.59200,1
273,1.95326,0.67300,1.23700,1.79600,1
274,1.77616,0.75500,1.22100,1.60900,1
275,1.82773,0.75800,1.26900,1.59200,1
276,2.16518,1.00800,1.62400,1.59700,1
277,1.41946,1.10600,1.29700,1.59700,1
278,1.76523,0.96500,1.27000,1.60600,1
279,1.75103,0.78800,1.24700,1.58400,1
280,1.77787,0.70800,1.26200,1.59900,1
281,1.75077,0.67100,1.21700,1.60400,1
282,2.03286,0.65600,1.29000,1.79900,1
283,1.72657,0.65500,1.26600,1.57000,1
284,1.83936,0.67800,1.30100,1.59400,1
285,1.63068,0.70500,1.23000,1.59300,1
286,1.78434,0.69200,1.24000,1.59300,1
287,1.76178,0.63900,1.23700,1.61300,1
288,2.72858,0.63800,1.24000,1.75900,1
289,1.68477,0.62300,2.32100,1.61500,1
290,1.80414,0.66300,1.22000,1.62400,1
291,2.00480,0.62500,1.25400,1.78800,1
292,1.75291,0.58400,1.23200,1.59900,1
293,1.74852,0.61100,1.21600,1.56900,1
294,1.77590,0.64800,1.20800,1.62600,1
295,1.75814,0.60600,1.20300,1.58500,1
296,1.82407,0.57700,1.24100,1.59700,1
297,1.85069,0.83500,1.32000,1.59100,1
298,1.63211,0.71100,1.20400,1.60600,1
299,1.82896,0.65800,1.22700,1.61700,1
300,1.98710,0.64200,1.22000,1.83200,1
301,1.75450,0.62800,1.19800,1.61100,1
302,1.80304,0.62100,1.22900,1.59200,1
303,1.92664,0.76200,1.35700,1.59600,1
304,1.61068,0.74200,1.22100,1.59400,1
305,1.77021,0.66500,1.23100,1.59600,1
306,1.92799,0.65900,1.25700,1.74700,1
307,1.73402,0.65500,1.21700,1.61000,1
308,1.77671,0.65000,1.18400,1.61400,1
309,2.26728,0.66900,1.27100,1.79800,1
310,2.31930,0.70000,1.80600,1.67200,1
311,1.77357,0.68900,1.35900,1.59300,1
312,1.80649,0.66700,1.42100,1.59600,1
313,1.69865,0.67600,1.34900,1.61200,1
314,1.88085,0.61000,1.43900,1.61100,1
315,1.66860,0.61300,1.36300,1.60100,1
316,1.77753,0.61600,1.35400,1.59000,1
317,1.90783,0.59600,1.41000,1.60100,1
318,1.86325,0.88200,1.38600,1.78100,1
319,1.81009,0.63200,1.29900,1.61200,1
320,1.60081,1.20100,1.21200,1.59900,1
321,1.86332,0.97200,1.29100,1.60500,1
322,1.81441,0.87200,1.32500,1.61100,1
323,1.69590,0.81200,1.24900,1.61800,1
324,1.84590,0.76000,1.18000,1.74800,1
325,1.74896,0.68800,1.16900,1.59100,1
326,1.81574,0.68000,1.17100,1.61500,1
327,2.90264,0.67800,1.20000,1.68200,1
328,1.75174,0.64200,1.20100,1.59700,1
329,1.84095,0.59300,1.25400,1.61400,1
330,1.76181,0.57500,1.21900,1.61300,1
331,1.79701,0.60200,1.23900,1.60700,1
332,1.76416,0.59400,1.21800,1.59100,1
333,1.83182,0.57400,1.30400,1.58900,1
334,1.67567,0.76500,1.24000,1.59000,1
335,1.81179,0.58000,1.21600,1.64900,1
336,1.97328,0.58100,1.26300,1.78700,1
337,1.74608,0.58000,1.22400,1.60100,1
338,1.87890,0.57400,1.34800,1.62100,1
339,1.69915,0.57100,1.28400,1.58000,1
340,1.70765,0.59700,1.23400,1.59800,1
341,1.90565,0.55200,1.21700,1.75100,1
342,1.94581,0.53900,1.34900,1.62700,1
343,1.66373,0.51900,1.23500,1.62000,1
344,1.86332,0.53100,1.26500,1.61000,1
345,1.95380,0.61700,1.29900,1.60700,1
346,1.72019,0.61900,1.24100,1.61100,1
347,1.78608,0.58800,1.24700,1.60500,1
348,1.74937,0.60000,1.26200,1.58900,1
349,1.73969,0.57500,1.23400,1.58400,1
350,1.77648,0.59200,1.19100,1.61000,1
351,1.76670,0.64300,1.20300,1.60200,1
352,1.76116,0.62600,1.19900,1.58900,1
353,2.14082,0.61300,1.55200,1.61000,1
354,1.78709,0.64500,1.56200,1.63200,1
355,1.64895,0.72200,1.24500,1.77700,1
356,1.73284,0.57500,1.20900,1.60100,1
357,1.72375,0.58900,1.19600,1.58400,1
358,1.96112,0.62800,1.36700,1.59900,1
359,1.84190,0.58800,1.42900,1.63900,1
360,1.89721,0.56200,1.36000,1.75600,1
361,1.76536,0.57200,1.33400,1.60300,1
362,1.73501,0.60400,1.30500,1.61100,1
363,1.92394,0.59400,1.44200,1.62800,1
364,1.84235,0.60800,1.33300,1.76400,1
365,1.85758,0.64500,1.44700,1.58800,1
366,3.16781,0.62300,1.41800,1.63700,1
367,1.64342,0.63600,1.30600,1.60300,1
368,1.91277,0.66100,1.44800,1.59800,1
369,1.62618,0.81300,1.32800,1.60900,1
370,1.64895,0.68400,1.17600,1.57900,1
371,1.85803,0.65600,1.17800,1.62800,1
372,1.93003,0.64100,1.16700,1.62900,1
373,1.78872,0.65400,1.20700,1.59200,1
374,1.78242,0.65700,1.25000,1.59900,1
375,1.72517,0.60000,1.19700,1.58300,1
376,1.83750,0.56500,1.21800,1.61300,1
377,1.67629,0.61000,1.20700,1.58900,1
378,1.95127,0.56100,1.20100,1.74500,1
379,1.82858,0.55700,1.23900,1.61000,1
380,1.75209,0.57800,1.21300,1.60400,1
381,1.78116,0.56200,1.19700,1.63800,1
382,1.99831,0.60300,1.18000,1.81600,1
383,1.77125,0.59000,1.17100,1.60600,1
384,1.74014,0.55300,1.14200,1.61500,1
385,1.76642,0.57100,1.13500,1.59100,1
386,1.78272,0.56700,1.15200,1.59300,1
387,1.83614,0.58600,1.16100,1.61500,1
388,1.82890,0.86200,1.26100,1.59300,1
389,1.65735,0.59100,1.17900,1.60400,1
390,1.94079,0.54500,1.28700,1.63000,1
391,1.99966,0.59400,1.38700,1.78300,1
392,1.78958,0.70900,1.40600,1.60100,1
393,1.75819,0.58200,1.36300,1.62900,1
394,1.78300,0.54100,1.37800,1.61300,1
395,1.78506,0.52800,1.38500,1.59600,1
396,1.76370,0.57900,1.21800,1.74800,1
397,1.80923,0.56100,1.26500,1.58500,1
398,1.75860,0.53900,1.20100,1.60900,1
399,1.70637,0.53100,1.14200,1.59100,1
400,1.99855,0.55100,1.19900,1.77200,1
401,2.04163,0.54800,1.47000,1.59100,1
402,1.70188,0.60800,1.44700,1.57900,1
403,1.73278,0.59300,1.41500,1.60900,1
404,2.44863,0.58400,1.33900,1.61700,1
405,1.69778,0.58800,2.23600,1.65200,1
406,1.82060,0.56800,1.20600,1.62100,1
407,1.73420,0.55200,1.17900,1.58300,1
408,1.69335,0.55800,1.14900,1.55900,1
409,2.04312,0.57000,1.18200,1.81900,1
410,1.75373,0.57200,1.20800,1.58800,1
411,2.51799,0.59400,1.92700,1.60700,1
412,2.08534,0.61400,1.74500,1.60700,1
413,2.53584,0.63600,2.25400,1.66800,1
414,2.01582,0.62600,1.76100,1.57700,1
415,1.53812,0.59700,1.53800,1.57700,1
416,1.69219,0.58900,1.38400,1.63400,1
417,1.92530,0.56800,1.32700,1.79200,1
418,1.84448,0.57800,1.41800,1.58400,1
419,1.64055,0.57700,1.30700,1.60000,1
420,1.71052,0.57500,1.26100,1.58200,1
421,1.81288,0.56500,1.30300,1.59400,1
422,1.77276,0.53100,1.33000,1.58400,1
423,1.90353,0.54900,1.42900,1.61200,1
424,1.59735,0.60500,1.28100,1.59000,1
425,1.74988,0.58600,1.28100,1.58700,1
426,1.81529,0.58200,1.26900,1.62400,1
427,1.86290,0.57900,1.20300,1.77400,1
428,1.79047,0.55600,1.19900,1.61800,1
429,1.85210,0.56100,1.27200,1.58900,1
430,1.68332,0.60300,1.22300,1.57500,1
431,1.73390,0.61800,1.18700,1.59900,1
432,2.05214,0.64100,1.28600,1.75200,1
433,1.66142,0.62300,1.24200,1.61200,1
434,1.88805,0.57400,1.31900,1.59700,1
435,1.65741,0.54000,1.23400,1.58500,1
436,1.92530,0.55200,1.19100,1.81500,1
437,1.74543,0.52500,1.21200,1.56800,1
438,1.75383,0.55400,1.20100,1.57400,1
439,1.70947,0.54600,1.16200,1.58400,1
440,1.80534,0.53300,1.18200,1.60500,1
441,1.77555,0.52200,1.17100,1.59400,1
442,1.78931,0.84100,1.19800,1.58000,1
443,2.28506,0.59500,1.19300,1.59900,1
444,1.67330,0.58200,1.95200,1.67100,1
445,2.04888,0.62400,1.24100,1.78900,1
446,1.70093,0.54900,1.19900,1.59200,1
447,1.81971,0.55800,1.22800,1.60500,1
448,1.71629,0.56700,1.19600,1.58700,1
449,1.84970,0.56300,1.27300,1.58500,1
450,2.06160,0.59400,1.49400,1.76000,1
451,1.85828,0.60200,1.55500,1.58500,1
452,1.68631,0.66300,1.48300,1.57700,1
453,1.59797,0.60600,1.25100,1.66200,1
454,1.98945,0.61900,1.23100,1.79200,1
455,1.79166,0.56800,1.26100,1.58900,1
456,1.78121,0.56800,1.26400,1.59000,1
457,1.71457,0.54500,1.21700,1.59000,1
458,1.79535,0.52000,1.23600,1.58100,1
459,1.70235,0.54500,1.17300,1.58300,1
460,1.79896,0.54300,1.19900,1.58900,1
461,1.82589,0.51900,1.24500,1.59300,1
462,1.71647,0.61200,1.15700,1.61000,1
463,1.74372,0.59100,1.17100,1.59100,1
464,1.99703,0.61600,1.18700,1.80400,1
465,1.80011,0.55800,1.20000,1.61000,1
466,1.72601,0.55800,1.15200,1.60100,1
467,1.80873,0.53600,1.20400,1.59400,1
468,1.78522,0.57900,1.21700,1.58600,1
469,1.95266,0.58100,1.20700,1.76800,1
470,1.71868,0.55200,1.14700,1.60600,1
471,1.77680,0.55900,1.15100,1.60900,1
472,1.84727,0.58100,1.17500,1.63500,1
473,2.09278,0.58200,1.26700,1.81200,1
474,1.78581,0.56300,1.27400,1.59800,1
475,1.71202,0.60200,1.23200,1.58800,1
476,1.82118,0.58200,1.27600,1.60700,1
477,1.78331,0.58500,1.29300,1.61200,1
478,1.76898,0.58000,1.29100,1.60400,1
479,1.75745,0.56000,1.24700,1.58900,1
480,1.81677,0.56200,1.29300,1.61000,1
481,1.73911,0.56700,1.24800,1.60200,1
482,3.11756,0.55500,1.19600,1.80000,1
483,1.72227,0.60700,1.18800,1.58300,1
484,1.76353,0.61000,1.17300,1.60000,1
485,1.77758,0.55900,1.18600,1.56600,1
486,1.90721,0.61400,1.32800,1.61100,1
487,1.81398,0.65200,1.28200,1.76100,1
488,1.71458,0.57100,1.19300,1.58200,1
489,1.83738,0.57000,1.21900,1.61000,1
490,1.71147,0.54500,1.17300,1.61600,1
491,1.98257,0.54900,1.18400,1.79100,1
492,1.77320,0.54100,1.16300,1.60400,1
493,1.79997,0.57600,1.18900,1.59600,1
494,1.79846,0.58100,1.25400,1.60600,1
495,1.80325,0.59100,1.29900,1.58700,1
496,1.72235,0.57700,1.21100,1.59600,1
497,1.71686,0.59900,1.18000,1.60000,1
498,1.75622,0.58700,1.16100,1.60800,1
499,1.98614,0.57400,1.31500,1.63200,1
500,1.85604,0.58400,1.27300,1.78500,1
501,1.67498,0.55100,1.19200,1.58200,1
502,1.80996,0.53000,1.17200,1.59600,1
503,1.84905,0.58900,1.30300,1.59500,1
504,1.74533,0.58200,1.27800,1.62100,1
505,1.91841,0.55700,1.28900,1.73400,1
506,1.71652,0.55700,1.26000,1.58300,1
507,1.81608,0.59500,1.28700,1.59500,1
508,1.77508,0.55000,1.25300,1.62600,1
509,1.95428,0.57700,1.26300,1.78500,1
510,1.73613,0.56100,1.22900,1.59300,1
511,1.84060,0.54800,1.26400,1.61300,1
512,1.80085,0.58500,1.32300,1.58500,1
513,1.84485,0.60900,1.36900,1.62500,1
514,1.83439,0.56000,1.42800,1.58300,1
515,3.09548,0.57100,1.38100,1.65100,1
516,1.79614,0.55100,1.32600,1.62300,1
517,1.76297,0.57600,1.32500,1.63400,1
518,1.91914,0.59300,1.28500,1.77900,1
519,1.78927,0.55200,1.30600,1.60600,1
520,1.88412,0.57700,1.41800,1.60300,1
521,2.77363,0.53600,1.51700,1.65700,1
522,1.68548,0.61300,1.30000,1.74100,1
523,1.79425,0.59000,1.27700,1.62900,1
524,1.82774,0.60700,1.29600,1.60300,1
525,1.70925,0.58300,1.21700,1.65800,1
526,2.05025,0.60000,1.28700,1.78300,1
527,1.81672,0.56900,1.33100,1.60600,1
528,1.80581,0.61500,1.32800,1.60800,1
529,1.78352,0.66700,1.19800,1.78100,1
530,1.75930,0.64600,1.19100,1.60400,1
531,1.81299,0.65400,1.28000,1.58100,1
532,1.88199,0.69400,1.42700,1.58900,1
533,1.72406,0.70400,1.35500,1.61400,1
534,1.77677,0.61600,1.27900,1.61600,1
535,1.87304,0.66000,1.21700,1.82400,1
536,1.79338,0.70400,1.20700,1.62700,1
537,1.85004,0.64800,1.28700,1.59000,1
538,1.72769,0.57400,1.23300,1.62300,1
539,1.91163,0.54100,1.36000,1.60600,1
540,1.78521,0.61700,1.40000,1.60300,1
541,1.88506,0.63300,1.32300,1.75000,1
542,1.68250,0.61400,1.27800,1.58500,1
543,2.00369,0.60700,1.31200,1.78200,1
544,1.89458,0.56500,1.46400,1.61500,1
545,1.85717,0.60800,1.31700,1.77600,1
546,1.80479,0.56500,1.34800,1.60200,1
547,1.73524,0.63900,1.29000,1.59100,1
548,1.78602,0.63000,1.36100,1.59500,1
549,1.79560,0.67700,1.38000,1.58100,1
550,1.76967,0.68400,1.37500,1.61800,1
551,1.89158,0.64800,1.37000,1.59500,1
552,1.64074,0.65900,1.42700,1.56400,1
553,1.76804,0.70800,1.39100,1.63200,1
554,1.93304,0.64500,1.35500,1.78700,1
555,1.92646,0.66700,1.38500,1.74900,1
556,1.82945,0.64500,1.41300,1.60500,1
557,1.74215,0.63400,1.35200,1.60700,1
558,1.84700,0.63300,1.42600,1.60500,1
559,2.63994,0.60600,1.36200,1.76300,1
560,2.03831,0.58500,2.65200,1.61000,1
561,1.72413,0.74600,1.32900,1.62900,1
562,1.89500,1.08000,1.26100,1.79400,1
563,1.84942,0.82200,1.35600,1.60200,1
564,1.77337,0.75400,1.41600,1.59600,1
565,1.72914,0.66900,1.34500,1.60100,1
566,1.78325,0.63300,1.33600,1.59400,1
567,1.76110,0.64800,1.35400,1.60900,1
568,1.78126,0.64100,1.37500,1.60900,1
569,1.79557,0.62200,1.36400,1.61100,1
570,1.76880,0.58600,1.36000,1.60900,1
571,1.83181,0.57900,1.40300,1.63000,1
572,1.88046,0.60600,1.30400,1.79600,1
573,1.79619,0.59000,1.36500,1.61800,1
574,1.64047,0.58300,1.22700,1.58500,1
575,1.81774,0.57500,1.25100,1.58800,1
576,1.73720,0.57900,1.24200,1.59300,1
577,1.90688,0.59500,1.22100,1.72800,1
578,1.75690,0.58800,1.19700,1.60500,1
579,2.35466,0.57300,1.76900,1.63800,1
580,1.98948,0.58900,1.98600,1.78000,1
581,1.29696,0.60600,1.29800,1.78000,1
582,1.67782,0.57800,1.24000,1.59500,1
583,1.72160,0.57800,1.21100,1.59700,1
584,1.76412,0.58500,1.20600,1.58400,1
585,1.76223,0.60400,1.20000,1.60600,1
586,1.81898,0.60500,1.25400,1.59500,1
587,1.89162,0.61000,1.37200,1.59100,1
588,1.77644,0.63700,1.38400,1.61100,1
589,1.74924,0.60100,1.30500,1.63300,1
590,1.99483,0.59700,1.29200,1.80200,1
591,1.77287,0.68900,1.33400,1.58300,1
592,1.85201,0.67900,1.42000,1.61300,1
593,1.77290,0.69000,1.39200,1.60000,1
594,1.72618,0.58100,1.34300,1.60100,1
595,1.98289,1.00300,1.35400,1.77900,1
596,1.74941,0.97600,1.33300,1.59800,1
597,1.77973,0.85000,1.31300,1.60100,1
598,1.85367,0.79200,1.37700,1.63500,1
599,2.62021,0.85800,1.34100,1.83200,1
600,1.63863,0.69900,1.25300,1.59100,1
601,1.70497,0.69500,1.17300,1.57300,1
602,1.75482,0.67000,1.16000,1.60600,1
603,1.77258,0.74200,1.18900,1.60900,1
604,1.76887,0.59900,1.17300,1.59600,1
605,1.75027,0.63300,1.16900,1.58100,1
606,1.82918,0.61300,1.21700,1.60800,1
607,1.89656,0.59500,1.32100,1.62600,1
608,1.85331,0.58900,1.19800,1.81000,1
609,1.87999,0.66500,1.22000,1.60300,1
610,1.76016,1.11100,1.27300,1.57400,1
611,1.81811,0.83200,1.31300,1.59700,1
612,1.78130,0.75000,1.34900,1.59400,1
613,1.76278,0.73300,1.34900,1.61900,1
614,1.87622,0.66100,1.27500,1.78200,1
615,1.77355,0.64800,1.29400,1.57800,1
616,1.87968,0.60900,1.33200,1.64000,1
617,2.03766,0.58200,1.44700,1.80100,1
618,2.42651,0.59900,1.34800,1.57700,1
619,1.67047,0.60100,2.24300,1.65000,1
620,1.90745,0.69100,1.27900,1.61300,1
621,1.75747,0.64600,1.27900,1.60800,1
622,1.76976,0.61000,1.29000,1.60000,1
623,1.75589,0.58500,1.25700,1.60800,1
624,1.75935,0.64500,1.21900,1.60100,1
625,1.99655,0.64100,1.45500,1.60400,1
626,1.84895,0.62400,1.39000,1.77700,1
627,1.91281,0.55800,1.43500,1.58700,1
628,1.55458,0.60200,1.28400,1.59800,1
629,1.76840,0.61900,1.32500,1.59800,1
630,1.77168,0.56200,1.31300,1.60100,1
631,1.82953,0.55400,1.37300,1.59800,1
632,1.87874,0.57500,1.26800,1.79300,1
633,1.82989,0.62900,1.38100,1.58100,1
634,1.73613,0.60600,1.36100,1.60700,1
635,1.99164,0.57000,1.37600,1.62400,1
636,1.66475,0.56500,1.28200,1.58100,1
637,1.78914,0.54500,1.28900,1.59500,1
638,3.17825,0.52300,1.35300,1.63000,1
639,1.68756,0.52400,1.30700,1.59900,1
640,1.78992,0.50700,1.33400,1.59800,1
641,1.75168,0.57800,1.28600,1.61700,1
642,1.83921,0.56900,1.33700,1.61400,1
643,1.74732,0.54500,1.33000,1.59200,1
644,1.95243,0.54600,1.29600,1.79600,1
645,1.76798,0.53400,1.32000,1.58000,1
646,1.74347,0.60600,1.31200,1.60400,1
647,1.75503,0.55300,1.31200,1.58900,1
648,1.77004,0.54800,1.31700,1.59700,1
649,1.95365,0.51600,1.36400,1.73300,1
650,1.72718,0.54300,1.32200,1.59100,1
651,1.74823,0.56900,1.29800,1.59300,1
652,1.82772,0.57300,1.27200,1.64000,1
653,1.94080,0.59700,1.29400,1.79200,1
654,1.75232,0.55100,1.26900,1.58100,1
655,1.73588,0.54300,1.25800,1.59100,1
656,1.75759,0.52800,1.24900,1.57400,1
657,1.76487,0.51800,1.26400,1.58500,1
658,1.76979,0.53800,1.27100,1.58000,1
659,1.87564,0.54400,1.35900,1.61300,1
660,1.73339,0.56800,1.31900,1.59100,1
661,1.80761,0.53900,1.34400,1.61300,1
662,1.78168,0.54300,1.29300,1.64100,1
663,2.03422,0.54800,1.36600,1.80200,1
664,1.73914,0.53000,1.34400,1.58600,1
665,1.79533,0.53500,1.36200,1.60500,1
666,1.78226,0.55700,1.32800,1.62000,1
667,1.81972,0.54500,1.37700,1.58200,1
668,1.89979,0.56600,1.34100,1.75800,1
669,1.75896,0.57800,1.35100,1.59700,1
670,1.79193,0.54900,1.35400,1.60800,1
671,1.80025,0.58800,1.38000,1.63000,1
672,1.99557,0.56700,1.35400,1.80700,1
673,1.75594,0.55600,1.34000,1.60600,1
674,1.79493,0.56200,1.35600,1.61800,1
675,1.78947,0.58200,1.37400,1.59100,1
676,1.70137,0.55300,1.34500,1.59000,1
677,2.29960,0.55200,1.31800,1.60700,1
678,1.76626,0.56700,2.09600,1.64400,1
679,1.89394,0.61400,1.36000,1.59800,1
680,1.71218,0.65900,1.33000,1.61100,1
681,1.97240,0.64400,1.34200,1.78400,1
682,1.76957,0.57400,1.30900,1.61000,1
683,1.74823,0.57100,1.28400,1.59100,1
684,1.77420,0.56200,1.29000,1.59800,1
685,1.80042,0.55900,1.30800,1.58300,1
686,2.00068,0.57700,1.43500,1.73900,1
687,1.65859,0.56000,1.30300,1.62200,1
688,1.81384,0.55000,1.30000,1.61000,1
689,1.81177,0.55500,1.28700,1.63100,1
690,1.98368,0.57900,1.28100,1.79400,1
691,1.76227,0.56300,1.29200,1.61300,1
692,1.81376,0.53700,1.34500,1.60000,1
693,1.76526,0.52400,1.31000,1.61500,1
694,1.64694,0.52700,1.19300,1.58500,1
695,1.80033,0.51500,1.20800,1.59400,1
696,1.75677,0.57500,1.23000,1.59300,1
697,1.90848,0.55500,1.36100,1.60400,1
698,1.66863,0.55800,1.25600,1.59600,1
699,1.93739,0.57800,1.28500,1.75600,1
700,1.73767,0.57500,1.25000,1.59100,1
701,1.75700,0.53600,1.23300,1.59900,1
702,1.81607,0.52600,1.26500,1.62800,1
703,1.72940,0.54600,1.22600,1.59600,1
704,1.96496,0.59300,1.25600,1.75600,1
705,1.73856,0.64300,1.23800,1.58200,1
706,1.93893,0.54500,1.35800,1.63200,1
707,1.89568,0.66100,1.45400,1.63100,1
708,2.46443,0.64100,2.11300,1.61300,1
709,1.39732,0.65900,1.40700,1.61300,1
710,1.74173,0.64800,1.34000,1.61100,1
711,1.61407,0.56600,1.46000,1.60300,1
712,1.77131,0.56200,1.30800,1.60800,1
713,1.77632,0.54800,1.32200,1.61500,1
714,1.80393,0.54500,1.35100,1.58200,1
715,1.70239,0.55100,1.27200,1.60900,1
716,3.11600,0.58700,1.33300,1.58800,1
717,1.94647,0.59200,1.28600,1.78500,1
718,1.79017,0.58700,1.29900,1.61200,1
719,1.70507,0.55900,1.24200,1.58900,1
720,1.79091,0.56300,1.27700,1.58500,1
721,2.31837,0.55700,1.32400,1.59800,1
722,2.36639,0.54300,2.19800,1.62600,1
723,1.68528,0.62200,1.31500,1.62700,1
724,1.80805,0.58000,1.30600,1.63200,1
725,1.85851,0.56200,1.31600,1.64100,1
726,1.88827,0.58100,1.24200,1.78800,1
727,2.02905,0.58300,1.49500,1.59400,1
728,1.93597,0.70100,1.87500,1.60900,1
729,1.47481,0.63300,1.48100,1.60900,1
730,1.63476,0.58400,1.23700,1.61800,1
731,1.81363,0.63300,1.32900,1.60000,1
732,1.84505,0.66300,1.38500,1.60300,1
733,1.62031,0.62600,1.24300,1.59100,1
734,1.76075,0.60100,1.19700,1.62400,1
735,1.95337,0.59700,1.17400,1.80200,1
736,1.83239,0.58100,1.23000,1.62000,1
737,1.72489,0.55900,1.21700,1.56800,1
738,1.80648,0.55000,1.19000,1.59000,1
739,1.84169,0.88800,1.30700,1.61400,1
740,1.90042,0.83000,1.31000,1.74200,1
741,1.63057,0.66800,1.18000,1.59200,1
742,1.86139,0.62200,1.23400,1.58200,1
743,1.68710,0.57900,1.16300,1.61300,1
744,2.05942,0.59600,1.23500,1.81600,1
745,1.67277,0.57400,1.15900,1.58900,1
746,1.81306,0.55900,1.22300,1.58700,1
747,1.74919,0.55200,1.18700,1.59100,1
748,1.82993,0.54900,1.20300,1.60600,1
749,1.93341,0.57700,1.41100,1.61000,1
750,1.74705,0.59300,1.40200,1.61000,1
751,1.67880,0.55300,1.28100,1.62800,1
752,1.75797,0.58700,1.21800,1.59400,1
753,1.96483,0.56300,1.19300,1.78400,1
754,1.80626,0.57700,1.19700,1.61300,1
755,2.33534,0.59300,1.26200,1.60200,1
756,1.69645,0.56900,1.96200,1.59900,1
757,1.85993,0.57300,1.25800,1.59300,1
758,1.86246,0.63100,1.33200,1.77500,1
759,1.64532,0.61800,1.22800,1.59000,1
760,1.79026,0.55500,1.22400,1.61100,1
761,1.85706,0.54300,1.21000,1.68300,1
762,1.99078,0.56500,1.25900,1.78900,1
763,1.82305,0.59400,1.24100,1.59000,1
764,1.83148,0.56800,1.23100,1.58900,1
765,1.60517,0.57700,1.19900,1.57300,1
766,1.91484,0.59100,1.33100,1.60400,1
767,1.68971,0.70700,1.29300,1.59100,1
768,1.76649,0.65700,1.29400,1.58000,1
769,1.77183,0.58200,1.26300,1.61100,1
770,1.75939,0.59800,1.25300,1.59500,1
771,1.87662,0.58700,1.31900,1.63800,1
772,1.86436,0.58900,1.23500,1.78600,1
773,1.77075,0.54400,1.22600,1.60300,1
774,1.98914,0.59100,1.44700,1.61000,1
775,1.73456,0.62100,1.42200,1.60400,1
776,1.66613,0.56500,1.32800,1.58100,1
777,2.04507,0.54200,1.39500,1.77400,1
778,1.79111,0.55500,1.40300,1.61500,1
779,1.78878,0.57400,1.48000,1.61500,1
780,1.76740,0.56800,1.38800,1.62400,1
781,1.91765,0.60800,1.35500,1.77400,1
782,1.73108,0.56100,1.29500,1.59100,1
783,1.80365,0.53200,1.33600,1.60000,1
784,1.82452,0.53400,1.33900,1.63200,1
785,1.80434,0.56900,1.35700,1.60300,1
786,1.76753,0.65000,1.38300,1.60400,1
787,1.88731,0.56100,1.51600,1.61500,1
788,1.67108,0.58000,1.44200,1.57600,1
789,1.75554,0.55500,1.39200,1.61200,1
790,2.07406,0.58100,1.49300,1.78100,1
791,1.76151,0.62500,1.49700,1.58700,1
792,1.78044,0.66400,1.65600,1.61400,1
793,1.67395,0.57500,1.35700,1.59400,1
794,1.76612,0.60800,1.39400,1.59400,1
795,2.53997,0.57800,1.45700,1.76900,1
796,1.83139,0.60700,1.50600,1.58900,1
797,1.63053,0.56800,1.38600,1.60500,1
798,1.84886,0.55900,1.37800,1.64300,1
799,1.92039,0.57000,1.36100,1.78400,1
800,1.91762,0.54200,1.50100,1.60300,1
801,1.80981,0.59400,1.57600,1.60600,1
802,1.73397,0.59200,1.53500,1.59000,1
803,1.82927,0.62200,1.60700,1.60700,1
804,1.78361,0.60900,1.55800,1.60600,1
805,1.79325,0.56500,1.59300,1.61200,1
806,1.72134,0.75300,1.50000,1.61100,1
807,1.70913,0.84900,1.45300,1.62300,1
808,1.98522,0.62600,1.46600,1.78200,1
809,1.70393,0.59200,1.40900,1.60800,1
810,1.81808,0.57600,1.43200,1.61500,1
811,1.88522,0.59000,1.53200,1.60800,1
812,1.68796,0.57200,1.45500,1.60900,1
813,1.81086,0.57000,1.33900,1.74100,1
814,1.78686,0.58100,1.37500,1.58900,1
815,1.91840,0.55200,1.45300,1.60400,1
816,1.67576,0.55800,1.31100,1.63600,1
817,1.96944,0.55200,1.33400,1.80000,1
818,1.77431,0.55200,1.32600,1.60300,1
819,1.76326,0.55000,1.31900,1.58600,1
820,1.78654,0.56700,1.29800,1.60800,1
821,1.80190,0.54600,1.32800,1.59800,1
822,1.76769,0.55500,1.32000,1.59100,1
823,1.74534,0.54200,1.30600,1.59300,1
824,1.81477,0.53800,1.35800,1.59800,1
825,2.39328,0.58700,1.33000,1.62600,1
826,2.05136,0.55000,1.43300,1.74600,1
827,1.71758,0.60900,1.42400,1.57800,1
828,1.71471,0.68400,1.40300,1.57800,1
829,1.77035,0.60500,1.44300,1.58300,1
830,1.79923,0.60000,1.39200,1.60800,1
831,1.65516,0.56000,1.32100,1.59300,1
832,1.91914,0.60400,1.36400,1.74000,1
833,1.80500,0.56900,1.35700,1.59900,1
834,1.75071,0.61800,1.34400,1.62800,1
835,2.53510,0.63200,1.33800,1.66200,1
836,1.86813,0.63400,1.48800,1.59500,1
837,1.64477,0.63400,1.33300,1.60700,1
838,1.76907,0.58800,1.32800,1.59800,1
839,1.90627,0.58800,1.44800,1.60600,1
840,1.85238,0.57900,1.54400,1.58300,1
841,1.56188,0.56200,1.36300,1.58200,1
842,1.74709,0.56300,1.31200,1.59700,1
843,1.81910,0.54700,1.31300,1.59600,1
844,1.85856,0.78800,1.43300,1.60300,1
845,1.88887,0.58800,1.35200,1.79800,1
846,1.72976,0.60300,1.32800,1.58900,1
847,1.76844,0.57600,1.31000,1.59000,1
848,1.92228,0.55800,1.48400,1.58900,1
849,1.66543,0.55000,1.36200,1.61900,1
850,1.87887,0.60400,1.30600,1.75400,1
851,1.81156,0.60100,1.35300,1.57900,1
852,1.75613,0.54400,1.32500,1.59000,1
853,1.77516,0.55500,1.33900,1.61700,1
854,1.96043,0.56200,1.38300,1.76300,1
855,1.73648,0.53700,1.33700,1.58100,1
856,1.80531,0.59300,1.39400,1.60700,1
857,1.84732,0.57400,1.44700,1.61300,1
858,1.69621,0.57400,1.32500,1.61800,1
859,1.76395,0.57800,1.32600,1.58500,1
860,1.90179,0.56200,1.43100,1.61000,1
861,2.03475,0.57400,1.84100,1.61300,1
862,1.72983,0.60400,1.72400,1.60900,1
863,1.90420,0.60300,1.64900,1.80900,1
864,1.83754,0.68700,1.55600,1.59800,1
865,1.71063,1.03000,1.54200,1.60600,1
866,1.74901,1.00800,1.55700,1.58200,1
867,1.86340,0.86000,1.63500,1.60500,1
868,1.70058,0.78300,1.41800,1.75300,1
869,2.15437,0.74300,1.75000,1.60500,1
870,1.74672,0.87600,1.74500,1.62600,1
871,1.63083,0.75400,1.60500,1.62600,1
872,2.16831,0.71000,1.75800,1.59000,1
873,1.65322,0.69100,1.65300,1.59000,1
874,3.51719,0.64700,1.57100,1.63800,1
875,1.60976,0.70900,1.47300,1.56100,1
876,1.96288,0.70300,1.58100,1.59800,1
877,1.63277,0.82600,1.51700,1.57700,1
878,1.72537,0.72200,1.41400,1.60000,1
879,1.75779,0.72200,1.36200,1.60200,1
880,1.82553,1.13000,1.39400,1.64700,1
881,1.79921,0.98200,1.25100,1.79500,1
882,1.83177,0.86100,1.30900,1.57600,1
883,1.73967,0.81600,1.33000,1.59100,1
884,1.75921,0.74800,1.26800,1.60700,1
885,1.73244,0.73600,1.25000,1.59600,1
886,1.88915,0.71600,1.18800,1.77900,1
887,1.76522,0.77600,1.19400,1.58600,1
888,1.76826,0.74800,1.16500,1.63400,1
889,1.89400,0.61900,1.22800,1.64500,1
890,2.03097,0.68300,1.26600,1.81800,1
891,1.80456,1.04400,1.25000,1.62300,1
892,2.44632,0.99800,1.99700,1.61000,1
893,1.96899,0.93100,1.97400,1.60200,1
894,1.86146,0.78400,1.85200,1.64700,1
895,1.69280,0.75300,1.67400,1.69000,1
896,1.77527,0.78000,1.68800,1.61300,1
897,1.97977,0.94800,2.02100,1.67800,1
898,1.57708,1.21000,1.59700,1.67800,1
899,1.60489,1.00800,1.50000,1.79800,1
900,1.81096,0.87500,1.56300,1.59900,1
901,1.64638,0.92300,1.46800,1.59400,1
902,1.59073,0.82900,1.30100,1.59300,1
903,1.79285,0.72900,1.28500,1.57800,1
904,1.91384,0.72100,1.31000,1.77400,1
905,1.73608,0.67700,1.24200,1.61500,1
906,1.80165,0.64900,1.22300,1.59200,1
907,1.91630,0.63500,1.35800,1.63200,1
908,2.00988,0.70000,1.38800,1.79500,1
909,1.83018,0.63400,1.41400,1.63600,1
910,1.68023,0.67600,1.37500,1.58700,1
911,1.81163,0.69400,1.37600,1.60800,1
912,1.89859,0.66000,1.53300,1.61300,1
913,3.44661,0.66000,1.38200,1.64100,1
914,1.65238,0.72300,1.28700,1.58900,1
915,1.83135,0.68500,1.30500,1.61100,1
916,1.88807,0.65000,1.26200,1.77900,1
917,1.87537,1.43300,1.37000,1.60500,1
918,2.05314,0.96900,1.66600,1.59200,1
919,1.92685,0.67500,1.91800,1.59200,1
920,1.71193,0.64000,1.70100,1.61700,1
921,10.51418,0.63300,1.70800,1.65500,1
922,3.01792,0.72800,11.21900,1.59100,1
923,2.06484,0.79600,2.06700,1.66700,1
924,1.73668,0.68300,1.73400,1.66700,1
925,1.73452,0.66900,1.72600,1.62300,1
926,1.86614,0.66000,1.82800,1.64700,1
927,1.80808,0.74100,1.79400,1.63800,1
928,2.64532,0.70600,1.61300,1.63800,1
929,2.14422,0.69500,2.95600,1.61200,1
930,1.78692,0.71300,1.58600,1.60000,1
931,1.64762,0.64900,1.46400,1.60200,1
932,1.91668,0.62100,1.58600,1.60900,1
933,1.60125,0.72500,1.45900,1.58600,1
934,1.94591,0.79000,1.43200,1.78500,1
935,1.71129,0.69400,1.37600,1.61300,1
936,1.77484,0.60800,1.31400,1.61500,1
937,1.92296,0.65900,1.41700,1.62100,1
938,1.91851,0.64400,1.42800,1.75800,1
939,1.78868,0.61700,1.44600,1.61700,1
940,1.77283,0.57800,1.46200,1.60800,1
941,1.82869,0.57600,1.48200,1.61100,1
942,1.81371,0.60400,1.50200,1.62700,1
943,1.82168,0.57500,1.56800,1.61500,1
944,1.79400,0.55000,1.56500,1.60600,1
945,1.74318,0.55800,1.57000,1.58000,1
946,1.79215,0.56000,1.51400,1.63400,1
947,2.03322,0.56000,1.58400,1.78000,1
948,1.84045,0.58800,1.69800,1.60900,1
949,1.73968,0.58900,1.64500,1.60500,1
950,1.67599,0.57300,1.53800,1.62300,1
951,1.77987,0.57400,1.45300,1.62200,1
952,2.64801,0.64400,1.38600,1.76300,1
953,1.80591,0.58800,2.38600,1.62100,1
954,1.80405,0.56700,1.35100,1.61000,1
955,1.88125,0.61200,1.46900,1.63900,1
956,1.84814,0.59400,1.34600,1.79900,1
957,1.88244,0.59600,1.42500,1.60800,1
958,1.57941,0.57500,1.24700,1.58800,1
959,1.79780,0.61900,1.27200,1.59400,1
960,1.76548,0.56600,1.27900,1.59700,1
961,1.75651,0.60800,1.22700,1.61300,1
962,1.76772,0.60700,1.22700,1.60500,1
963,1.84816,0.62300,1.27700,1.61900,1
964,1.78832,0.58600,1.29500,1.58700,1
965,1.87887,0.55600,1.25800,1.78800,1
966,1.81651,0.54900,1.25900,1.61100,1
967,1.73259,0.60300,1.23800,1.60300,1
968,1.75258,0.61000,1.21300,1.61000,1
969,1.97599,0.61000,1.41700,1.58000,1
970,2.18997,1.00600,1.82800,1.60000,1
971,1.89911,1.02800,1.74700,1.59900,1
972,1.54337,1.00900,1.65900,1.59900,1
973,1.81108,0.85500,1.68900,1.63000,1
974,1.88312,0.78600,1.59500,1.79500,1
975,1.75391,0.78500,1.51600,1.61500,1
976,1.68140,0.67700,1.46200,1.59000,1
977,1.72041,0.62600,1.44200,1.59100,1
978,2.18320,0.62500,1.82800,1.59100,1
979,2.34627,0.60600,2.32400,1.59200,1
980,1.90125,0.71200,1.91300,1.63500,1
981,1.67427,0.59400,1.67200,1.61900,1
982,1.53669,0.59600,1.52900,1.61900,1
983,1.73174,0.70200,1.56900,1.78600,1
984,1.77086,0.60000,1.55500,1.60600,1
985,1.68500,0.57800,1.47900,1.63400,1
986,1.84716,0.59100,1.58000,1.60200,1
987,1.79793,0.72500,1.56100,1.61700,1
988,1.92666,0.56200,1.48700,1.77800,1
989,1.89569,0.57400,1.65200,1.60200,1
990,1.62745,0.59000,1.48400,1.61700,1
991,2.12178,0.59900,1.35800,1.61200,1
992,2.33024,0.57100,2.06300,1.59600,1
993,1.75174,0.74500,1.39900,1.59000,1
994,1.81934,0.58500,1.43500,1.60600,1
995,1.96628,0.56900,1.60200,1.62800,1
996,1.73593,0.65700,1.59200,1.60700,1
997,1.68147,0.64700,1.52200,1.60900,1
998,1.83532,0.59700,1.53000,1.61600,1
999,1.80839,0.54700,1.56900,1.59400,1
1000,1.79586,0.63600,1.55900,1.62300,1
1001,1.96291,0.59600,1.49500,1.81200,1
1002,1.69562,0.61000,1.46900,1.61300,1
1003,1.77525,0.57600,1.46200,1.61700,1
1004,2.10500,0.55800,1.67800,1.60900,1
1005,1.62006,1.12300,1.64900,1.60900,1
1006,2.02776,0.93000,1.72400,1.58600,1
1007,1.64173,0.94500,1.58000,1.58600,1
1008,1.76816,0.78700,1.52100,1.65200,1
1009,1.79354,0.77500,1.55600,1.61300,1
1010,1.92388,0.78600,1.49600,1.79400,1
1011,1.77618,0.81700,1.43800,1.61200,1
1012,1.76016,0.81100,1.43800,1.60500,1
1013,1.73325,0.70000,1.42400,1.60800,1
1014,1.87009,0.68200,1.42800,1.63800,1
1015,1.72962,0.67800,1.37100,1.59200,1
1016,1.81030,0.63400,1.39000,1.60700,1
1017,1.81914,0.66300,1.39000,1.63900,1
1018,1.79189,0.67600,1.39100,1.61500,1
1019,1.81719,0.64900,1.45500,1.60300,1
1020,1.92487,0.62300,1.38300,1.80800,1
1021,1.79528,0.63300,1.38000,1.60800,1
1022,1.77394,0.63100,1.34400,1.61900,1
1023,1.80796,0.60500,1.40400,1.58900,1
1024,1.96925,0.62000,1.47200,1.74800,1
1025,1.78363,0.62600,1.48400,1.62400,1
1026,1.75698,0.61500,1.38100,1.58100,1
1027,1.71033,1.07000,1.32200,1.60500,1
1028,1.74591,0.92100,1.28700,1.63500,1
1029,2.02144,0.77500,1.36000,1.77300,1
1030,2.62510,0.78700,1.26700,1.61000,1
1031,2.44058,0.70000,1.21400,1.58700,1
1032,1.66735,0.63800,2.23700,1.60800,1
1033,1.81788,0.62800,1.22000,1.60900,1
1034,1.72925,0.68500,1.17700,1.62600,1
1035,1.81684,0.64100,1.15400,1.61300,1
1036,1.99254,0.70300,1.35800,1.62600,1
1037,2.29190,0.68800,1.82600,1.60000,1
1038,1.74918,0.72600,1.74200,1.58700,1
1039,1.81780,0.68500,1.77600,1.60700,1
1040,1.65437,0.66600,1.64400,1.57800,1
1041,1.59501,0.60900,1.52700,1.57800,1
1042,1.92904,0.61300,1.54900,1.73300,1
1043,1.83702,0.60100,1.57600,1.60200,1
1044,1.68533,0.60800,1.52700,1.60400,1
1045,1.76176,0.64400,1.53000,1.60300,1
1046,2.65241,0.62200,2.21100,1.60300,1
1047,1.64677,0.62600,1.64700,1.64300,1
1048,1.55563,0.60500,1.55200,1.59700,1
1049,1.51510,0.59300,1.50000,1.59700,1
1050,1.62027,0.60900,1.49100,1.58300,1
1051,1.91837,0.85200,1.62300,1.59800,1
1052,1.64612,0.56400,1.51000,1.60200,1
1053,1.88405,0.58400,1.61800,1.60400,1
1054,1.68573,0.58200,1.51400,1.57800,1
1055,1.75275,0.56400,1.45800,1.62500,1
1056,2.01927,0.60000,1.48800,1.78300,1
1057,1.86464,0.56800,1.53000,1.63700,1
1058,1.63818,0.58500,1.49700,1.58800,1
1059,1.69878,0.58000,1.43900,1.59100,1
1060,1.81827,0.55500,1.39200,1.61800,1
1061,1.87556,0.87700,1.37300,1.75900,1
1062,1.76261,0.83700,1.38300,1.61200,1
1063,1.82145,0.59200,1.41100,1.62800,1
1064,1.93419,0.55400,1.44500,1.66000,1
1065,2.11816,0.59900,1.56100,1.80900,1
1066,1.66438,0.76200,1.49500,1.58800,1
1067,1.85233,0.70100,1.47400,1.59200,1
1068,1.75365,0.65000,1.48300,1.61700,1
1069,2.46726,0.56600,1.44800,1.60300,1
1070,2.73663,0.58500,3.36200,1.59800,1
1071,1.69957,0.58000,1.66800,1.66500,1
1072,1.54981,0.68400,1.55100,1.66500,1
1073,1.55032,0.71200,1.45400,1.82000,1
1074,1.79265,0.57700,1.43600,1.61900,1
1075,2.21679,0.57100,1.86000,1.61900,1
1076,1.84384,0.56400,1.80800,1.61100,1
1077,1.53173,0.66300,1.53100,1.61100,1
1078,10.39176,0.71300,1.49400,1.59400,1
1079,2.26608,0.74900,10.81100,1.78700,1
1080,1.69512,0.70100,1.52600,1.59000,1
1081,1.73304,0.70500,1.45400,1.61200,1
1082,1.87281,0.68400,1.54300,1.60400,1
1083,1.71970,0.66300,1.50300,1.60600,1
1084,1.77858,0.68200,1.47900,1.61000,1
1085,1.80961,0.66400,1.47200,1.62700,1
1086,1.75944,0.69200,1.42700,1.63000,1
1087,1.94203,0.70700,1.39700,1.79000,1
1088,1.80601,0.69400,1.42900,1.58200,1
1089,1.83041,0.70500,1.47000,1.60600,1
1090,1.72117,0.69100,1.41400,1.61700,1
1091,1.85340,0.65400,1.43400,1.62500,1
1092,1.90213,0.67900,1.42900,1.77100,1
1093,1.83435,0.78400,1.43200,1.63000,1
1094,2.01524,0.59500,1.61800,1.63100,1
1095,1.77128,0.72000,1.71000,1.62300,1
1096,1.79334,0.78000,1.54300,1.77600,1
1097,1.76077,0.64800,1.51100,1.59700,1
1098,1.60429,0.60500,1.31400,1.62200,1
1099,1.89683,0.59700,1.40400,1.59000,1
1100,1.62309,0.55900,1.26400,1.61700,1
1101,1.76442,0.54400,1.25700,1.57500,1
1102,1.77900,0.54600,1.25400,1.61700,1
1103,1.74329,0.55900,1.21000,1.60900,1
1104,1.86298,0.60100,1.29800,1.59000,1
1105,1.80715,0.66900,1.22200,1.74800,1
1106,1.83765,0.58900,1.25400,1.59600,1
1107,1.75071,0.54500,1.24000,1.60400,1
1108,1.72682,0.55700,1.20000,1.60100,1
1109,3.69837,0.53200,1.58100,1.63600,1
1110,1.49016,0.58000,1.22600,1.58200,1
1111,1.85385,0.55300,1.21200,1.59900,1
1112,1.73587,0.60300,1.31800,1.57700,1
1113,1.81472,0.65700,1.35800,1.61600,1
1114,1.97120,0.65900,1.30900,1.80000,1
1115,1.71298,0.58300,1.27500,1.60300,1
1116,1.91303,0.58400,1.36500,1.60200,1
1117,1.75758,0.70400,1.35200,1.62400,1
1118,1.72771,0.66100,1.31900,1.58500,1
1119,1.86501,0.58500,1.39600,1.60800,1
1120,1.78569,0.56000,1.40300,1.60600,1
1121,1.76819,0.58500,1.41100,1.60700,1
1122,1.88515,0.59600,1.48400,1.64500,1
1123,1.88896,0.56200,1.42700,1.77300,1
1124,1.64027,0.60300,1.31800,1.61100,1
1125,1.67714,0.55600,1.22600,1.56100,1
1126,1.85320,0.57700,1.29100,1.59200,1
1127,1.69307,0.55900,1.21900,1.60700,1
1128,2.02147,0.54700,1.34200,1.73300,1
1129,1.67981,0.58800,1.24900,1.62500,1
1130,1.71588,0.55700,1.18100,1.59400,1
1131,1.82959,0.55000,1.22000,1.60400,1
1132,2.01825,0.56900,1.24900,1.80300,1
1133,1.85450,0.62700,1.35500,1.59800,1
1134,2.25923,0.59300,1.35600,1.59600,1
1135,2.12697,0.57200,2.11000,1.56700,1
1136,1.70367,0.59700,1.22200,1.58700,1
1137,1.72103,0.59100,1.17500,1.59800,1
1138,1.83622,0.58500,1.24600,1.60400,1
1139,1.69706,0.56300,1.18300,1.60200,1
1140,1.83022,0.55700,1.20400,1.62000,1
1141,1.90235,0.55900,1.15100,1.79000,1
1142,1.80787,0.54300,1.15200,1.62400,1
1143,1.76542,0.57500,1.13400,1.60400,1
1144,1.89081,0.63400,1.24400,1.59800,1
1145,1.84096,0.65100,1.35400,1.60500,1
1146,1.97729,0.62700,1.41500,1.76200,1
1147,1.79900,0.62400,1.38500,1.58800,1
1148,3.30182,0.57400,1.37500,1.65200,1
1149,2.00480,0.67000,1.51200,1.77500,1
1150,2.01254,0.64500,1.86400,1.58400,1
1151,1.80257,0.66500,1.83500,1.59900,1
1152,1.45332,0.64600,1.44300,1.59900,1
1153,1.75840,0.57900,1.48400,1.60400,1
1154,1.71005,0.56300,1.45200,1.59600,1
1155,1.70044,0.55900,1.36900,1.60100,1
1156,1.82237,0.60900,1.39900,1.61000,1
1157,1.81967,0.59400,1.39900,1.58000,1
1158,1.70658,0.71800,1.33600,1.61400,1
1159,1.91626,0.62000,1.29200,1.78400,1
1160,1.71683,0.58000,1.25400,1.58000,1
1161,1.82117,0.57600,1.30500,1.60300,1
1162,1.79990,0.54900,1.35800,1.57100,1
1163,1.84502,0.56700,1.44300,1.60200,1
1164,1.87406,0.55700,1.42100,1.74400,1
1165,1.76278,0.54200,1.40000,1.62500,1
1166,1.82611,0.53800,1.39300,1.62900,1
1167,1.84805,0.63900,1.45600,1.61300,1
1168,2.03636,0.60600,1.53000,1.78800,1
1169,1.93408,0.56600,1.84200,1.62200,1
1170,1.67350,0.58100,1.66000,1.58800,1
1171,1.71565,0.56900,1.59500,1.59100,1
1172,1.75592,0.56400,1.56100,1.61100,1
1173,1.73624,0.61300,1.48900,1.59800,1
1174,1.78519,0.59200,1.44600,1.61400,1
1175,1.88757,0.62200,1.49000,1.61900,1
1176,1.96690,0.58400,1.66500,1.61600,1
1177,1.82075,0.59500,1.57400,1.79200,1
1178,1.82299,0.58200,1.62500,1.60300,1
1179,1.70893,0.58300,1.56800,1.59500,1
1180,1.72063,0.58200,1.45800,1.60400,1
1181,1.73831,0.57000,1.38700,1.62800,1
1182,1.98266,0.57300,1.46900,1.74800,1
1183,1.72493,0.60200,1.51100,1.58200,1
1184,1.79889,0.57200,1.44200,1.59800,1
1185,1.94600,0.63600,1.58600,1.63000,1
1186,2.03316,0.67500,1.74000,1.81700,1
1187,1.77148,0.61500,1.73200,1.60200,1
1188,2.86347,0.63400,1.58000,1.64900,1
1189,1.61662,0.59000,1.37100,1.62300,1
1190,1.84419,0.58800,1.41700,1.59100,1
1191,1.76413,0.61900,1.40700,1.63000,1
1192,1.81377,0.63300,1.44200,1.60000,1
1193,1.73472,0.61500,1.37200,1.61700,1
1194,1.79275,0.62600,1.38600,1.61700,1
1195,1.95265,0.62100,1.40000,1.76400,1
1196,1.71795,0.57300,1.34500,1.61500,1
1197,1.82583,0.59900,1.39300,1.59600,1
1198,1.83920,0.57500,1.42000,1.61900,1
1199,1.67925,0.58000,1.35700,1.60600,1
1200,1.94880,0.58200,1.35200,1.75500,1
1201,1.77423,0.60500,1.36400,1.60000,1
1202,1.98812,0.65500,1.53200,1.61800,1
1203,1.91337,0.63100,1.82100,1.60900,1
1204,1.83569,0.62500,1.67600,1.78000,1
1205,1.76487,0.60400,1.59800,1.60500,1
1206,1.75515,0.60300,1.55200,1.63200,1
1207,1.76090,0.58500,1.49800,1.59700,1
1208,1.69223,0.64800,1.42800,1.61000,1
1209,1.72069,0.66200,1.35700,1.59700,1
1210,1.89384,0.55700,1.47000,1.60100,1
1211,1.76765,0.57200,1.46200,1.59400,1
1212,1.80193,0.63000,1.48400,1.61200,1
1213,1.91669,0.68100,1.40600,1.80100,1
1214,1.84928,0.57700,1.47700,1.60600,1
1215,1.67549,0.60200,1.41200,1.58000,1
1216,1.71064,0.59700,1.32700,1.59500,1
1217,1.84905,0.65600,1.38400,1.61500,1
1218,2.22356,0.71300,1.65600,1.77800,1
1219,1.69537,0.59500,1.65000,1.57800,1
1220,1.75424,0.58800,1.59500,1.60700,1
1221,1.72447,0.65900,1.45800,1.62900,1
1222,1.97528,0.68500,1.44700,1.81200,1
1223,1.72386,0.61700,1.43200,1.57800,1
1224,1.75572,0.61300,1.36200,1.62000,1
1225,1.78107,0.62600,1.34500,1.60000,1
1226,1.76304,0.58400,1.33800,1.60000,1
1227,3.37102,0.59600,1.36800,1.63800,1
1228,1.72874,0.57700,1.37900,1.58300,1
1229,1.88268,0.57200,1.47200,1.60200,1
1230,1.94746,0.58100,1.71000,1.63500,1
1231,1.88220,0.58000,1.54100,1.80700,1
1232,1.78368,0.59100,1.49200,1.61700,1
1233,1.77514,0.58300,1.54400,1.58100,1
1234,1.67325,0.61000,1.42800,1.62800,1
1235,1.79370,0.60100,1.40100,1.61000,1
1236,1.92911,0.62600,1.39800,1.75600,1
1237,2.02327,0.64000,1.60800,1.63200,1
1238,3.26310,0.63000,1.37900,1.68700,1
1239,1.90460,0.69700,1.42300,1.76500,1
1240,1.84183,0.61800,1.44600,1.60700,1
1241,1.67074,0.61400,1.37000,1.58600,1
1242,1.81682,0.59700,1.37100,1.61700,1
1243,1.64054,0.62800,1.28100,1.59700,1
1244,1.83311,0.64500,1.32600,1.58500,1
1245,1.83599,0.62000,1.38900,1.59400,1
1246,1.77617,0.60500,1.39600,1.60600,1
1247,1.76169,0.61000,1.37300,1.62700,1
1248,2.00618,0.60700,1.36700,1.80000,1
1249,1.76961,0.67900,1.39900,1.59100,1
1250,1.83262,0.71400,1.46800,1.59600,1
1251,1.77277,0.60000,1.43200,1.60400,1
1252,1.72901,0.60900,1.42600,1.59200,1
1253,1.96386,0.61100,1.45000,1.75100,1
1254,1.64401,0.62900,1.36200,1.59700,1
1255,1.85704,0.82700,1.39800,1.59300,1
1256,1.96061,0.61400,1.52700,1.63400,1
1257,1.87703,0.70200,1.46900,1.77900,1
1258,1.64269,0.66800,1.35600,1.60500,1
1259,1.77633,0.59500,1.33500,1.61500,1
1260,1.85356,0.80500,1.36100,1.59600,1
1261,1.70518,0.57800,1.36000,1.60300,1
1262,1.68071,0.87500,1.25100,1.60500,1
1263,1.78258,0.59100,1.27700,1.59000,1
1264,1.73474,0.58600,1.23100,1.58200,1
1265,1.83809,0.59200,1.25300,1.61100,1
1266,2.80410,0.70700,1.35600,1.64300,1
1267,1.90405,0.62900,2.68200,1.83300,1
1268,1.79319,0.59500,1.36000,1.58700,1
1269,1.80155,0.58000,1.34300,1.61600,1
1270,1.78771,0.59800,1.32800,1.63800,1
1271,1.92138,0.58400,1.34000,1.74700,1
1272,1.76978,0.58800,1.30600,1.59900,1
1273,1.90861,0.59600,1.40900,1.63900,1
1274,1.67422,0.62400,1.30500,1.59500,1
1275,1.92031,0.62800,1.32600,1.79700,1
1276,1.77114,0.59200,1.25000,1.61400,1
1277,1.75001,0.58200,1.23400,1.58900,1
1278,1.82368,0.57000,1.31900,1.59000,1
1279,1.70805,0.62800,1.28200,1.58800,1
1280,1.81569,0.60200,1.32800,1.58400,1
1281,1.90785,0.66000,1.46100,1.58900,1
1282,1.72494,0.61800,1.43600,1.60100,1
1283,1.93200,0.61600,1.67300,1.62800,1
1284,1.70032,0.60100,1.55900,1.59200,1
1285,1.88011,0.61100,1.46500,1.78400,1
1286,1.81301,0.56100,1.35800,1.61400,1
1287,1.64140,0.62000,1.29500,1.59300,1
1288,1.75656,0.61400,1.27800,1.60500,1
1289,1.80155,0.63400,1.28900,1.60800,1
1290,2.02706,0.53900,1.38100,1.75200,1
1291,1.91545,0.53200,1.57400,1.61800,1
1292,1.72945,0.57100,1.47800,1.62600,1
1293,1.81609,0.59900,1.52100,1.61500,1
1294,1.94229,0.57700,1.50700,1.74800,1
1295,1.77638,0.57500,1.46200,1.62000,1
1296,1.76065,0.58300,1.44900,1.60600,1
1297,1.75126,0.57200,1.43900,1.58700,1
1298,1.94064,0.55600,1.58400,1.62100,1
1299,1.68423,0.55600,1.50400,1.60500,1
1300,1.72808,0.55200,1.48000,1.58400,1
1301,1.80183,0.53600,1.47700,1.59200,1
1302,1.77725,0.64300,1.45200,1.65200,1
1303,1.94892,0.59300,1.45800,1.77600,1
1304,1.73982,0.56600,1.44600,1.61500,1
1305,2.55985,0.58000,1.92500,1.58100,1
1306,2.82871,0.61100,3.11500,1.64000,1
1307,1.72301,0.58500,1.72200,1.79400,1
1308,1.46920,0.55900,1.46300,1.62400,1
1309,1.33820,0.54300,1.34000,1.62400,1
1310,1.81113,0.52900,1.32700,1.62000,1
1311,1.72935,0.56700,1.28400,1.61900,1
1312,1.98682,0.59100,1.27500,1.79100,1
1313,1.69287,0.54700,1.24700,1.58100,1
1314,1.84237,0.56200,1.32800,1.62100,1
1315,1.74778,0.57700,1.31500,1.59500,1
1316,1.80943,0.54500,1.33900,1.60700,1
1317,1.73450,0.57500,1.32700,1.58400,1
1318,1.76870,0.54400,1.29300,1.61400,1
1319,1.79726,0.53800,1.35200,1.60300,1
1320,1.78748,0.53400,1.34600,1.59900,1
1321,1.93686,0.54700,1.30100,1.76800,1
1322,1.80961,0.52900,1.34800,1.59300,1
1323,1.72763,0.51500,1.30400,1.59000,1
1324,1.78787,0.53900,1.31600,1.60300,1
1325,2.04428,0.63200,1.60700,1.60100,1
1326,1.95398,0.65600,1.73600,1.79100,1
1327,1.70637,0.58400,1.59500,1.60100,1
1328,1.75641,0.55000,1.49300,1.61000,1
1329,1.79970,0.64100,1.48200,1.63000,1
1330,1.98046,0.68100,1.54100,1.79100,1
1331,1.82409,0.63700,1.58600,1.61000,1
1332,1.69968,1.06000,1.51300,1.60400,1
1333,1.82595,0.78200,1.53600,1.61400,1
1334,1.74782,0.70400,1.51000,1.59500,1
1335,1.76335,0.62300,1.46900,1.62200,1
1336,1.69945,0.57300,1.41500,1.59600,1
1337,2.01845,0.53800,1.58600,1.62400,1
1338,1.83829,0.65300,1.51900,1.82100,1
1339,1.97317,0.71500,1.42600,1.80300,1
1340,1.79756,1.09700,1.43100,1.61100,1
1341,3.20117,1.20000,1.40900,1.63200,1
1342,1.78922,1.20600,1.41600,1.63200,1
1343,1.71767,0.76500,1.35200,1.61700,1
1344,2.46258,0.71600,1.39000,1.73800,1
1345,1.80380,0.71700,2.07200,1.64100,1
1346,1.78557,0.70200,1.35000,1.60000,1
1347,1.97723,0.68900,1.38600,1.77600,1
1348,2.03675,0.70300,1.59200,1.65500,1
1349,1.85991,0.68900,1.76000,1.59000,1
1350,1.64284,0.68200,1.62200,1.59000,1
1351,1.76792,0.65000,1.63900,1.58300,1
1352,1.71876,0.66900,1.56000,1.58700,1
1353,1.65175,0.63800,1.41400,1.59600,1
1354,1.85105,0.65600,1.45600,1.60800,1
1355,1.96818,0.65900,1.51600,1.60100,1
1356,1.82327,0.68400,1.56100,1.61500,1
1357,1.98661,0.67700,1.64200,1.80100,1
1358,1.69565,0.63400,1.59500,1.62900,1
1359,1.79883,0.66600,1.55400,1.61100,1
1360,1.68330,0.72600,1.50500,1.61700,1
1361,1.80974,0.72500,1.49900,1.63800,1
1362,1.94814,0.69200,1.53700,1.76600,1
1363,1.78868,0.67100,1.44400,1.63300,1
1364,1.79797,0.67500,1.40600,1.65100,1
1365,1.86435,0.66700,1.37800,1.63000,1
1366,1.93819,0.61400,1.42300,1.79700,1
1367,1.88740,0.63400,1.41800,1.61000,1
1368,1.69590,0.67100,1.45500,1.61700,1
1369,1.77155,0.61600,1.41600,1.60000,1
1370,1.69289,0.57300,1.36800,1.58900,1
1371,1.78307,0.61900,1.33800,1.62100,1
1372,1.69934,0.62700,1.29600,1.59100,1
1373,1.75681,0.59600,1.28200,1.59600,1
1374,1.87089,0.59000,1.22700,1.65100,1
1375,1.87247,0.62000,1.22400,1.81000,1
1376,1.90531,0.61600,1.32700,1.58900,1
1377,1.83519,0.61900,1.45000,1.60300,1
1378,1.80326,0.59300,1.49200,1.56400,1
1379,1.62106,0.59100,1.38500,1.61500,1
1380,1.91321,0.73700,1.25100,1.78700,1
1381,1.69670,1.13500,1.22800,1.57800,1
1382,1.75915,0.87900,1.19100,1.60300,1
1383,1.77727,0.81200,1.19300,1.59900,1
1384,2.53760,0.71900,1.24700,1.83500,1
1385,1.73299,0.80400,1.25100,1.59400,1
1386,1.89389,0.79800,1.35500,1.59800,1
1387,1.66576,0.83600,1.31000,1.59400,1
1388,1.68312,0.76500,1.17600,1.60800,1
1389,1.78709,0.75000,1.18300,1.58900,1
1390,1.73042,0.72400,1.19800,1.57300,1
1391,1.77870,0.62100,1.23000,1.59100,1
1392,1.86452,0.59300,1.32900,1.56700,1
1393,1.86981,0.60000,1.23100,1.81800,1
1394,1.79883,0.60600,1.24300,1.58500,1
1395,1.66982,0.58100,1.19800,1.60300,1
1396,2.52281,0.58200,1.90000,1.60500,1
1397,2.07875,1.00500,2.08500,1.62000,1
1398,2.60923,0.81400,2.58600,1.81200,1
1399,1.81384,0.86200,1.81900,1.62000,1
1400,1.73757,0.66300,1.72700,1.62600,1
1401,1.58983,0.60600,1.56400,1.79700,1
1402,1.50744,0.68300,1.50200,1.79700,1
1403,1.86991,0.62600,1.55100,1.63200,1
1404,1.93384,0.60300,1.66800,1.60000,1
1405,1.60462,0.74700,1.54100,1.60000,1
1406,1.66089,0.79900,1.42400,1.60500,1
1407,1.75386,0.70300,1.39700,1.60200,1
1408,1.96369,0.65000,1.56700,1.61600,1
1409,1.75656,0.70100,1.59600,1.60900,1
1410,1.71341,0.69700,1.52300,1.58400,1
1411,1.90990,0.71400,1.44600,1.81500,1
1412,1.75577,0.75000,1.39800,1.59900,1
1413,1.81053,0.71300,1.42100,1.61600,1
1414,1.75760,0.81700,1.34200,1.62200,1
1415,1.70113,0.76700,1.30300,1.59100,1
1416,1.76546,0.69500,1.31500,1.60700,1
1417,1.91380,0.71300,1.29600,1.73400,1
1418,1.77284,0.66700,1.29700,1.62200,1
1419,1.84581,0.64400,1.31200,1.61700,1
1420,1.96326,0.80800,1.34700,1.77900,1
1421,1.74574,0.61700,1.30300,1.61700,1
1422,1.77412,0.95200,1.30300,1.61500,1
1423,3.12977,0.88200,1.25200,1.63500,1
1424,1.77392,0.63600,1.27800,1.57300,1
1425,1.77781,0.67800,1.28400,1.59100,1
1426,1.84662,0.68500,1.32700,1.59600,1
1427,1.69761,0.68700,1.30400,1.60100,1
1428,1.90441,0.65500,1.37400,1.63200,1
1429,1.82136,0.65300,1.22100,1.81200,1
1430,1.82082,0.60700,1.27300,1.60100,1
1431,1.76735,0.58600,1.28200,1.59000,1
1432,1.76558,0.58000,1.25400,1.60800,1
1433,1.75593,0.56400,1.26400,1.58100,1
1434,1.90103,0.58100,1.24800,1.74600,1
1435,1.78027,0.57400,1.27900,1.58600,1
1436,1.89704,0.59600,1.29100,1.58300,1
1437,1.86469,1.07500,1.44900,1.60900,1
1438,1.85683,1.13300,1.37700,1.80600,1
1439,1.88373,0.89700,1.41000,1.60600,1
1440,1.66287,0.81200,1.35300,1.58700,1
1441,1.74163,0.78800,1.29700,1.60500,1
1442,1.76423,0.72600,1.29000,1.59500,1
1443,1.73453,0.68000,1.29000,1.59500,1
1444,2.27904,0.67100,1.26600,1.57800,1
1445,2.24562,0.62800,2.11000,1.65800,1
1446,1.82091,0.67100,1.34800,1.63400,1
1447,1.97070,0.67400,1.34800,1.78200,1
1448,1.75325,0.65300,1.33000,1.58800,1
1449,1.81647,0.66700,1.40000,1.61500,1
1450,1.83201,0.67600,1.42800,1.59900,1
1451,1.80870,0.64200,1.44400,1.59200,1
1452,2.13002,0.72600,1.80500,1.74100,1
1453,1.68612,0.61300,1.63900,1.61500,1
1454,1.84806,0.61800,1.66200,1.64700,1
1455,1.69497,0.58000,1.51300,1.62600,1
1456,2.31625,0.59000,1.80800,1.57900,1
1457,1.92638,0.56300,1.91900,1.61000,1
1458,1.59116,0.60100,1.58500,1.61000,1
1459,1.51258,0.57200,1.49600,1.59800,1
1460,1.72139,0.57700,1.47900,1.60000,1
1461,1.68526,0.58500,1.43500,1.59600,1
1462,2.69911,0.59000,1.36600,1.64400,1
1463,1.70749,0.59900,1.35400,1.57000,1
1464,1.80317,0.60000,1.41600,1.60300,1
1465,1.93108,0.59800,1.35600,1.77600,1
1466,1.81051,0.63800,1.40300,1.59000,1
1467,1.83060,0.64800,1.46400,1.59100,1
1468,1.78715,0.62100,1.48700,1.60100,1
1469,1.69659,0.59000,1.41500,1.60100,1
1470,1.93304,0.59400,1.40000,1.74000,1
1471,1.75558,0.59600,1.40300,1.57800,1
1472,1.79031,0.60300,1.37800,1.63600,1
1473,1.72871,0.63300,1.33600,1.59800,1
1474,1.97298,0.63800,1.36200,1.80700,1
1475,1.73423,0.60700,1.35100,1.57400,1
1476,1.80991,0.58200,1.37000,1.61700,1
1477,1.74809,0.59100,1.37200,1.59400,1
1478,1.80514,0.55400,1.36900,1.60100,1
1479,1.72909,0.56300,1.34600,1.58500,1
1480,1.77451,0.57400,1.32200,1.59700,1
1481,1.79841,0.55900,1.33900,1.59600,1
1482,1.76915,0.58200,1.35800,1.59600,1
1483,2.10201,0.55900,1.53700,1.76400,1
1484,1.82301,0.55100,1.65500,1.60000,1
1485,1.72864,0.55300,1.57600,1.59900,1
1486,1.74952,0.53500,1.50300,1.59800,1
1487,1.68085,0.54900,1.42500,1.57500,1
1488,1.74141,0.61500,1.37500,1.59900,1
1489,1.88095,0.58400,1.32500,1.76900,1
1490,1.79135,0.56800,1.32500,1.59200,1
1491,1.70568,0.54700,1.21300,1.60000,1
1492,2.07264,0.54600,1.31200,1.80200,1
1493,1.80988,0.56500,1.36300,1.59500,1
1494,1.72208,0.58000,1.31600,1.60600,1
1495,1.72924,0.60500,1.28300,1.59100,1
1496,1.81792,0.56900,1.33300,1.57800,1
1497,1.74128,0.81600,1.28400,1.61000,1
1498,1.87641,0.61200,1.37500,1.61900,1
1499,1.67474,0.58100,1.28200,1.59100,1
1500,1.73038,0.55700,1.27400,1.57200,1
1501,2.39131,0.82400,1.38300,1.61100,1
1502,2.41817,0.57100,2.17400,1.85700,1
1503,1.73053,0.56900,1.37900,1.61700,1
1504,1.76491,0.56600,1.37900,1.60200,1
1505,1.85483,0.56200,1.41000,1.57300,1
1506,1.74661,0.55700,1.43700,1.59400,1
1507,1.88796,0.55400,1.41800,1.75700,1
1508,1.83297,0.58300,1.37900,1.63100,1
1509,1.77592,0.65700,1.35100,1.60300,1
1510,1.93841,0.66700,1.35200,1.79100,1
1511,2.06560,0.61000,1.62500,1.60500,1
1512,1.66395,0.80600,1.51700,1.60700,1
1513,2.00449,0.78900,1.73600,1.59000,1
1514,1.67713,0.67300,1.65300,1.59000,1
1515,1.71748,0.68500,1.65400,1.59500,1
1516,1.79916,0.62300,1.64800,1.61700,1
1517,1.65551,0.63500,1.54600,1.58300,1
1518,1.73027,0.59900,1.50200,1.61300,1
1519,1.84826,0.60600,1.51900,1.60200,1
1520,1.94644,0.58900,1.52600,1.76400,1
1521,1.87020,0.61400,1.59100,1.58700,1
1522,1.65288,0.64600,1.42500,1.63400,1
1523,1.73067,0.62800,1.39200,1.60200,1
1524,1.74563,0.57700,1.34000,1.61000,1
1525,2.01464,0.78100,1.37400,1.74800,1
1526,1.74843,1.16900,1.31600,1.62600,1
1527,1.76577,0.96400,1.29500,1.63100,1
1528,1.81896,0.82900,1.28700,1.62700,1
1529,2.04270,0.88300,1.35800,1.78900,1
1530,1.96540,0.81600,1.65100,1.60600,1
1531,1.52687,0.73600,1.38900,1.59900,1
1532,1.92218,0.68200,1.40900,1.62500,1
1533,1.84767,0.96000,1.51800,1.62600,1
1534,1.60732,0.99100,1.39200,1.60100,1
1535,1.74606,0.89600,1.33200,1.61700,1
1536,1.78730,0.74600,1.35300,1.60800,1
1537,1.86356,0.65600,1.40800,1.61700,1
1538,1.95177,0.66200,1.39900,1.81000,1
1539,1.71373,0.62500,1.31400,1.59600,1
1540,3.10200,0.61000,1.37000,1.62600,1
1541,1.73076,0.60800,1.35300,1.57600,1
1542,1.75214,0.62400,1.31700,1.59700,1
1543,1.94265,0.61100,1.36500,1.76500,1
1544,1.78972,0.63100,1.35300,1.57300,1
1545,1.81037,0.64600,1.33000,1.61700,1
1546,2.08999,0.83900,1.44800,1.62200,1
1547,2.41510,1.17600,1.33000,1.61700,1
1548,1.95100,0.86800,2.52600,1.62900,1
1549,1.77511,0.84400,1.42400,1.62800,1
1550,1.80116,0.77400,1.41900,1.60600,1
1551,1.72737,0.71600,1.39400,1.60000,1
1552,1.91461,0.69500,1.55400,1.59500,1
1553,1.78794,0.66900,1.67600,1.58300,1
1554,1.80342,0.64000,1.68900,1.60400,1
1555,1.90183,0.69200,1.60500,1.77700,1
1556,2.40622,0.68100,2.13800,1.64400,1
1557,1.68633,1.71000,1.72800,1.64500,1
1558,1.68703,0.87200,1.68200,1.60900,1
1559,1.55650,0.72600,1.55900,1.60900,1
1560,1.57225,0.65000,1.47100,1.58900,1
1561,1.98346,0.69000,1.56000,1.75700,1
1562,1.70654,0.63200,1.47600,1.60100,1
1563,1.83519,0.73300,1.48500,1.60400,1
1564,1.99403,0.67300,1.59200,1.77400,1
1565,1.82956,0.65000,1.66700,1.58300,1
1566,1.72793,0.60400,1.64200,1.59100,1
1567,1.81011,0.62200,1.73300,1.62000,1
1568,1.65401,0.59500,1.49300,1.60600,1
1569,1.80087,0.69000,1.47600,1.61700,1
1570,1.70813,0.64000,1.42400,1.60600,1
1571,1.72484,0.58000,1.35700,1.61100,1
1572,1.86272,0.65100,1.46100,1.58800,1
1573,1.79703,0.64100,1.37300,1.64500,1
1574,2.13431,0.64800,1.58900,1.76500,1
1575,1.62838,0.59600,1.46300,1.60400,1
1576,1.67636,0.58700,1.33600,1.62000,1
1577,1.97042,0.81400,1.46900,1.59800,1
1578,2.11119,0.65400,1.87000,1.76300,1
1579,1.82687,0.66000,1.79000,1.76300,1
1580,2.57770,0.60300,1.63200,1.64500,1
1581,1.65352,0.62900,1.53600,1.60800,1
1582,2.32274,0.63600,1.58300,1.59100,1
1583,1.70666,1.18300,1.67200,1.60000,1
1584,1.53049,1.30400,1.52300,1.60000,1
1585,1.99222,1.35900,1.83600,1.60700,1
1586,1.66612,0.95900,1.56000,1.60700,1
1587,1.71683,0.80200,1.51100,1.58300,1
1588,1.75412,0.76300,1.47300,1.61500,1
1589,1.82995,0.70100,1.50400,1.60900,1
1590,1.84250,0.70700,1.54800,1.58300,1
1591,1.77756,0.80600,1.62500,1.62700,1
1592,1.91768,0.75400,1.52400,1.78400,1
1593,1.87333,0.65700,1.54900,1.64200,1
1594,1.58101,0.96000,1.38500,1.58700,1
1595,1.75983,0.90200,1.35000,1.62100,1
1596,1.79315,0.62400,1.34000,1.61200,1
1597,1.85857,0.61000,1.31000,1.72800,1
1598,1.81688,0.62500,1.31900,1.61300,1
1599,1.81288,0.64400,1.27600,1.64200,1
1600,1.77264,0.70200,1.31600,1.60100,1
1601,1.97411,0.65500,1.30100,1.79500,1
1602,1.72816,0.61900,1.26200,1.60000,1
1603,1.87375,0.59800,1.36500,1.61900,1
1604,1.76089,0.60500,1.33800,1.58600,1
1605,1.72003,0.59600,1.29200,1.59000,1
1606,1.86645,0.66800,1.41300,1.60300,1
1607,1.69450,0.70200,1.35300,1.60100,1
1608,1.77270,0.60300,1.30400,1.59900,1
1609,1.74531,0.63800,1.26000,1.63300,1
1610,1.91795,0.64700,1.25800,1.77900,1
1611,2.06384,0.98900,1.48200,1.57800,1
1612,1.52196,1.27300,1.29300,1.60100,1
1613,1.76282,0.71300,1.26700,1.58700,1
1614,1.73799,0.68200,1.23700,1.58800,1
1615,1.94682,0.60500,1.23900,1.75800,1
1616,1.84976,0.61700,1.31900,1.58000,1
1617,1.78254,0.68500,1.30600,1.60800,1
1618,1.81195,0.61900,1.32900,1.62300,1
1619,2.45317,1.06000,1.23600,1.79300,1
1620,2.04580,0.84000,1.45800,1.58900,1
1621,1.82439,1.16500,1.51300,1.62700,1
1622,1.72537,0.87000,1.49700,1.60400,1
1623,1.60772,0.77300,1.25900,1.61200,1
1624,1.70746,0.75500,1.20800,1.58700,1
1625,1.71436,0.71000,1.16500,1.58500,1
1626,1.79878,0.68700,1.19800,1.59700,1
1627,1.77848,0.65100,1.19700,1.61600,1
1628,2.14321,0.62500,1.39400,1.75500,1
1629,1.71702,0.63600,1.47400,1.61100,1
1630,1.62586,0.63200,1.22400,1.57800,1
1631,1.76130,0.67600,1.23900,1.59200,1
1632,1.77562,0.62400,1.21100,1.58800,1
1633,1.79949,0.64700,1.25700,1.59400,1
1634,1.93002,0.59300,1.29300,1.75800,1
1635,1.80550,0.56800,1.30400,1.60100,1
1636,1.68198,0.54000,1.18800,1.59800,1
1637,1.95390,0.56300,1.19700,1.77600,1
1638,1.77900,0.55300,1.21600,1.58700,1
1639,1.74551,0.55500,1.22600,1.57900,1
1640,1.81006,0.55100,1.24900,1.59500,1
1641,1.68650,0.57600,1.20000,1.57800,1
1642,1.78270,0.54600,1.21900,1.55800,1
1643,1.71646,0.52400,1.18800,1.57400,1
1644,1.77074,0.57400,1.17800,1.58800,1
1645,1.88343,0.53600,1.25600,1.59600,1
1646,1.72215,0.50900,1.19700,1.63300,1
1647,1.91733,0.57300,1.16200,1.77400,1
1648,1.84155,0.55200,1.18800,1.58700,1
1649,1.84117,0.61000,1.31900,1.60600,1
1650,1.65146,0.55600,1.21900,1.58500,1
1651,2.82476,0.66500,1.19000,1.63100,1
1652,1.86170,0.62500,1.14600,1.77100,1
1653,1.80143,0.59800,1.18400,1.59300,1
1654,1.75923,0.60700,1.20200,1.59800,1
1655,1.96371,0.56700,1.20000,1.79100,1
1656,1.73968,0.58300,1.17900,1.59300,1
1657,1.77389,0.56700,1.16800,1.62300,1
1658,3.40634,0.52900,1.35500,1.67300,1
1659,1.73868,0.58600,1.39600,1.61000,1
1660,1.67568,0.59000,1.27100,1.62300,1
1661,1.74150,0.61300,1.22700,1.60500,1
1662,1.81225,0.67000,1.24400,1.61700,1
1663,1.77707,0.63200,1.23300,1.62700,1
1664,1.96509,0.61300,1.24500,1.77900,1
1665,1.73687,0.58900,1.20900,1.61100,1
1666,1.78978,0.61600,1.24800,1.57900,1
1667,1.74203,0.62800,1.22600,1.58100,1
1668,1.76020,0.60100,1.22000,1.59400,1
1669,2.10567,0.64400,1.35900,1.78200,1
1670,1.76675,0.64200,1.35600,1.59100,1
1671,1.72794,0.62500,1.33700,1.60700,1
1672,1.76101,0.64900,1.27500,1.61900,1
1673,2.01172,0.65100,1.30400,1.79400,1
1674,1.81733,0.58800,1.39000,1.57300,1
1675,1.79941,0.59200,1.41000,1.61400,1
1676,1.70752,0.66300,1.32500,1.60500,1
1677,1.76424,0.58900,1.32700,1.59800,1
1678,1.76342,0.58900,1.28900,1.58900,1
1679,1.74478,0.57200,1.28300,1.59100,1
1680,1.83043,0.57000,1.32600,1.58400,1
1681,1.90136,0.56200,1.44800,1.62400,1
1682,2.25201,0.57200,1.72000,1.58600,1
1683,1.47842,0.55200,1.46900,1.58600,1
1684,1.68821,0.60100,1.36000,1.60300,1
1685,1.75541,0.61400,1.37500,1.59600,1
1686,1.74757,0.54400,1.29500,1.59600,1
1687,1.72473,0.56400,1.27700,1.58400,1
1688,1.92455,0.55900,1.27200,1.75200,1
1689,1.82403,0.56800,1.31100,1.59600,1
1690,1.79829,0.55800,1.32200,1.59900,1
1691,1.92325,0.55300,1.30100,1.76700,1
1692,1.90200,0.56700,1.41300,1.61500,1
1693,1.58443,0.56400,1.25700,1.59200,1
1694,1.77623,0.53800,1.24800,1.58600,1
1695,1.74665,0.56100,1.22500,1.59200,1
1696,1.77047,0.56100,1.23300,1.60400,1
1697,3.14550,0.52900,1.22700,1.61300,1
1698,1.75320,0.56600,1.23400,1.59800,1
1699,1.77026,0.54500,1.21400,1.61100,1
1700,1.96018,0.54600,1.23900,1.78600,1
1701,1.73971,0.57900,1.18700,1.57400,1
1702,1.73664,0.68300,1.17800,1.59600,1
1703,1.74662,0.67700,1.18100,1.58400,1
1704,1.77283,0.65600,1.17400,1.60500,1
1705,1.79300,0.67100,1.20500,1.59100,1
1706,2.00476,0.69500,1.29100,1.78200,1
1707,1.74655,0.57300,1.27900,1.57200,1
1708,1.73369,0.55700,1.25000,1.61600,1
1709,1.97327,0.53600,1.23900,1.79100,1
1710,1.82231,0.56800,1.30500,1.59000,1
1711,1.69797,0.53900,1.25600,1.60000,1
1712,1.77698,0.54100,1.26200,1.56400,1
1713,1.87726,0.60500,1.30800,1.63200,1
1714,1.75163,0.74800,1.32600,1.59000,1
1715,1.82303,0.60600,1.33700,1.62300,1
1716,1.88511,0.62300,1.45400,1.59900,1
1717,2.42367,0.65700,2.06200,1.65000,1
1718,1.88156,0.73000,1.87800,1.81600,1
1719,1.94498,0.73800,1.93700,1.62800,1
1720,1.86529,0.62300,1.87000,1.63200,1
1721,1.75251,0.58700,1.74300,1.63000,1
1722,1.73983,0.56600,1.74100,1.65500,1
1723,1.50629,0.56300,1.50000,1.65500,1
1724,1.75780,0.56300,1.62800,1.77800,1
1725,1.66116,0.57000,1.51000,1.61200,1
1726,1.70212,0.55000,1.39000,1.64200,1
1727,1.98081,0.56900,1.51500,1.64400,1
1728,1.85291,0.57900,1.35300,1.79000,1
1729,1.72343,0.55000,1.29100,1.61700,1
1730,1.84755,0.55900,1.33600,1.60900,1
1731,1.67681,0.57100,1.26300,1.58900,1
1732,1.85667,0.56100,1.33500,1.59100,1
1733,1.80428,0.62000,1.38000,1.59700,1
1734,1.75882,0.65300,1.37400,1.58500,1
1735,1.69523,0.57900,1.30100,1.60900,1
1736,2.44446,0.62200,1.27200,1.62400,1
1737,2.21105,0.67400,2.18900,1.82300,1
1738,1.73634,0.61900,1.21500,1.58300,1
1739,1.75288,0.62200,1.21800,1.61000,1
1740,1.81035,0.57300,1.25000,1.59900,1
1741,1.75005,0.55000,1.25300,1.59900,1
1742,1.91852,0.53800,1.22800,1.74500,1
1743,1.77374,0.54100,1.20000,1.60400,1
1744,1.79541,0.60800,1.18800,1.60200,1
1745,1.91498,0.59200,1.17200,1.80200,1
1746,1.76845,0.59900,1.17900,1.59400,1
1747,1.73771,0.56400,1.18200,1.57900,1
1748,1.79813,0.54700,1.17800,1.57500,1
1749,1.76321,0.59600,1.18300,1.60400,1
1750,1.91176,0.65200,1.29000,1.59000,1
1751,1.68010,0.57400,1.25300,1.59100,1
1752,1.89072,0.59200,1.33900,1.60500,1
1753,1.69204,0.69900,1.34300,1.59600,1
1754,2.31106,0.60900,1.28700,1.63100,1
1755,2.27467,0.61900,2.13200,1.85700,1
1756,1.87230,0.65800,1.45300,1.60900,1
1757,1.71247,0.61700,1.37900,1.59300,1
1758,1.83892,0.60600,1.48000,1.59700,1
1759,1.72240,0.60500,1.44100,1.58400,1
1760,1.95851,0.55600,1.46000,1.75900,1
1761,1.68370,0.62600,1.33300,1.61600,1
1762,1.89125,0.60700,1.42600,1.61500,1
1763,1.81447,0.54500,1.28000,1.63600,1
1764,1.74642,0.56300,1.25100,1.59200,1
1765,1.83935,0.55300,1.32800,1.59400,1
1766,1.67861,0.53500,1.21400,1.60800,1
1767,2.02148,0.53700,1.47200,1.56700,1
1768,1.66381,0.64600,1.42100,1.61200,1
1769,1.61352,0.61600,1.22400,1.58800,1
1770,1.95030,0.64400,1.35900,1.58500,1
1771,1.80904,1.16700,1.48400,1.61400,1
1772,1.76538,0.82600,1.41400,1.63100,1
1773,2.01890,0.95900,1.43700,1.77000,1
1774,1.56353,0.61500,1.28100,1.59200,1
1775,3.17305,0.82200,1.36700,1.61900,1
1776,1.65324,0.58700,1.24400,1.57600,1
1777,1.75021,0.59100,1.21900,1.58200,1
1778,1.99369,0.57900,1.27900,1.76300,1
1779,1.89451,0.57700,1.46800,1.57000,1
1780,1.75728,0.60600,1.42200,1.61700,1
1781,1.86505,0.57400,1.32200,1.78300,1
1782,1.79178,0.56200,1.35300,1.60100,1
1783,1.92928,0.54400,1.49700,1.58700,1
1784,1.66190,0.53500,1.40200,1.57700,1
1785,1.68770,0.58700,1.29000,1.59600,1
1786,1.92511,0.58500,1.46500,1.59400,1
1787,1.64481,0.55100,1.36200,1.59700,1
1788,1.78790,0.57800,1.30300,1.60200,1
1789,1.81992,0.65900,1.32300,1.61000,1
1790,1.77585,0.57200,1.33400,1.64100,1
1791,1.99322,0.57400,1.42100,1.77700,1
1792,1.83855,0.55600,1.37800,1.60100,1
1793,1.76747,0.59200,1.26100,1.60400,1
1794,1.49519,0.59500,1.20100,1.58300,1
1795,1.92492,0.58900,1.33600,1.59900,1
1796,1.83122,0.56500,1.23500,1.77300,1
1797,1.73241,0.54600,1.19100,1.59300,1
1798,1.78212,0.52700,1.17000,1.62400,1
1799,1.86446,0.52500,1.25200,1.61900,1
1800,2.00228,0.57900,1.26000,1.79000,1
1801,1.73543,0.62700,1.26800,1.58000,1
1802,1.75578,0.62900,1.27000,1.60200,1
1803,1.78117,0.66300,1.27600,1.59300,1
1804,1.73626,0.64000,1.23900,1.60200,1
1805,1.81477,0.97100,1.25900,1.58700,1
1806,1.74294,1.07300,1.26100,1.59600,1
1807,1.74003,0.82800,1.26900,1.58800,1
1808,1.81019,0.71000,1.30300,1.60600,1
1809,1.98557,0.69000,1.28300,1.80900,1
1810,1.78245,0.66200,1.29300,1.61900,1
1811,1.82561,0.63800,1.34100,1.58500,1
1812,1.71531,0.64300,1.26600,1.61100,1
1813,1.77128,0.63100,1.30200,1.59600,1
1814,2.77719,0.62000,1.29400,1.62600,1
1815,1.76550,0.61700,1.27700,1.59400,1
1816,1.83554,0.61700,1.31200,1.61700,1
1817,2.00417,0.63600,1.55400,1.61900,1
1818,1.79295,0.66500,1.40700,1.79800,1
1819,1.73871,0.68400,1.35100,1.59600,1
1820,1.86795,0.59700,1.41400,1.62000,1
1821,1.72789,0.62200,1.33300,1.60500,1
1822,1.69337,0.68500,1.29900,1.59200,1
1823,1.80355,0.64700,1.32900,1.58300,1
1824,1.81343,0.63400,1.29800,1.58400,1
1825,1.76712,1.02900,1.30900,1.61100,1
1826,1.83050,0.96900,1.36300,1.63600,1
1827,1.94702,0.83600,1.32800,1.78600,1
1828,1.74883,0.73900,1.28200,1.61700,1
1829,1.79949,0.67400,1.30500,1.60900,1
1830,1.78354,0.62500,1.28900,1.61800,1
1831,1.76220,0.60900,1.29100,1.60000,1
1832,1.78101,0.59500,1.27100,1.59600,1
1833,2.10728,0.61500,1.43700,1.74900,1
1834,2.04223,0.67300,1.86300,1.61100,1
1835,1.71588,0.61800,1.69700,1.61100,1
1836,1.83019,0.59800,1.59900,1.78200,1
1837,1.82692,0.56500,1.59700,1.61600,1
1838,2.34453,0.55200,2.14300,1.61000,1
1839,1.32627,0.61600,1.33700,1.61000,1
1840,1.34571,0.61400,1.25800,1.60800,1
1841,1.93233,0.60800,1.40100,1.59500,1
1842,1.73576,0.66200,1.37400,1.60300,1
1843,1.78116,0.66600,1.40400,1.58300,1
1844,1.71751,0.65200,1.28700,1.58100,1
1845,1.75330,0.61800,1.26100,1.60900,1
1846,1.96902,0.64800,1.26000,1.76400,1
1847,1.73386,0.70500,1.23000,1.60100,1
1848,1.89476,0.67100,1.33700,1.59000,1
1849,1.67695,0.66500,1.26500,1.61400,1
1850,1.74410,0.62600,1.26400,1.58200,1
1851,1.93920,0.60800,1.29900,1.70700,1
1852,1.68964,0.64000,1.23100,1.59500,1
1853,2.63296,0.63300,1.26000,1.62400,1
1854,1.90098,0.68600,2.52600,1.64400,1
1855,1.79765,0.61800,1.40100,1.59500,1
1856,2.11648,0.58100,1.98300,1.60900,1
1857,2.26029,0.67400,1.57700,1.60900,1
1858,2.51864,0.65800,2.55300,1.67000,1
1859,1.68439,0.61600,1.56400,1.59900,1
1860,1.79002,0.64900,1.52100,1.62400,1
1861,1.76508,0.63400,1.45000,1.60500,1
1862,1.89589,0.68100,1.47400,1.66000,1
1863,2.04175,1.22200,1.43700,1.60500,1
1864,1.60032,1.43700,1.42300,1.60500,1
1865,1.76153,0.86700,1.42300,1.60300,1
1866,1.82850,0.72000,1.43700,1.61800,1
1867,1.79850,0.68400,1.44700,1.62300,1
1868,1.87404,0.66500,1.42600,1.74500,1
1869,1.79882,0.66600,1.41800,1.62500,1
1870,1.86007,0.63500,1.51200,1.62000,1
1871,1.81579,0.61400,1.47600,1.63300,1
1872,1.98766,0.63400,1.52500,1.80300,1
1873,1.69189,0.64800,1.45100,1.59400,1
1874,1.71594,0.66800,1.37900,1.59500,1
1875,1.79882,0.61400,1.41500,1.59800,1
1876,1.96149,0.60600,1.53700,1.61300,1
1877,1.75075,0.66600,1.57300,1.60200,1
1878,1.76895,0.60400,1.53200,1.60800,1
1879,1.72221,0.61700,1.50700,1.59400,1
1880,1.91664,0.61300,1.43900,1.75800,1
1881,1.96770,0.63100,1.46500,1.78000,1
1882,2.46001,0.63900,2.08700,1.60900,1
1883,1.56625,0.63400,1.57600,1.60400,1
1884,1.52667,0.60100,1.51600,1.60400,1
1885,1.63284,0.58700,1.56900,1.60400,1
1886,1.82209,0.60200,1.48900,1.58400,1
1887,1.68068,0.65900,1.39000,1.60400,1
1888,1.99493,0.60400,1.42200,1.63600,1
1889,1.90301,0.70300,1.45000,1.63200,1
1890,1.97933,0.92600,1.54700,1.62000,1
1891,1.90178,1.00300,1.73000,1.64700,1
1892,2.58621,0.90400,1.57700,1.60700,1
1893,1.75940,0.83500,2.52300,1.60700,1
1894,1.89519,0.89600,1.48300,1.60500,1
1895,1.69685,0.90500,1.44900,1.60900,1
1896,1.74335,0.73800,1.47000,1.58600,1
1897,1.69949,0.68700,1.40000,1.60600,1
1898,1.88399,0.63400,1.43200,1.64100,1
1899,1.89703,0.65500,1.36400,1.79700,1
1900,1.81181,0.64100,1.33000,1.60500,1
1901,1.78812,0.66200,1.37800,1.57900,1
1902,1.76302,0.64500,1.37500,1.62000,1
1903,1.75797,0.66700,1.35000,1.60500,1
1904,1.92416,0.63400,1.30800,1.77200,1
1905,1.79390,0.62100,1.33400,1.59000,1
1906,1.80406,0.63300,1.33900,1.61400,1
1907,1.72088,0.63300,1.28500,1.60400,1
1908,2.08775,0.65100,1.42000,1.79200,1
1909,1.67162,0.68300,1.32900,1.59800,1
1910,1.71593,0.64800,1.26600,1.58300,1
1911,1.80904,0.79600,1.29500,1.59300,1
1912,1.78033,0.74400,1.32700,1.60500,1
1913,1.71317,0.66000,1.26800,1.57500,1
1914,1.83339,0.62400,1.38200,1.57400,1
1915,1.76540,0.69700,1.35700,1.58600,1
1916,1.73250,0.59700,1.31600,1.63700,1
1917,1.95960,0.60600,1.30900,1.77300,1
1918,1.76458,0.62400,1.29900,1.60100,1
1919,1.71350,0.58500,1.25900,1.58300,1
1920,1.84027,0.60800,1.29800,1.61900,1
1921,1.76157,0.60100,1.28900,1.60000,1
1922,1.73510,0.59000,1.22700,1.58500,1
1923,1.93624,0.58100,1.21100,1.75500,1
1924,1.81333,0.58100,1.18600,1.60200,1
1925,1.73226,1.01300,1.17900,1.60300,1
1926,1.79669,0.96600,1.20800,1.61900,1
1927,1.89207,0.79300,1.14800,1.77400,1
1928,1.86312,0.71500,1.23400,1.60300,1
1929,1.73794,0.74700,1.23300,1.57700,1
1930,1.83647,0.68800,1.24300,1.63200,1
1931,2.64551,0.75500,1.29100,1.58900,1
1932,1.81725,0.64700,2.44800,1.61600,1
1933,1.79522,0.62900,1.37600,1.59500,1
1934,2.19584,0.63600,1.77600,1.59000,1
1935,1.86625,0.69300,1.77000,1.61000,1
1936,1.74300,0.71100,1.73800,1.61000,1
1937,1.82563,0.61300,1.73400,1.61200,1
1938,1.71555,0.75600,1.67000,1.60000,1
1939,1.69329,0.59300,1.54500,1.61400,1
1940,1.85394,0.64900,1.54000,1.63200,1
1941,1.85720,0.71000,1.48800,1.75300,1
1942,1.72001,0.70700,1.40200,1.62300,1
1943,1.79047,0.67800,1.40200,1.61100,1
1944,1.94264,0.68100,1.93500,1.62300,1
1945,1.83623,0.65900,1.45200,1.78600,1
1946,1.80147,0.68800,1.45200,1.62400,1
1947,1.91364,0.69800,1.59900,1.60800,1
1948,1.68690,0.69200,1.46800,1.61900,1
1949,2.00213,0.66200,1.66900,1.60800,1
1950,1.75134,0.65500,1.64500,1.63900,1
1951,2.01677,0.64600,1.81500,1.61100,1
1952,1.75208,0.66800,1.65600,1.61500,1
1953,1.61405,1.37900,1.62400,1.61500,1
1954,1.91130,1.15800,1.56100,1.83300,1
1955,1.93603,0.82500,1.70700,1.60600,1
1956,1.69392,0.80800,1.69500,1.60600,1
1957,1.68332,0.92600,1.57800,1.62900,1
1958,1.71292,0.70500,1.49200,1.59200,1
1959,1.92362,0.68800,1.45800,1.77500,1
1960,2.44178,0.65700,1.40700,1.62400,1
1961,1.79924,0.62800,1.31000,1.60800,1
1962,2.14826,0.71600,1.80400,1.59200,1
1963,1.82643,0.79500,1.66600,1.77500,1
1964,1.74688,0.70500,1.59500,1.60300,1
1965,1.91399,0.67200,1.71200,1.62100,1
1966,1.87277,0.87500,1.76000,1.62100,1
1967,1.77492,1.07900,1.76300,1.60400,1
1968,1.55091,0.97500,1.51000,1.63200,1
1969,1.75394,1.62100,1.49700,1.63200,1
1970,1.79509,0.89000,1.46300,1.61700,1
1971,3.14537,0.84300,1.39100,1.64900,1
1972,2.28703,0.87000,3.46600,1.84100,1
1973,1.85749,0.85900,1.49300,1.62200,1
1974,1.83609,0.79900,1.49800,1.60700,1
1975,1.79009,0.74600,1.49000,1.60900,1
1976,1.95764,0.65000,1.49600,1.74200,1
1977,1.66350,0.79800,1.43300,1.59700,1
1978,1.79785,0.79400,1.59900,1.65100,1
1979,1.80176,0.82500,1.25500,1.64400,1
1980,1.97791,1.09700,1.25900,1.80500,1
1981,1.75160,1.00000,1.21700,1.59100,1
1982,1.73326,0.87000,1.21200,1.59600,1
1983,1.73055,0.82100,1.16900,1.61300,1
1984,1.81874,0.77900,1.25100,1.59400,1
1985,1.94518,0.80100,1.35200,1.60700,1
1986,1.79593,0.75100,1.38700,1.61600,1
1987,1.74967,0.79900,1.38600,1.60800,1
1988,1.75023,0.75800,1.35800,1.60200,1
1989,1.97610,0.66900,1.37300,1.78800,1
1990,1.95737,0.70300,1.69500,1.60000,1
1991,1.45694,0.66200,1.21100,1.62400,1
1992,1.75281,0.58400,1.18000,1.58900,1
1993,1.78572,0.62800,1.20700,1.57500,1
1994,2.05481,0.66800,1.37900,1.75500,1
1995,1.73202,0.64200,1.34600,1.59000,1
1996,2.03076,0.66700,1.56600,1.63300,1
1997,1.66689,0.62200,1.44500,1.59000,1
1998,2.31452,0.67400,1.81800,1.59300,1
1999,1.99931,0.66000,1.98500,1.62800,1
2000,1.85940,0.66300,1.85600,1.64000,1
2001,1.66189,0.63600,1.60500,1.63200,1
2002,1.55689,0.94100,1.56900,1.59800,1
2003,1.68386,1.03500,1.64600,1.59800,1
2004,2.00565,0.84200,1.86500,1.61200,1
2005,2.23399,0.75900,2.21800,1.61100,1
2006,1.67679,0.77100,1.68700,1.63200,1
2007,1.53154,0.67500,1.51000,1.63200,1
2008,1.55907,0.67100,1.46600,1.60300,1
2009,1.82371,0.63700,1.48000,1.61900,1
2010,2.67234,0.64700,1.43400,1.61900,1
2011,1.85062,0.60000,2.59500,1.62200,1
2012,1.94036,0.61700,1.40900,1.77100,1
2013,1.79117,0.64100,1.40200,1.59800,1
2014,1.81167,0.61000,1.38200,1.63300,1
2015,1.82326,0.64700,1.41000,1.62400,1
2016,1.85937,0.62300,1.34700,1.76800,1
2017,2.00882,0.60100,1.57500,1.58700,1
2018,1.88261,0.60500,1.87300,1.60600,1
2019,1.79455,0.60200,1.78500,1.61200,1
2020,1.82115,0.59900,1.81000,1.59400,1
2021,1.76543,0.56600,1.75100,1.61700,1
2022,1.69506,0.56500,1.69100,1.59700,1
2023,1.73702,0.56300,1.68600,1.59700,1
2024,1.77805,0.58300,1.70400,1.62600,1
2025,1.86953,0.59400,1.57300,1.77700,1
2026,1.89029,0.63000,1.72500,1.58700,1
2027,1.47437,0.65100,1.39200,1.58700,1
2028,1.74045,0.59200,1.35600,1.58800,1
2029,1.78740,0.58600,1.35400,1.59800,1
2030,1.76910,0.56900,1.37700,1.60700,1
2031,1.90116,0.55900,1.30600,1.77800,1
2032,1.79470,0.57600,1.31200,1.63100,1
2033,1.80733,0.58100,1.32000,1.59600,1
2034,1.93456,0.58600,1.32800,1.59800,1
2035,1.77760,0.62800,1.34600,1.59600,1
2036,1.84615,0.60100,1.37800,1.61000,1
2037,1.63975,0.56500,1.30000,1.58900,1
2038,1.77793,0.59400,1.30200,1.60000,1
2039,1.77273,0.57800,1.31600,1.59500,1
2040,1.87381,0.60900,1.42000,1.61100,1
2041,1.70160,0.63500,1.33500,1.60400,1
2042,1.99889,0.58100,1.70200,1.58600,1
2043,1.73695,0.59700,1.65200,1.60600,1
2044,1.93665,0.58600,1.59700,1.80800,1
2045,1.68687,0.56900,1.52500,1.59600,1
2046,1.72993,0.58700,1.41700,1.62100,1
2047,1.82869,0.59400,1.50800,1.57700,1
2048,1.87909,0.60400,1.55300,1.61900,1
2049,1.82057,0.59400,1.49300,1.77000,1
2050,2.62956,0.61300,1.40900,1.67600,1
2051,1.74573,0.71100,1.38700,1.61300,1
2052,1.77921,0.70600,1.39100,1.60500,1
2053,1.96542,0.70100,1.38700,1.77500,1
2054,1.82877,0.68400,1.43800,1.60200,1
2055,1.89227,0.71200,1.55000,1.60300,1
2056,1.61522,0.76700,1.40800,1.60300,1
2057,1.76639,0.67200,1.39000,1.59600,1
2058,1.74912,0.74300,1.36900,1.60200,1
2059,1.81279,0.70300,1.40000,1.58900,1
2060,1.74830,0.67300,1.39000,1.59700,1
2061,1.84294,0.66400,1.40800,1.63400,1
2062,1.93923,0.69100,1.36700,1.78800,1
2063,3.34589,0.70000,1.48700,1.65100,1
2064,1.86896,0.70100,1.73300,1.59800,1
2065,1.72874,0.75900,1.65100,1.59800,1
2066,1.96926,0.67000,1.65200,1.76500,1
2067,1.75333,0.66800,1.60300,1.60800,1
2068,1.69293,0.64400,1.56000,1.56900,1
2069,1.71010,0.60600,1.51000,1.60500,1
2070,1.92386,0.64300,1.45600,1.76700,1
2071,1.68570,0.69400,1.37600,1.58900,1
2072,1.75252,0.65000,1.37200,1.58500,1
2073,1.73580,0.64200,1.34900,1.59100,1
2074,1.80279,0.64100,1.35600,1.59300,1
2075,1.74744,0.64400,1.32300,1.58500,1
2076,1.73975,0.63500,1.30200,1.59600,1
2077,1.77877,0.67400,1.30700,1.59300,1
2078,1.79024,0.64200,1.28400,1.61300,1
2079,1.89150,0.67000,1.41700,1.58900,1
2080,2.05099,0.71800,1.62700,1.76800,1
2081,1.77726,0.71400,1.59300,1.58800,1
2082,1.81191,0.69300,1.59300,1.61700,1
2083,1.65614,0.72300,1.48700,1.59900,1
2084,1.75334,0.69900,1.42400,1.62200,1
2085,1.89037,0.67700,1.38000,1.74700,1
2086,1.77694,0.70100,1.37500,1.58200,1
2087,1.75163,0.73100,1.39100,1.60900,1
2088,1.89081,0.69100,1.47400,1.62100,1
2089,3.61850,0.66700,1.80200,1.62500,1
2090,1.68722,0.61300,1.66700,1.62500,1
2091,1.57489,0.61100,1.44800,1.60700,1
2092,1.85557,0.57000,1.45000,1.63900,1
2093,1.74273,0.61200,1.40600,1.60500,1
2094,1.69667,0.62600,1.29000,1.61800,1
2095,1.78234,0.65500,1.28200,1.58300,1
2096,1.81381,0.88500,1.26900,1.59400,1
2097,1.96448,1.07200,1.29100,1.77400,1
2098,1.82189,0.85500,1.35400,1.60200,1
2099,1.62917,0.71700,1.23000,1.59000,1
2100,1.77627,0.73900,1.24600,1.61400,1
2101,1.72606,0.67600,1.18500,1.60300,1
2102,1.79726,0.63700,1.17600,1.61800,1
2103,1.96475,0.60900,1.17800,1.78900,1
2104,1.89348,0.60000,1.35100,1.59600,1
2105,1.71566,0.59300,1.26800,1.62200,1
2106,1.93476,0.60700,1.26300,1.76500,1
2107,1.68343,0.55600,1.20500,1.57400,1
2108,1.86282,0.58900,1.28200,1.59200,1
2109,1.90143,0.61900,1.42900,1.59400,1
2110,1.73958,0.56600,1.40100,1.59600,1
2111,1.78020,0.60200,1.41500,1.57900,1
2112,1.66496,0.57100,1.33200,1.60600,1
2113,1.89633,0.61200,1.44700,1.57300,1
2114,1.66192,0.59500,1.33000,1.59200,1
2115,1.79732,0.68900,1.36900,1.62700,1
2116,1.93516,0.60800,1.35100,1.77500,1
2117,1.68272,0.55700,1.29900,1.58800,1
2118,1.78154,0.61800,1.33300,1.58400,1
2119,1.72715,0.57100,1.30300,1.57500,1
2120,1.81601,0.57400,1.34600,1.61100,1
2121,1.91306,0.57700,1.36100,1.74200,1
2122,1.76364,0.56700,1.33000,1.59900,1
2123,1.77527,0.55300,1.34000,1.59000,1
2124,1.80059,0.57200,1.33700,1.61500,1
2125,2.01831,0.59500,1.43800,1.76000,1
2126,1.69174,0.56900,1.39000,1.57100,1
2127,1.74640,0.61300,1.36500,1.60600,1
2128,2.70912,0.60300,1.52100,1.61500,1
2129,1.63308,0.59500,1.44100,1.57300,1
2130,1.80649,0.61300,1.39800,1.61300,1
2131,1.74241,0.64000,1.37500,1.60300,1
2132,1.78237,0.62400,1.39100,1.59300,1
2133,1.80314,0.60900,1.40300,1.60300,1
2134,2.06044,0.63600,1.50600,1.80300,1
2135,1.68717,0.64400,1.45100,1.58700,1
2136,1.75643,0.69500,1.44600,1.57800,1
2137,1.77440,0.68300,1.39300,1.60800,1
2138,1.85914,0.64900,1.46200,1.60700,1
2139,1.87987,0.69800,1.39400,1.75900,1
2140,1.68619,0.67600,1.32800,1.58000,1
2141,1.79946,0.64800,1.30800,1.64900,1
2142,1.78800,0.59600,1.29000,1.64000,1
2143,1.91013,0.60100,1.23200,1.76800,1
2144,1.75218,0.65100,1.22700,1.61500,1
2145,1.80349,0.58600,1.25400,1.60500,1
2146,1.78178,0.56200,1.26800,1.58700,1
2147,1.84055,0.54700,1.36100,1.58400,1
2148,1.83633,0.56900,1.45900,1.60600,1
2149,1.80437,0.56000,1.45100,1.60800,1
2150,1.58715,0.60700,1.24300,1.60300,1
2151,1.85678,0.54700,1.26800,1.63500,1
2152,1.97781,0.58200,1.28700,1.76900,1
2153,1.77321,0.66700,1.28300,1.60500,1
2154,2.02188,0.68500,1.52600,1.59100,1
2155,1.87061,0.81500,1.69500,1.57800,1
2156,1.48472,0.69700,1.38600,1.61000,1
2157,1.78164,0.78200,1.40200,1.58000,1
2158,1.85267,0.70400,1.37600,1.74100,1
2159,2.41556,0.64200,1.97200,1.60900,1
2160,1.78645,0.71400,1.77800,1.61800,1
2161,10.37601,0.71100,1.64000,1.61800,1
2162,2.32171,0.62400,10.87600,1.59700,1
2163,1.86645,0.67200,1.86200,1.64200,1
2164,1.75576,0.77800,1.75400,1.64200,1
2165,1.62381,0.63400,1.62400,1.66200,1
2166,2.57536,0.59800,1.53000,1.77500,1
2167,4.33619,0.67000,2.64900,1.71000,1
2168,1.82498,0.77000,1.62900,1.75800,1
2169,1.94289,1.58500,1.65600,1.60000,1
2170,1.59652,1.04600,1.54900,1.60000,1
2171,1.76092,0.88100,1.48000,1.62300,1
2172,1.76288,0.83600,1.39000,1.62200,1
2173,1.91022,0.83000,1.32600,1.78400,1
2174,1.75989,0.87300,1.33900,1.59400,1
2175,1.71717,0.74800,1.31800,1.57000,1
2176,1.74959,0.75700,1.26500,1.59600,1
2177,1.78075,0.72900,1.29800,1.60200,1
2178,1.96870,0.69100,1.31800,1.59200,1
2179,1.60396,0.70100,1.30700,1.59900,1
2180,1.73222,0.68200,1.27300,1.59600,1
2181,2.08544,0.68600,1.53900,1.61500,1
2182,1.91715,0.70200,1.54100,1.78500,1
2183,1.74480,0.72500,1.49500,1.60400,1
2184,2.10258,0.69100,1.64100,1.60300,1
2185,1.69407,0.66100,1.69100,1.61500,1
2186,1.50352,0.67300,1.49900,1.61500,1
2187,1.76136,0.65000,1.55300,1.60600,1
2188,1.96292,0.64600,1.51900,1.78800,1
2189,1.69705,0.72700,1.41500,1.59600,1
2190,1.78501,1.07700,1.35200,1.64800,1
2191,1.90729,0.91900,1.35400,1.77400,1
2192,1.82771,0.83000,1.40500,1.58700,1
2193,1.83847,0.77500,1.46800,1.60900,1
2194,1.99775,0.73500,1.65900,1.62500,1
2195,1.87237,0.71500,1.77700,1.63500,1
2196,1.55203,0.70100,1.52400,1.63500,1
2197,1.79383,0.67200,1.50200,1.65000,1
2198,1.86644,0.63200,1.40000,1.61300,1
2199,1.78918,0.66700,1.52200,1.62000,1
2200,1.66067,0.69700,1.39700,1.63700,1
2201,2.08870,0.66700,1.46500,1.78800,1
2202,1.61527,0.69500,1.30600,1.62200,1
2203,1.72143,0.72900,1.20400,1.62400,1
2204,1.79210,0.71000,1.20500,1.61100,1
2205,1.76967,0.73300,1.20300,1.60600,1
2206,2.68538,0.64100,1.30100,1.75100,1
2207,1.83248,0.59000,2.31600,1.66000,1
2208,1.95926,0.59800,1.39600,1.64600,1
2209,1.93127,0.68000,1.42400,1.76500,1
2210,1.75056,0.61800,1.33100,1.64200,1
2211,1.76916,0.61700,1.35500,1.59000,1
2212,1.74842,0.60000,1.32200,1.61600,1
2213,1.79045,0.56500,1.32800,1.60100,1
2214,1.96522,0.57300,1.48400,1.62600,1
2215,1.90957,0.69000,1.74600,1.60000,1
2216,1.71223,0.61100,1.63500,1.59400,1
2217,1.78031,0.65600,1.55100,1.61200,1
2218,1.79390,0.64400,1.56400,1.65100,1
2219,1.92204,0.58900,1.51700,1.78000,1
2220,1.83331,0.55300,1.56800,1.61100,1
2221,1.89437,0.62200,1.71100,1.62100,1
2222,1.70185,0.65400,1.61000,1.58300,1
2223,1.59342,0.69300,1.41100,1.63400,1
2224,1.95974,0.67100,1.36600,1.78300,1
2225,1.84345,0.67500,1.36400,1.62600,1
2226,1.73222,0.62900,1.27400,1.61900,1
2227,1.73339,0.58000,1.22700,1.64000,1
2228,1.97268,0.58100,1.24100,1.79200,1
2229,1.84218,0.56100,1.31700,1.58800,1
2230,1.77773,0.58700,1.35000,1.58500,1
2231,1.74308,0.65900,1.35700,1.59200,1
2232,1.73589,0.55200,1.31300,1.59600,1
2233,1.76582,0.55200,1.32900,1.58700,1
2234,1.71282,0.53700,1.26900,1.60500,1
2235,1.77589,0.52800,1.27800,1.58400,1
2236,1.78038,0.57100,1.26900,1.61800,1
2237,1.96372,0.56900,1.26700,1.78700,1
2238,1.83094,0.55800,1.29500,1.61800,1
2239,1.84725,0.58900,1.35200,1.61800,1
2240,1.73943,0.56600,1.29500,1.62100,1
2241,1.74242,0.64000,1.28300,1.58500,1
2242,1.93031,0.56800,1.28900,1.75700,1
2243,1.75999,0.55500,1.27500,1.59000,1
2244,1.83294,0.54900,1.31900,1.62400,1
2245,3.45814,0.57400,1.54600,1.65000,1
2246,1.49700,0.58000,1.32500,1.59600,1
2247,1.87010,0.55600,1.31000,1.62400,1
2248,1.84351,0.68900,1.45800,1.58600,1
2249,1.66933,0.62100,1.41400,1.59000,1
2250,1.69051,0.58900,1.37300,1.57400,1
2251,1.79659,0.55100,1.38400,1.58400,1
2252,1.93042,0.57700,1.52400,1.60700,1
2253,1.82624,0.65700,1.71000,1.57000,1
2254,1.72997,0.69200,1.56300,1.64000,1
2255,1.97562,0.72100,1.54400,1.79600,1
2256,1.77316,0.70200,1.52200,1.62600,1
2257,1.91082,0.70100,1.65300,1.62200,1
2258,1.76061,0.58100,1.49300,1.61600,1
2259,1.66070,0.55800,1.42700,1.60300,1
2260,1.91593,0.55100,1.45900,1.74800,1
2261,1.77665,0.54000,1.44200,1.64100,1
2262,1.84385,0.57300,1.45000,1.63100,1
2263,2.02703,0.55900,1.65300,1.64700,1
2264,1.79366,0.54700,1.51300,1.77900,1
2265,1.83968,0.56300,1.61300,1.61500,1
2266,1.73321,0.57300,1.57400,1.60600,1
2267,1.61644,0.53400,1.38500,1.60100,1
2268,1.79800,0.54200,1.34400,1.62300,1
2269,2.20398,0.53000,1.28700,1.62200,1
2270,2.22723,0.51200,1.93400,1.64600,1
2271,1.83755,0.55000,1.25400,1.59700,1
2272,1.94609,0.64500,1.25800,1.60900,1
2273,1.75007,0.62500,1.23200,1.60400,1
2274,1.85105,0.57400,1.29500,1.60100,1
2275,1.89121,0.58600,1.45700,1.59400,1
2276,1.77604,0.60100,1.46600,1.59400,1
2277,1.80990,0.57800,1.47600,1.62300,1
2278,1.73427,0.54900,1.27500,1.77700,1
2279,1.81984,0.58000,1.25500,1.60400,1
2280,1.75812,0.59600,1.29200,1.61300,1
2281,1.80906,0.56700,1.29600,1.61800,1
2282,1.96261,0.65000,1.22800,1.79700,1
2283,1.72121,0.98700,1.18900,1.61000,1
2284,3.13571,0.92300,1.20700,1.64800,1
2285,1.93814,0.83800,1.38500,1.58600,1
2286,1.93792,0.96400,1.63900,1.60300,1
2287,1.67088,0.70500,1.52800,1.58800,1
2288,1.77888,0.69100,1.50700,1.60500,1
2289,1.77183,0.63900,1.48600,1.62200,1
2290,2.07544,0.60600,1.60100,1.79100,1
2291,1.68689,0.60900,1.54000,1.60700,1
2292,1.75955,0.59700,1.53300,1.59400,1
2293,1.76696,0.62200,1.43600,1.64600,1
2294,1.91243,0.60400,1.53100,1.62100,1
2295,1.84084,0.58800,1.45400,1.76700,1
2296,1.86977,0.57000,1.50700,1.63000,1
2297,1.80072,0.58500,1.50200,1.64700,1
2298,1.89052,0.60300,1.55700,1.64600,1
2299,1.91155,0.59300,1.52300,1.77500,1
2300,1.67425,0.59800,1.42800,1.60200,1
2301,1.93123,0.58300,1.51900,1.61300,1
2302,1.79456,0.58000,1.58100,1.59200,1
2303,1.72725,0.58500,1.51400,1.59100,1
2304,1.66685,0.57300,1.45500,1.59700,1
2305,1.82383,0.58700,1.47700,1.61400,1
2306,1.77020,0.58200,1.44800,1.59000,1
2307,2.05621,0.55200,1.65100,1.61400,1
2308,10.42982,0.63100,1.66000,1.64100,1
2309,2.15910,0.69700,10.64000,1.81900,1
2310,1.65399,0.61800,1.50500,1.57300,1
2311,1.82114,0.59900,1.50600,1.65700,1
2312,1.91653,0.55700,1.57900,1.59800,1
2313,1.85622,0.69200,1.47600,1.79300,1
2314,1.76574,0.72500,1.43400,1.60500,1
2315,1.81535,0.61600,1.46300,1.61600,1
2316,1.77854,0.61300,1.45500,1.65500,1
2317,1.81343,0.60300,1.46600,1.60900,1
2318,1.76279,0.56800,1.44000,1.61100,1
2319,2.08690,0.58800,1.73300,1.60200,1
2320,1.58113,0.58300,1.56700,1.60200,1
2321,1.70913,0.61700,1.41100,1.64500,1
2322,1.92775,0.60900,1.32400,1.80000,1
2323,2.56254,0.58300,1.34700,1.59200,1
2324,1.98042,0.62200,2.56400,1.65200,1
2325,1.76301,0.64200,1.40000,1.59800,1
2326,1.79030,0.61300,1.43100,1.60800,1
2327,1.92266,0.62300,1.37000,1.77600,1
2328,2.06328,0.60100,1.60600,1.62400,1
2329,1.77135,0.78500,1.69700,1.60100,1
2330,10.46789,0.70300,1.52100,1.82000,1
2331,2.37994,0.88200,10.98000,1.60900,1
2332,1.61792,0.90000,1.62600,1.60900,1
2333,1.54411,0.83700,1.43200,1.61200,1
2334,1.72672,0.70800,1.34800,1.63200,1
2335,1.95424,0.75700,1.34900,1.76100,1
2336,1.87936,0.68400,1.33200,1.73100,1
2337,1.83115,0.65000,1.34800,1.62100,1
2338,1.67723,0.61100,1.26800,1.59300,1
2339,1.73943,0.57400,1.25500,1.58800,1
2340,1.90991,0.56400,1.23900,1.74400,1
2341,1.79035,0.56900,1.24300,1.59200,1
2342,1.74003,0.55600,1.21000,1.60600,1
2343,1.79665,0.59300,1.20900,1.61800,1
2344,2.07321,0.59200,1.28300,1.79500,1
2345,1.89274,0.65000,1.36700,1.60200,1
2346,1.67908,0.61200,1.28700,1.63200,1
2347,1.78273,0.63600,1.31600,1.59400,1
2348,1.67276,0.57000,1.20600,1.61300,1
2349,1.80342,0.58900,1.20800,1.58400,1
2350,1.83213,0.57600,1.30200,1.58300,1
2351,1.80743,0.53000,1.30400,1.60800,1
2352,1.72262,0.55100,1.28300,1.60700,1
2353,1.92313,0.56600,1.26000,1.78200,1
2354,1.70971,0.58400,1.20400,1.59700,1
2355,1.79335,0.58700,1.20000,1.58800,1
2356,1.72044,0.64800,1.19200,1.58900,1
2357,1.76166,0.56800,1.19400,1.58500,1
2358,1.76512,0.58800,1.17900,1.58700,1
2359,2.02555,0.57500,1.28500,1.75400,1
2360,1.67680,0.58400,1.18700,1.60600,1
2361,1.86065,0.60200,1.19800,1.62300,1
2362,2.34290,0.57000,1.22600,1.79800,1
2363,2.23544,0.62400,1.94800,1.60900,1
2364,1.61655,0.59600,1.25000,1.61900,1
2365,1.73471,0.56100,1.19600,1.62100,1
2366,1.77823,0.55500,1.20400,1.59300,1
2367,1.81579,0.59000,1.19000,1.60300,1
2368,1.75861,0.58000,1.19900,1.59900,1
2369,1.76486,0.58000,1.22100,1.58300,1
2370,1.78121,0.57800,1.20300,1.60900,1
2371,1.94847,0.60800,1.18700,1.77600,1
2372,3.53819,0.64300,1.60400,1.63000,1
2373,1.29789,0.61300,1.20900,1.59500,1
2374,1.80379,0.58100,1.22400,1.59400,1
2375,1.73333,0.56000,1.19100,1.59700,1
2376,1.93197,0.56400,1.19100,1.74200,1
2377,1.78435,0.55200,1.21600,1.58100,1
2378,1.79110,0.54500,1.22700,1.63300,1
2379,1.75575,0.53100,1.19200,1.61700,1
2380,1.97228,0.55800,1.21200,1.76800,1
2381,1.78169,0.53400,1.22700,1.59200,1
2382,1.92940,0.53600,1.38800,1.59000,1
2383,1.76787,0.54700,1.40500,1.60600,1
2384,1.79167,0.54800,1.42300,1.60200,1
2385,1.75604,0.55700,1.35000,1.61100,1
2386,1.65408,0.76600,1.26500,1.61100,1
2387,1.71509,0.64200,1.18900,1.58200,1
2388,2.10035,0.86500,1.43100,1.60100,1
2389,1.90486,1.14400,1.46000,1.78800,1
2390,1.67873,0.82200,1.39800,1.59500,1
2391,1.77617,0.73800,1.40700,1.58700,1
2392,1.81296,0.72300,1.44000,1.59900,1
2393,1.68242,0.66500,1.33700,1.61500,1
2394,2.03142,0.63300,1.45500,1.73500,1
2395,1.70529,0.71900,1.39100,1.61600,1
2396,1.77682,0.62700,1.39200,1.61300,1
2397,1.65220,0.60900,1.23400,1.61700,1
2398,2.02249,0.62300,1.27500,1.79300,1
2399,1.74123,0.59600,1.24300,1.60800,1
2400,1.88184,0.60200,1.34000,1.59900,1
2401,2.26705,0.60300,1.33400,1.61000,1
2402,2.26812,0.58400,2.00400,1.66100,1
2403,1.73051,0.58700,1.22400,1.60100,1
2404,1.79089,0.58900,1.22100,1.60400,1
2405,1.80128,0.57200,1.23600,1.58800,1
2406,1.75595,0.57600,1.20700,1.63300,1
2407,1.94528,0.59600,1.18100,1.78800,1
2408,2.08990,0.60200,1.51200,1.59200,1
2409,1.68182,0.59400,1.48400,1.61100,1
2410,1.59683,0.58100,1.35800,1.63700,1
2411,1.75627,0.57900,1.21900,1.58400,1
2412,1.93296,0.60000,1.19600,1.75900,1
2413,1.69727,0.61300,1.14700,1.58900,1
2414,1.81423,0.60700,1.18200,1.62100,1
2415,1.74149,0.61600,1.17700,1.60300,1
2416,1.99235,0.62300,1.19800,1.77900,1
2417,1.70212,0.59800,1.16100,1.60100,1
2418,1.79124,0.58700,1.15200,1.59000,1
2419,1.77417,0.60200,1.17300,1.59600,1
2420,1.85692,0.59500,1.26300,1.58200,1
2421,1.70003,0.58000,1.19200,1.61000,1
2422,1.77292,0.58400,1.18600,1.61300,1
2423,1.76581,0.59400,1.21300,1.58500,1
2424,1.76383,0.58700,1.17100,1.59700,1
2425,2.09193,0.58700,1.27800,1.79500,1
2426,1.71455,0.60900,1.25400,1.60300,1
2427,1.77709,0.62800,1.24100,1.62700,1
2428,1.85566,0.63600,1.32100,1.58700,1
2429,1.96209,0.65400,1.57700,1.59400,1
2430,1.74329,0.63000,1.56700,1.60400,1
2431,1.91150,0.64300,1.49700,1.77900,1
2432,1.85834,0.69100,1.55600,1.61400,1
2433,1.79344,0.61800,1.52700,1.60400,1
2434,1.84622,1.11800,1.56800,1.63600,1
2435,1.76537,0.94800,1.40700,1.80000,1
2436,1.80004,0.70800,1.49200,1.59500,1
2437,1.81785,0.63800,1.48400,1.60900,1
2438,1.98703,0.60500,1.63900,1.63500,1
2439,1.43955,0.63600,1.29000,1.61000,1
2440,2.25728,0.62100,1.23800,1.62000,1
2441,2.19633,0.57400,2.05500,1.66600,1
2442,1.88641,0.59100,1.35100,1.58000,1
2443,1.93997,0.59300,1.33000,1.79000,1
2444,1.76462,0.59900,1.33000,1.60100,1
2445,1.77501,0.59900,1.34000,1.59100,1
2446,1.67664,0.61300,1.25300,1.57400,1
2447,1.74269,0.59900,1.24900,1.61300,1
2448,1.74166,0.58900,1.24000,1.58400,1
2449,2.02607,0.59100,1.32100,1.74400,1
2450,1.72491,0.59300,1.25500,1.64400,1
2451,1.74636,0.58100,1.19700,1.60100,1
2452,1.83902,0.57800,1.21700,1.62700,1
2453,1.98751,0.60400,1.23500,1.82300,1
2454,1.71396,0.60700,1.18000,1.58900,1
2455,1.93698,0.63000,1.35000,1.59700,1
2456,1.67366,0.59400,1.24800,1.61900,1
2457,1.84071,0.59500,1.21200,1.62000,1
2458,1.80974,1.35800,1.32500,1.56200,1
2459,1.75893,0.93300,1.28300,1.60300,1
2460,1.66065,0.84900,1.17200,1.62000,1
2461,1.87926,0.73300,1.28000,1.59900,1
2462,1.85550,0.72600,1.19000,1.79600,1
2463,1.74370,0.66600,1.15200,1.60900,1
2464,1.87407,0.61400,1.24600,1.60300,1
2465,1.89575,0.66600,1.36900,1.61700,1
2466,1.76498,0.69400,1.33800,1.59600,1
2467,1.95101,0.68400,1.37100,1.73900,1
2468,1.82713,0.68300,1.40900,1.62300,1
2469,1.74043,0.69300,1.36700,1.61000,1
2470,1.74555,0.65400,1.24900,1.67000,1
2471,1.84300,0.69000,1.15900,1.77500,1
2472,1.88501,0.65300,1.25800,1.60100,1
2473,1.61923,0.61900,1.13800,1.58800,1
2474,1.81051,0.59300,1.14700,1.61000,1
2475,2.94427,0.58600,1.15400,1.61000,1
2476,1.72254,0.59400,1.13200,1.58800,1
2477,1.78681,0.55700,1.12700,1.58700,1
2478,1.80138,0.65300,1.17100,1.60500,1
2479,3.00927,0.70100,1.10200,1.65900,1
2480,1.75007,0.60000,1.10700,1.62100,1
2481,1.94124,0.62700,1.31400,1.56000,1
2482,1.76393,0.63500,1.29200,1.62400,1
2483,1.67910,0.73000,1.17500,1.63400,1
2484,2.03596,0.73900,1.21000,1.78200,1
2485,1.79429,0.76000,1.24200,1.62600,1
2486,1.75339,0.71000,1.22700,1.60400,1
2487,1.73817,0.66800,1.20400,1.57800,1
2488,2.02398,0.72600,1.25700,1.78800,1
2489,1.75502,0.69300,1.26500,1.60700,1
2490,1.72331,0.63700,1.19000,1.61400,1
2491,1.76153,0.65900,1.18500,1.59800,1
2492,1.77297,0.66700,1.15900,1.62500,1
2493,1.79401,0.69100,1.17200,1.60300,1
2494,1.76320,0.65800,1.22100,1.58200,1
2495,1.74614,0.63000,1.20400,1.57700,1
2496,1.81344,0.64700,1.20900,1.60200,1
2497,2.17870,0.64000,1.46500,1.77100,1
2498,1.65973,0.61200,1.31900,1.62000,1
2499,1.69849,0.58600,1.22900,1.59900,1
2500,1.91547,0.57200,1.39700,1.58100,1
2501,1.75663,0.62000,1.38500,1.61500,1
2502,1.77142,0.67000,1.35700,1.62400,1
2503,1.99618,0.67400,1.42200,1.76800,1
2504,1.80319,0.64600,1.40500,1.63400,1
2505,1.85566,0.64600,1.33900,1.61400,1
2506,1.53797,0.60500,1.20500,1.62300,1
2507,2.00847,0.61000,1.22000,1.80600,1
2508,1.77119,0.60700,1.18900,1.59500,1
2509,1.75437,0.59700,1.18100,1.57600,1
2510,1.84579,0.58800,1.25700,1.58400,1
2511,1.80395,0.65100,1.29700,1.61100,1
2512,1.72094,0.60600,1.28300,1.56700,1
2513,1.77334,0.56800,1.27800,1.59300,1
2514,1.86214,0.57900,1.35900,1.61600,1
2515,1.71254,0.66900,1.33000,1.62000,1
2516,1.96563,0.56500,1.33000,1.77600,1
2517,1.85103,0.60800,1.41800,1.61700,1
2518,2.58337,0.57100,1.32700,1.64700,1
2519,1.82018,0.58000,1.34600,1.58500,1
2520,1.76249,0.54600,1.30600,1.63300,1
2521,1.93811,0.56200,1.32000,1.75400,1
2522,1.87634,0.53800,1.36100,1.63300,1
2523,1.74955,0.55300,1.32200,1.61100,1
2524,2.02939,0.54200,1.53400,1.63100,1
2525,2.00364,0.59400,1.74600,1.80100,1
2526,1.79301,0.57000,1.72400,1.62100,1
2527,1.70963,0.59300,1.60900,1.63100,1
2528,1.75084,0.57200,1.55900,1.58900,1
2529,2.00581,0.59000,1.77700,1.59700,1
2530,1.51268,0.57700,1.50400,1.59700,1
2531,1.76532,0.61400,1.45400,1.62400,1
2532,1.74822,0.58700,1.40600,1.60700,1
2533,1.93633,0.58400,1.43700,1.63300,1
2534,1.88305,0.55500,1.43700,1.79500,1
2535,1.78402,0.57800,1.42600,1.62200,1
2536,1.72972,0.59300,1.38900,1.61200,1
2537,1.77120,0.55000,1.35200,1.60800,1
2538,1.77214,0.60100,1.35800,1.59600,1
2539,2.03157,0.58200,1.43600,1.76200,1
2540,1.83996,0.58300,1.53100,1.61200,1
2541,1.94681,0.62600,1.68400,1.61800,1
2542,1.61375,0.57000,1.51200,1.61100,1
2543,2.04898,0.55800,1.59500,1.79800,1
2544,1.75116,0.54500,1.57800,1.59100,1
2545,1.76214,0.55200,1.52100,1.61900,1
2546,1.74243,0.56000,1.47800,1.61800,1
2547,2.38967,0.55600,2.07700,1.60600,1
2548,1.58166,0.55200,1.59300,1.62600,1
2549,1.32750,0.54100,1.32900,1.62600,1
2550,1.65525,0.54500,1.29800,1.60200,1
2551,1.75533,0.60700,1.28600,1.61900,1
2552,1.99275,0.53300,1.32700,1.77100,1
2553,1.71239,0.54800,1.28900,1.59700,1
2554,1.87059,0.65400,1.42200,1.60800,1
2555,1.63563,0.58700,1.26500,1.59200,1
2556,1.92758,0.56100,1.39800,1.58800,1
2557,1.83734,0.66500,1.36900,1.75700,1
2558,2.37381,0.59700,1.33200,1.63600,1
2559,1.77376,0.58400,1.34100,1.61400,1
2560,1.79901,0.52700,1.32900,1.62100,1
2561,1.85821,0.54700,1.25900,1.77100,1
2562,1.74937,0.55100,1.20000,1.59100,1
2563,1.95462,0.52900,1.36000,1.60700,1
2564,1.64526,0.57600,1.29400,1.59600,1
2565,1.65790,0.57800,1.17300,1.56700,1
2566,1.77528,0.56400,1.17400,1.59100,1
2567,1.76228,0.54200,1.18900,1.57400,1
2568,1.76413,0.53800,1.19600,1.60300,1
2569,1.82330,0.52800,1.22700,1.60300,1
2570,1.76396,0.53400,1.21000,1.60300,1
2571,1.93728,0.56400,1.20500,1.79600,1
2572,1.80197,0.58000,1.17500,1.57300,1
2573,1.82779,0.63700,1.29300,1.60800,1
2574,1.78409,0.64600,1.31500,1.60600,1
2575,1.92063,0.58900,1.41000,1.59400,1
2576,1.82827,1.04600,1.31900,1.77400,1
2577,1.83763,0.94800,1.36000,1.63300,1
2578,1.76630,0.83800,1.35900,1.60300,1
2579,2.44986,0.72000,1.32700,1.65100,1
2580,1.80151,0.68800,1.30500,1.60500,1
2581,1.76005,0.76800,1.26500,1.59100,1
2582,1.70422,0.90500,1.22500,1.61400,1
2583,1.83275,0.81400,1.25700,1.60300,1
2584,1.89778,0.76500,1.36800,1.61300,1
2585,1.87459,0.70700,1.47000,1.61800,1
2586,1.65799,0.69700,1.35900,1.59600,1
2587,1.76559,0.69000,1.31800,1.58200,1
2588,1.85187,0.67500,1.33000,1.64800,1
2589,1.98828,0.70100,1.37200,1.80400,1
2590,1.78996,0.69800,1.43600,1.59600,1
2591,1.85111,0.69200,1.47000,1.61500,1
2592,1.60708,0.72500,1.28200,1.57600,1
2593,1.85975,0.70900,1.32600,1.61700,1
2594,1.94370,0.67000,1.35600,1.76400,1
2595,1.81372,0.63000,1.36400,1.63300,1
2596,1.82940,0.62100,1.39100,1.59000,1
2597,2.28749,1.27300,1.55500,1.63000,1
2598,1.80720,0.64300,1.98300,1.82500,1
2599,1.85119,0.59300,1.41600,1.58700,1
2600,1.64943,0.60800,1.32000,1.59500,1
2601,1.85634,0.58700,1.40800,1.59500,1
2602,1.68874,0.59900,1.32800,1.60200,1
2603,1.84802,0.58700,1.39800,1.58900,1
2604,1.77098,0.56900,1.35100,1.62000,1
2605,1.78635,0.59100,1.29100,1.60500,1
2606,1.82857,0.74200,1.35200,1.61500,1
2607,1.82008,0.61000,1.26700,1.78400,1
2608,1.78826,0.58000,1.28300,1.60400,1
2609,1.72627,0.56200,1.22600,1.59500,1
2610,1.73885,0.60000,1.17900,1.60300,1
2611,2.02993,0.59000,1.43400,1.58900,1
2612,1.74795,0.62000,1.24100,1.78900,1
2613,1.77821,0.63600,1.20000,1.60000,1
2614,1.75114,0.60400,1.17200,1.60600,1
2615,1.92954,0.62900,1.33500,1.63200,1
2616,1.97326,0.67400,1.35000,1.79500,1
2617,1.69990,0.67100,1.25300,1.62900,1
2618,1.72555,0.59400,1.20200,1.57600,1
2619,1.87650,0.60300,1.32500,1.60800,1
2620,1.86556,0.59400,1.39600,1.61800,1
2621,1.65794,0.54800,1.26800,1.62400,1
2622,1.75717,0.56500,1.23900,1.59700,1
2623,1.72999,0.57600,1.18800,1.58100,1
2624,1.84194,0.62000,1.23900,1.61000,1
2625,2.05161,0.61500,1.30000,1.79600,1
2626,1.61693,0.59200,1.22700,1.57800,1
2627,1.78683,0.59800,1.19400,1.62000,1
2628,1.71862,0.56200,1.13700,1.61400,1
2629,1.91855,0.56300,1.27400,1.60400,1
2630,1.91214,0.57500,1.25900,1.77100,1
2631,1.67207,0.60500,1.19600,1.58500,1
2632,1.77369,0.58100,1.19500,1.60000,1
2633,1.86705,0.55600,1.28400,1.61200,1
2634,1.89637,0.56200,1.22400,1.61400,1
2635,1.72231,0.57700,1.20900,1.57500,1
2636,2.33671,0.54300,1.24000,1.60500,1
2637,1.73642,0.54100,1.21400,1.60800,1
2638,1.71079,0.58100,1.18500,1.56500,1
2639,1.75842,0.56600,1.16700,1.60000,1
2640,1.79484,0.57000,1.19800,1.58700,1
2641,1.73811,0.60100,1.18500,1.59200,1
2642,1.82197,0.56700,1.21300,1.61500,1
2643,1.77194,0.59300,1.22900,1.59300,1
2644,1.88994,0.54500,1.16500,1.78800,1
2645,1.81468,0.51700,1.23100,1.58900,1
2646,1.75790,0.59300,1.24000,1.56400,1
2647,1.73123,0.59400,1.21200,1.60000,1
2648,1.79170,1.19200,1.20700,1.61600,1
2649,1.90899,0.62400,1.19300,1.74900,1
2650,1.83120,0.71000,1.26300,1.62900,1
2651,1.80566,0.62900,1.26900,1.60200,1
2652,1.72704,0.60000,1.22400,1.62100,1
2653,1.97751,0.56700,1.24600,1.79300,1
2654,1.92063,0.58600,1.37700,1.61600,1
2655,1.70316,0.58700,1.29600,1.60200,1
2656,1.78276,0.55800,1.31200,1.60900,1
2657,1.98279,0.56600,1.46800,1.58400,1
2658,1.62968,0.56800,1.36000,1.63300,1
2659,1.72853,0.56100,1.31000,1.61100,1
2660,1.80550,0.54100,1.32400,1.60100,1
2661,1.85392,0.55100,1.33800,1.66400,1
2662,1.93420,0.61600,1.33800,1.77900,1
2663,1.73815,0.61400,1.28900,1.58400,1
2664,1.74978,0.63300,1.26900,1.61000,1
2665,1.73426,0.61900,1.18200,1.60000,1
2666,1.76735,0.55300,1.18300,1.60600,1
2667,1.99701,0.54100,1.21500,1.77300,1
2668,1.76319,0.68300,1.21500,1.60700,1
2669,1.70745,0.57800,1.17200,1.61400,1
2670,1.85428,0.62800,1.21500,1.60600,1
2671,1.94985,0.69600,1.21400,1.80000,1
2672,1.80113,0.60900,1.23700,1.60100,1
2673,1.75805,0.57600,1.24000,1.59200,1
2674,1.86208,0.58100,1.30500,1.59100,1
2675,2.36353,0.64500,1.23500,1.62800,1
2676,1.76098,0.63500,1.23200,1.60000,1
2677,1.73464,0.63200,1.21100,1.58600,1
2678,1.77380,0.67200,1.19200,1.61600,1
2679,1.83571,0.62700,1.20800,1.63800,1
2680,1.98701,0.66500,1.21000,1.80000,1
2681,1.76505,0.59600,1.19600,1.60300,1
2682,1.76426,0.59300,1.20000,1.58700,1
2683,2.81180,0.56300,1.19800,1.63300,1
2684,1.90667,0.55900,1.22300,1.73000,1
2685,1.78697,0.58100,1.24700,1.60100,1
2686,1.78455,0.59100,1.25500,1.60500,1
2687,1.71040,0.57000,1.15100,1.59900,1
2688,1.81996,0.56400,1.21300,1.60500,1
2689,2.01219,0.64500,1.22300,1.81900,1
2690,1.70228,0.65900,1.18500,1.58300,1
2691,1.79391,0.64200,1.21400,1.58900,1
2692,1.69582,0.68700,1.14400,1.58300,1
2693,1.75607,0.65600,1.16100,1.58400,1
2694,1.75428,0.56700,1.15000,1.59800,1
2695,1.78939,0.55100,1.17800,1.57900,1
2696,1.74480,0.55400,1.17300,1.60100,1
2697,1.82754,0.54500,1.19800,1.62300,1
2698,1.95964,0.62800,1.20100,1.78200,1
2699,1.77509,0.63800,1.20200,1.60800,1
2700,1.75781,0.63200,1.17700,1.59400,1
2701,1.78512,0.67000,1.23100,1.58900,1
2702,1.68167,0.61800,1.17100,1.56700,1
2703,1.96349,0.67100,1.17100,1.78500,1
2704,1.81535,0.63900,1.22400,1.60400,1
2705,1.80303,0.57900,1.21800,1.62000,1
2706,1.77412,0.64100,1.23300,1.59400,1
2707,1.96497,0.65900,1.22900,1.79400,1
2708,1.94599,0.62700,1.41300,1.59700,1
2709,1.59699,0.68500,1.21800,1.61200,1
2710,1.71401,0.63200,1.16500,1.60200,1
2711,1.76140,0.65600,1.16400,1.59300,1
2712,1.90931,0.63300,1.28300,1.59100,1
2713,1.79099,0.64000,1.34000,1.59200,1
2714,2.41797,0.63200,1.37200,1.64400,1
2715,1.81678,0.65400,1.43100,1.58700,1
2716,1.97850,0.69900,1.41600,1.79800,1
2717,1.75723,0.68800,1.40700,1.61600,1
2718,1.69337,0.69400,1.30900,1.59700,1
2719,1.85349,0.69700,1.40200,1.60800,1
2720,1.73893,0.64900,1.36300,1.60300,1
2721,1.98135,0.62100,1.39500,1.75700,1
2722,1.88103,0.68500,1.50800,1.62800,1
2723,1.60069,0.61000,1.33900,1.60800,1
2724,1.76964,0.56400,1.30700,1.60000,1
2725,2.00787,0.58400,1.36300,1.79700,1
2726,1.82329,0.59400,1.40000,1.61500,1
2727,1.68830,0.56600,1.35400,1.58000,1
2728,1.75134,0.56600,1.32300,1.60400,1
2729,1.74113,0.55900,1.28500,1.59300,1
2730,1.79277,0.56000,1.33800,1.58200,1
2731,1.73948,0.55800,1.26900,1.59500,1
2732,1.78126,0.63900,1.33400,1.60100,1
2733,1.75327,0.65200,1.32200,1.58900,1
2734,1.82055,0.66600,1.31500,1.62800,1
2735,1.99236,0.69500,1.32900,1.80800,1
2736,1.78130,0.64900,1.32300,1.61100,1
2737,1.78063,0.60700,1.33700,1.61400,1
2738,1.73718,0.59500,1.31200,1.59000,1
2739,1.85422,0.59400,1.38500,1.58800,1
2740,1.94396,0.64300,1.40200,1.75900,1
2741,1.77935,0.62500,1.36200,1.66400,1
2742,1.76031,0.61500,1.33200,1.60600,1
2743,1.81781,0.69500,1.32300,1.61600,1
2744,1.98803,0.65700,1.40600,1.78600,1
2745,1.63594,0.64000,1.24300,1.61200,1
2746,1.80674,0.59200,1.28400,1.58000,1
2747,1.72772,0.54700,1.24600,1.59900,1
2748,1.70592,0.57600,1.18500,1.58500,1
2749,1.79871,0.54900,1.19200,1.60500,1
2750,1.92061,0.58200,1.36500,1.57000,1
2751,1.70552,0.65900,1.35000,1.60200,1
2752,2.61332,0.63400,1.17800,1.62000,1
2753,1.81184,0.56900,2.60000,1.80000,1
2754,1.73697,0.59800,1.35400,1.59400,1
2755,1.80043,0.60000,1.35200,1.60000,1
2756,1.74900,0.54500,1.29600,1.65600,1
2757,1.76270,0.62100,1.20700,1.60500,1
2758,1.88262,0.70100,1.16800,1.75200,1
2759,1.93477,0.67400,1.29600,1.61600,1
2760,1.75322,0.71700,1.30000,1.61700,1
2761,1.79481,0.60800,1.31400,1.62100,1
2762,2.09049,0.59100,1.45200,1.76400,1
2763,1.71372,0.55800,1.43600,1.58200,1
2764,1.86114,0.58300,1.48300,1.61200,1
2765,1.71942,0.56900,1.44700,1.60800,1
2766,1.75576,0.93800,1.41100,1.61500,1
2767,1.85478,0.73500,1.49400,1.60900,1
2768,1.98785,0.53900,1.84400,1.61500,1
2769,1.67220,0.57400,1.66500,1.62100,1
2770,1.78804,0.57500,1.63900,1.59800,1
2771,1.85094,0.56000,1.50400,1.81100,1
2772,1.78280,0.54800,1.46800,1.59700,1
2773,1.72209,0.71300,1.43500,1.58700,1
2774,1.92016,0.64500,1.57700,1.58700,1
2775,1.64022,0.60300,1.42600,1.63400,1
2776,1.89958,0.63200,1.38800,1.74800,1
2777,1.74764,0.61800,1.38600,1.59000,1
2778,1.80358,0.61900,1.36600,1.62500,1
2779,1.75849,0.58700,1.35300,1.61200,1
2780,1.97701,0.58700,1.32900,1.79700,1
2781,1.81323,0.56700,1.34800,1.61700,1
2782,1.74662,0.56700,1.31300,1.61200,1
2783,1.79879,0.56300,1.34300,1.60900,1
2784,1.76126,0.56500,1.33500,1.63000,1
2785,1.87931,0.54800,1.44600,1.60000,1
2786,3.07442,0.55100,1.42800,1.62200,1
2787,1.75717,0.73400,1.38500,1.61700,1
2788,1.75109,0.75700,1.36200,1.62800,1
2789,2.01562,1.15800,1.41800,1.77000,1
2790,1.80346,0.70600,1.44200,1.61500,1
2791,1.93644,0.60500,1.55000,1.63300,1
2792,2.50589,0.70600,1.65100,1.59300,1
2793,1.99484,0.58900,2.54200,1.62600,1
2794,1.74814,0.56700,1.45000,1.61500,1
2795,1.78367,0.64000,1.42500,1.62300,1
2796,1.80795,0.64500,1.38500,1.63400,1
2797,1.92873,0.58000,1.32400,1.80700,1
2798,1.73682,0.57100,1.27000,1.60800,1
2799,1.77495,0.58400,1.23500,1.61200,1
2800,1.93673,0.68100,1.41100,1.60600,1
2801,1.68973,0.58000,1.35500,1.60400,1
2802,1.84334,0.58800,1.37900,1.60400,1
2803,1.78399,0.60900,1.38600,1.61400,1
2804,1.77829,0.64100,1.35100,1.62100,1
2805,1.81094,0.61400,1.35100,1.60300,1
2806,1.74635,0.68100,1.35400,1.60000,1
2807,1.82362,0.61000,1.19300,1.80600,1
2808,1.76992,0.65400,1.19700,1.59900,1
2809,1.78706,0.64100,1.21300,1.59100,1
2810,1.77268,0.59400,1.23600,1.57700,1
2811,1.73901,0.68300,1.18800,1.59300,1
2812,2.07782,0.70800,1.35000,1.76600,1
2813,1.77036,0.63100,1.26800,1.62100,1
2814,1.86794,0.72100,1.35100,1.64100,1
2815,1.91184,0.63200,1.45700,1.62900,1
2816,1.85196,0.62900,1.33800,1.82500,1
2817,1.80624,0.62000,1.34300,1.62000,1
2818,1.85738,0.70300,1.41100,1.61600,1
2819,1.68145,0.69600,1.30500,1.60300,1
2820,1.75668,0.68300,1.28800,1.63400,1
2821,1.74750,0.59800,1.28000,1.59700,1
2822,1.80854,0.57800,1.29400,1.61500,1
2823,1.67984,0.62800,1.20500,1.59900,1
2824,1.81091,0.58000,1.20100,1.63400,1
2825,1.95130,0.58700,1.20700,1.79300,1
2826,1.82801,0.60600,1.23900,1.62300,1
2827,1.77000,0.65300,1.24100,1.58300,1
2828,1.78753,0.65100,1.29100,1.60800,1
2829,1.77685,0.64400,1.30300,1.60600,1
2830,1.93473,0.63400,1.29400,1.76700,1
2831,2.51144,0.62000,1.46200,1.60700,1
2832,2.64937,0.78500,2.60800,1.66100,1
2833,1.66312,0.98700,1.66200,1.66100,1
2834,1.84185,1.11600,1.48800,1.80700,1
2835,1.98598,1.18700,1.70400,1.63300,1
2836,1.66550,0.92000,1.55600,1.63300,1
2837,1.70716,0.86400,1.52100,1.58300,1
2838,1.78781,0.78400,1.54900,1.58600,1
2839,1.76410,0.73100,1.50200,1.60700,1
2840,1.94289,0.71800,1.60600,1.62300,1
2841,1.61756,0.68000,1.49100,1.59500,1
2842,1.77340,0.73600,1.45100,1.61200,1
2843,1.99221,0.69100,1.44700,1.81700,1
2844,1.77372,0.61400,1.48200,1.61900,1
2845,1.74265,0.63700,1.44800,1.58000,1
2846,1.77137,0.67200,1.40000,1.61500,1
2847,1.77154,0.61200,1.39500,1.60800,1
2848,1.90831,0.67900,1.40700,1.75800,1
2849,1.96902,0.70900,1.56000,1.60800,1
2850,1.68125,0.69100,1.48100,1.63600,1
2851,1.82580,0.68100,1.48000,1.63400,1
2852,1.92668,0.67700,1.43400,1.79800,1
2853,1.89371,0.69300,1.52100,1.63000,1
2854,1.62963,0.66900,1.38700,1.60100,1
2855,1.81588,0.66800,1.37700,1.64600,1
2856,1.79112,0.65700,1.38800,1.61900,1
2857,1.80839,0.63800,1.38200,1.60100,1
2858,1.71889,0.61100,1.30700,1.61500,1
2859,1.84420,1.13100,1.43900,1.61600,1
2860,1.76903,1.18100,1.36300,1.61600,1
2861,1.92232,1.34600,1.30900,1.78200,1
2862,1.81698,0.94000,1.34300,1.59800,1
2863,1.73075,0.87000,1.32200,1.59200,1
2864,1.73637,0.76500,1.32700,1.56800,1
2865,1.78010,0.70900,1.34700,1.57400,1
2866,1.89821,0.65100,1.32200,1.76200,1
2867,1.82157,0.66300,1.37100,1.60200,1
2868,1.72738,0.61300,1.31500,1.61200,1
2869,1.96003,0.57200,1.45000,1.63000,1
2870,2.62691,0.58000,1.32600,1.76800,1
2871,1.83602,0.57200,2.46200,1.62700,1
2872,1.71595,0.55300,1.35400,1.59200,1
2873,1.97427,0.60000,1.35800,1.60300,1
2874,1.51258,0.87900,1.30100,1.58600,1
2875,1.80200,0.57700,1.31600,1.60100,1
2876,1.73270,0.56800,1.27700,1.58300,1
2877,1.80440,0.55100,1.27500,1.61000,1
2878,1.67881,0.60500,1.17100,1.59300,1
2879,2.19376,0.64100,1.38600,1.81800,1
2880,1.80849,0.58100,1.45600,1.62500,1
2881,1.73772,0.56900,1.40700,1.63600,1
2882,1.90537,0.55600,1.50200,1.59700,1
2883,1.58488,0.63700,1.32700,1.59000,1
2884,1.91505,0.69400,1.26000,1.76300,1
2885,1.77807,0.69800,1.30900,1.62000,1
2886,1.78812,0.62900,1.29700,1.61100,1
2887,1.77353,0.65700,1.29700,1.59900,1
2888,1.94392,0.67200,1.31000,1.59700,1
2889,3.04006,0.65100,1.26300,1.63300,1
2890,1.81068,0.60400,1.33100,1.59700,1
2891,1.77819,0.58600,1.29600,1.62200,1
2892,1.86613,0.56300,1.38000,1.61200,1
2893,1.70248,0.55400,1.28100,1.59400,1
2894,1.81358,0.54300,1.31900,1.61200,1
2895,1.89302,0.56000,1.40000,1.60800,1
2896,1.68454,0.54700,1.31500,1.63900,1
2897,1.95428,0.58300,1.30000,1.80000,1
2898,1.73342,0.54700,1.25000,1.58300,1
2899,1.79477,0.58100,1.29700,1.60500,1
2900,1.78407,0.55000,1.26600,1.60500,1
2901,1.79900,0.54800,1.30000,1.59400,1
2902,1.92372,0.55800,1.27900,1.76400,1
2903,1.76265,0.53300,1.32500,1.59000,1
2904,1.77095,0.53700,1.27800,1.62000,1
2905,1.84930,0.51900,1.35000,1.60900,1
2906,1.85096,0.56600,1.28000,1.77300,1
2907,1.92907,0.56500,1.40100,1.61600,1
2908,1.67518,0.53700,1.33300,1.60500,1
2909,2.47415,0.53100,1.41800,1.60200,1
2910,1.65533,0.59100,2.06300,1.65900,1
2911,1.93241,0.55600,1.33000,1.61700,1
2912,1.64979,0.54500,1.22500,1.58400,1
2913,1.77038,0.58400,1.20900,1.59200,1
2914,1.76056,0.56400,1.20300,1.60900,1
2915,1.99298,0.58500,1.27300,1.76100,1
2916,1.73183,0.57300,1.20300,1.59700,1
2917,1.79801,0.65000,1.26400,1.59900,1
2918,1.79677,0.64600,1.26800,1.60300,1
2919,1.72324,0.67200,1.24300,1.58200,1
2920,1.95914,0.64500,1.29100,1.74700,1
2921,1.82527,0.65800,1.36300,1.59700,1
2922,2.01136,0.62700,1.54200,1.61900,1
2923,1.91934,0.67200,1.83700,1.59600,1
2924,1.67181,0.73900,1.49300,1.76900,1
2925,1.65466,0.69100,1.32600,1.61300,1
2926,1.80459,0.59100,1.35400,1.58400,1
2927,1.87095,0.59000,1.44700,1.61200,1
2928,1.62719,0.63800,1.28900,1.61800,1
2929,1.77683,0.58000,1.24100,1.62800,1
2930,1.75964,0.59000,1.21200,1.60800,1
2931,1.77015,0.60300,1.20300,1.61400,1
2932,1.74114,0.57900,1.18400,1.57400,1
2933,1.85170,0.54000,1.21900,1.62400,1
2934,2.01679,0.64600,1.26500,1.80700,1
2935,1.78724,0.63900,1.28700,1.60900,1
2936,1.80098,0.63200,1.30100,1.61300,1
2937,1.74206,0.62000,1.28700,1.58000,1
2938,1.80488,0.63900,1.30500,1.62000,1
2939,1.90838,0.64100,1.28300,1.76300,1
2940,1.74393,0.63100,1.26600,1.59200,1
2941,1.75148,0.64700,1.26300,1.58000,1
2942,1.88009,0.65400,1.28800,1.62800,1
2943,1.87853,0.66300,1.24300,1.75500,1
2944,1.72316,0.60000,1.22700,1.57600,1
2945,1.76946,0.55900,1.21500,1.61500,1
2946,1.75965,0.55300,1.19400,1.61300,1
2947,2.45169,0.54300,1.25000,1.58000,1
2948,1.57933,0.53500,2.01400,1.63100,1
2949,1.82660,0.53700,1.26800,1.57900,1
2950,1.79582,0.56000,1.30300,1.58500,1
2951,1.77005,0.54200,1.32100,1.59000,1
2952,2.04342,0.54700,1.37600,1.80800,1
2953,1.69262,0.52500,1.26800,1.59200,1
2954,1.72100,0.58600,1.22900,1.59400,1
2955,2.18043,0.62000,2.14800,1.61200,1
2956,1.73053,0.73100,1.32700,1.59200,1
2957,2.15887,0.60000,1.60700,1.71500,1
2958,1.55706,0.59300,1.27000,1.62500,1
2959,1.86393,1.28700,1.40400,1.59000,1
2960,1.76885,0.97600,1.47200,1.61500,1
2961,1.96129,0.80400,1.46700,1.79000,1
2962,1.79951,0.72700,1.47800,1.60900,1
2963,1.72532,0.64100,1.43300,1.62000,1
2964,1.84455,0.62900,1.49800,1.60600,1
2965,1.75725,0.66800,1.47100,1.61900,1
2966,1.82927,0.60300,1.49700,1.59800,1
2967,1.68010,0.60100,1.38600,1.61000,1
2968,1.77166,0.58200,1.38000,1.59300,1
2969,1.77762,0.57100,1.35300,1.63100,1
2970,1.96334,0.59100,1.38400,1.77400,1
2971,1.78113,0.73500,1.33500,1.59500,1
2972,1.69212,0.94700,1.25000,1.58500,1
2973,1.81524,0.75900,1.29300,1.60700,1
2974,1.77226,0.74700,1.32400,1.59700,1
2975,1.89797,0.68200,1.30900,1.76200,1
2976,1.76541,0.70600,1.31100,1.57400,1
2977,1.83779,0.63600,1.35800,1.63000,1
2978,1.90083,0.59600,1.44400,1.61800,1
2979,1.94757,0.74200,1.42100,1.81800,1
2980,1.56918,0.73600,1.22700,1.60300,1
2981,1.73162,0.63000,1.18700,1.56800,1
2982,1.99680,0.68600,1.40400,1.61100,1
2983,2.32045,1.04500,2.12500,1.60400,1
2984,1.85805,0.63500,1.85100,1.61100,1
2985,1.72954,0.63500,1.70600,1.59800,1
2986,2.49292,0.66600,1.32200,1.59800,1
2987,1.87209,0.64200,2.84900,1.68200,1
2988,2.14501,0.70200,1.36300,1.81200,1
2989,1.83056,0.62000,1.42300,1.59000,1
2990,1.72698,0.61100,1.35500,1.61000,1
2991,2.56455,0.58400,1.35600,1.59200,1
2992,1.90886,0.57200,2.49700,1.64700,1
2993,1.79545,0.59300,1.38300,1.60100,1
2994,1.75706,0.61000,1.37700,1.60000,1
2995,1.73070,0.58900,1.33200,1.61400,1
2996,2.00103,0.60100,1.34300,1.80500,1
2997,1.85123,0.60200,1.36900,1.60400,1
2998,1.65515,0.63700,1.26900,1.58800,1
2999,1.85926,0.68700,1.30600,1.64700,1
3000,1.71576,0.66500,1.26600,1.60000,1
3001,1.70042,0.60000,1.18700,1.58800,1
3002,1.90281,0.57800,1.32700,1.59800,1
3003,1.63407,0.63000,1.22200,1.60100,1
3004,1.84654,0.58300,1.21000,1.63200,1
3005,1.88676,0.64300,1.27600,1.64500,1
3006,1.96207,0.71000,1.33300,1.77000,1
3007,1.77446,0.67600,1.33600,1.59800,1
3008,1.81164,0.60700,1.37000,1.60400,1
3009,1.76244,0.68500,1.37300,1.60000,1
3010,1.98855,0.72400,1.53900,1.63000,1
3011,1.79354,0.59600,1.40800,1.76300,1
3012,1.73792,0.59200,1.31900,1.66100,1
3013,1.86821,0.62100,1.36700,1.60900,1
3014,1.78374,0.66700,1.39800,1.58800,1
3015,1.93987,0.67900,1.40800,1.77600,1
3016,1.92256,0.62600,1.54300,1.61700,1
3017,1.76456,0.60300,1.47700,1.59000,1
3018,1.66654,0.59200,1.40100,1.60600,1
3019,1.85769,0.61500,1.44000,1.62400,1
3020,1.66641,0.66400,1.33600,1.61400,1
3021,1.87988,0.60500,1.42300,1.60500,1
3022,1.86038,0.59000,1.49100,1.60100,1
3023,1.89885,0.60600,1.76600,1.60100,1
3024,1.67871,0.66700,1.33100,1.79100,1
3025,2.57634,0.63900,1.29300,1.60900,1
3026,1.90346,0.65700,2.12800,1.63000,1
3027,1.91941,0.69700,1.48800,1.58400,1
3028,1.49788,1.10000,1.25700,1.58200,1
3029,2.64986,1.07200,1.95500,1.62900,1
3030,1.42505,0.93300,1.41000,1.62900,1
3031,1.86492,0.85800,1.62700,1.61800,1
3032,3.09628,0.84300,3.07100,1.86200,1
3033,1.63974,0.77400,1.62600,1.64100,1
3034,1.47093,0.75600,1.47600,1.61000,1
3035,1.63721,0.81200,1.56200,1.61000,1
3036,1.69932,0.68800,1.46900,1.59500,1
3037,1.64659,0.66700,1.33600,1.58400,1
3038,1.79434,0.66100,1.37000,1.61000,1
3039,1.80378,0.69400,1.39600,1.61700,1
3040,1.74322,0.66500,1.31300,1.60300,1
3041,1.84100,0.65200,1.38400,1.62100,1
3042,1.93407,0.63900,1.34700,1.80400,1
3043,1.73498,0.64900,1.34900,1.59500,1
3044,1.76432,0.60400,1.34900,1.59600,1
3045,1.72131,0.61800,1.28700,1.58500,1
3046,1.82912,0.64100,1.33000,1.60600,1
3047,1.91124,0.65700,1.31600,1.74000,1
3048,1.77717,0.66300,1.27200,1.63000,1
3049,1.80008,0.68600,1.28800,1.62900,1
3050,1.98709,0.64300,1.42800,1.62700,1
3051,1.88638,0.71600,1.36200,1.79800,1
3052,1.88182,0.83100,1.43800,1.58100,1
3053,1.66405,1.06400,1.35100,1.61100,1
3054,1.90925,0.85300,1.41900,1.60000,1
3055,1.70608,0.79600,1.40700,1.59200,1
3056,1.81447,0.81400,1.43100,1.61700,1
3057,1.76404,0.76000,1.43000,1.59700,1
3058,1.90929,0.76500,1.56000,1.61800,1
3059,1.75225,0.67600,1.52900,1.58800,1
3060,1.89811,0.70200,1.44500,1.79300,1
3061,1.68750,0.71600,1.38200,1.59700,1
3062,1.99236,0.65900,1.53300,1.60000,1
3063,1.61243,0.73600,1.39800,1.59900,1
3064,3.85720,0.65700,1.39900,1.64200,1
3065,1.72558,0.76600,1.37800,1.62300,1
3066,1.89589,0.66400,1.46300,1.64600,1
3067,2.13975,0.71500,1.81600,1.78400,1
3068,1.70436,0.70300,1.70900,1.78400,1
3069,1.69877,0.65500,1.56700,1.61100,1
3070,1.85567,0.73600,1.64400,1.61100,1
3071,1.79546,0.65300,1.65400,1.59400,1
3072,1.70298,0.68300,1.56900,1.61500,1
3073,1.87322,0.64500,1.62400,1.61800,1
3074,1.64720,0.67300,1.47100,1.59000,1
3075,1.72759,0.63100,1.44900,1.56400,1
3076,2.05816,0.63000,1.65200,1.63500,1
3077,1.96096,0.69300,1.75800,1.61000,1
3078,1.79493,0.68000,1.70100,1.57400,1
3079,1.69237,0.71000,1.64400,1.57400,1
3080,1.66918,0.66200,1.54800,1.60800,1
3081,1.71682,0.63100,1.45300,1.60800,1
3082,2.15425,0.60500,1.70100,1.77400,1
3083,1.68545,0.71200,1.60400,1.62300,1
3084,1.67937,0.62100,1.50000,1.61200,1
3085,1.90119,0.62000,1.55100,1.62000,1
3086,1.71755,0.66600,1.52000,1.60200,1
3087,1.87793,0.66400,1.42200,1.80800,1
3088,1.78157,0.66400,1.37000,1.61600,1
3089,1.72305,0.69100,1.33300,1.59300,1
3090,1.66996,0.68400,1.24200,1.61400,1
3091,1.79525,0.64200,1.28000,1.59700,1
3092,1.79653,0.59700,1.27100,1.61500,1
3093,1.79485,0.58600,1.28100,1.60800,1
3094,2.27061,0.58300,1.28000,1.61500,1
3095,2.65137,0.55400,2.23600,1.86600,1
3096,1.86750,0.81100,1.61900,1.58300,1
3097,1.74997,1.10800,1.59200,1.58300,1
3098,1.66084,0.88600,1.47100,1.63200,1
3099,1.87966,0.82900,1.57600,1.59200,1
3100,1.80929,0.87000,1.46400,1.76700,1
3101,1.93351,0.80800,1.58900,1.60400,1
3102,1.61376,0.70700,1.44100,1.60500,1
3103,1.75351,0.71400,1.42200,1.60200,1
3104,2.87764,0.66800,1.52300,1.83100,1
3105,1.62379,0.69500,1.43400,1.58200,1
3106,1.81142,0.74200,1.45600,1.62800,1
3107,2.13320,0.72600,1.77500,1.60400,1
3108,1.78842,0.74000,1.79800,1.63600,1
3109,1.58406,0.62600,1.57900,1.63600,1
3110,1.63623,0.62800,1.47900,1.60800,1
3111,1.78344,0.59600,1.47000,1.59700,1
3112,1.73897,0.63800,1.38400,1.61200,1
3113,1.93808,0.59800,1.36400,1.75800,1
3114,1.74478,0.60400,1.33400,1.60300,1
3115,1.78421,0.58100,1.34600,1.58100,1
3116,1.79542,0.59900,1.38700,1.59100,1
3117,1.95046,0.59400,1.56000,1.60700,1
3118,1.85170,0.57500,1.46400,1.78600,1
3119,1.78198,0.57400,1.41800,1.62100,1
3120,1.81345,0.70800,1.40800,1.61100,1
3121,1.81939,0.61400,1.45500,1.62800,1
3122,2.00964,0.77500,1.42100,1.81000,1
3123,1.67176,1.07400,1.34100,1.58700,1
3124,1.79643,0.88000,1.39600,1.59000,1
3125,1.87565,0.86900,1.47800,1.60300,1
3126,1.67595,0.75000,1.40900,1.61200,1
3127,1.83741,0.79000,1.60100,1.58600,1
3128,1.78407,0.84500,1.56000,1.63900,1
3129,1.68334,0.76200,1.35900,1.60900,1
3130,1.87939,0.69300,1.44500,1.60900,1
3131,1.97579,0.67900,1.75300,1.66200,1
3132,1.92046,0.63100,1.54900,1.81600,1
3133,1.78427,0.68200,1.79900,1.60600,1
3134,1.61856,0.73800,1.37100,1.61100,1
3135,1.72235,0.61700,1.29100,1.61000,1
3136,1.79069,0.63500,1.30200,1.59300,1
3137,2.03074,0.71500,1.43300,1.72000,1
3138,1.91576,0.67200,1.59200,1.61800,1
3139,1.80396,0.83100,1.61700,1.58900,1
3140,1.85805,0.81500,1.63100,1.64800,1
3141,2.33370,0.71200,1.96100,1.59000,1
3142,1.85615,0.67300,1.85400,1.61600,1
3143,3.34309,0.60200,1.62100,1.61600,1
3144,1.63683,0.60500,1.51600,1.60800,1
3145,1.88362,0.59400,1.58500,1.63000,1
3146,1.69187,0.58400,1.55100,1.60800,1
3147,1.73329,0.64600,1.45600,1.59300,1
3148,1.74407,0.62200,1.37100,1.62900,1
3149,1.87702,0.61300,1.29200,1.77800,1
3150,1.76401,0.59700,1.26300,1.59600,1
3151,1.70977,0.60300,1.22400,1.58900,1
3152,1.81834,0.56800,1.28400,1.56900,1
3153,1.79283,0.59600,1.32300,1.59300,1
3154,1.88622,0.63100,1.24200,1.78900,1
3155,1.78049,0.64900,1.22300,1.58900,1
3156,1.84363,0.59600,1.29700,1.64700,1
3157,1.73623,0.60200,1.23800,1.61000,1
3158,2.10979,0.60200,1.33300,1.81900,1
3159,1.77631,0.72800,1.26600,1.59700,1
3160,1.68039,1.23200,1.18200,1.62400,1
3161,1.75440,0.96500,1.19000,1.58500,1
3162,1.80939,0.82300,1.19000,1.60900,1
3163,1.73322,0.79500,1.22500,1.60000,1
3164,1.88068,0.74300,1.31400,1.58200,1
3165,1.74370,0.72500,1.33600,1.59900,1
3166,2.02083,0.82200,1.49300,1.63100,1
3167,1.89849,1.01800,1.47800,1.78800,1
3168,1.75235,0.94500,1.48400,1.62700,1
3169,1.68516,0.85600,1.34300,1.59500,1
3170,1.75041,0.75000,1.32800,1.62100,1
3171,1.80379,0.74900,1.34800,1.60300,1
3172,1.79522,0.71300,1.26400,1.75900,1
3173,1.84144,0.67500,1.35200,1.57400,1
3174,1.86541,0.66000,1.40500,1.62500,1
3175,1.82642,0.85900,1.43500,1.63400,1
3176,2.03791,0.90500,1.53700,1.77600,1
3177,1.93869,0.89100,1.67800,1.62700,1
3178,1.84524,0.90900,1.77700,1.61600,1
3179,1.80295,0.85000,1.77400,1.61800,1
3180,1.68539,0.84300,1.68000,1.61800,1
3181,1.71643,0.76800,1.63500,1.59000,1
3182,2.95959,0.78600,1.43200,1.59900,1
3183,2.05150,0.88500,3.18100,1.63700,1
3184,1.76871,0.97000,1.43800,1.59700,1
3185,2.03399,0.87800,1.48300,1.80200,1
3186,1.67724,0.89900,1.46100,1.60700,1
3187,1.96242,0.75800,1.63100,1.60400,1
3188,1.79172,0.75200,1.77400,1.60000,1
3189,1.80302,0.83700,1.65300,1.62800,1
3190,1.89493,0.96700,1.60900,1.79400,1
3191,1.71685,0.76500,1.50500,1.60000,1
3192,1.87094,0.74900,1.54500,1.61300,1
3193,1.90607,0.74500,1.61800,1.64700,1
3194,1.93088,0.78500,1.55400,1.80000,1
3195,1.72563,0.77900,1.52300,1.60700,1
3196,1.83452,0.77400,1.53900,1.63900,1
3197,2.74029,0.74000,1.55200,1.64500,1
3198,2.06964,0.82900,2.76800,1.63300,1
3199,1.85577,0.80800,1.63700,1.59800,1
3200,1.64508,0.86400,1.43500,1.67100,1
3201,1.79572,0.76500,1.45700,1.62500,1
3202,2.01279,0.87400,1.46300,1.80400,1
3203,1.82182,0.82900,1.52000,1.60200,1
3204,1.75619,0.86000,1.46600,1.59900,1
3205,1.84079,0.76800,1.56900,1.60100,1
3206,1.66130,0.83000,1.47600,1.60500,1
3207,1.84396,0.80500,1.41600,1.75200,1
3208,1.85020,0.76400,1.47200,1.60700,1
3209,1.74914,0.80200,1.41000,1.60000,1
3210,1.90405,0.78700,1.54300,1.60700,1
3211,10.57863,0.83400,1.52600,1.85400,1
3212,2.85756,1.34000,11.43700,1.58900,1
3213,1.84782,1.44100,1.85900,1.60200,1
3214,1.58501,1.12500,1.59100,1.68700,1
3215,1.74472,0.96900,1.71900,1.68700,1
3216,2.24742,1.02500,2.13500,1.64400,1
3217,1.85173,1.03700,1.85800,1.62100,1
3218,1.77858,1.00100,1.77400,1.63800,1
3219,1.76929,0.93600,1.77100,1.63700,1
3220,1.91590,0.92300,1.90100,1.77000,1
3221,2.77625,0.90100,1.81900,1.77000,1
3222,2.17585,0.94700,2.92400,1.61200,1
3223,1.72407,0.98400,1.63700,1.61200,1
3224,2.01817,0.88300,1.67600,1.79500,1
3225,1.87906,1.03400,1.73700,1.64000,1
3226,1.79529,1.28900,1.75100,1.59900,1
3227,1.67621,0.95800,1.68300,1.59900,1
3228,1.89740,0.87600,1.73500,1.61100,1
3229,1.66154,0.77900,1.65100,1.61100,1
3230,1.71365,0.79200,1.61800,1.59900,1
3231,1.78423,0.76000,1.60200,1.58500,1
3232,1.81804,0.71600,1.61900,1.61400,1
3233,2.10310,0.74400,1.70000,1.81200,1
3234,1.69132,0.70800,1.61300,1.63300,1
3235,1.81009,0.74600,1.60500,1.59700,1
3236,1.65053,0.64700,1.51100,1.58500,1
3237,1.83607,0.68200,1.57700,1.62100,1
3238,1.90360,0.69200,1.49700,1.76300,1
3239,1.76926,0.69500,1.51400,1.58700,1
3240,1.82657,0.68500,1.53300,1.62600,1
3241,1.74755,0.68700,1.52200,1.61300,1
3242,2.07052,0.66800,1.56100,1.80000,1
3243,1.85061,0.92100,1.68500,1.59700,1
3244,1.97348,0.68500,1.97300,1.59000,1
3245,1.79722,0.65000,1.78300,1.61800,1
3246,1.70481,0.62700,1.69700,1.58500,1
3247,1.59895,0.62800,1.58800,1.58500,1
3248,1.70554,0.62200,1.55900,1.63900,1
3249,1.77956,0.67000,1.59000,1.59400,1
3250,1.81801,0.65900,1.58300,1.61200,1
3251,2.31375,0.99900,2.00300,1.60500,1
3252,1.87449,1.24300,1.87500,1.62600,1
3253,1.62311,1.06700,1.62500,1.61400,1
3254,1.57637,1.00600,1.58400,1.60800,1
3255,1.87925,0.93800,1.73400,1.60800,1
3256,2.15330,0.86300,2.01900,1.62400,1
3257,1.93928,0.83700,1.92900,1.62400,1
3258,1.94472,0.80900,1.95100,1.63600,1
3259,1.82388,0.79500,1.80500,1.84400,1
3260,2.83563,0.80100,1.79000,1.84400,1
3261,2.21914,0.77900,3.06500,1.60600,1
3262,1.90958,0.81400,1.88200,1.60500,1
3263,1.75896,0.79600,1.76700,1.65200,1
3264,1.57528,0.80100,1.58600,1.65200,1
3265,1.76686,0.75700,1.68200,1.59300,1
3266,1.71363,0.74700,1.57500,1.61600,1
3267,1.77067,0.70300,1.55900,1.60500,1
3268,1.73166,0.71200,1.45900,1.62900,1
3269,2.12182,0.80200,1.64000,1.79700,1
3270,1.68415,0.76400,1.56000,1.60000,1
3271,1.76020,0.71800,1.61000,1.60000,1
3272,1.81133,0.71100,1.61600,1.61900,1
3273,1.85236,0.73300,1.68100,1.59400,1
3274,2.12087,0.73700,1.83800,1.61000,1
3275,1.72689,0.74600,1.71200,1.61600,1
3276,1.88890,0.70300,1.83100,1.66300,1
3277,1.68293,0.68600,1.65900,1.66300,1
3278,1.80563,0.82400,1.55400,1.77100,1
3279,1.82982,0.70700,1.56200,1.61400,1
3280,1.68275,0.66300,1.53200,1.57400,1
3281,1.78371,0.66200,1.53600,1.59900,1
3282,1.91078,0.65800,1.70500,1.60500,1
3283,1.62685,0.71200,1.57700,1.60500,1
3284,1.79868,0.64600,1.57200,1.60600,1
3285,1.70432,0.64800,1.51200,1.60300,1
3286,1.70754,0.75400,1.35500,1.65900,1
3287,2.00562,0.77800,1.38400,1.79400,1
3288,1.80839,0.66700,1.43500,1.61000,1
3289,1.64017,0.67400,1.34600,1.61600,1
3290,1.82110,0.62900,1.32200,1.61300,1
3291,1.79220,0.62400,1.31200,1.61800,1
3292,1.98633,0.75300,1.35800,1.75200,1
3293,1.74539,0.66400,1.30500,1.61100,1
3294,1.80589,0.67000,1.35500,1.61300,1
3295,1.78001,0.63100,1.34200,1.63200,1
3296,1.94635,0.66400,1.32600,1.79100,1
3297,1.83940,0.68100,1.39200,1.59500,1
3298,1.70269,0.68000,1.34400,1.59300,1
3299,1.80052,0.68200,1.33900,1.61100,1
3300,5.35009,0.67900,1.62400,1.58900,1
3301,1.64649,0.73200,1.64100,1.60300,1
3302,1.78799,0.68700,1.58700,1.62400,1
3303,1.76043,0.69700,1.53600,1.62200,1
3304,2.04786,0.67500,1.60900,1.81400,1
3305,1.65529,0.64900,1.50200,1.57700,1
3306,1.76696,0.65200,1.49400,1.57600,1
3307,1.80633,0.66000,1.54800,1.59200,1
3308,1.80303,0.63300,1.60600,1.60400,1
3309,1.92626,0.63400,1.53200,1.77900,1
3310,1.68410,0.64700,1.45900,1.60700,1
3311,1.71992,0.66100,1.35300,1.60700,1
3312,1.90132,0.69100,1.43300,1.64100,1
3313,1.94738,0.70900,1.39400,1.82000,1
3314,1.74608,0.74800,1.35000,1.61700,1
3315,1.80524,0.66100,1.40800,1.60600,1
3316,1.85595,0.63500,1.47600,1.62800,1
3317,1.79076,0.66700,1.45600,1.61300,1
3318,1.69801,0.69300,1.37000,1.60900,1
3319,1.86079,0.68100,1.43700,1.63700,1
3320,1.96122,0.61300,1.62400,1.59000,1
3321,1.55828,0.61800,1.46500,1.60600,1
3322,1.95976,0.72100,1.37600,1.81100,1
3323,1.81518,0.70700,1.42400,1.59300,1
3324,1.76320,0.68600,1.38600,1.63600,1
3325,1.76671,0.69600,1.35400,1.62800,1
3326,1.81839,0.64400,1.39900,1.63200,1
3327,1.92870,0.67100,1.37800,1.76100,1
3328,1.89381,0.68500,1.46300,1.61100,1
3329,1.99600,0.71400,1.64900,1.63200,1
3330,1.96802,0.68400,1.87000,1.61300,1
3331,1.91676,0.70900,1.55800,1.59800,1
3332,1.55551,0.65600,1.53200,1.59800,1
3333,1.74033,0.68800,1.51800,1.63200,1
3334,1.89607,0.70100,1.56200,1.63600,1
3335,1.72724,0.67900,1.51100,1.60300,1
3336,1.76464,0.65200,1.52000,1.60900,1
3337,1.74777,0.67300,1.50900,1.58400,1
3338,1.81437,0.64700,1.50500,1.63300,1
3339,1.78675,0.62100,1.47500,1.61100,1
3340,2.63647,0.64700,1.41700,1.64300,1
3341,2.32105,0.66800,2.37400,1.66500,1
3342,1.82270,0.67000,1.45100,1.61900,1
3343,1.79743,0.71200,1.41900,1.60900,1
3344,1.73516,0.66500,1.41200,1.60600,1
3345,2.05075,0.65500,1.47900,1.78200,1
3346,1.91350,0.67200,1.63900,1.62900,1
3347,2.13089,0.61900,1.99600,1.63800,1
3348,2.39639,0.61200,2.37500,1.80500,1
3349,1.92791,0.66700,1.90900,1.61700,1
3350,1.57577,0.86300,1.58000,1.61900,1
3351,1.51966,0.71600,1.52300,1.62600,1
3352,1.48260,0.65600,1.41600,1.62600,1
3353,1.95431,0.61600,1.57500,1.61200,1
3354,1.59512,0.65800,1.34500,1.61100,1
3355,1.73069,0.76200,1.33200,1.59700,1
3356,1.88900,0.95300,1.41800,1.62000,1
3357,1.88172,1.08300,1.50900,1.63600,1
3358,1.96739,0.87700,1.49300,1.80800,1
3359,1.89132,0.82300,1.67700,1.60100,1
3360,1.77344,0.73800,1.62100,1.60600,1
3361,1.55949,1.40500,1.38900,1.60600,1
3362,1.77052,1.02500,1.38800,1.58400,1
3363,1.89257,0.92300,1.34000,1.76900,1
3364,1.94745,0.88700,1.50600,1.60300,1
3365,1.82738,0.84800,1.58800,1.64600,1
3366,1.72131,0.90600,1.54000,1.61100,1
3367,1.92113,0.75900,1.46900,1.79900,1
3368,1.76477,0.71000,1.39700,1.62500,1
3369,1.74059,0.72800,1.34400,1.60000,1
3370,1.91148,0.77400,1.47700,1.58100,1
3371,1.75344,0.78600,1.51300,1.60500,1
3372,1.82093,0.74500,1.60700,1.58000,1
3373,1.82148,0.70300,1.60000,1.60400,1
3374,1.72531,0.72000,1.54000,1.61900,1
3375,1.87050,0.72100,1.61200,1.62600,1
3376,1.85351,0.73200,1.52400,1.79600,1
3377,1.92113,0.67400,1.75000,1.60300,1
3378,1.55347,0.73000,1.40800,1.61700,1
3379,2.56726,0.66100,1.37700,1.61600,1
3380,1.86361,0.63000,2.52000,1.63800,1
3381,2.16103,0.66000,1.52400,1.74500,1
3382,1.71234,0.72500,1.43200,1.64700,1
3383,1.68380,0.66600,1.35100,1.60800,1
3384,1.85094,0.64300,1.36300,1.64700,1
3385,1.99758,0.69100,1.41400,1.77400,1
3386,1.86013,0.67700,1.52500,1.63000,1
3387,1.81963,0.66700,1.68700,1.61500,1
3388,2.17286,0.65100,2.06900,1.61900,1
3389,1.96086,0.63400,1.93900,1.64300,1
3390,1.83774,0.67300,1.83600,1.62500,1
3391,1.74935,0.66000,1.74500,1.63400,1
3392,1.73261,0.65500,1.72000,1.62300,1
3393,1.67257,0.67200,1.66700,1.78700,1
3394,1.67116,0.66500,1.61300,1.78700,1
3395,1.87229,0.61200,1.69400,1.60000,1
3396,2.03191,0.66500,2.04700,1.63000,1
3397,1.85347,0.69800,1.85200,1.64300,1
3398,1.87794,0.65100,1.86600,1.75300,1
3399,1.86722,0.61900,1.86000,1.62100,1
3400,1.69755,0.67400,1.68000,1.66900,1
3401,1.61917,0.68700,1.61900,1.61500,1
3402,1.64647,0.64100,1.63200,1.61500,1
3403,3.48413,0.62100,1.63800,1.82500,1
3404,1.76914,0.64500,1.69100,1.57700,1
3405,1.88965,0.64200,1.84500,1.60700,1
3406,1.66725,0.65900,1.65200,1.60700,1
3407,1.79147,0.67000,1.66700,1.66300,1
3408,1.88058,0.65200,1.71700,1.59600,1
3409,1.63301,0.66300,1.59200,1.59600,1
3410,1.89936,0.64700,1.62400,1.59900,1
3411,1.89137,1.30900,1.78900,1.59900,1
3412,2.01697,0.94400,1.91000,1.61000,1
3413,1.73088,1.02700,1.73800,1.58400,1
3414,1.53837,0.84000,1.53800,1.58400,1
3415,1.78430,0.80000,1.61000,1.61500,1
3416,1.99950,0.81000,1.64600,1.79900,1
3417,1.70820,0.77100,1.53600,1.61900,1
3418,1.92960,0.75000,1.65000,1.63800,1
3419,1.63126,0.72500,1.54400,1.61600,1
3420,3.33288,0.72500,1.54200,1.68900,1
3421,1.68254,0.75300,1.49500,1.58700,1
3422,1.77618,0.70000,1.49000,1.58100,1
3423,1.70022,0.66100,1.41800,1.61500,1
3424,1.82231,0.66500,1.44400,1.60000,1
3425,1.84580,0.63400,1.46000,1.63700,1
3426,1.70704,0.62500,1.40300,1.60500,1
3427,1.82687,0.69400,1.45400,1.60500,1
3428,1.74335,0.67800,1.38300,1.61500,1
3429,1.97778,0.67800,1.37600,1.78900,1
3430,1.90272,0.67700,1.48200,1.61500,1
3431,1.66588,0.65700,1.37200,1.62700,1
3432,1.83281,0.62500,1.36100,1.61100,1
3433,1.87984,0.73000,1.42500,1.62500,1
3434,2.16910,0.74800,1.64500,1.76300,1
3435,1.73115,0.71500,1.64500,1.62300,1
3436,1.80989,0.71900,1.69600,1.59900,1
3437,1.75939,0.69900,1.61900,1.61300,1
3438,1.69251,0.71600,1.50300,1.57400,1
3439,2.07271,0.68500,1.61000,1.77300,1
3440,1.61623,0.75800,1.41400,1.61700,1
3441,1.77625,1.16100,1.40400,1.61700,1
3442,1.85206,1.09600,1.46000,1.60900,1
3443,1.69838,0.93300,1.39200,1.60900,1
3444,1.78838,0.83100,1.34700,1.62000,1
3445,1.81128,0.75300,1.35600,1.60300,1
3446,1.84936,0.71700,1.40800,1.59900,1
3447,1.90155,0.69000,1.52500,1.64300,1
3448,2.08718,0.75100,1.52700,1.82300,1
3449,1.67334,0.73600,1.52700,1.59900,1
3450,1.75937,0.88100,1.44200,1.61000,1
3451,1.76432,1.16100,1.38900,1.61400,1
3452,1.95802,1.06300,1.36900,1.75300,1
3453,1.83163,1.06100,1.40900,1.62300,1
3454,1.93661,0.99300,1.58400,1.60700,1
3455,1.65914,0.95300,1.50200,1.61100,1
3456,1.80140,0.87700,1.39100,1.64200,1
3457,1.88712,0.87600,1.33400,1.79400,1
3458,1.74235,0.84300,1.33500,1.58400,1
3459,2.88119,0.82400,1.32100,1.60300,1
3460,2.10976,0.81800,3.00600,1.63900,1
3461,1.65136,0.83200,1.36900,1.59800,1
3462,1.70730,0.79400,1.27100,1.62100,1
3463,1.90957,0.75700,1.41000,1.60300,1
3464,1.66175,0.93300,1.33600,1.59900,1
3465,2.21667,0.77800,1.86200,1.81100,1
3466,1.54198,0.81900,1.30500,1.60300,1
3467,1.75931,0.76900,1.32300,1.60800,1
3468,1.92045,0.68400,1.42000,1.60800,1
3469,1.79308,0.78300,1.35200,1.63300,1
3470,1.68143,0.76700,1.36800,1.59600,1
3471,1.94979,0.78700,1.39300,1.74600,1
3472,1.81636,0.72800,1.41600,1.63300,1
3473,2.51518,0.78600,2.10400,1.65300,1
3474,1.53944,0.81200,1.53400,1.65300,1
3475,1.65162,0.70600,1.45000,1.77200,1
3476,1.74815,1.07000,1.40600,1.61900,1
3477,1.82836,0.91900,1.45000,1.61000,1
3478,1.63848,0.85100,1.35600,1.58600,1
3479,1.86255,0.77600,1.38600,1.62300,1
3480,1.76800,0.78500,1.35600,1.62500,1
3481,2.01316,0.83400,1.62300,1.60000,1
3482,1.78456,0.80800,1.59000,1.62600,1
3483,1.68565,0.75800,1.50000,1.64400,1
3484,2.39918,0.75400,2.04400,1.59800,1
3485,1.56934,0.70000,1.55200,1.58600,1
3486,1.40276,0.70500,1.33300,1.58600,1
3487,1.76788,0.69100,1.37200,1.59000,1
3488,2.05072,0.65500,1.53600,1.59100,1
3489,1.66847,0.67900,1.39600,1.62300,1
3490,1.78268,0.69000,1.31300,1.62100,1
3491,1.93045,0.67600,1.51900,1.58900,1
3492,2.12967,0.74400,1.95400,1.65600,1
3493,1.83401,0.80000,1.77100,1.57300,1
3494,1.72034,0.64500,1.67500,1.57300,1
3495,1.87781,0.92000,1.80400,1.61400,1
3496,1.71227,0.77700,1.71200,1.60000,1
3497,1.71092,0.71800,1.61800,1.62400,1
3498,2.42866,0.79700,1.61600,1.61400,1
3499,2.69702,0.76600,2.56900,1.62500,1
3500,1.72966,0.74900,1.71900,1.62500,1
3501,1.93441,0.78200,1.74100,1.79600,1
3502,1.75141,0.76000,1.69200,1.58400,1
3503,1.86651,0.80300,1.81300,1.63600,1
3504,1.91088,0.90300,1.88500,1.62700,1
3505,1.80319,0.85600,1.80200,1.62700,1
3506,1.74700,0.74000,1.63800,1.77100,1
3507,3.04412,0.70600,1.81100,1.62300,1
3508,2.02505,0.69000,2.01300,1.64100,1
3509,1.73908,0.68000,1.72300,1.80400,1
3510,1.72553,0.67900,1.71800,1.60600,1
3511,1.71382,0.66900,1.70500,1.60100,1
3512,1.78944,0.64500,1.73100,1.60100,1
3513,1.77798,0.75900,1.67800,1.62700,1
3514,1.65824,0.73900,1.58000,1.62000,1
3515,1.69960,0.75500,1.50100,1.60800,1
3516,1.89648,0.68700,1.61200,1.61200,1
3517,1.75554,0.72900,1.58500,1.61300,1
3518,1.79747,0.75300,1.57300,1.65500,1
3519,2.08832,0.73000,1.67700,1.79400,1
3520,1.69361,0.71700,1.59200,1.59600,1
3521,1.74270,0.67800,1.51900,1.60900,1
3522,1.75989,0.72600,1.51900,1.61200,1
3523,1.77252,0.68300,1.51500,1.59400,1
3524,1.89771,0.70500,1.48300,1.75100,1
3525,1.84226,0.69700,1.51900,1.60300,1
3526,1.79959,0.65200,1.51700,1.62700,1
3527,1.93392,0.74700,1.74600,1.61500,1
3528,1.78177,0.74100,1.48800,1.76900,1
3529,1.70837,0.71100,1.38100,1.61500,1
3530,1.89447,0.73300,1.47100,1.62100,1
3531,1.78097,0.71900,1.48200,1.61000,1
3532,1.70708,0.72900,1.43400,1.59500,1
3533,1.73195,0.71000,1.35700,1.59700,1
3534,1.89262,0.78500,1.44000,1.62800,1
3535,1.78727,0.76500,1.45000,1.59800,1
3536,1.88568,0.66300,1.54900,1.64000,1
3537,1.87422,0.71100,1.44900,1.79900,1
3538,2.60417,0.69600,1.50600,1.61000,1
3539,2.36349,0.71900,2.59800,1.60600,1
3540,1.79263,0.83600,1.62500,1.58200,1
3541,1.66267,0.77000,1.50400,1.61500,1
3542,1.89682,0.75700,1.45400,1.76800,1
3543,1.79845,0.73800,1.45600,1.61300,1
3544,1.73374,0.65600,1.39400,1.62600,1
3545,1.82938,0.59000,1.40800,1.61900,1
3546,2.15544,0.61500,1.56100,1.77800,1
3547,1.76144,0.62200,1.67800,1.60300,1
3548,1.70415,0.57800,1.52600,1.62100,1
3549,1.68993,0.59500,1.55500,1.60100,1
3550,1.77243,0.62600,1.33000,1.63400,1
3551,1.77573,0.66200,1.37200,1.60300,1
3552,1.73760,0.67600,1.34400,1.60600,1
3553,1.75505,0.65600,1.28800,1.60300,1
3554,1.76385,0.62500,1.27100,1.60900,1
3555,2.05887,0.65600,1.36800,1.75900,1
3556,1.71820,0.64900,1.31000,1.59800,1
3557,1.72757,0.66100,1.25500,1.60600,1
3558,1.74192,0.63800,1.22100,1.60900,1
3559,1.81753,0.64600,1.26400,1.59700,1
3560,1.93881,0.65100,1.28000,1.75000,1
3561,1.79546,0.66000,1.25200,1.62200,1
3562,1.68997,0.62700,1.20300,1.61200,1
3563,1.81246,0.59100,1.17300,1.58900,1
3564,2.13171,0.69700,1.64700,1.79200,1
3565,1.72814,0.98300,1.29300,1.61000,1
3566,1.74125,1.00800,1.26800,1.59800,1
3567,2.00463,0.84900,1.56100,1.58200,1
3568,1.80590,0.75600,1.67600,1.60500,1
3569,1.78243,0.67800,1.66500,1.60700,1
3570,1.72073,0.66300,1.58900,1.61300,1
3571,1.68703,0.63000,1.52400,1.58900,1
3572,1.82643,0.62400,1.51100,1.63700,1
3573,1.86072,0.61600,1.61200,1.60000,1
3574,1.82569,0.61800,1.48900,1.78300,1
3575,1.71975,0.59900,1.41900,1.57400,1
3576,1.84145,0.60700,1.46300,1.61000,1
3577,3.34741,0.61000,1.51200,1.65800,1
3578,1.78749,0.59000,1.49600,1.61300,1
3579,1.84050,0.59700,1.62700,1.61300,1
3580,1.72875,0.65300,1.50400,1.62200,1
3581,1.70298,0.62800,1.39000,1.61000,1
3582,1.86497,0.60400,1.31100,1.77000,1
3583,1.79015,0.64100,1.36100,1.58900,1
3584,1.67576,0.57300,1.26800,1.57900,1
3585,1.70845,0.59300,1.23500,1.57700,1
3586,1.79814,0.62700,1.25800,1.59400,1
3587,1.76742,0.60600,1.24600,1.58700,1
3588,1.81561,0.90400,1.22400,1.59500,1
3589,1.92111,1.09100,1.39500,1.59100,1
3590,1.64099,0.91600,1.33600,1.62700,1
3591,2.00465,0.86400,1.24400,1.78500,1
3592,1.74108,0.79600,1.34500,1.60000,1
3593,1.72893,0.69200,1.31400,1.58300,1
3594,2.02092,0.66900,1.51700,1.60800,1
3595,1.57059,0.70100,1.43400,1.59900,1
3596,2.03412,0.66400,1.42600,1.76500,1
3597,1.67077,0.68400,1.33900,1.61100,1
3598,1.72955,0.80600,1.25100,1.59900,1
3599,1.80259,0.84200,1.24600,1.63200,1
3600,1.99739,0.78200,1.28900,1.79700,1
3601,1.72997,0.68000,1.21900,1.62000,1
3602,1.77569,0.62400,1.22000,1.58400,1
3603,1.84384,0.62800,1.28100,1.60200,1
3604,1.78481,0.74400,1.25200,1.60600,1
3605,1.90211,0.66000,1.35300,1.61700,1
3606,1.76502,0.67300,1.37700,1.60800,1
3607,1.71006,0.65700,1.31400,1.59800,1
3608,1.83206,0.65900,1.32100,1.60700,1
3609,1.74208,0.65100,1.30800,1.62300,1
3610,3.18710,0.63000,1.32800,1.80600,1
3611,1.67341,0.63000,1.23700,1.61000,1
3612,1.91266,0.85000,1.28400,1.58200,1
3613,1.80539,1.14900,1.29900,1.64500,1
3614,1.84579,0.90900,1.29600,1.72900,1
3615,1.81641,0.81200,1.31700,1.60500,1
3616,2.46457,0.75300,1.34700,1.61000,1
3617,1.67023,0.73300,2.17000,1.64800,1
3618,1.94851,0.78800,1.19900,1.79700,1
3619,1.86921,0.66700,1.23600,1.60700,1
3620,1.70637,0.61100,1.21500,1.60700,1
3621,1.72177,0.62700,1.16800,1.58200,1
3622,1.83753,0.58500,1.19500,1.61300,1
3623,1.77169,0.58800,1.20200,1.59900,1
3624,1.71790,0.55900,1.13100,1.60500,1
3625,1.84313,0.54500,1.21400,1.59700,1
3626,1.78617,0.55600,1.23000,1.60900,1
3627,1.95268,0.56600,1.19200,1.77900,1
3628,1.81383,0.56200,1.25600,1.57600,1
3629,1.69877,0.56000,1.18000,1.59000,1
3630,1.88085,0.56800,1.30300,1.58400,1
3631,1.67017,0.60100,1.21900,1.59600,1
3632,1.88934,0.55900,1.14000,1.77600,1
3633,1.87129,0.53600,1.20400,1.61000,1
3634,1.77520,0.55700,1.20500,1.62600,1
3635,1.77786,0.56800,1.23200,1.58400,1
3636,2.01550,0.58500,1.22900,1.81900,1
3637,1.77502,0.58700,1.27800,1.60300,1
3638,1.82407,0.56800,1.34700,1.57600,1
3639,1.67979,0.56900,1.25100,1.60500,1
3640,1.79982,0.56900,1.26700,1.61100,1
3641,1.81774,0.56100,1.35600,1.57000,1
3642,1.67732,0.55900,1.22900,1.60800,1
3643,1.77144,0.57800,1.22000,1.61100,1
3644,1.77708,0.57300,1.21000,1.60600,1
3645,1.98065,0.56200,1.26100,1.77100,1
3646,1.72954,0.56700,1.19600,1.59300,1
3647,1.75283,0.54000,1.18200,1.59700,1
3648,1.74520,0.55100,1.16500,1.58000,1
3649,1.76512,0.55000,1.15800,1.58300,1
3650,1.90686,0.58800,1.16800,1.76100,1
3651,1.74423,0.57800,1.16100,1.59100,1
3652,1.81845,0.53300,1.20700,1.57800,1
3653,1.78781,0.54100,1.22500,1.57400,1
3654,1.81033,0.55200,1.19500,1.65700,1
3655,3.45608,0.59700,1.60300,1.85700,1
3656,1.45279,0.57200,1.29300,1.58700,1
3657,1.75959,0.56800,1.36400,1.59900,1
3658,1.76969,0.55200,1.32900,1.62200,1
3659,1.97949,0.54900,1.51000,1.62100,1
3660,1.75753,0.57700,1.46800,1.62400,1
3661,1.77954,0.56000,1.42300,1.64300,1
3662,1.86655,0.60300,1.52500,1.63300,1
3663,1.83589,0.59400,1.39600,1.77300,1
3664,1.68782,0.56300,1.26000,1.60700,1
3665,1.74141,0.69300,1.26300,1.61500,1
3666,1.75017,0.65400,1.25300,1.59500,1
3667,1.75289,0.63300,1.24400,1.58200,1
3668,2.10251,0.62900,1.40500,1.76700,1
3669,1.57964,0.66900,1.20400,1.60300,1
3670,1.78537,0.59400,1.18400,1.62200,1
3671,1.78334,0.56200,1.18100,1.60000,1
3672,1.95836,0.60100,1.17500,1.80100,1
3673,1.80779,0.59300,1.23000,1.59700,1
3674,1.74036,0.56200,1.18700,1.59500,1
3675,1.90239,0.57700,1.31300,1.61400,1
3676,1.75372,0.66700,1.29100,1.61800,1
3677,1.65823,0.61500,1.19200,1.59100,1
3678,1.82628,0.60200,1.20900,1.58300,1
3679,1.75969,0.69900,1.24300,1.59500,1
3680,1.76468,0.64900,1.27300,1.59500,1
3681,1.80199,0.63300,1.31500,1.61500,1
3682,1.91831,0.64700,1.26300,1.77800,1
3683,1.77432,0.63500,1.26300,1.60000,1
3684,1.74270,0.62200,1.25200,1.58900,1
3685,1.76454,0.64800,1.24200,1.59000,1
3686,1.76692,0.61500,1.23400,1.59200,1
3687,1.97391,0.63500,1.33100,1.72500,1
3688,1.71663,0.61700,1.24200,1.59700,1
3689,1.88699,0.64300,1.35600,1.59400,1
3690,1.76425,0.61800,1.30800,1.62500,1
3691,1.93979,0.67300,1.34600,1.77400,1
3692,1.65995,0.64700,1.19400,1.61800,1
3693,2.48868,0.60500,1.23300,1.58400,1
3694,1.72651,0.56700,2.18900,1.61900,1
3695,1.72427,0.59000,1.21200,1.61100,1
3696,1.76388,0.66900,1.22700,1.59500,1
3697,1.74709,0.65600,1.21100,1.58200,1
3698,1.76799,0.57600,1.19900,1.59000,1
3699,1.73312,0.57300,1.15600,1.60200,1
3700,2.03673,0.59800,1.23700,1.78900,1
3701,1.70860,0.56200,1.13800,1.60400,1
3702,1.82266,0.59800,1.11200,1.60400,1
3703,1.68524,0.83500,1.12600,1.58500,1
3704,1.89937,0.59500,1.26800,1.59200,1
3705,1.85853,0.59800,1.19800,1.73400,1
3706,1.81067,0.63100,1.21200,1.60500,1
3707,1.78167,0.56200,1.19600,1.64400,1
3708,1.79892,0.59600,1.22700,1.58900,1
3709,1.90890,0.59000,1.20700,1.77700,1
3710,1.72466,0.59800,1.18000,1.60400,1
3711,1.78389,0.57100,1.17700,1.58600,1
3712,1.73260,0.57400,1.17000,1.58600,1
3713,2.98418,0.55200,1.25200,1.62700,1
3714,1.73256,0.67400,1.23300,1.60000,1
3715,1.78822,0.70400,1.24400,1.60600,1
3716,1.67994,0.68000,1.17200,1.57900,1
3717,1.82854,0.66900,1.19600,1.63200,1
3718,2.05515,0.68700,1.30300,1.79000,1
3719,1.73118,0.60700,1.17400,1.60000,1
3720,1.75128,0.62500,1.19800,1.57900,1
3721,1.72099,0.61300,1.12600,1.60300,1
3722,1.82077,0.61200,1.17400,1.57800,1
3723,1.88041,0.59700,1.18700,1.75200,1
3724,1.85252,0.60700,1.19100,1.61000,1
3725,1.71260,0.61300,1.19900,1.57400,1
3726,1.85448,0.90000,1.24300,1.60400,1
3727,2.08670,0.97200,1.38400,1.78500,1
3728,1.76843,0.83400,1.27200,1.60500,1
3729,1.68949,0.73900,1.23000,1.58900,1
3730,1.78936,0.67700,1.30200,1.61600,1
3731,1.71741,0.72600,1.23800,1.59500,1
3732,2.18704,0.83100,1.17900,1.64300,1
3733,2.11433,0.78900,1.97900,1.63200,1
3734,1.76287,0.75700,1.26500,1.59000,1
3735,1.85168,0.68600,1.27100,1.62800,1
3736,1.87800,0.68200,1.18900,1.79900,1
3737,1.79535,0.64600,1.23100,1.58400,1
3738,1.74610,0.61400,1.20600,1.60300,1
3739,1.78372,0.61200,1.20300,1.61600,1
3740,1.84139,0.57700,1.24200,1.62700,1
3741,1.90172,0.57100,1.23100,1.76400,1
3742,1.79565,0.60200,1.21400,1.58600,1
3743,1.74820,0.60100,1.20000,1.62700,1
3744,1.82682,0.55000,1.25400,1.63000,1
3745,2.05739,0.58600,1.28600,1.79300,1
3746,1.67398,0.60600,1.25300,1.61400,1
3747,1.75168,0.56900,1.19400,1.59500,1
3748,1.76245,0.54000,1.18900,1.59700,1
3749,1.74921,0.53800,1.18800,1.59800,1
3750,1.77291,0.53500,1.18200,1.62800,1
3751,1.79985,0.58600,1.22200,1.61600,1
3752,1.90169,0.57600,1.31000,1.60200,1
3753,1.69689,0.63400,1.16200,1.66100,1
3754,1.96136,0.65500,1.14500,1.79800,1
3755,1.78990,0.60300,1.16800,1.60000,1
3756,1.77766,0.63400,1.21400,1.60200,1
3757,1.76431,0.61900,1.18300,1.58600,1
3758,1.77150,0.64800,1.19600,1.60400,1
3759,1.90858,0.57200,1.18500,1.76500,1
3760,1.78091,0.55600,1.17700,1.58700,1
3761,1.91046,0.61200,1.28300,1.64100,1
3762,1.74472,0.61600,1.22800,1.60800,1
3763,1.71523,0.63200,1.16700,1.62900,1
3764,2.00389,0.58500,1.17300,1.80200,1
3765,1.81487,0.62500,1.21300,1.60200,1
3766,1.84129,0.61400,1.27500,1.60000,1
3767,1.67281,0.63600,1.21400,1.60000,1
3768,1.84083,0.66400,1.29400,1.57800,1
3769,1.69752,0.71200,1.23700,1.59500,1
3770,2.56055,0.66900,1.29100,1.61200,1
3771,1.64981,0.57800,2.20600,1.62300,1
3772,2.00823,0.66800,1.25500,1.82300,1
3773,1.72593,0.62100,1.20700,1.58800,1
3774,1.82524,0.55600,1.24000,1.63100,1
3775,1.87386,0.55800,1.30000,1.60500,1
3776,1.75022,0.59600,1.32200,1.59500,1
3777,1.89991,0.59300,1.29600,1.76800,1
3778,1.72855,0.61600,1.21700,1.60300,1
3779,1.68431,0.67300,1.13200,1.58800,1
3780,1.88709,0.65900,1.22200,1.60800,1
3781,1.89566,0.62600,1.34100,1.64000,1
3782,1.87001,0.59900,1.29800,1.76300,1
3783,1.80119,0.61400,1.29000,1.63200,1
3784,1.72690,0.57100,1.21100,1.60300,1
3785,1.79500,0.60900,1.26000,1.59100,1
3786,1.72865,0.59000,1.19500,1.60900,1
3787,1.76893,0.58300,1.21100,1.56100,1
3788,1.80476,0.65000,1.28500,1.58800,1
3789,1.76277,0.64500,1.28000,1.62500,1
3790,1.70159,0.65200,1.20700,1.60100,1
3791,2.05508,0.63100,1.24800,1.82600,1
3792,1.78276,0.62600,1.23800,1.59600,1
3793,1.86193,0.62100,1.35400,1.58700,1
3794,1.85476,0.58900,1.39300,1.63200,1
3795,1.82181,0.55800,1.46300,1.58500,1
3796,1.86741,0.58100,1.42500,1.74900,1
3797,1.77312,0.62300,1.37300,1.60600,1
3798,1.90311,0.58900,1.48400,1.62200,1
3799,1.65418,0.60300,1.38800,1.58800,1
3800,1.90562,0.60300,1.31900,1.81000,1
3801,1.93532,0.61500,1.46100,1.60200,1
3802,1.69865,0.61900,1.38400,1.60800,1
3803,1.78975,0.59800,1.42900,1.59000,1
3804,1.76044,0.58100,1.41900,1.63500,1
3805,2.17307,0.63200,1.86000,1.60700,1
3806,1.84471,0.64000,1.83900,1.61800,1
3807,1.72626,0.62000,1.71500,1.63900,1
3808,1.71945,0.62100,1.71400,1.63900,1
3809,2.48186,0.65100,1.52700,1.80400,1
3810,1.88396,0.65200,2.42300,1.62400,1
3811,1.86336,0.60800,1.47200,1.62600,1
3812,1.83037,0.62800,1.51100,1.63000,1
3813,1.77034,0.59500,1.42500,1.61600,1
3814,1.93772,0.63100,1.44000,1.76100,1
3815,1.77835,0.60800,1.42500,1.64100,1
3816,2.99575,0.63200,1.51600,1.65700,1
3817,2.12110,0.64600,1.63500,1.79700,1
3818,1.62902,0.62900,1.57900,1.60100,1
3819,1.69485,0.66600,1.47900,1.59300,1
3820,1.91955,0.62200,1.59700,1.59700,1
3821,1.83115,0.62700,1.74500,1.62400,1
3822,1.60810,0.65500,1.54200,1.61000,1
3823,1.74508,0.62900,1.48300,1.60800,1
3824,1.79388,0.62100,1.46600,1.63200,1
3825,1.89692,0.66900,1.52000,1.61600,1
3826,1.62273,0.61800,1.37200,1.61000,1
3827,2.08312,0.62700,1.44100,1.82700,1
3828,1.67637,0.56900,1.33800,1.58700,1
3829,1.74541,0.55000,1.27600,1.61400,1
3830,1.82233,0.57000,1.30600,1.61900,1
3831,1.89913,0.54900,1.30500,1.72900,1
3832,1.81918,0.55900,1.35700,1.58700,1
3833,1.68102,0.58900,1.24200,1.60100,1
3834,1.79308,0.61900,1.23700,1.60100,1
3835,1.81416,0.66400,1.27500,1.61600,1
3836,1.90812,0.66000,1.23900,1.78600,1
3837,1.77002,0.58000,1.25100,1.59600,1
3838,1.73481,0.58400,1.20900,1.59800,1
3839,1.83779,0.57500,1.28000,1.59100,1
3840,1.72279,0.54600,1.22600,1.59500,1
3841,1.81501,0.64000,1.26800,1.60600,1
3842,1.95533,0.66700,1.43800,1.60000,1
3843,1.67631,0.67400,1.34900,1.62400,1
3844,1.77995,0.69800,1.30000,1.62100,1
3845,1.93889,0.64500,1.28800,1.79100,1
3846,1.82203,0.57400,1.29500,1.60800,1
3847,1.72443,0.66000,1.30100,1.60700,1
3848,1.76530,0.65600,1.30300,1.57900,1
3849,2.59383,0.57100,1.31400,1.64300,1
3850,1.71210,0.57400,1.26500,1.60400,1
3851,1.82986,0.64100,1.30200,1.61400,1
3852,1.97759,0.70700,1.46700,1.60300,1
3853,1.95216,0.68900,1.65200,1.65400,1
3854,1.88949,0.66200,1.61200,1.78200,1
3855,1.61443,0.66100,1.44400,1.59300,1
3856,1.86313,0.72800,1.20000,1.60500,1
3857,1.45888,0.73700,1.21500,1.59000,1
3858,1.84882,0.75000,1.22900,1.62000,1
3859,1.71945,0.65700,1.20600,1.58600,1
3860,1.88803,0.65400,1.32400,1.60400,1
3861,1.81158,0.63000,1.38100,1.58300,1
3862,1.81307,0.62100,1.48500,1.59800,1
3863,1.93201,0.65900,1.42100,1.82500,1
3864,1.80385,0.60300,1.44000,1.59800,1
3865,1.67009,0.60400,1.35700,1.60100,1
3866,1.71091,0.59500,1.29800,1.60200,1
3867,1.94301,0.57500,1.43700,1.60200,1
3868,1.82873,0.56400,1.34100,1.76600,1
3869,1.71918,0.65500,1.26300,1.60700,1
3870,1.79436,0.65000,1.24600,1.60600,1
3871,1.76330,0.63500,1.22100,1.63500,1
3872,1.98121,0.61900,1.26800,1.79300,1
3873,1.75776,0.57300,1.22200,1.61800,1
3874,1.77546,0.56300,1.18700,1.62700,1
3875,1.77555,0.54600,1.19500,1.58000,1
3876,1.85224,0.62300,1.27300,1.60200,1
3877,1.94287,0.60100,1.52700,1.57800,1
3878,1.71637,0.58500,1.47800,1.59800,1
3879,1.91524,0.55900,1.58700,1.62500,1
3880,1.56040,0.59000,1.29600,1.61600,1
3881,1.73730,0.59000,1.22000,1.63300,1
3882,1.89453,0.62700,1.17600,1.80700,1
3883,1.79624,0.60300,1.22300,1.58800,1
3884,1.78461,0.62100,1.25900,1.58200,1
3885,1.83891,0.63500,1.32700,1.60500,1
3886,1.97226,0.62400,1.36700,1.76300,1
3887,1.84685,0.64600,1.41400,1.61500,1
3888,2.56242,0.73800,1.44100,1.61300,1
3889,1.69762,0.66600,1.36900,1.61500,1
3890,1.85930,0.63600,1.23500,1.81900,1
3891,1.70581,0.54100,1.15600,1.60400,1
3892,1.79836,0.60700,1.18600,1.59900,1
3893,1.86970,0.72000,1.24600,1.59800,1
3894,1.79028,0.73800,1.29700,1.60900,1
3895,1.78595,0.60400,1.32000,1.60700,1
3896,1.77586,0.58100,1.32000,1.60000,1
3897,1.80336,0.59700,1.34200,1.59200,1
3898,1.77267,0.57000,1.35100,1.58800,1
3899,1.85529,0.56100,1.39300,1.62100,1
3900,1.75966,0.66100,1.21300,1.78800,1
3901,1.79984,0.61500,1.22600,1.59000,1
3902,1.79105,0.54800,1.24400,1.59900,1
3903,1.71439,0.56900,1.15500,1.61000,1
3904,1.93512,0.55600,1.12500,1.76900,1
3905,1.79330,0.56100,1.16600,1.57300,1
3906,1.78337,0.60100,1.16900,1.60400,1
3907,1.76070,0.59200,1.19200,1.57300,1
3908,1.84878,0.57200,1.24000,1.62300,1
3909,1.98249,0.61300,1.27400,1.76800,1
3910,1.80330,0.61700,1.30300,1.62000,1
3911,1.77866,0.56300,1.32700,1.58300,1
3912,2.32283,0.60100,1.99500,1.59700,1
3913,1.79943,0.59300,1.78600,1.61400,1
3914,1.63228,0.63200,1.64200,1.58600,1
3915,2.48065,0.59900,2.47000,1.63900,1
3916,2.07801,0.60600,2.08800,1.62900,1
3917,1.45799,0.59700,1.45300,1.77000,1
3918,1.41729,0.59300,1.41300,1.77000,1
3919,2.45989,0.58200,1.38700,1.60100,1
3920,1.73808,0.57700,2.27700,1.62400,1
3921,1.74590,0.61400,1.26600,1.61500,1
3922,1.92940,0.56900,1.25900,1.75300,1
3923,1.83589,0.54400,1.32300,1.59800,1
3924,1.65417,0.57500,1.20600,1.61600,1
3925,1.82236,0.56200,1.22200,1.58100,1
3926,2.52942,0.55700,1.22400,1.63200,1
3927,1.76556,0.57600,2.32200,1.83800,1
3928,1.60781,0.57700,1.22400,1.59000,1
3929,1.71990,0.53500,1.20200,1.58400,1
3930,1.91485,0.54000,1.28500,1.62400,1
3931,1.77000,0.57900,1.32700,1.59000,1
3932,1.92482,0.57100,1.46500,1.57700,1
3933,1.64666,0.58400,1.35600,1.60700,1
3934,1.73942,0.54100,1.32100,1.60600,1
3935,1.85561,0.54900,1.34600,1.64000,1
3936,2.01995,0.56100,1.41900,1.79000,1
3937,1.62580,0.57200,1.23000,1.60700,1
3938,1.69365,0.57000,1.17800,1.57300,1
3939,1.97416,0.61400,1.38200,1.59600,1
3940,1.90771,0.58400,1.35300,1.76700,1
3941,1.74354,0.53700,1.29600,1.61600,1
3942,1.74682,0.70700,1.26200,1.63600,1
3943,1.88329,0.53600,1.34200,1.62600,1
3944,1.74976,0.55200,1.19600,1.60700,1
3945,1.87224,0.57600,1.17800,1.79300,1
3946,1.75707,0.60700,1.17600,1.57900,1
3947,1.83535,0.59700,1.28300,1.59700,1
3948,1.67489,0.59400,1.17100,1.60300,1
3949,1.76378,0.57900,1.15900,1.58300,1
3950,1.76229,0.57800,1.15800,1.58300,1
3951,1.76259,0.65400,1.13200,1.61500,1
3952,1.79451,0.67800,1.13200,1.59900,1
3953,1.77104,0.64100,1.14000,1.61000,1
3954,1.99554,0.67500,1.18300,1.80200,1
3955,1.84040,0.58500,1.26800,1.59300,1
3956,1.76616,0.57400,1.25600,1.59400,1
3957,1.74633,0.58800,1.25100,1.60500,1
3958,1.90313,0.57000,1.34700,1.59400,1
3959,2.36287,0.59300,1.90900,1.59900,1
3960,1.60755,0.67000,1.61700,1.59900,1
3961,1.41775,0.61100,1.30900,1.63200,1
3962,1.81464,0.55400,1.27600,1.65400,1
3963,1.95132,0.55400,1.23700,1.78600,1
3964,1.71836,0.55700,1.19200,1.58900,1
3965,2.67270,0.54100,1.30500,1.64800,1
3966,1.64551,0.55900,1.22100,1.59200,1
3967,2.63066,0.56700,2.04200,1.57800,1
3968,1.74088,0.57600,1.73200,1.68800,1
3969,1.40017,0.58400,1.39700,1.68800,1
3970,1.73309,0.55500,1.48400,1.58400,1
3971,1.80722,0.61100,1.47600,1.65300,1
3972,1.98961,0.62400,1.47300,1.82300,1
3973,1.76711,0.60100,1.49100,1.60700,1
3974,1.80097,0.57700,1.51100,1.61400,1
3975,1.76201,0.55800,1.46500,1.59000,1
3976,1.72781,0.60600,1.40200,1.60700,1
3977,1.92603,0.59900,1.36700,1.77000,1
3978,1.81297,0.65700,1.37000,1.61500,1
3979,1.76852,0.59000,1.37300,1.60900,1
3980,1.79257,0.57300,1.37000,1.61600,1
3981,1.92128,0.68300,1.36400,1.77700,1
3982,1.87055,0.59400,1.35400,1.59200,1
3983,1.79538,0.56700,1.45000,1.58500,1
3984,1.67530,0.71400,1.39300,1.60400,1
3985,1.70277,0.71800,1.33400,1.59400,1
3986,1.65464,0.70900,1.22900,1.60000,1
3987,1.75115,0.61600,1.21900,1.58000,1
3988,1.78161,0.55900,1.23900,1.58100,1
3989,1.75669,0.56800,1.21000,1.59600,1
3990,1.70435,0.59000,1.16300,1.60700,1
3991,1.95413,0.56600,1.15600,1.78900,1
3992,1.76607,0.57000,1.17300,1.57000,1
3993,1.77744,0.58000,1.19000,1.60700,1
3994,1.77775,0.56100,1.20000,1.59300,1
3995,2.04516,0.54100,1.32600,1.76900,1
3996,1.70257,0.54900,1.24100,1.60100,1
3997,1.97997,0.54000,1.46100,1.58100,1
3998,1.79117,0.57400,1.49100,1.60100,1
3999,1.55070,0.59200,1.21700,1.61700,1
4000,1.90742,0.61000,1.17500,1.77900,1
4001,1.76275,0.59900,1.17900,1.60300,1
4002,1.75869,0.62700,1.16100,1.58900,1
4003,1.84720,0.92200,1.23500,1.59000,1
4004,1.76768,0.97800,1.25500,1.58900,1
4005,2.63547,0.71000,1.22900,1.63600,1
4006,1.67357,0.70600,1.12600,1.59100,1
4007,1.82464,0.70600,1.17500,1.60400,1
4008,1.83548,0.70800,1.25900,1.62400,1
4009,1.95854,0.63700,1.26100,1.79700,1
4010,1.74310,0.58700,1.22700,1.59500,1
4011,1.71478,0.61000,1.19500,1.60200,1
4012,2.01696,0.62900,1.41600,1.61700,1
4013,1.90878,0.60800,1.42600,1.76400,1
4014,1.67208,0.63400,1.32500,1.60700,1
4015,1.67729,0.58300,1.19300,1.61000,1
4016,1.89510,0.57600,1.31700,1.59100,1
4017,1.73209,0.60400,1.29100,1.61000,1
4018,1.92123,0.63500,1.21500,1.79700,1
4019,1.74765,0.62500,1.20700,1.58600,1
4020,1.77671,0.60100,1.21200,1.60400,1
4021,1.80025,0.61900,1.22600,1.58700,1
4022,1.73486,0.66400,1.17900,1.60900,1
4023,3.27589,0.67200,1.39800,1.61600,1
4024,1.74070,0.63300,1.42500,1.62500,1
4025,1.84829,0.60100,1.47600,1.62600,1
4026,1.93928,0.61800,1.45400,1.79100,1
4027,1.74985,0.63200,1.43100,1.60700,1
4028,1.81988,0.57900,1.45300,1.59600,1
4029,1.63030,0.56900,1.28200,1.62700,1
4030,1.70513,0.55300,1.19200,1.61200,1
4031,2.00152,0.59800,1.28200,1.73900,1
4032,1.78783,0.60900,1.34000,1.58400,1
4033,1.75999,0.61200,1.25000,1.62900,1
4034,1.74134,0.60200,1.19700,1.58500,1
4035,2.00831,0.62300,1.20500,1.78600,1
4036,1.70647,1.01600,1.18000,1.59300,1
4037,1.76875,0.85200,1.24600,1.59300,1
4038,1.75617,0.75500,1.18400,1.61500,1
4039,1.76644,1.07500,1.23200,1.59100,1
4040,1.88422,1.07600,1.29400,1.60000,1
4041,1.65128,1.04700,1.22400,1.58800,1
4042,1.83644,0.85000,1.28600,1.58600,1
4043,2.51983,0.75200,1.24300,1.60400,1
4044,1.92856,0.73800,2.53100,1.69600,1
4045,1.62254,0.80400,1.22000,1.59600,1
4046,1.76889,0.75800,1.21300,1.60800,1
4047,1.73775,0.66000,1.19900,1.61600,1
4048,1.76144,0.64100,1.19300,1.58100,1
4049,1.91584,0.64500,1.17900,1.76100,1
4050,1.91502,0.65700,1.33500,1.59000,1
4051,1.64104,0.65300,1.19700,1.64000,1
4052,1.95076,0.62800,1.34000,1.62000,1
4053,1.76387,0.61800,1.35000,1.60600,1
4054,1.82901,0.64000,1.21400,1.76600,1
4055,1.91773,0.77000,1.35300,1.57800,1
4056,1.89195,1.03800,1.60700,1.61100,1
4057,1.55838,0.81200,1.30700,1.59100,1
4058,1.67392,0.64800,1.18900,1.59800,1
4059,1.88709,0.60700,1.27000,1.61800,1
4060,1.77802,0.62100,1.30800,1.61100,1
4061,1.70686,0.64900,1.21700,1.60100,1
4062,1.85452,0.60700,1.24200,1.62600,1
4063,1.90647,0.59700,1.20900,1.61100,1
4064,1.71971,0.61600,1.16400,1.58800,1
4065,1.85982,0.57500,1.20800,1.60400,1
4066,1.73226,0.62100,1.19900,1.61500,1
4067,1.75875,0.61200,1.21100,1.58700,1
4068,1.94225,0.64300,1.18400,1.78800,1
4069,1.82749,0.56400,1.17400,1.59000,1
4070,1.75264,0.61100,1.20200,1.57900,1
4071,1.87121,0.65500,1.28900,1.60800,1
4072,1.71947,0.60200,1.24100,1.60000,1
4073,1.92047,0.59200,1.16500,1.81300,1
4074,2.06699,0.61800,1.49300,1.57600,1
4075,1.54628,0.66600,1.32100,1.58600,1
4076,1.72472,0.64500,1.22500,1.61500,1
4077,1.71919,0.61900,1.18400,1.59100,1
4078,1.77284,0.64400,1.20300,1.57800,1
4079,1.76540,0.62000,1.16400,1.58700,1
4080,1.94026,0.70500,1.32200,1.58600,1
4081,1.89074,0.68500,1.42800,1.63300,1
4082,3.36200,0.75300,1.42300,1.82500,1
4083,2.06294,0.67900,1.69200,1.61200,1
4084,1.82431,0.89000,1.79500,1.61200,1
4085,1.72957,0.64000,1.70500,1.58900,1
4086,1.63842,0.62400,1.47700,1.60200,1
4087,1.72377,0.62700,1.44300,1.59400,1
4088,1.77198,0.59900,1.36200,1.63600,1
4089,2.05136,0.60100,1.65200,1.63200,1
4090,1.83694,0.62900,1.49100,1.78300,1
4091,1.75352,0.64000,1.44700,1.60700,1
4092,1.97524,0.61300,1.61800,1.62200,1
4093,1.82853,0.59600,1.69000,1.62100,1
4094,1.81244,0.58200,1.71600,1.61500,1
4095,1.79476,0.67300,1.68600,1.61400,1
4096,1.63718,0.59500,1.52400,1.61700,1
4097,1.64150,0.60100,1.41400,1.59000,1
4098,1.97547,0.61900,1.58800,1.62000,1
4099,1.47461,0.62500,1.30900,1.57600,1
4100,2.27100,0.57700,1.55800,1.80400,1
4101,1.68837,0.62400,1.53500,1.60600,1
4102,1.65328,0.63200,1.40600,1.60000,1
4103,1.72726,0.54700,1.28900,1.61900,1
4104,1.95045,0.58700,1.32000,1.76500,1
4105,2.24610,0.56100,1.73300,1.62300,1
4106,1.43220,0.62100,1.40900,1.62300,1
4107,1.96774,0.61000,1.57300,1.61400,1
4108,1.63906,0.67200,1.42700,1.63000,1
4109,1.88348,0.66000,1.32400,1.80700,1
4110,1.80706,0.59000,1.34000,1.59400,1
4111,1.96862,0.71600,1.48400,1.58900,1
4112,1.66023,1.08900,1.40000,1.58900,1
4113,1.78869,1.09600,1.47000,1.59400,1
4114,2.12190,0.91300,1.81500,1.61100,1
4115,1.61327,0.80600,1.60500,1.61100,1
4116,1.69555,0.83500,1.54200,1.63400,1
4117,1.83731,0.88800,1.61600,1.60700,1
4118,1.91670,0.87200,1.66800,1.79600,1
4119,1.79065,0.82400,1.57200,1.58200,1
4120,1.79114,0.81600,1.56700,1.62200,1
4121,2.79482,0.73400,1.52500,1.60000,1
4122,2.21202,0.71600,2.98800,1.79700,1
4123,1.82620,0.83400,1.60200,1.63300,1
4124,1.90550,0.80200,1.64300,1.62400,1
4125,1.98072,0.75300,1.73100,1.63900,1
4126,3.32953,0.71800,1.57200,1.63900,1
4127,1.67469,0.68100,1.49800,1.60300,1
4128,1.94307,0.68100,1.67400,1.59900,1
4129,1.67648,0.70200,1.51600,1.59300,1
4130,1.79845,0.85000,1.56400,1.59300,1
4131,1.76476,0.76400,1.53300,1.60400,1
4132,1.76937,0.66100,1.48200,1.59900,1
4133,1.81113,0.68100,1.53700,1.61500,1
4134,1.65970,0.69000,1.39500,1.60400,1
4135,2.18585,0.72600,1.61300,1.60600,1
4136,1.70093,0.74500,1.56800,1.63700,1
4137,1.67451,0.69300,1.45100,1.59200,1
4138,1.82658,0.66700,1.45200,1.62200,1
4139,2.26059,0.98400,1.68700,1.59900,1
4140,1.87402,1.22800,1.81000,1.66000,1
4141,1.67659,1.04700,1.70000,1.63900,1
4142,1.67572,0.84700,1.63300,1.63900,1
4143,1.91223,0.78000,1.78600,1.59600,1
4144,1.91999,0.78300,1.73900,1.61300,1
4145,1.66164,0.89000,1.56000,1.61300,1
4146,1.75545,0.75300,1.54000,1.63600,1
4147,1.85180,0.69100,1.35800,1.58000,1
4148,1.46061,0.68600,1.35100,1.60200,1
4149,1.89200,0.64200,1.41500,1.60200,1
4150,1.81773,0.63900,1.46400,1.63900,1
4151,1.86768,0.66100,1.45300,1.62100,1
4152,1.69875,0.63800,1.40100,1.60500,1
4153,1.98965,0.64000,1.44300,1.78900,1
4154,1.82039,0.61700,1.44700,1.61400,1
4155,1.83690,0.68800,1.52600,1.59800,1
4156,2.49369,0.63100,2.23500,1.60200,1
4157,1.59738,0.67500,1.59000,1.61500,1
4158,1.49507,0.70800,1.48800,1.61500,1
4159,1.76754,0.60600,1.57300,1.60700,1
4160,2.27460,0.65300,2.07300,1.63300,1
4161,2.04590,0.66400,1.52000,1.63300,1
4162,2.49824,0.67600,2.29800,1.67400,1
4163,1.71859,0.67400,1.44800,1.61400,1
4164,1.83770,0.58200,1.47600,1.61800,1
4165,1.74145,0.59800,1.44600,1.61400,1
4166,1.82970,0.63300,1.47100,1.61800,1
4167,1.86005,0.57200,1.53600,1.62000,1
4168,1.88522,0.58100,1.75700,1.58500,1
4169,1.66878,0.56900,1.55000,1.59700,1
4170,1.84494,0.64400,1.53800,1.61000,1
4171,1.90912,0.63800,1.53000,1.79700,1
4172,1.70223,0.63900,1.44600,1.60200,1
4173,1.70634,0.63400,1.38900,1.57800,1
4174,1.71788,0.59200,1.34400,1.60900,1
4175,1.90189,0.55600,1.25700,1.75500,1
4176,1.81250,0.60800,1.31000,1.60700,1
4177,1.77704,0.70500,1.30600,1.61200,1
4178,1.80906,0.61200,1.33100,1.62000,1
4179,2.00793,0.61700,1.62300,1.58900,1
4180,1.98403,0.58800,1.61800,1.79200,1
4181,2.00806,0.57900,1.87700,1.60200,1
4182,2.33596,0.56800,2.32800,1.61500,1
4183,1.78652,0.56300,1.77900,1.64900,1
4184,1.51299,0.56900,1.50200,1.63900,1
4185,1.44899,0.57800,1.44100,1.63900,1
4186,1.70078,0.58100,1.52500,1.59400,1
4187,1.68639,0.57400,1.47000,1.57200,1
4188,1.69947,0.58000,1.36500,1.64400,1
4189,2.01550,0.59300,1.38100,1.80900,1
4190,1.70559,0.58200,1.30400,1.59400,1
4191,1.76226,0.56900,1.28600,1.59200,1
4192,1.78456,0.55800,1.28500,1.58100,1
4193,1.88180,0.55100,1.25600,1.73200,1
4194,1.77603,0.55800,1.25800,1.60500,1
4195,1.78799,0.54400,1.21900,1.62100,1
4196,1.74885,0.60700,1.24500,1.58900,1
4197,1.77659,0.62600,1.22200,1.60500,1
4198,1.96453,0.56200,1.27700,1.78400,1
4199,1.84630,0.61400,1.36600,1.58700,1
4200,2.68099,0.59900,1.30900,1.60400,1
4201,1.90837,0.65900,2.64300,1.64500,1
4202,1.69795,0.67800,1.37700,1.61700,1
4203,1.84235,0.63500,1.31100,1.61000,1
4204,1.76219,1.08000,1.33300,1.62700,1
4205,1.78681,0.97500,1.37100,1.60300,1
4206,1.76055,0.81900,1.30900,1.59500,1
4207,1.93512,0.78700,1.27300,1.83400,1
4208,1.77878,0.74800,1.29000,1.58800,1
4209,1.74392,0.74000,1.28500,1.60200,1
4210,1.73580,0.69600,1.22300,1.60300,1
4211,1.96835,0.66000,1.23900,1.78100,1
4212,1.76804,0.65200,1.24500,1.58900,1
4213,1.83079,0.62100,1.27400,1.64400,1
4214,1.84600,0.63400,1.30800,1.58400,1
4215,1.66062,0.64800,1.24500,1.61200,1
4216,1.99015,0.62100,1.27300,1.78700,1
4217,1.80049,0.60400,1.28300,1.59400,1
4218,1.71662,0.59000,1.26900,1.59700,1
4219,1.79311,0.60000,1.28100,1.60700,1
4220,1.79974,0.59700,1.28600,1.59600,1
4221,1.75659,0.67100,1.25200,1.61200,1
4222,1.80139,0.64900,1.24600,1.62900,1
4223,1.77810,0.62000,1.22800,1.60500,1
4224,1.81560,0.61200,1.21500,1.63800,1
4225,2.08205,0.59100,1.38900,1.76400,1
4226,1.89494,0.64300,1.56600,1.59900,1
4227,1.75491,0.59800,1.52500,1.60200,1
4228,1.71843,0.60100,1.46900,1.60100,1
4229,2.63875,0.62300,1.40700,1.80300,1
4230,1.72491,0.65600,1.38200,1.61000,1
4231,1.76838,0.60100,1.32900,1.65000,1
4232,1.80492,0.59300,1.29200,1.58500,1
4233,1.86155,0.63100,1.35600,1.61300,1
4234,1.98299,0.80500,1.32200,1.80400,1
4235,1.68544,1.09400,1.21100,1.60500,1
4236,1.77508,0.87300,1.22000,1.62000,1
4237,1.78090,0.74300,1.21300,1.62700,1
4238,1.76677,0.67300,1.18900,1.62000,1
4239,1.82268,0.65300,1.25700,1.59800,1
4240,2.60916,0.62200,1.22800,1.61000,1
4241,1.77986,0.62200,1.19500,1.61500,1
4242,1.92101,0.76100,1.41600,1.60300,1
4243,2.23169,0.67100,1.65200,1.81700,1
4244,1.56425,0.69600,1.41900,1.62500,1
4245,1.69754,0.69600,1.30800,1.61300,1
4246,1.80783,0.63700,1.36800,1.60600,1
4247,1.94860,0.56700,1.32600,1.76600,1
4248,2.08993,0.63600,1.65200,1.59000,1
4249,1.75949,0.62500,1.73900,1.61800,1
4250,1.71180,0.63000,1.60600,1.59100,1
4251,1.74090,0.59300,1.51400,1.61900,1
4252,1.98065,0.61600,1.53900,1.78300,1
4253,1.76947,0.57600,1.76500,1.62800,1
4254,1.69905,0.76600,1.45600,1.59500,1
4255,1.86194,0.57700,1.54400,1.60200,1
4256,1.80651,0.63900,1.62500,1.59700,1
4257,1.82954,0.61600,1.64600,1.60300,1
4258,1.74447,0.62200,1.63400,1.59700,1
4259,1.64145,0.60500,1.44800,1.61400,1
4260,1.91769,0.60100,1.52000,1.64900,1
4261,1.91082,0.64800,1.48600,1.78600,1
4262,1.75145,0.69100,1.55900,1.59000,1
4263,1.71013,0.70500,1.50400,1.58500,1
4264,1.78290,0.72100,1.41600,1.62400,1
4265,1.91330,0.91400,1.35300,1.77700,1
4266,1.84589,0.91600,1.44100,1.59900,1
4267,1.69365,0.84300,1.35100,1.60600,1
4268,1.83518,0.73700,1.39100,1.58800,1
4269,1.73977,0.73600,1.29000,1.64900,1
4270,1.92722,0.76300,1.22600,1.80600,1
4271,1.78931,0.67400,1.23600,1.62300,1
4272,1.76856,0.61300,1.24200,1.58500,1
4273,1.81125,0.58100,1.28300,1.60300,1
4274,1.78691,0.57100,1.32100,1.59900,1
4275,1.70464,0.55400,1.25400,1.58200,1
4276,1.77414,0.56700,1.28200,1.61300,1
4277,1.74985,0.54000,1.26500,1.59400,1
4278,1.92333,0.55700,1.37000,1.62700,1
4279,1.62693,0.53800,1.22700,1.61500,1
4280,2.54644,0.56700,1.23700,1.77700,1
4281,1.78119,0.58800,2.14400,1.63600,1
4282,1.68436,0.64400,1.27800,1.58300,1
4283,1.88028,0.59100,1.39900,1.57400,1
4284,2.18292,0.60200,1.77300,1.61100,1
4285,1.65887,0.60900,1.64400,1.61100,1
4286,1.70790,0.95200,1.49900,1.57900,1
4287,1.84567,0.63400,1.60500,1.60900,1
4288,1.92648,0.62000,1.72300,1.62700,1
4289,1.69386,0.62300,1.46800,1.79700,1
4290,1.82664,0.57000,1.55700,1.60100,1
4291,1.73887,0.60000,1.45500,1.61500,1
4292,1.82813,0.56500,1.46000,1.61100,1
4293,1.76508,0.55400,1.44300,1.60400,1
4294,1.75078,0.60100,1.43200,1.58400,1
4295,1.91291,0.56100,1.53600,1.61100,1
4296,1.70662,0.56300,1.51200,1.62600,1
4297,1.68776,0.58000,1.37600,1.58100,1
4298,1.92573,0.54600,1.34000,1.79100,1
4299,1.77837,0.59400,1.34000,1.60800,1
4300,1.75454,0.59700,1.32800,1.59500,1
4301,1.74975,0.55100,1.32400,1.59300,1
4302,1.92215,0.57000,1.32500,1.75600,1
4303,1.74787,0.63000,1.25600,1.59200,1
4304,1.85721,0.56300,1.31400,1.63200,1
4305,1.86292,0.55200,1.39000,1.59800,1
4306,1.70311,0.57600,1.32500,1.61200,1
4307,1.87200,0.57000,1.22800,1.76800,1
4308,1.79026,0.57200,1.24400,1.58700,1
4309,1.79082,0.59400,1.26200,1.61000,1
4310,1.73322,0.54000,1.23500,1.58800,1
4311,1.81809,0.54300,1.30400,1.58000,1
4312,1.70299,0.58500,1.24600,1.59000,1
4313,1.78998,0.55000,1.24200,1.59500,1
4314,1.72445,0.62000,1.25200,1.57700,1
4315,1.84982,0.56800,1.27700,1.62400,1
4316,1.91773,0.59500,1.28000,1.76600,1
4317,1.71126,0.61400,1.21200,1.59900,1
4318,1.89517,0.64200,1.25900,1.60500,1
4319,2.59167,1.33200,1.42100,1.62600,1
4320,1.91743,0.91400,2.39000,1.65200,1
4321,1.71356,0.81200,1.27700,1.59100,1
4322,1.83415,0.70500,1.24300,1.60600,1
4323,1.73136,0.70900,1.23500,1.61700,1
4324,1.78425,0.64800,1.20400,1.67300,1
4325,2.20450,0.63100,1.35100,1.91000,1
4326,1.81273,0.60900,1.33400,1.62400,1
4327,1.75240,0.61400,1.32300,1.62500,1
4328,1.87859,0.58100,1.43000,1.61400,1
4329,1.82791,0.57300,1.50200,1.61300,1
4330,1.86725,0.62100,1.61200,1.60500,1
4331,1.57931,0.60200,1.40500,1.62800,1
4332,2.28021,0.57800,1.34600,1.60100,1
4333,2.32841,0.59200,2.21000,1.69700,1
4334,1.91527,0.63200,1.36700,1.79800,1
4335,1.81645,0.58400,1.40900,1.59800,1
4336,1.86352,0.55900,1.44100,1.61000,1
4337,1.72618,0.65100,1.40000,1.62300,1
4338,1.97183,0.60600,1.41500,1.77300,1
4339,1.78591,0.59900,1.38900,1.62900,1
4340,1.82212,0.59300,1.36600,1.65500,1
4341,1.73704,0.61300,1.32100,1.62500,1
4342,1.79154,0.57000,1.33200,1.61600,1
4343,1.97390,0.60900,1.36100,1.77600,1
4344,1.78417,0.60800,1.35100,1.60200,1
4345,1.92847,0.64800,1.49400,1.61300,1
4346,1.63022,0.68200,1.41100,1.62100,1
4347,1.81713,0.83100,1.36500,1.63400,1
4348,1.75644,0.58700,1.34900,1.60900,1
4349,1.80083,0.57600,1.33100,1.62200,1
4350,1.85257,0.59000,1.38400,1.59600,1
4351,1.80261,0.58500,1.39000,1.62700,1
4352,1.92486,0.57800,1.37900,1.77900,1
4353,1.84541,0.63200,1.42200,1.60600,1
4354,1.77223,0.61600,1.44300,1.61400,1
4355,1.81886,0.59100,1.42700,1.63000,1
4356,1.94994,0.62700,1.42100,1.75600,1
4357,1.76842,0.71500,1.45900,1.59300,1
4358,1.74338,0.60000,1.39500,1.61200,1
4359,3.34495,0.58000,1.42800,1.65700,1
4360,1.91098,0.69000,1.48600,1.79600,1
4361,1.80533,0.65000,1.54400,1.59300,1
4362,1.69495,0.75500,1.47900,1.61500,1
4363,1.80969,0.62000,1.45200,1.60900,1
4364,1.74674,0.57800,1.46900,1.58500,1
4365,1.77535,0.58200,1.43700,1.63000,1
4366,1.75311,0.54800,1.40300,1.61500,1
4367,1.81163,0.56500,1.40700,1.61000,1
4368,1.81452,0.55800,1.40100,1.61600,1
4369,1.76271,0.60400,1.39000,1.59000,1
4370,2.19508,0.69200,1.57200,1.79300,1
4371,1.62929,0.66400,1.44800,1.60900,1
4372,1.71952,0.60500,1.38200,1.60500,1
4373,1.75910,0.57300,1.40100,1.60200,1
4374,2.05685,0.57900,1.49700,1.77100,1
4375,1.76359,0.58300,1.31600,1.76700,1
4376,1.85180,0.58700,1.39600,1.60700,1
4377,1.72132,0.59800,1.32900,1.58300,1
4378,1.78347,0.60300,1.32700,1.60300,1
4379,1.89850,0.58500,1.27800,1.79300,1
4380,1.86778,0.59000,1.32400,1.62500,1
4381,1.95201,0.62400,1.50000,1.59300,1
4382,1.69455,0.59600,1.46200,1.59400,1
4383,1.81130,0.61000,1.47800,1.59600,1
4384,1.70756,0.62600,1.38500,1.63000,1
4385,1.74869,0.61900,1.33300,1.60400,1
4386,1.76706,0.61400,1.27100,1.63400,1
4387,1.73303,0.59400,1.22200,1.62500,1
4388,1.78521,0.60300,1.22100,1.62300,1
4389,1.99203,0.60000,1.22000,1.81300,1
4390,1.77225,0.61100,1.21500,1.62200,1
4391,1.96451,0.58800,1.24400,1.75300,1
4392,1.75917,0.58900,1.21500,1.61300,1
4393,1.73871,0.59500,1.21900,1.57900,1
4394,1.81135,0.57200,1.23300,1.62000,1
4395,1.82978,0.58300,1.24400,1.60600,1
4396,1.70834,0.59400,1.20000,1.59800,1
4397,1.77258,0.62000,1.19400,1.59600,1
4398,2.91542,0.59400,1.36800,1.79200,1
4399,1.78326,0.69200,1.26000,1.58500,1
4400,1.84253,0.57700,1.30400,1.62600,1
4401,1.70063,0.58300,1.23300,1.61600,1
4402,1.79443,0.58300,1.23500,1.61200,1
4403,1.84612,0.63100,1.30900,1.59000,1
4404,1.89640,0.62000,1.36800,1.64200,1
4405,1.87543,0.62600,1.40200,1.72900,1
4406,1.72987,0.59800,1.31000,1.59200,1
4407,1.99364,0.79200,1.34200,1.77600,1
4408,1.71790,1.13300,1.29200,1.58800,1
4409,1.81393,0.88800,1.21400,1.75000,1
4410,1.74002,0.75800,1.23700,1.57200,1
4411,1.81558,0.67900,1.27000,1.59900,1
4412,1.90052,0.63500,1.37500,1.61900,1
4413,1.67397,0.70000,1.27400,1.60600,1
4414,1.74432,0.64600,1.27600,1.59600,1
4415,1.74868,0.58300,1.24200,1.58800,1
4416,1.99875,0.60300,1.25100,1.79900,1
4417,1.77363,0.58000,1.22600,1.59300,1
4418,1.70064,0.72300,1.20000,1.56500,1
4419,1.81346,0.68300,1.24000,1.60600,1
4420,1.75777,0.67500,1.23700,1.58800,1
4421,1.80660,0.66900,1.22300,1.61400,1
4422,1.76870,0.63400,1.21000,1.59600,1
4423,1.80785,0.65200,1.23900,1.62200,1
4424,1.78823,0.62300,1.25700,1.61500,1
4425,1.97665,0.64900,1.24800,1.78200,1
4426,1.81350,0.62000,1.28300,1.62500,1
4427,1.75981,0.67800,1.30000,1.58900,1
4428,1.82959,0.67800,1.24900,1.73200,1
4429,1.77956,0.59200,1.25400,1.59800,1
4430,1.76324,0.58100,1.26100,1.61400,1
4431,1.81348,0.56200,1.25500,1.59400,1
4432,1.78308,0.62300,1.28300,1.60800,1
4433,1.68749,0.55700,1.21000,1.58000,1
4434,2.00199,0.55500,1.26000,1.78700,1
4435,2.22005,0.54500,1.26300,1.59600,1
4436,2.23095,0.52600,2.00300,1.65800,1
4437,2.61434,0.52800,1.30100,1.62600,1
4438,1.69947,0.52000,1.26900,1.59100,1
4439,1.78055,0.53700,1.26700,1.60900,1
4440,1.73603,0.54600,1.21000,1.63200,1
4441,1.95811,0.53700,1.38300,1.59600,1
4442,1.63214,0.53300,1.26300,1.61600,1
4443,1.97923,0.55500,1.27500,1.80100,1
4444,1.75354,0.55500,1.26400,1.58400,1
4445,1.92744,0.55800,1.29400,1.73100,1
4446,1.79693,0.54300,1.28300,1.60400,1
4447,1.77019,0.55700,1.32800,1.58600,1
4448,1.73621,0.52700,1.27700,1.61600,1
4449,1.74801,0.52800,1.22400,1.58600,1
4450,1.89457,0.53700,1.33200,1.62300,1
4451,1.72629,0.54600,1.30800,1.59700,1
4452,1.90907,0.59600,1.22900,1.80500,1
4453,1.80837,0.54700,1.26500,1.60200,1
4454,1.77835,0.51900,1.22000,1.61400,1
4455,1.81300,0.55100,1.24800,1.61100,1
4456,2.02416,0.58700,1.48700,1.61700,1
4457,1.65351,0.57700,1.37100,1.62400,1
4458,2.07966,1.00700,1.69200,1.62600,1
4459,1.93925,0.96100,1.94800,1.58800,1
4460,1.68856,0.79600,1.68000,1.58800,1
4461,1.75200,0.84500,1.60400,1.76200,1
4462,1.72853,0.72400,1.51300,1.60000,1
4463,1.76669,0.68400,1.53400,1.57000,1
4464,2.16202,0.65000,1.58800,1.60000,1
4465,1.85007,0.61700,2.00000,1.60600,1
4466,1.67726,0.76500,1.64100,1.61900,1
4467,1.54563,0.84100,1.51500,1.61900,1
4468,1.66117,0.76100,1.33800,1.59900,1
4469,1.75571,0.70600,1.31400,1.60700,1
4470,1.91445,0.71000,1.29800,1.76600,1
4471,1.85762,0.65900,1.38500,1.58300,1
4472,1.70241,0.69000,1.34100,1.60700,1
4473,1.72469,0.60100,1.27400,1.58200,1
4474,1.73774,0.58200,1.22900,1.61500,1
4475,1.78830,0.56700,1.24400,1.59700,1
4476,2.99312,0.57000,1.28600,1.61800,1
4477,1.69325,0.57400,1.23500,1.62000,1
4478,1.79985,0.55800,1.25500,1.63200,1
4479,2.03470,0.56300,1.30400,1.79400,1
4480,1.77207,0.55400,1.34100,1.60200,1
4481,1.76725,0.55300,1.33800,1.59900,1
4482,1.90229,0.60600,1.30000,1.73900,1
4483,1.75367,0.61100,1.31000,1.60700,1
4484,1.75583,0.55500,1.30100,1.59300,1
4485,1.76140,0.57600,1.27300,1.60000,1
4486,1.78614,0.55500,1.26500,1.63800,1
4487,1.82286,0.58200,1.29600,1.60100,1
4488,1.95825,0.60100,1.28800,1.80300,1
4489,1.70195,0.58500,1.20500,1.61200,1
4490,1.77299,0.66600,1.25100,1.60300,1
4491,1.79407,0.65500,1.25600,1.60800,1
4492,1.78130,0.62900,1.27700,1.58800,1
4493,1.76782,0.63500,1.28800,1.59600,1
4494,1.75523,0.62700,1.27300,1.59400,1
4495,1.76514,0.63200,1.27100,1.59000,1
4496,2.03530,0.62500,1.51800,1.60300,1
4497,1.61091,0.60800,1.29200,1.60800,1
4498,1.86027,0.59900,1.23500,1.79200,1
4499,1.76420,0.55000,1.21600,1.58500,1
4500,2.19702,0.57000,1.50900,1.74000,1
4501,1.51855,0.61300,1.23500,1.61200,1
4502,1.80475,0.61900,1.23500,1.59200,1
4503,1.89663,0.64000,1.34800,1.62900,1
4504,1.71732,0.65300,1.32000,1.65100,1
4505,1.69450,0.63900,1.23300,1.59300,1
4506,1.82584,0.55800,1.24600,1.62200,1
4507,2.06481,0.61500,1.36200,1.80000,1
4508,1.69873,0.61900,1.28300,1.60400,1
4509,1.81198,0.55500,1.31100,1.58600,1
4510,1.66144,0.54400,1.21400,1.60700,1
4511,1.77876,0.59200,1.21200,1.61800,1
4512,1.85811,0.55500,1.28700,1.58800,1
4513,1.97013,0.55400,1.47000,1.58600,1
4514,1.68938,0.69500,1.42800,1.63200,1
4515,2.92059,0.66200,1.39600,1.65500,1
4516,1.84404,0.68600,1.32000,1.78800,1
4517,1.78756,0.63900,1.35200,1.58200,1
4518,1.93102,0.63600,1.34300,1.75100,1
4519,1.77023,0.66700,1.34800,1.58900,1
4520,1.75524,0.71100,1.28800,1.62300,1
4521,1.72134,0.65800,1.22600,1.58800,1
4522,1.80653,0.67800,1.27300,1.59600,1
4523,1.85445,0.69900,1.36200,1.59400,1
4524,2.39340,0.67500,1.92800,1.81100,1
4525,1.46238,0.73100,1.46300,1.81100,1
4526,1.74282,0.67000,1.46900,1.60600,1
4527,1.81913,0.70900,1.52200,1.61500,1
4528,1.71885,0.70900,1.50300,1.58700,1
4529,1.77112,0.72300,1.46900,1.58700,1
4530,1.75568,0.69200,1.43600,1.60500,1
4531,1.80500,0.66700,1.44500,1.61300,1
4532,1.81287,0.64600,1.42600,1.62400,1
4533,1.78479,0.70500,1.45800,1.60100,1
4534,1.96447,0.63400,1.40300,1.80000,1
4535,1.78429,0.58900,1.33500,1.61300,1
4536,1.87165,0.67200,1.32100,1.77500,1
4537,1.77733,0.62900,1.31800,1.57400,1
4538,1.95786,0.65700,1.49000,1.60000,1
4539,3.11961,0.61300,1.36500,1.64400,1
4540,1.81698,0.58300,1.36700,1.62500,1
4541,1.81972,0.59400,1.46100,1.61800,1
4542,1.86469,0.65100,1.32300,1.78000,1
4543,1.83158,0.77600,1.37700,1.58000,1
4544,1.78836,0.61000,1.37600,1.62100,1
4545,1.81695,0.59500,1.42000,1.60400,1
4546,1.79315,0.54200,1.40800,1.62400,1
4547,1.83278,0.55300,1.46900,1.57100,1
4548,1.80121,0.53300,1.51000,1.58800,1
4549,2.01831,0.52900,1.91500,1.60800,1
4550,1.76558,0.57300,1.76000,1.60800,1
4551,10.44641,0.60200,1.53300,1.59300,1
4552,2.20870,0.65200,10.91500,1.80800,1
4553,1.73962,0.59800,1.67000,1.60200,1
4554,2.79597,0.64200,1.52500,1.64800,1
4555,2.00212,0.60600,1.44600,1.93600,1
4556,1.76406,0.61100,1.43900,1.60600,1
4557,1.73577,0.57900,1.38800,1.59500,1
4558,1.78305,0.60000,1.39100,1.59500,1
4559,1.93646,0.59800,1.56500,1.59300,1
4560,1.74092,0.58500,1.58700,1.62400,1
4561,1.79351,0.59100,1.57400,1.60200,1
4562,1.69490,0.57300,1.44800,1.62100,1
4563,1.81069,0.59100,1.47300,1.63700,1
4564,2.07822,0.58900,1.57100,1.78400,1
4565,1.69134,0.56200,1.54700,1.58200,1
4566,1.57871,0.57400,1.38500,1.57800,1
4567,1.94200,0.57900,1.39800,1.75400,1
4568,1.77346,0.60100,1.38000,1.62300,1
4569,2.12681,0.56900,1.74900,1.61600,1
4570,1.69728,0.61700,1.53500,1.75000,1
4571,1.72681,0.59500,1.47300,1.60400,1
4572,1.69283,0.56800,1.40800,1.60500,1
4573,2.17841,0.55900,1.62600,1.78400,1
4574,1.69663,0.56900,1.62700,1.57100,1
4575,1.63526,0.58400,1.46300,1.61100,1
4576,1.78969,0.55700,1.40300,1.64100,1
4577,1.86686,0.54000,1.45800,1.62500,1
4578,1.85203,0.57300,1.58400,1.58800,1
4579,1.69901,0.55600,1.51500,1.60400,1
4580,1.73356,0.62500,1.48600,1.63100,1
4581,1.77794,0.56800,1.47400,1.60500,1
4582,1.85445,0.57700,1.49200,1.62700,1
4583,1.84411,0.56400,1.41200,1.78900,1
4584,1.78217,0.56000,1.42500,1.60400,1
4585,1.92152,0.53900,1.40900,1.74300,1
4586,1.87577,0.56500,1.48000,1.58700,1
4587,2.29927,0.59200,2.29600,1.63800,1
4588,1.68913,0.58000,1.66900,1.63900,1
4589,1.55036,0.53200,1.54200,1.63900,1
4590,1.51004,0.56000,1.44500,1.58800,1
4591,1.92759,0.60000,1.55200,1.61800,1
4592,1.96618,0.60600,1.57400,1.79100,1
4593,1.70685,0.55900,1.58200,1.57100,1
4594,2.81045,0.55300,1.57400,1.62800,1
4595,1.65979,0.57200,1.45000,1.58800,1
4596,1.97938,0.57100,1.61100,1.62500,1
4597,1.66386,0.57400,1.50200,1.62600,1
4598,1.96686,0.53900,1.64600,1.62300,1
4599,1.67611,0.55700,1.57000,1.60200,1
4600,1.88885,0.55100,1.53400,1.75800,1
4601,1.70707,0.53600,1.43900,1.60000,1
4602,1.71628,0.54100,1.37200,1.58600,1
4603,1.89598,0.54300,1.30800,1.77000,1
4604,1.77986,0.53500,1.31700,1.59300,1
4605,1.83709,0.55200,1.34900,1.64700,1
4606,1.74047,0.55200,1.32100,1.60000,1
4607,1.71552,0.53000,1.23900,1.59500,1
4608,1.79243,0.54700,1.25300,1.60400,1
4609,1.77130,0.53400,1.26600,1.61300,1
4610,2.02640,0.57400,1.30000,1.78600,1
4611,1.87655,0.56500,1.40800,1.63200,1
4612,1.75002,0.55800,1.39900,1.61700,1
4613,1.68962,0.64000,1.30100,1.60200,1
4614,1.73327,0.55700,1.24400,1.60200,1
4615,1.76909,0.54900,1.26600,1.57800,1
4616,1.80337,0.53500,1.25200,1.59400,1
4617,1.70513,0.57400,1.21200,1.62900,1
4618,1.77938,0.53500,1.21700,1.60300,1
4619,1.94027,0.55900,1.19300,1.80000,1
4620,1.91210,0.58400,1.27500,1.62100,1
4621,1.93683,0.60500,1.45800,1.63000,1
4622,1.92019,0.60700,1.43600,1.75900,1
4623,1.78786,0.62500,1.47600,1.60400,1
4624,2.04794,0.56700,1.78800,1.59800,1
4625,1.66146,0.60400,1.63200,1.59800,1
4626,1.88599,0.56000,1.81700,1.63600,1
4627,1.69510,0.59500,1.59300,1.59400,1
4628,1.87598,0.56100,1.50000,1.80900,1
4629,1.81258,0.61400,1.53000,1.59500,1
4630,1.81726,0.55700,1.60100,1.61100,1
4631,1.71919,0.64700,1.47200,1.62000,1
4632,1.73140,0.62100,1.43700,1.62900,1
4633,3.03274,0.64100,1.45900,1.62200,1
4634,1.84973,0.65600,1.60200,1.57700,1
4635,1.73548,0.80200,1.59800,1.59200,1
4636,1.74458,0.74200,1.53900,1.60100,1
4637,1.82480,0.65400,1.41700,1.76400,1
4638,1.71861,0.62300,1.35800,1.60700,1
4639,1.84649,0.59100,1.28500,1.73200,1
4640,1.75438,0.62700,1.27000,1.58600,1
4641,1.75739,0.63100,1.25000,1.57900,1
4642,1.88906,0.61100,1.37300,1.62700,1
4643,3.11526,0.63300,1.45100,1.59100,1
4644,1.61887,0.71900,1.39900,1.60800,1
4645,1.99231,0.73800,1.37800,1.78400,1
4646,1.80654,0.71200,1.39100,1.59700,1
4647,1.76611,1.33800,1.40300,1.59300,1
4648,1.84070,0.88100,1.44500,1.62600,1
4649,1.57931,0.78200,1.31300,1.59700,1
4650,1.88268,0.69400,1.37600,1.59200,1
4651,1.90586,0.81200,1.49200,1.61300,1
4652,1.75918,0.75300,1.51400,1.59800,1
4653,1.81576,0.81100,1.55800,1.60000,1
4654,1.88908,0.72100,1.48900,1.78700,1
4655,1.83493,0.72300,1.50700,1.61100,1
4656,1.78536,0.70300,1.53800,1.61800,1
4657,1.84314,0.62100,1.42400,1.73900,1
4658,1.76088,0.62300,1.37500,1.60500,1
4659,1.87185,0.62200,1.42900,1.65600,1
4660,1.85134,0.57900,1.48400,1.59600,1
4661,1.77963,0.66300,1.45600,1.62600,1
4662,1.76506,0.70500,1.46200,1.61800,1
4663,1.85763,0.69100,1.53900,1.60800,1
4664,1.82655,0.69600,1.39900,1.78300,1
4665,1.76264,0.65600,1.36000,1.60400,1
4666,1.76941,0.67800,1.38300,1.59300,1
4667,1.82242,0.64600,1.40900,1.60300,1
4668,1.82364,0.66500,1.48700,1.57900,1
4669,1.76975,0.57600,1.47900,1.59300,1
4670,1.83814,0.68900,1.52600,1.58700,1
4671,1.87920,0.57900,1.58400,1.62800,1
4672,3.23726,0.63700,1.41500,1.65000,1
4673,1.67684,0.63900,1.33100,1.56900,1
4674,1.74521,0.58300,1.28300,1.61900,1
4675,1.96267,0.57800,1.30800,1.74900,1
4676,1.85482,0.54600,1.36900,1.60600,1
4677,2.37488,0.55600,2.26500,1.61600,1
4678,1.88671,0.54400,1.87000,1.65900,1
4679,1.73860,0.56600,1.73900,1.62100,1
4680,1.67676,0.57500,1.67100,1.78500,1
4681,1.59137,0.59400,1.59100,1.78500,1
4682,1.70865,0.57400,1.46500,1.59700,1
4683,1.83772,0.74600,1.47800,1.62100,1
4684,1.60971,1.02400,1.33400,1.57700,1
4685,1.76933,0.78600,1.32800,1.58900,1
4686,1.77728,0.74400,1.34800,1.60700,1
4687,1.79327,0.70300,1.35700,1.59700,1
4688,1.73471,0.72800,1.33400,1.61900,1
4689,2.05008,0.74600,1.55600,1.60100,1
4690,1.69216,0.79000,1.54000,1.59100,1
4691,2.01544,0.73600,1.60800,1.79000,1
4692,1.74289,0.74200,1.56600,1.61300,1
4693,1.79245,0.63100,1.45800,1.58600,1
4694,1.84396,0.59200,1.57700,1.61600,1
4695,1.80411,0.59000,1.51100,1.64800,1
4696,1.80828,0.59100,1.51900,1.58400,1
4697,1.74294,0.57800,1.47000,1.59100,1
4698,1.74173,0.64500,1.55600,1.59200,1
4699,1.72861,0.60300,1.44200,1.61800,1
4700,1.97668,0.60100,1.40400,1.82200,1
4701,1.73022,0.56600,1.33900,1.62200,1
4702,1.69311,0.55100,1.26300,1.58300,1
4703,1.85607,0.58500,1.32700,1.63400,1
4704,1.80535,0.59100,1.36600,1.58600,1
4705,1.67507,0.55300,1.24300,1.58900,1
4706,1.81631,0.54900,1.27500,1.60700,1
4707,1.70986,0.60400,1.23600,1.60000,1
4708,1.79400,0.60800,1.24400,1.58800,1
4709,1.92059,0.60200,1.22400,1.79600,1
4710,1.79941,0.62800,1.22200,1.59900,1
4711,2.37232,0.56400,1.27800,1.59300,1
4712,1.72058,0.55600,2.08800,1.81100,1
4713,2.00022,0.58800,1.53200,1.59000,1
4714,1.67171,0.56500,1.43100,1.62600,1
4715,1.87263,0.58300,1.47900,1.60500,1
4716,2.17706,0.55700,1.77300,1.62900,1
4717,1.92367,0.59800,1.90400,1.78600,1
4718,1.55372,0.60200,1.53400,1.78600,1
4719,1.62024,0.63700,1.46200,1.59800,1
4720,1.85688,0.58900,1.44800,1.63800,1
4721,1.69730,0.60500,1.33000,1.62200,1
4722,1.69390,0.65200,1.25200,1.62900,1
4723,1.88159,0.61200,1.33200,1.58800,1
4724,1.89068,0.64000,1.52300,1.59800,1
4725,1.85899,0.60500,1.56800,1.62100,1
4726,1.77184,0.60300,1.64900,1.56300,1
4727,1.93334,0.64100,1.59400,1.78500,1
4728,1.66444,0.62900,1.47800,1.61200,1
4729,1.73042,0.62800,1.35800,1.61600,1
4730,1.86681,0.69300,1.30800,1.76600,1
4731,1.77818,0.58800,1.33300,1.59900,1
4732,1.73918,0.56600,1.26700,1.60600,1
4733,1.78640,0.61000,1.27500,1.57500,1
4734,1.81008,0.67200,1.28400,1.63400,1
4735,1.81230,0.63000,1.34900,1.58300,1
4736,2.02809,0.56800,1.42000,1.79900,1
4737,1.75367,0.68300,1.39900,1.58300,1
4738,1.77780,0.65100,1.36900,1.61900,1
4739,1.98768,0.63300,1.57700,1.60300,1
4740,1.58939,0.66300,1.41500,1.59400,1
4741,2.00469,0.61300,1.65200,1.58300,1
4742,1.74453,0.57700,1.74300,1.58600,1
4743,1.56439,0.56000,1.51600,1.59000,1
4744,1.81587,0.54900,1.51700,1.62200,1
4745,1.89331,0.54400,1.56000,1.61700,1
4746,2.94199,0.55600,1.44700,1.80400,1
4747,1.72000,0.55900,1.37800,1.60700,1
4748,1.98015,0.56000,1.39500,1.77200,1
4749,1.90443,0.63300,1.50800,1.61800,1
4750,2.27107,0.57500,2.24500,1.62600,1
4751,3.85220,0.59500,2.21300,1.59100,1
4752,1.96084,0.62100,1.94500,1.62600,1
4753,1.49462,0.64300,1.50100,1.79600,1
4754,1.42567,0.58800,1.40900,1.79600,1
4755,1.72329,0.63300,1.41400,1.62000,1
4756,1.73465,0.99300,1.41600,1.59700,1
4757,1.76374,0.96000,1.42000,1.58800,1
4758,1.94926,0.84500,1.64600,1.58600,1
4759,1.59059,0.75500,1.49400,1.60600,1
4760,1.85550,0.67600,1.49000,1.63300,1
4761,1.66731,0.68800,1.40400,1.60000,1
4762,1.70881,0.64600,1.34000,1.59200,1
4763,1.95803,0.61100,1.28800,1.82400,1
4764,1.83836,0.69900,1.30800,1.60100,1
4765,1.89370,1.01600,1.26000,1.77600,1
4766,1.89314,0.86400,1.40600,1.58900,1
4767,1.59833,0.78500,1.23400,1.60600,1
4768,1.81501,0.73200,1.28700,1.56400,1
4769,1.78717,0.69200,1.33000,1.60400,1
4770,1.76110,0.67200,1.30200,1.61000,1
4771,1.73990,0.72100,1.23000,1.59300,1
4772,2.04946,0.62800,1.30600,1.78700,1
4773,1.83434,0.68300,1.41600,1.58500,1
4774,2.00143,0.67500,1.54200,1.62700,1
4775,1.61613,0.61400,1.49600,1.61200,1
4776,1.70918,0.68800,1.37900,1.61500,1
4777,1.73656,0.68200,1.34200,1.61000,1
4778,1.85931,0.68600,1.39200,1.64000,1
4779,1.68555,0.65000,1.28300,1.58700,1
4780,1.94955,0.62400,1.42000,1.63100,1
4781,1.92575,0.66800,1.38500,1.78600,1
4782,1.89985,0.64300,1.50400,1.63200,1
4783,1.97818,0.81300,1.47400,1.75700,1
4784,1.72128,0.59400,1.48600,1.59900,1
4785,1.71017,0.64700,1.41600,1.60000,1
4786,1.82975,0.59500,1.43700,1.64700,1
4787,1.82271,0.56800,1.47700,1.58400,1
4788,1.85532,0.54300,1.48700,1.63600,1
4789,1.55479,0.83200,1.31900,1.57900,1
4790,3.15044,0.57100,1.32900,1.81000,1
4791,1.83989,0.60000,1.38900,1.59600,1
4792,1.75407,0.56600,1.38300,1.59000,1
4793,1.80027,0.59800,1.37700,1.60800,1
4794,1.74281,0.62500,1.33800,1.61400,1
4795,1.78477,0.57300,1.36000,1.59200,1
4796,1.88933,0.55600,1.47500,1.60000,1
4797,1.61723,0.56300,1.36200,1.57400,1
4798,1.70680,0.56400,1.28400,1.58600,1
4799,1.99946,0.64000,1.30500,1.78900,1
4800,1.73907,0.65500,1.28500,1.59500,1
4801,1.95761,0.64000,1.34400,1.75000,1
4802,1.77205,0.56700,1.30500,1.61400,1
4803,1.76310,0.56400,1.28400,1.60100,1
4804,1.82389,0.57900,1.34900,1.58800,1
4805,1.77410,0.56800,1.31600,1.63800,1
4806,1.84147,0.58600,1.34500,1.60300,1
4807,1.77243,0.56000,1.34200,1.59700,1
4808,1.91872,0.58100,1.31700,1.77600,1
4809,1.74255,0.60700,1.29900,1.57800,1
4810,1.73399,0.57600,1.24400,1.59700,1
4811,1.83922,0.56600,1.31200,1.59600,1
4812,1.76005,0.55100,1.31300,1.61700,1
4813,1.79107,0.56100,1.31500,1.59200,1
4814,1.76193,0.55400,1.28400,1.58900,1
4815,1.78886,0.56200,1.31100,1.62900,1
4816,1.79546,0.55300,1.36200,1.58900,1
4817,1.74132,0.68700,1.32900,1.61700,1
4818,1.94080,0.57000,1.30100,1.78100,1
4819,1.77714,0.53300,1.28900,1.60000,1
4820,1.92418,0.55500,1.27300,1.75300,1
4821,1.80238,0.58300,1.29200,1.61000,1
4822,1.82592,0.57700,1.36200,1.61700,1
4823,1.77719,0.62100,1.33100,1.59100,1
4824,1.78067,0.66100,1.33200,1.64800,1
4825,1.82569,0.63700,1.38400,1.60600,1
4826,1.75626,0.65800,1.39400,1.59600,1
4827,1.95405,0.59600,1.34900,1.81000,1
4828,1.80294,0.56400,1.35300,1.62300,1
4829,3.07841,0.54600,1.34800,1.60600,1
4830,1.83850,0.56000,1.38500,1.60800,1
4831,1.72211,0.55800,1.34700,1.62000,1
4832,1.94171,0.54500,1.42100,1.64200,1
4833,1.72558,0.57200,1.42600,1.61400,1
4834,1.77392,0.55600,1.36800,1.61100,1
4835,1.89371,0.60800,1.32700,1.79300,1
4836,1.94466,0.59800,1.47000,1.60600,1
4837,1.81604,0.57000,1.36500,1.75400,1
4838,1.73952,0.60900,1.34600,1.57500,1
4839,1.75224,0.58500,1.32700,1.58900,1
4840,1.78122,0.61800,1.34000,1.61300,1
4841,1.87940,0.57200,1.45800,1.59200,1
4842,1.73195,0.60900,1.38900,1.61600,1
4843,1.72217,0.60600,1.32300,1.58700,1
4844,2.11566,0.64400,1.52400,1.76700,1
4845,1.62033,0.66400,1.41700,1.57200,1
4846,1.72831,0.64800,1.30800,1.62000,1
4847,1.79510,0.64200,1.35600,1.56400,1
4848,1.74826,0.65000,1.32200,1.60700,1
4849,2.33121,0.66300,1.40400,1.58400,1
4850,2.23233,0.62600,2.12600,1.63200,1
4851,1.76603,0.61200,1.32600,1.61200,1
4852,1.79914,0.60200,1.33800,1.61800,1
4853,1.97290,0.60600,1.36800,1.79000,1
4854,1.85983,0.67800,1.43900,1.61800,1
4855,1.82836,0.64800,1.35900,1.76400,1
4856,1.73431,0.57700,1.27000,1.59500,1
4857,1.81265,0.62300,1.27900,1.59400,1
4858,1.79876,0.62400,1.27700,1.65500,1
4859,1.81358,0.57500,1.30300,1.63000,1
4860,1.83480,0.56900,1.35600,1.59000,1
4861,1.85049,0.57900,1.40800,1.61900,1
4862,2.03319,0.58100,1.47800,1.78400,1
4863,1.65125,0.65500,1.42600,1.61000,1
4864,1.90172,0.60900,1.48900,1.60300,1
4865,1.70978,0.62000,1.44400,1.61000,1
4866,1.72382,0.58000,1.36400,1.61400,1
4867,1.88055,0.55200,1.45200,1.60800,1
4868,2.36157,0.54600,1.34000,1.63500,1
4869,1.81680,0.56300,1.37400,1.60000,1
4870,1.89953,0.61600,1.57100,1.59200,1
4871,1.88643,0.62000,1.46200,1.77500,1
4872,1.74301,0.57800,1.42500,1.61200,1
4873,1.96197,0.56100,1.41000,1.76400,1
4874,1.78869,0.56200,1.42700,1.62900,1
4875,1.78583,0.57500,1.38000,1.59900,1
4876,1.78302,0.59000,1.41600,1.63900,1
4877,1.86450,0.57500,1.42600,1.61300,1
4878,1.92850,0.66300,1.65300,1.58000,1
4879,1.62503,0.70500,1.47300,1.58000,1
4880,1.90906,0.63500,1.40700,1.79200,1
4881,1.76265,0.66700,1.43100,1.58500,1
4882,1.76756,0.58800,1.45500,1.59400,1
4883,2.02823,0.63100,1.71000,1.59800,1
4884,1.47376,0.59600,1.39800,1.59800,1
4885,1.77470,0.57100,1.38400,1.60300,1
4886,1.70801,0.57100,1.32200,1.59600,1
4887,1.82693,0.59100,1.36100,1.60900,1
4888,1.80874,0.56800,1.39800,1.60800,1
4889,1.74053,0.59300,1.35600,1.60700,1
4890,1.96765,0.63600,1.36900,1.77000,1
4891,1.76223,0.60600,1.36100,1.59600,1
4892,1.91918,0.57300,1.34100,1.73800,1
4893,1.75405,0.59700,1.31300,1.60000,1
4894,1.83289,0.57200,1.32500,1.66400,1
4895,1.81361,0.57300,1.35000,1.59500,1
4896,1.79124,0.56800,1.35100,1.61200,1
4897,1.77978,0.64100,1.32900,1.59500,1
4898,1.75602,0.83300,1.37100,1.58900,1
4899,1.95116,0.59300,1.41700,1.76000,1
4900,1.73407,0.56700,1.33800,1.61700,1
4901,1.92325,0.54900,1.45800,1.61900,1
4902,1.66163,0.55300,1.37900,1.59200,1
4903,1.73771,0.57000,1.30000,1.59600,1
4904,1.81374,0.55000,1.32500,1.61500,1
4905,1.84749,0.54300,1.43000,1.61700,1
4906,2.59748,0.54300,1.42200,1.62300,1
4907,1.91496,0.55800,2.42900,1.64900,1
4908,1.93344,0.57600,1.48300,1.58900,1
4909,1.64410,0.54300,1.37900,1.59300,1
4910,1.91557,0.57100,1.34500,1.74700,1
4911,1.80275,0.57400,1.34500,1.60200,1
4912,1.74238,0.61900,1.31500,1.61700,1
4913,1.75554,0.57600,1.29200,1.58400,1
4914,1.95206,0.56600,1.46300,1.61900,1
4915,1.70055,0.55800,1.37500,1.59100,1
4916,1.77073,0.53100,1.35200,1.59200,1
4917,1.90078,0.59400,1.28400,1.76900,1
4918,1.81016,0.60200,1.31100,1.63100,1
4919,1.83831,0.65300,1.39000,1.60000,1
4920,1.74852,0.63500,1.33800,1.61400,1
4921,1.75885,0.57500,1.30000,1.60700,1
4922,1.81323,0.59200,1.31500,1.60300,1
4923,1.75854,0.62800,1.33300,1.59800,1
4924,1.73352,0.63400,1.30100,1.58000,1
4925,1.75418,0.63900,1.28000,1.58700,1
4926,2.04992,0.63300,1.38000,1.62100,1
4927,1.72960,0.60900,1.34600,1.59600,1
4928,1.92678,0.56700,1.32700,1.76700,1
4929,1.82742,0.55600,1.35000,1.59400,1
4930,1.79806,0.61000,1.39300,1.60000,1
4931,1.87400,0.61800,1.52600,1.59900,1
4932,1.89617,0.63000,1.58200,1.65100,1
4933,1.75025,0.62100,1.51200,1.61000,1
4934,1.79733,0.66300,1.48700,1.58800,1
4935,1.80961,0.58500,1.39200,1.79600,1
4936,1.79073,0.60300,1.41300,1.63700,1
4937,1.74990,0.58000,1.37500,1.60400,1
4938,1.78886,0.58100,1.35500,1.59700,1
4939,1.72686,0.58000,1.33600,1.61300,1
4940,1.75007,0.59200,1.30300,1.61200,1
4941,1.85914,0.64200,1.38500,1.58600,1
4942,1.88976,0.63400,1.50700,1.62700,1
4943,1.62934,0.64400,1.33800,1.60800,1
4944,1.95586,0.65000,1.30700,1.79200,1
4945,2.44031,0.59600,1.32200,1.61300,1
4946,1.79299,0.69100,2.20400,1.66200,1
4947,1.79129,0.70300,1.34300,1.58500,1
4948,1.78607,0.70000,1.29400,1.62000,1
4949,1.75837,0.74000,1.31900,1.59100,1
4950,1.85903,0.58800,1.36500,1.64000,1
4951,1.76614,0.57300,1.34200,1.59600,1
4952,2.29069,0.57200,1.30100,1.60600,1
4953,2.42084,0.59600,2.37100,1.60300,1
4954,1.56405,0.60200,1.34600,1.58300,1
4955,1.74646,0.58300,1.32000,1.58800,1
4956,1.74967,0.62000,1.29800,1.59900,1
4957,1.79644,0.58400,1.31200,1.58800,1
4958,1.80608,0.58200,1.33200,1.60700,1
4959,1.81978,0.59100,1.36200,1.61100,1
4960,2.07048,0.57600,1.57500,1.60600,1
4961,1.83526,0.77100,1.86200,1.60600,1
4962,1.85010,0.76700,1.71200,1.78000,1
4963,1.68923,0.62400,1.58100,1.59400,1
4964,1.87037,0.59600,1.51600,1.76000,1
4965,1.86641,0.58900,1.54500,1.61600,1
4966,1.71145,0.57800,1.43200,1.63700,1
4967,1.82530,0.59100,1.42500,1.62100,1
4968,1.73406,0.66600,1.36100,1.62000,1
4969,1.78673,0.58700,1.37500,1.59800,1
4970,1.70104,0.56100,1.30000,1.58000,1
4971,1.93810,0.55400,1.27100,1.77600,1
4972,1.73446,0.55600,1.26300,1.58500,1
4973,1.76869,0.54700,1.23200,1.60800,1
4974,1.80325,0.55900,1.26300,1.61500,1
4975,1.87626,0.55200,1.34800,1.60100,1
4976,1.72824,0.52800,1.34700,1.58700,1
4977,1.69913,0.54400,1.28100,1.59800,1
4978,1.75410,0.54500,1.24600,1.59100,1
4979,1.74391,0.54800,1.20300,1.59100,1
4980,1.90313,0.54400,1.35700,1.56800,1
4981,1.84625,0.59600,1.27600,1.79100,1
4982,1.69191,0.53600,1.22300,1.57200,1
4983,1.92340,0.58500,1.26400,1.73400,1
4984,2.26103,0.53700,1.27800,1.58000,1
4985,2.21771,0.54200,1.99100,1.68100,1
4986,1.82548,0.55800,1.26700,1.61600,1
4987,1.73722,0.57600,1.25200,1.58700,1
4988,1.86428,0.56700,1.34900,1.59600,1
4989,1.84687,0.56300,1.22400,1.79500,1
4990,1.77670,0.55000,1.22200,1.60400,1
4991,1.90958,0.58400,1.35900,1.60300,1
4992,1.70091,0.55400,1.28000,1.62800,1
4993,1.72241,0.54300,1.26300,1.58900,1
4994,1.76311,0.53400,1.25400,1.58000,1
4995,1.84139,0.56800,1.28400,1.61600,1
4996,1.73937,0.71700,1.26400,1.60900,1
4997,1.75020,0.62000,1.22800,1.61700,1
4998,1.82010,0.70300,1.26800,1.61900,1
4999,1.98876,0.69900,1.24800,1.80100,1
5000,1.73206,0.55800,1.20200,1.60500,1
5001,1.96369,0.55600,1.22300,1.78700,1
5002,1.79427,0.57600,1.21300,1.61000,1
5003,1.83456,0.57000,1.26900,1.62000,1
5004,1.70004,0.55900,1.25200,1.57600,1
5005,1.87963,0.54300,1.26600,1.65400,1
5006,1.73264,0.60600,1.24200,1.60100,1
5007,1.90702,0.64000,1.37000,1.59700,1
5008,1.88417,0.69000,1.35400,1.78800,1
5009,1.86402,0.70500,1.45100,1.59100,1
5010,1.75187,0.65300,1.47900,1.59400,1
5011,1.70885,0.64900,1.33400,1.61000,1
5012,1.85465,0.55100,1.34600,1.59600,1
5013,1.81077,0.79300,1.41800,1.61400,1
5014,1.81346,0.64200,1.42800,1.60900,1
5015,1.79390,0.58700,1.42000,1.63800,1
5016,1.78495,0.62000,1.41800,1.56600,1
5017,2.09295,0.89100,1.54200,1.76000,1
5018,1.61307,0.63400,1.44200,1.60600,1
5019,2.12869,0.63300,1.61400,1.78800,1
5020,1.61190,0.56400,1.45000,1.59000,1
5021,1.82197,0.56100,1.44400,1.64100,1
5022,1.83541,0.57300,1.47300,1.61700,1
5023,3.51945,0.62000,1.46200,1.64000,1
5024,1.69296,0.67500,1.45900,1.60500,1
5025,2.53459,0.61400,1.98800,1.59400,1
5026,1.80777,0.61700,1.81300,1.62100,1
5027,1.57047,0.60600,1.56900,1.61500,1
5028,1.42710,0.58600,1.42600,1.61500,1
5029,1.77962,0.58400,1.44400,1.59800,1
5030,1.64116,0.66100,1.31200,1.63000,1
5031,1.82316,0.60700,1.27200,1.59200,1
5032,1.75875,0.66400,1.27700,1.61300,1
5033,1.71596,0.59000,1.24100,1.59400,1
5034,1.98509,0.59200,1.28800,1.76700,1
5035,1.76881,0.73600,1.28300,1.60000,1
5036,2.03934,0.60000,1.36200,1.76900,1
5037,2.18552,0.65100,1.78100,1.59100,1
5038,1.96916,0.68700,1.94500,1.62000,1
5039,1.74073,0.59300,1.73800,1.64800,1
5040,1.49414,0.57800,1.49000,1.64800,1
5041,1.67499,0.56500,1.46300,1.63300,1
5042,1.81194,0.55000,1.48300,1.60200,1
5043,1.74113,0.59500,1.44400,1.60500,1
5044,1.92323,0.59000,1.39900,1.77800,1
5045,1.72150,0.56100,1.35700,1.59600,1
5046,1.74004,0.55300,1.30800,1.61000,1
5047,1.79807,0.55000,1.28400,1.58400,1
5048,1.75247,0.55500,1.33200,1.58800,1
5049,1.73045,0.55800,1.28000,1.59100,1
5050,1.77411,0.55800,1.25200,1.60700,1
5051,1.76160,0.55400,1.25200,1.58500,1
5052,1.77600,0.55100,1.24400,1.61100,1
5053,1.93863,0.56100,1.25300,1.76800,1
5054,1.77064,0.56800,1.24200,1.57500,1
5055,2.34363,0.56500,1.28200,1.75100,1
5056,1.77213,0.56100,1.99100,1.61500,1
5057,1.93549,0.55200,1.36100,1.61000,1
5058,1.72725,0.59300,1.32900,1.59800,1
5059,1.75430,0.61600,1.34200,1.60600,1
5060,1.84128,0.61300,1.41700,1.59900,1
5061,1.76162,0.56500,1.37800,1.59900,1
5062,2.24202,0.57200,1.29700,1.79500,1
5063,2.33742,0.54500,2.05600,1.68000,1
5064,1.79887,0.54700,1.39300,1.60400,1
5065,1.69821,0.59500,1.36500,1.58000,1
5066,1.77225,0.55700,1.33700,1.60100,1
5067,1.91693,0.54500,1.50300,1.60200,1
5068,1.69435,0.57000,1.37600,1.63100,1
5069,1.76561,0.53700,1.33000,1.61700,1
5070,1.80946,0.54100,1.39400,1.59900,1
5071,1.91199,0.60000,1.33900,1.77400,1
5072,1.74581,0.64500,1.33600,1.60300,1
5073,1.93841,0.61900,1.36700,1.73600,1
5074,1.73203,0.64300,1.35500,1.58600,1
5075,1.91210,0.59500,1.44000,1.61400,1
5076,1.85716,0.62800,1.56800,1.59800,1
5077,1.68577,0.56300,1.44000,1.62400,1
5078,1.69744,0.63100,1.36800,1.62000,1
5079,1.88184,0.60500,1.46500,1.60100,1
5080,1.90611,0.61800,1.45000,1.77300,1
5081,1.78958,0.76100,1.43900,1.61300,1
5082,1.66704,0.72800,1.28800,1.62400,1
5083,1.75005,0.62500,1.27100,1.60400,1
5084,1.78333,0.58000,1.24800,1.60100,1
5085,1.80370,0.63700,1.27300,1.57800,1
5086,1.77318,0.58900,1.25800,1.61100,1
5087,1.76572,0.58500,1.26600,1.60400,1
5088,1.85695,0.62000,1.36600,1.59300,1
5089,1.91624,0.58200,1.32900,1.80000,1
5090,1.78006,0.57200,1.34100,1.59600,1
5091,1.92910,0.56600,1.32700,1.76100,1
5092,1.81644,0.56000,1.34500,1.60100,1
5093,1.77084,0.57400,1.33600,1.62300,1
5094,1.99063,0.58500,1.47700,1.60700,1
5095,1.65440,0.63000,1.33800,1.64900,1
5096,1.82463,0.57600,1.38100,1.63200,1
5097,1.66845,0.56100,1.33000,1.59400,1
5098,1.95980,0.55200,1.29100,1.80400,1
5099,1.82106,0.55000,1.35500,1.59800,1
5100,1.81450,0.60500,1.35100,1.59900,1
5101,2.22723,0.55700,1.34500,1.60000,1
5102,2.24636,0.54600,2.04000,1.67000,1
5103,1.76424,0.53800,1.33000,1.59600,1
5104,1.83499,0.56000,1.36400,1.61300,1
5105,1.92429,0.60300,1.39500,1.62100,1
5106,1.71310,0.55600,1.34500,1.60400,1
5107,1.84335,0.58000,1.32300,1.79300,1
5108,1.77664,0.54800,1.33800,1.60500,1
5109,1.91055,0.54100,1.33200,1.73600,1
5110,1.75256,0.60400,1.31100,1.60500,1
5111,1.81218,0.58400,1.33100,1.61700,1
5112,1.71345,0.59600,1.30100,1.61900,1
5113,1.84708,0.56000,1.33300,1.64200,1
5114,1.95302,0.57300,1.48900,1.59400,1
5115,1.78398,0.66600,1.47600,1.60400,1
5116,1.86186,0.57700,1.42400,1.80100,1
5117,1.76481,0.56800,1.42400,1.58600,1
5118,1.74195,0.57800,1.43300,1.58500,1
5119,1.67468,0.56900,1.33900,1.59400,1
5120,1.79472,0.55300,1.34900,1.58800,1
5121,1.76537,0.55600,1.33500,1.60000,1
5122,1.80956,0.55200,1.31100,1.60000,1
5123,1.79860,0.55100,1.35000,1.63500,1
5124,1.85354,0.57000,1.40900,1.61000,1
5125,1.71609,0.61300,1.34700,1.58200,1
5126,2.00586,0.56100,1.37400,1.77100,1
5127,2.29718,0.64900,1.79400,1.59200,1
5128,1.52345,0.61600,1.52000,1.59200,1
5129,1.67103,0.57000,1.39600,1.63100,1
5130,1.85822,0.58300,1.42800,1.66200,1
5131,1.84134,0.56100,1.41200,1.61300,1
5132,1.83135,0.57000,1.49100,1.61900,1
5133,1.71705,0.57500,1.47600,1.56300,1
5134,1.68252,0.54000,1.39000,1.60400,1
5135,2.11577,0.56000,1.52900,1.79700,1
5136,1.67539,0.56300,1.42800,1.61800,1
5137,1.73253,0.55500,1.34700,1.62100,1
5138,1.75216,0.54100,1.34500,1.59700,1
5139,1.81317,0.54000,1.41200,1.60100,1
5140,2.62334,0.54500,1.49200,1.60400,1
5141,1.96996,0.60000,2.54300,1.65300,1
5142,1.68425,0.56300,1.42000,1.56900,1
5143,1.82374,0.54500,1.48000,1.62000,1
5144,1.91748,0.54900,1.42700,1.80500,1
5145,1.88284,0.56300,1.35600,1.77500,1
5146,1.78247,0.55600,1.35200,1.58900,1
5147,1.94640,0.55100,1.50100,1.60800,1
5148,1.78171,0.58100,1.47900,1.67900,1
5149,2.08517,0.55700,1.73700,1.62300,1
5150,1.66986,0.53600,1.66000,1.62300,1
5151,1.60773,0.59900,1.51300,1.60100,1
5152,1.72849,0.59500,1.44600,1.62400,1
5153,1.91345,0.59700,1.36800,1.78200,1
5154,1.74427,0.62100,1.32200,1.61900,1
5155,1.78012,0.59100,1.32200,1.59400,1
5156,1.76685,0.60500,1.30500,1.59700,1
5157,1.70532,0.61500,1.27200,1.58000,1
5158,3.23731,0.59700,1.34900,1.62600,1
5159,1.71674,0.61200,1.34400,1.58000,1
5160,1.77103,0.59200,1.35500,1.58900,1
5161,1.79605,0.82400,1.35700,1.60700,1
5162,1.98237,0.64200,1.37600,1.80100,1
5163,2.08669,0.67600,1.51000,1.76000,1
5164,1.82135,0.64800,1.58100,1.60100,1
5165,1.73707,0.63100,1.51000,1.61400,1
5166,1.64264,0.59900,1.39600,1.61600,1
5167,1.89641,0.59800,1.44800,1.62700,1
5168,1.70944,0.60300,1.35700,1.62300,1
5169,1.69902,0.63900,1.29700,1.58700,1
5170,1.85682,0.63900,1.34500,1.60300,1
5171,2.06267,0.59300,1.47200,1.78400,1
5172,2.05759,0.59700,1.87400,1.60500,1
5173,1.74263,0.63900,1.73400,1.59800,1
5174,1.62953,0.59600,1.62300,1.63000,1
5175,1.64976,0.60100,1.48200,1.59600,1
5176,1.78305,0.63600,1.49900,1.57700,1
5177,1.96550,0.64100,1.72200,1.64300,1
5178,1.62144,0.60600,1.49700,1.61400,1
5179,1.80290,0.57500,1.55200,1.60900,1
5180,2.99317,0.57400,1.74400,1.86400,1
5181,1.86215,0.64600,1.63500,1.76800,1
5182,1.89618,0.62600,1.84700,1.59700,1
5183,1.73769,0.61400,1.73200,1.59400,1
5184,1.70067,0.60700,1.68600,1.59400,1
5185,1.67771,0.64300,1.59300,1.60000,1
5186,1.73889,0.65700,1.57900,1.57800,1
5187,1.85670,0.64900,1.62500,1.60200,1
5188,1.70803,0.62500,1.53600,1.60600,1
5189,1.90710,0.66100,1.46000,1.77000,1
5190,1.76459,0.65300,1.43500,1.62100,1
5191,1.67852,0.60500,1.34700,1.59400,1
5192,1.68075,0.59100,1.25400,1.58400,1
5193,1.77065,0.60700,1.25700,1.58700,1
5194,1.83443,0.61200,1.25800,1.61200,1
5195,1.84583,0.60200,1.33200,1.63300,1
5196,1.83078,0.57100,1.35600,1.60000,1
5197,1.71323,0.66300,1.34000,1.60700,1
5198,1.99688,0.63300,1.34500,1.77700,1
5199,1.91318,0.72700,1.24300,1.78100,1
5200,1.70751,1.17800,1.17100,1.58700,1
5201,1.78122,1.00200,1.19100,1.61500,1
5202,1.92151,0.84700,1.30600,1.61900,1
5203,1.71043,0.81000,1.28600,1.57300,1
5204,1.86182,0.82200,1.37600,1.63100,1
5205,1.69993,0.77300,1.24200,1.62600,1
5206,1.74302,0.78300,1.20000,1.60700,1
5207,2.06625,0.71300,1.28400,1.79500,1
5208,1.77437,0.78600,1.29700,1.59400,1
5209,1.71360,0.67400,1.24000,1.61100,1
5210,1.82845,0.68100,1.27000,1.61600,1
5211,1.83443,0.72100,1.37300,1.62200,1
5212,1.83647,0.64300,1.36500,1.63500,1
5213,1.68734,0.61000,1.27100,1.61700,1
5214,1.80409,0.63700,1.30000,1.59100,1
5215,1.95528,0.63200,1.42900,1.59300,1
5216,1.98200,0.68900,1.53100,1.77900,1
5217,1.79020,0.63100,1.78300,1.60500,1
5218,2.65527,0.65100,1.46900,1.76400,1
5219,2.36327,0.70100,2.91300,1.62300,1
5220,1.68731,0.75100,1.69400,1.60500,1
5221,1.36951,0.77300,1.34800,1.60500,1
5222,1.76280,0.70900,1.33200,1.61600,1
5223,3.41292,0.74900,1.85200,1.61700,1
5224,1.88491,0.75500,1.88300,1.80400,1
5225,1.96641,0.87000,1.96000,1.64300,1
5226,1.96421,0.80800,1.96600,1.66500,1
5227,1.87196,0.74900,1.86900,1.64100,1
5228,2.02113,0.74100,2.01400,1.61400,1
5229,1.82027,0.77400,1.81700,1.63800,1
5230,1.40899,0.96200,1.38200,1.63800,1
5231,1.87522,0.64300,1.65100,1.63300,1
5232,1.79779,0.70000,1.68900,1.62500,1
5233,1.72671,0.69900,1.62100,1.59700,1
5234,1.87338,0.70900,1.52100,1.80200,1
5235,1.88316,0.67400,1.46700,1.76600,1
5236,1.90502,0.69700,1.56200,1.61200,1
5237,1.60249,0.60500,1.40400,1.61800,1
5238,1.75212,0.60500,1.28000,1.63100,1
5239,1.83615,0.60400,1.30200,1.62800,1
5240,1.75298,0.61600,1.26400,1.61200,1
5241,1.82369,0.65500,1.29800,1.60800,1
5242,2.08714,0.77600,1.31900,1.77900,1
5243,1.79523,1.54000,1.36700,1.62800,1
5244,1.72252,1.10100,1.32500,1.60800,1
5245,1.73365,0.96600,1.30200,1.59000,1
5246,1.87420,0.84300,1.33000,1.62300,1
5247,1.73437,0.79900,1.35000,1.57100,1
5248,1.83191,0.82800,1.39400,1.62800,1
5249,1.85689,0.79900,1.45600,1.60400,1
5250,1.98506,0.97700,1.96900,1.58700,1
5251,1.60146,0.74600,1.55900,1.58700,1
5252,2.00074,0.69300,1.56300,1.79100,1
5253,1.78313,0.65000,1.39700,1.75300,1
5254,1.74546,0.62200,1.34800,1.58700,1
5255,2.27833,0.62800,1.80800,1.60100,1
5256,1.97295,0.68100,1.94700,1.62800,1
5257,3.21991,0.74800,1.51500,1.62800,1
5258,1.60074,0.76000,1.51600,1.58200,1
5259,2.15036,0.60900,1.38600,1.61100,1
5260,1.63612,0.68500,1.38000,1.80100,1
5261,3.33272,0.76800,1.45000,1.61200,1
5262,1.73681,0.67100,1.43800,1.62500,1
5263,1.75987,0.66700,1.39200,1.60900,1
5264,1.90262,0.68700,1.46600,1.61400,1
5265,1.85425,1.09200,1.37800,1.63500,1
5266,1.60630,0.70600,1.27700,1.61700,1
5267,1.73381,0.67900,1.28700,1.59700,1
5268,1.94056,0.70700,1.28500,1.77100,1
5269,1.89674,0.69200,1.24900,1.75300,1
5270,1.80410,0.70700,1.27800,1.60500,1
5271,1.84819,0.59000,1.32300,1.61800,1
5272,1.80015,0.58700,1.34500,1.60800,1
5273,1.83601,0.57300,1.31900,1.59800,1
5274,2.29662,0.88400,1.84300,1.59400,1
5275,2.19972,0.69700,2.21100,1.61000,1
5276,2.13590,0.63200,2.12600,1.80200,1
5277,1.93171,0.70700,1.92700,1.66200,1
5278,1.90408,0.64600,1.89400,1.61500,1
5279,1.70495,0.64300,1.66300,1.64100,1
5280,1.53637,0.74700,1.55600,1.64100,1
5281,1.60066,0.61300,1.50100,1.61500,1
5282,1.93835,0.64800,1.60800,1.60600,1
5283,1.72559,0.81900,1.52000,1.61900,1
5284,1.88921,1.23800,1.66600,1.59000,1
5285,1.77429,1.20000,1.68300,1.59000,1
5286,1.86235,1.23400,1.61100,1.78000,1
5287,1.96703,0.99000,1.59700,1.62500,1
5288,1.81778,1.04300,1.68900,1.62500,1
5289,1.75401,0.99500,1.64100,1.59800,1
5290,1.72665,0.97200,1.57400,1.62900,1
5291,1.72173,1.04900,1.52400,1.65000,1
5292,1.63973,1.40600,1.28000,1.65000,1
5293,1.80971,0.81600,1.29000,1.62200,1
5294,1.91079,0.65900,1.40700,1.60800,1
5295,1.94515,0.99900,1.40200,1.78300,1
5296,2.87266,1.32300,1.42300,1.65500,1
5297,1.91945,0.99300,2.78300,1.65500,1
5298,1.73814,1.26300,1.32700,1.62400,1
5299,1.87848,0.67600,1.38900,1.59700,1
5300,1.83917,0.88000,1.48000,1.62300,1
5301,1.75719,0.66400,1.50100,1.60900,1
5302,1.80301,0.87500,1.43500,1.60500,1
5303,1.68950,1.17200,1.35900,1.60300,1
5304,1.92910,0.90100,1.35100,1.78000,1
5305,2.08166,0.82800,1.43500,1.75500,1
5306,1.73222,0.92500,1.47500,1.58600,1
5307,1.83499,0.89200,1.48400,1.64800,1
5308,1.94911,0.81800,1.50400,1.62800,1
5309,1.77371,0.79800,1.52000,1.62900,1
5310,1.74405,0.75500,1.49500,1.62300,1
5311,1.83611,0.74800,1.50500,1.61100,1
5312,1.79163,0.67300,1.49400,1.60300,1
5313,1.92071,0.66000,1.50100,1.81800,1
5314,1.78062,0.68000,1.48100,1.61800,1
5315,1.78608,0.65100,1.44300,1.59400,1
5316,1.82620,0.62300,1.41500,1.62600,1
5317,1.69596,0.78400,1.40300,1.61600,1
5318,2.23296,0.69900,1.96500,1.61900,1
5319,2.27976,0.69600,2.27900,1.60000,1
5320,1.66445,0.66600,1.66600,1.65200,1
5321,1.52925,0.66400,1.52500,1.82100,1
5322,1.59602,0.74800,1.48800,1.82100,1
5323,2.04115,0.70400,1.49000,1.77500,1
5324,1.94689,0.95100,1.74200,1.59300,1
5325,1.69732,0.96300,1.70400,1.59300,1
5326,1.68584,0.84100,1.56300,1.60800,1
5327,2.24997,1.07200,1.53100,1.66000,1
5328,1.73008,1.53300,1.89800,1.66000,1
5329,2.78296,0.76600,1.81400,1.62800,1
5330,1.61873,0.65900,1.60600,1.78700,1
5331,1.62341,0.65200,1.55400,1.78700,1
5332,1.71334,0.63800,1.48100,1.60400,1
5333,1.79417,0.62400,1.44700,1.62000,1
5334,1.76084,0.64900,1.46600,1.60100,1
5335,1.75960,0.62900,1.42800,1.60700,1
5336,2.43972,0.56800,1.44000,1.64900,1
5337,1.74051,0.55400,1.42400,1.60700,1
5338,1.78314,0.58600,1.42600,1.61900,1
5339,1.81823,0.60100,1.46300,1.58500,1
5340,1.94644,0.58100,1.45500,1.78100,1
5341,1.93423,0.58000,1.48200,1.72000,1
5342,2.15798,0.60200,1.90600,1.59300,1
5343,2.01235,0.58400,2.00700,1.61100,1
5344,1.75970,0.80300,1.70300,1.64100,1
5345,1.53213,1.04600,1.54100,1.61500,1
5346,1.65560,0.88600,1.66900,1.63000,1
5347,1.45848,0.76700,1.40800,1.63000,1
5348,1.80051,0.81000,1.38200,1.60600,1
5349,1.91124,0.75000,1.38100,1.76800,1
5350,1.80336,0.68900,1.35500,1.62900,1
5351,1.90617,0.64500,1.50400,1.58800,1
5352,1.64330,0.64300,1.38900,1.61000,1
5353,1.63428,0.60400,1.23700,1.60600,1
5354,1.78408,0.54200,1.17700,1.60400,1
5355,1.88725,0.57800,1.32800,1.56200,1
5356,1.62926,0.66600,1.22300,1.58500,1
5357,1.70885,0.63600,1.22200,1.57300,1
5358,2.15012,0.66600,1.42700,1.78900,1
5359,1.83527,0.65500,1.33800,1.75500,1
5360,1.75601,0.65200,1.31800,1.58400,1
5361,1.72653,0.67200,1.28500,1.60100,1
5362,1.79201,0.65600,1.28100,1.61600,1
5363,1.71221,0.82700,1.28500,1.57600,1
5364,2.24268,0.73100,1.40800,1.63100,1
5365,2.39144,0.57700,1.91000,1.66900,1
5366,1.71369,0.59100,1.39100,1.58900,1
5367,2.12698,0.56300,1.66200,1.78100,1
5368,2.49891,0.56600,2.34400,1.62500,1
5369,2.15153,0.56800,2.14700,1.69400,1
5370,1.74842,0.58800,1.67100,1.60400,1
5371,1.57271,0.76900,1.60800,1.69400,1
5372,1.49119,0.64800,1.49100,1.69400,1
5373,1.77207,0.64100,1.60500,1.59200,1
5374,1.72419,0.67500,1.60600,1.59300,1
5375,2.50420,0.61800,1.53000,1.60800,1
5376,2.02005,0.62100,2.54500,1.84200,1
5377,1.82194,0.63200,1.53200,1.63400,1
5378,1.78811,0.62200,1.56100,1.60400,1
5379,1.78705,0.69000,1.55400,1.63500,1
5380,1.76908,0.60800,1.54900,1.60200,1
5381,1.76136,0.58500,1.47900,1.64100,1
5382,1.76077,0.56500,1.46100,1.63000,1
5383,1.77754,0.57500,1.47400,1.60700,1
5384,1.87956,0.58400,1.39000,1.79200,1
5385,1.80955,0.59800,1.42600,1.58800,1
5386,1.75776,0.58100,1.40900,1.60600,1
5387,1.82190,0.57000,1.41500,1.61500,1
5388,2.12116,0.66500,1.76400,1.62200,1
5389,1.68337,0.69000,1.66800,1.62200,1
5390,1.59347,0.70800,1.47500,1.61300,1
5391,1.97567,0.66900,1.65400,1.60700,1
5392,1.45353,0.74600,1.34900,1.60700,1
5393,1.78658,1.34200,1.34900,1.60400,1
5394,1.99332,0.70600,1.37000,1.77800,1
5395,1.90291,0.69600,1.37200,1.75900,1
5396,1.87385,0.68600,1.42500,1.59300,1
5397,1.67663,0.61600,1.32200,1.62200,1
5398,1.74096,0.65200,1.26800,1.59700,1
5399,1.92754,0.56300,1.39100,1.61600,1
5400,1.62100,0.57200,1.23600,1.60100,1
5401,1.75042,0.61600,1.18800,1.60000,1
5402,1.82172,0.55200,1.26700,1.59100,1
5403,1.86950,0.56800,1.21000,1.77300,1
5404,1.91792,0.58100,1.35000,1.58900,1
5405,1.77924,0.59300,1.37200,1.59300,1
5406,1.68191,0.64500,1.27600,1.60200,1
5407,1.75103,0.57500,1.28100,1.59700,1
5408,1.74681,0.62600,1.25200,1.57200,1
5409,1.73957,0.65400,1.18100,1.64900,1
5410,1.80229,0.56600,1.24800,1.59100,1
5411,1.71579,0.55000,1.20000,1.58300,1
5412,2.02401,0.55500,1.25600,1.77900,1
5413,1.70868,0.55500,1.18200,1.59400,1
5414,2.35699,0.52700,1.24100,1.76000,1
5415,2.15154,0.56700,1.87000,1.61400,1
5416,1.74409,0.55500,1.20700,1.59100,1
5417,1.77538,0.60500,1.21100,1.58500,1
5418,1.75490,0.58900,1.20100,1.60000,1
5419,1.77969,0.57400,1.21900,1.61200,1
5420,1.76510,0.54700,1.22200,1.58100,1
5421,1.97322,0.56600,1.28100,1.78900,1
5422,1.71815,0.56800,1.20500,1.58400,1
5423,1.76335,0.56800,1.20800,1.59600,1
5424,2.72565,0.58900,2.16300,1.58400,1
5425,2.40176,0.59500,2.39500,1.63300,1
5426,2.52431,0.66600,2.51600,1.64300,1
5427,1.72701,0.80500,1.43400,1.67000,1
5428,1.08944,1.63300,1.36800,1.67000,1
5429,1.41035,0.73000,1.30300,1.61800,1
5430,1.98799,0.57600,1.29400,1.80300,1
5431,1.90380,0.55900,1.27700,1.75000,1
5432,1.89251,0.61100,1.38800,1.59800,1
5433,1.73857,0.69100,1.33400,1.64400,1
5434,1.79292,0.62900,1.34500,1.62500,1
5435,1.84783,0.59900,1.37700,1.60800,1
5436,1.77238,0.68100,1.39300,1.60500,1
5437,1.78438,0.60900,1.30200,1.61000,1
5438,1.69619,0.57300,1.33600,1.59900,1
5439,1.94516,0.54600,1.32300,1.80000,1
5440,1.83244,0.57500,1.35900,1.59700,1
5441,1.66150,0.63300,1.30400,1.59500,1
5442,1.82754,0.60500,1.31200,1.61400,1
5443,1.89488,0.59300,1.43400,1.63000,1
5444,1.74350,0.57500,1.35200,1.60800,1
5445,1.77180,0.67300,1.34000,1.62600,1
5446,1.81262,0.70800,1.37000,1.59300,1
5447,1.72647,0.68000,1.28000,1.59500,1
5448,2.14376,0.71500,1.50000,1.62300,1
5449,1.72009,0.74600,1.32200,1.74100,1
5450,1.72308,0.67900,1.22500,1.60300,1
5451,1.80828,0.69400,1.31600,1.60800,1
5452,1.75962,0.61800,1.26100,1.61900,1
5453,2.38095,0.59000,1.22700,1.58700,1
5454,2.02557,0.56800,2.05400,1.63300,1
5455,1.83328,0.61400,1.20600,1.60300,1
5456,1.70466,0.64700,1.15100,1.57700,1
5457,1.92036,0.63200,1.10900,1.81600,1
5458,1.92251,0.57400,1.24600,1.57500,1
5459,1.85094,0.66000,1.38400,1.60700,1
5460,1.78077,0.66100,1.43100,1.58100,1
5461,1.81727,0.67400,1.46100,1.61500,1
5462,1.82710,0.67600,1.51500,1.60400,1
5463,1.79307,0.58100,1.53600,1.62800,1
5464,1.83176,0.57600,1.58400,1.61000,1
5465,1.70467,0.55400,1.53300,1.59100,1
5466,2.05017,0.56200,1.62500,1.60500,1
5467,2.89130,0.56600,1.51000,1.78800,1
5468,1.73861,0.61500,1.48600,1.59000,1
5469,1.78049,0.58200,1.46300,1.61900,1
5470,1.79793,0.57500,1.47100,1.64400,1
5471,2.16426,0.61800,1.85600,1.58700,1
5472,1.71202,0.67600,1.72000,1.58700,1
5473,1.69801,0.61200,1.69800,1.60200,1
5474,2.31719,0.57700,2.23000,1.77800,1
5475,2.03999,0.62200,2.01300,1.64300,1
5476,1.61828,0.72500,1.63700,1.66000,1
5477,1.45713,0.63800,1.44900,1.63700,1
5478,1.47400,0.66600,1.36900,1.63700,1
5479,1.85804,0.59500,1.42600,1.61900,1
5480,1.71302,0.59300,1.34000,1.63100,1
5481,1.78864,0.62200,1.33200,1.59900,1
5482,1.74695,0.62900,1.31700,1.58700,1
5483,1.74731,0.63400,1.31100,1.58800,1
5484,2.01379,0.60100,1.30300,1.77700,1
5485,1.79438,0.67300,1.22400,1.73500,1
5486,1.75385,0.63900,1.19400,1.59000,1
5487,1.92607,0.60100,1.29100,1.59600,1
5488,1.91684,0.68900,1.46300,1.60000,1
5489,1.59518,0.65800,1.30100,1.60300,1
5490,1.71219,0.61200,1.23100,1.62300,1
5491,1.76781,0.59900,1.22900,1.59400,1
5492,1.76761,0.61100,1.20300,1.59600,1
5493,2.41885,0.58200,1.23700,1.79700,1
5494,1.69643,0.61300,1.18100,1.59000,1
5495,1.72670,0.61400,1.16300,1.58800,1
5496,1.78278,0.61100,1.20500,1.56500,1
5497,1.77279,0.59200,1.24000,1.57600,1
5498,1.73893,0.56200,1.19700,1.59800,1
5499,1.84536,0.60200,1.25300,1.60500,1
5500,1.73751,0.60000,1.23500,1.59800,1
5501,1.83281,0.55300,1.23600,1.62200,1
5502,2.18561,0.65300,1.48200,1.76600,1
5503,2.08042,0.85500,1.74400,1.75700,1
5504,1.58981,0.67600,1.50200,1.60600,1
5505,1.70871,0.58000,1.40600,1.60900,1
5506,1.82035,0.59800,1.42000,1.60500,1
5507,2.63413,0.58100,2.12800,1.64100,1
5508,1.75098,0.58100,1.86900,1.61000,1
5509,1.44343,0.61600,1.43700,1.61000,1
5510,1.64290,0.55600,1.50200,1.61600,1
5511,1.93677,0.58800,1.44100,1.79600,1
5512,1.78699,0.57000,1.49200,1.58400,1
5513,1.77456,0.57200,1.47400,1.62400,1
5514,1.82294,0.56900,1.50500,1.58800,1
5515,1.78789,0.57800,1.57500,1.60800,1
5516,1.77943,0.55500,1.57600,1.59700,1
5517,1.72142,0.55700,1.45500,1.64500,1
5518,1.99240,0.61700,1.60500,1.63200,1
5519,1.87546,0.80200,1.69100,1.58100,1
5520,1.74515,1.18900,1.65100,1.58100,1
5521,1.71044,1.26500,1.38300,1.79600,1
5522,2.29117,1.35200,1.53000,1.60800,1
5523,1.79947,1.42100,1.57200,1.62800,1
5524,1.45061,1.39600,1.47100,1.62800,1
5525,1.77390,0.88000,1.39500,1.61100,1
5526,1.63448,0.70200,1.29800,1.60100,1
5527,1.81351,0.64900,1.31500,1.63400,1
5528,1.77968,0.59100,1.31600,1.58700,1
5529,1.87020,0.59700,1.40600,1.60200,1
5530,2.65471,0.61900,2.12500,1.59300,1
5531,1.50358,0.58800,1.48600,1.63600,1
5532,2.34986,0.57200,1.43100,1.63600,1
5533,1.83139,0.55800,2.56200,1.61500,1
5534,1.76144,0.55500,1.43100,1.60900,1
5535,2.41590,0.56200,2.40500,1.58800,1
5536,1.68456,0.57100,1.67000,1.60500,1
5537,1.54445,0.58400,1.54500,1.61500,1
5538,10.41758,0.60400,1.37000,1.61500,1
5539,2.29809,0.65900,11.10200,1.59400,1
5540,1.52065,0.60200,1.47100,1.59400,1
5541,1.85907,0.56100,1.52700,1.59100,1
5542,2.04403,0.86700,1.55700,1.59900,1
5543,1.72060,1.07500,1.53400,1.59900,1
5544,1.72769,0.97500,1.49800,1.61500,1
5545,1.81597,0.87400,1.48800,1.62100,1
5546,1.79904,0.79300,1.51700,1.60100,1
5547,1.78985,0.82000,1.68300,1.60900,1
5548,1.61961,0.67400,1.43400,1.58300,1
5549,1.81678,0.59500,1.42600,1.60600,1
5550,1.71016,0.75300,1.33500,1.58700,1
5551,1.81363,1.11400,1.37800,1.60200,1
5552,2.06773,0.71900,1.42900,1.79300,1
5553,1.72857,1.15900,1.28100,1.74800,1
5554,1.76404,0.80800,1.26600,1.58700,1
5555,2.02856,0.68900,1.44600,1.67000,1
5556,1.81224,0.68600,1.55200,1.60100,1
5557,1.92706,0.69900,1.60700,1.59200,1
5558,1.65092,0.82200,1.55200,1.59200,1
5559,1.74427,0.63700,1.43100,1.62800,1
5560,1.85214,0.62600,1.58000,1.58700,1
5561,1.86054,0.64600,1.53500,1.77900,1
5562,1.87974,0.58500,1.59600,1.59600,1
5563,1.55646,0.55700,1.41700,1.62400,1
5564,1.80874,0.63500,1.36500,1.60000,1
5565,1.75184,0.71100,1.36600,1.61500,1
5566,1.80185,0.70000,1.35000,1.60000,1
5567,1.95759,0.68600,1.49700,1.63800,1
5568,1.60626,0.69000,1.36400,1.60500,1
5569,1.69691,0.66800,1.28300,1.59300,1
5570,2.74736,0.68600,1.55900,1.78400,1
5571,3.06497,0.62600,2.23700,1.59800,1
5572,1.60084,0.69300,2.30500,1.62600,1
5573,1.76559,0.59100,1.21200,1.61000,1
5574,1.85213,0.64200,1.25000,1.60400,1
5575,1.81470,0.64200,1.26400,1.64600,1
5576,1.78613,0.61300,1.21300,1.60300,1
5577,1.72909,0.71600,1.23300,1.57900,1
5578,1.74935,0.70600,1.25100,1.57800,1
5579,1.94835,0.67600,1.24500,1.80600,1
5580,1.78940,0.65300,1.23500,1.60200,1
5581,1.80878,0.69300,1.29200,1.58700,1
5582,1.82252,0.67700,1.38100,1.59700,1
5583,2.35231,0.57200,1.92000,1.60800,1
5584,1.39676,0.55400,1.37000,1.60800,1
5585,1.44174,0.69300,1.23600,1.60000,1
5586,1.77800,0.65100,1.21300,1.62000,1
5587,1.79593,0.60900,1.25400,1.57700,1
5588,1.98765,0.63600,1.32600,1.80200,1
5589,2.09390,0.65300,1.42900,1.74400,1
5590,1.72957,0.68000,1.44400,1.58700,1
5591,1.81697,0.69400,1.46900,1.60800,1
5592,1.86967,0.72200,1.44800,1.64000,1
5593,1.65860,0.76200,1.37700,1.64600,1
5594,1.88141,0.72000,1.45600,1.60500,1
5595,1.73119,0.68500,1.49400,1.58600,1
5596,1.70497,0.64100,1.37400,1.60400,1
5597,2.04119,0.59400,1.48300,1.76700,1
5598,1.71615,0.61300,1.37000,1.63800,1
5599,1.74863,0.61800,1.30400,1.60200,1
5600,1.82679,0.65100,1.35100,1.64100,1
5601,1.82501,0.60800,1.46400,1.58000,1
5602,1.69783,0.56400,1.33800,1.60900,1
5603,1.76414,0.57000,1.37700,1.61000,1
5604,1.71572,0.57800,1.30400,1.60500,1
5605,1.83772,0.54800,1.36800,1.60400,1
5606,1.85861,0.56600,1.41700,1.61800,1
5607,2.09762,0.66200,1.43300,1.97300,1
5608,1.67590,0.58200,1.33300,1.58900,1
5609,1.72080,0.57300,1.28500,1.59800,1
5610,2.30668,0.56400,1.42900,1.65500,1
5611,1.99391,0.68800,2.15000,1.66300,1
5612,1.74018,0.61700,1.37800,1.60700,1
5613,1.77713,0.59000,1.35400,1.61500,1
5614,1.79340,0.56500,1.32400,1.60000,1
5615,2.05368,0.58200,1.35800,1.81100,1
5616,1.86561,0.62400,1.49800,1.62300,1
5617,1.66401,0.59800,1.41400,1.59900,1
5618,1.71649,0.58000,1.30700,1.59400,1
5619,1.88089,0.56800,1.42500,1.58100,1
5620,1.72688,0.59500,1.38400,1.60900,1
5621,1.76138,0.57600,1.33200,1.63300,1
5622,1.84256,0.60500,1.38100,1.60600,1
5623,1.79029,0.57000,1.41500,1.58500,1
5624,1.78785,0.62600,1.40900,1.59000,1
5625,2.17364,0.61600,1.52000,1.78300,1
5626,1.70355,0.56900,1.44600,1.60600,1
5627,1.67329,0.56800,1.37700,1.56800,1
5628,1.77503,0.57300,1.32600,1.66400,1
5629,1.84480,0.55500,1.40900,1.59900,1
5630,1.82330,0.79400,1.38900,1.61900,1
5631,1.70971,0.62300,1.32200,1.60300,1
5632,1.88397,0.57300,1.39600,1.58500,1
5633,1.74785,0.60300,1.40700,1.59200,1
5634,2.01495,0.62200,1.48100,1.78900,1
5635,1.64691,0.57000,1.34100,1.60100,1
5636,1.73540,0.56900,1.31300,1.59300,1
5637,1.80505,0.58500,1.30200,1.62700,1
5638,1.80503,0.60600,1.37800,1.57800,1
5639,1.74984,0.59200,1.40000,1.59000,1
5640,1.81339,0.56500,1.38300,1.61500,1
5641,1.82986,0.59700,1.46800,1.58400,1
5642,1.77093,0.60000,1.47100,1.60500,1
5643,1.84620,0.79800,1.36800,1.76500,1
5644,2.01789,0.57000,1.44700,1.77100,1
5645,1.79368,0.54500,1.47800,1.58300,1
5646,1.90410,0.56700,1.55700,1.61100,1
5647,1.66679,0.58100,1.47000,1.59500,1
5648,1.63908,0.60700,1.36200,1.59700,1
5649,1.78686,0.77800,1.36600,1.61300,1
5650,2.57906,0.57900,1.33800,1.63100,1
5651,1.72225,0.59300,1.33200,1.59600,1
5652,1.91429,0.54000,1.27300,1.77900,1
5653,1.79493,0.58100,1.29300,1.61100,1
5654,1.71347,0.56900,1.23700,1.58000,1
5655,1.81547,0.52800,1.28600,1.59900,1
5656,1.93295,0.59200,1.43200,1.61400,1
5657,1.92604,0.52400,1.56000,1.62000,1
5658,1.61844,0.52500,1.38600,1.60600,1
5659,1.80295,0.59900,1.38000,1.61500,1
5660,1.77559,0.59700,1.35200,1.60500,1
5661,2.24460,0.61200,1.48600,1.77400,1
5662,1.65598,0.59200,1.38800,1.74300,1
5663,1.75200,0.54300,1.34800,1.63200,1
5664,1.84435,0.77100,1.38700,1.60300,1
5665,1.84528,0.62500,1.51900,1.59300,1
5666,1.91392,0.68900,1.63800,1.64200,1
5667,1.74712,0.70600,1.62500,1.57800,1
5668,1.62916,0.72300,1.45600,1.61400,1
5669,1.73906,0.67500,1.37000,1.60400,1
5670,2.03807,0.55700,1.46400,1.78000,1
5671,1.66535,0.78100,1.40800,1.58100,1
5672,1.94462,0.58700,1.51200,1.59900,1
5673,1.66404,0.57200,1.45800,1.59800,1
5674,2.59194,0.58000,1.40000,1.64800,1
5675,1.72260,0.56000,1.38800,1.60100,1
5676,1.77763,0.56100,1.37600,1.58600,1
5677,1.87291,0.61400,1.52900,1.58500,1
5678,1.70505,0.63000,1.42600,1.61700,1
5679,2.05191,0.61200,1.41700,1.79200,1
5680,1.81215,1.02100,1.30000,1.79200,1
5681,1.67196,0.87700,1.22700,1.57500,1
5682,1.79793,0.72900,1.23800,1.60600,1
5683,1.87402,0.67900,1.37500,1.59700,1
5684,1.77124,0.70600,1.32300,1.63000,1
5685,2.72840,1.21700,2.24100,1.62200,1
5686,2.28292,0.84400,2.28200,1.60700,1
5687,2.14571,0.81600,2.16500,1.81800,1
5688,1.77963,0.76000,1.79100,1.62400,1
5689,4.03516,0.61500,2.21700,1.58600,1
5690,2.11198,0.64700,2.11700,1.63100,1
5691,2.19245,0.64400,2.18500,1.67600,1
5692,2.11028,0.61400,2.10700,1.65300,1
5693,2.12787,0.58100,2.11000,1.67500,1
5694,1.55697,0.57800,1.54500,1.79600,1
5695,1.50752,0.62600,1.48700,1.79600,1
5696,1.83236,0.67700,1.47000,1.78400,1
5697,1.76500,0.63200,1.43900,1.61000,1
5698,2.02404,0.66600,1.53600,1.62500,1
5699,1.51259,0.68800,1.40600,1.61400,1
5700,1.79018,0.67100,1.38900,1.59700,1
5701,1.72435,0.72900,1.31200,1.60300,1
5702,1.71581,0.60300,1.24400,1.61700,1
5703,1.74120,0.57900,1.21700,1.57300,1
5704,2.02228,0.56000,1.31500,1.78700,1
5705,2.52614,0.62100,2.29100,1.61000,1
5706,1.52384,0.62300,1.52600,1.60500,1
5707,1.74727,0.80900,1.48700,1.59800,1
5708,1.40017,1.38000,1.38000,1.59800,1
5709,1.69742,1.28100,1.30000,1.58600,1
5710,1.79071,0.97900,1.33400,1.62100,1
5711,1.69720,0.80100,1.27900,1.58700,1
5712,1.75191,0.74400,1.24100,1.60400,1
5713,1.72844,0.70500,1.20000,1.59200,1
5714,2.94012,0.68000,2.00500,1.58400,1
5715,1.42475,0.63900,1.42200,1.60200,1
5716,1.36421,0.64500,1.24400,1.60200,1
5717,1.71310,0.62700,1.19700,1.62900,1
5718,1.78214,0.62300,1.21600,1.59100,1
5719,1.83591,0.63700,1.24500,1.61400,1
5720,1.86151,0.66500,1.34500,1.59700,1
5721,2.48857,0.60600,2.45700,1.61300,1
5722,2.16915,0.57600,2.16500,1.79100,1
5723,2.04251,0.57200,2.03600,1.62000,1
5724,2.07124,0.57200,2.06100,1.61000,1
5725,1.39111,0.58300,1.37500,1.59300,1
5726,1.69752,0.59300,1.67200,1.60400,1
5727,1.63309,0.63400,1.64600,1.60400,1
5728,3.33117,0.58900,1.65900,1.64600,1
5729,1.67461,0.60200,1.54100,1.59900,1
5730,1.78392,0.61200,1.55100,1.60500,1
5731,2.05966,0.61700,1.52100,1.91300,1
5732,1.69841,0.54900,1.43000,1.60700,1
5733,1.82226,0.58500,1.48700,1.61800,1
5734,1.76559,0.55000,1.47700,1.63300,1
5735,1.74303,0.54600,1.38200,1.59000,1
5736,1.85548,0.53100,1.46600,1.64600,1
5737,1.94226,0.56400,1.63300,1.62600,1
5738,1.56157,0.54800,1.43100,1.58800,1
5739,1.76283,0.55400,1.40300,1.58400,1
5740,2.09942,0.54400,1.52900,1.78200,1
5741,1.62405,0.55600,1.40900,1.58700,1
5742,1.75487,0.53200,1.36700,1.61800,1
5743,1.85042,0.54100,1.42000,1.60900,1
5744,1.71685,0.59400,1.43700,1.60300,1
5745,1.93209,0.54300,1.76100,1.62500,1
5746,1.79387,0.59800,1.49400,1.63400,1
5747,1.68917,0.65900,1.43600,1.60200,1
5748,1.93763,0.57300,1.53400,1.62300,1
5749,1.84647,0.58700,1.42400,1.79600,1
5750,1.92606,0.58800,1.42100,1.74900,1
5751,1.77389,0.57300,1.39200,1.60700,1
5752,1.79873,0.55800,1.43400,1.62600,1
5753,1.90869,0.66500,1.54500,1.61200,1
5754,1.66949,0.62300,1.40300,1.62900,1
5755,1.88081,0.64800,1.37800,1.61800,1
5756,1.82900,0.62700,1.47100,1.63000,1
5757,1.65217,0.56900,1.38200,1.60800,1
5758,1.97943,0.61000,1.39300,1.79200,1
5759,1.93827,0.58600,1.57100,1.60300,1
5760,1.69615,0.57300,1.51200,1.58400,1
5761,1.82281,0.57800,1.55800,1.60000,1
5762,1.71070,0.56300,1.50500,1.59700,1
5763,1.66046,0.55700,1.40700,1.55900,1
5764,1.88898,0.57700,1.45900,1.65900,1
5765,1.71219,0.60000,1.37000,1.61400,1
5766,1.80619,0.60100,1.39700,1.59700,1
5767,3.15973,0.57900,1.52300,1.60400,1
5768,2.04287,0.58200,3.12100,1.98100,1
5769,1.84948,0.63500,1.49100,1.60700,1
5770,1.95786,0.61400,1.72600,1.65300,1
5771,2.20699,0.59300,2.11100,1.58900,1
5772,2.55088,0.63800,2.54100,1.64500,1
5773,1.69445,0.62200,1.69200,1.64300,1
5774,1.69587,0.58000,1.68800,1.62600,1
5775,1.59452,0.58800,1.58900,1.76400,1
5776,1.45450,0.57400,1.44900,1.76400,1
5777,3.25149,0.56800,1.51600,1.67100,1
5778,1.73883,0.58000,1.51700,1.61100,1
5779,1.73846,0.57500,1.50800,1.59200,1
5780,1.72435,0.56300,1.41600,1.60800,1
5781,1.86968,0.58300,1.56300,1.61100,1
5782,1.59949,0.55800,1.42100,1.57200,1
5783,2.00817,0.57000,1.60900,1.60600,1
5784,1.90919,0.59600,1.54800,1.80400,1
5785,1.90307,0.62700,1.52300,1.75400,1
5786,1.83651,0.57600,1.59000,1.60700,1
5787,1.70301,0.56900,1.53300,1.60500,1
5788,1.71735,0.58400,1.48400,1.60700,1
5789,1.86764,0.55900,1.51300,1.62200,1
5790,1.83782,0.56400,1.58800,1.62500,1
5791,1.81615,0.62400,1.67200,1.60100,1
5792,1.60008,0.64900,1.53900,1.60100,1
5793,1.95131,0.60900,1.49500,1.64500,1
5794,1.78538,0.62600,1.45900,1.60700,1
5795,1.63632,0.60800,1.34100,1.59900,1
5796,1.78590,0.61600,1.33700,1.61000,1
5797,1.77788,0.56600,1.37100,1.57100,1
5798,1.81726,0.55500,1.41500,1.60100,1
5799,1.65982,0.55600,1.29600,1.60800,1
5800,1.70401,0.68200,1.21600,1.60000,1
5801,1.79020,0.60300,1.23400,1.59100,1
5802,1.78177,0.68000,1.24000,1.60900,1
5803,2.14142,1.28800,1.27800,1.92700,1
5804,1.67696,0.64000,1.20500,1.59900,1
5805,1.84525,0.61000,1.28700,1.59800,1
5806,1.77355,0.59300,1.27100,1.61700,1
5807,2.27401,0.60000,1.28700,1.62600,1
5808,2.09936,0.59800,1.89700,1.66900,1
5809,1.92409,0.67600,1.29900,1.62500,1
5810,1.73494,0.64800,1.26600,1.61100,1
5811,1.87314,0.68400,1.37800,1.59900,1
5812,1.88911,0.73300,1.29800,1.80100,1
5813,1.69227,0.64200,1.20100,1.59600,1
5814,1.75369,0.62100,1.17300,1.59200,1
5815,1.83252,0.61600,1.26100,1.59500,1
5816,1.78891,0.59200,1.28400,1.60600,1
5817,1.78249,0.59300,1.28300,1.62900,1
5818,1.81366,0.60500,1.34700,1.59600,1
5819,1.78307,0.62100,1.33200,1.57600,1
5820,1.81123,0.73200,1.32500,1.61900,1
5821,1.83676,0.73800,1.24300,1.79500,1
5822,1.91884,0.70100,1.20600,1.75200,1
5823,1.73793,0.62300,1.16300,1.62100,1
5824,1.82188,0.57400,1.20800,1.59800,1
5825,1.78461,0.57200,1.24800,1.59700,1
5826,1.87431,0.55400,1.30600,1.62800,1
5827,1.85461,0.61200,1.41000,1.59500,1
5828,1.71918,0.67700,1.42300,1.58800,1
5829,1.83847,0.61100,1.43800,1.60300,1
5830,2.10322,0.65700,1.56600,1.78500,1
5831,1.62744,0.70800,1.50400,1.58700,1
5832,1.82992,0.65500,1.47300,1.61000,1
5833,1.69841,0.67800,1.41100,1.60800,1
5834,1.76429,0.57200,1.37100,1.59100,1
5835,1.60977,0.60700,1.19500,1.60700,1
5836,1.71565,0.64800,1.14600,1.59300,1
5837,1.88197,0.58500,1.26700,1.59200,1
5838,2.51339,0.59000,2.01100,1.81200,1
5839,1.84984,0.59800,1.85000,1.73100,1
5840,1.41529,0.58700,1.40300,1.73100,1
5841,1.63027,0.60000,1.26900,1.59100,1
5842,1.81489,0.66100,1.29500,1.61600,1
5843,1.69224,0.70000,1.23200,1.59700,1
5844,1.83344,0.62700,1.20200,1.61300,1
5845,1.77678,0.65100,1.20300,1.62000,1
5846,3.03613,0.59900,1.31100,1.66500,1
5847,1.69088,0.68500,1.29100,1.58400,1
5848,1.92086,0.63100,1.25300,1.81600,1
5849,1.75148,0.60100,1.23200,1.61000,1
5850,1.82171,0.60500,1.23700,1.60000,1
5851,1.96676,0.64900,1.62600,1.59700,1
5852,1.80165,0.69900,1.49000,1.61500,1
5853,1.83405,0.58100,1.51600,1.62100,1
5854,1.71864,0.55700,1.47500,1.61300,1
5855,1.75023,0.56100,1.42800,1.60100,1
5856,1.69541,0.57700,1.34400,1.59200,1
5857,2.37694,0.59200,1.75500,1.76600,1
5858,1.54923,0.58000,1.47100,1.76700,1
5859,1.74668,0.62500,1.40000,1.57800,1
5860,1.72469,0.59100,1.37700,1.59000,1
5861,1.76295,0.57100,1.30000,1.64400,1
5862,1.79899,0.56400,1.32000,1.61800,1
5863,1.71951,0.54600,1.29000,1.58000,1
5864,1.80972,0.59800,1.26700,1.60900,1
5865,1.78775,0.57700,1.25900,1.61000,1
5866,2.00302,0.62800,1.29700,1.80600,1
5867,1.75488,0.58700,1.25800,1.60100,1
5868,1.95730,0.55600,1.42800,1.61000,1
5869,1.71851,0.54800,1.40700,1.60100,1
5870,1.73506,0.60600,1.33500,1.63400,1
5871,1.93863,0.69400,1.44400,1.61700,1
5872,1.73089,0.65200,1.39000,1.61500,1
5873,1.94322,0.62400,1.51700,1.62100,1
5874,1.59107,0.62700,1.34600,1.59800,1
5875,1.81790,0.62600,1.37900,1.59100,1
5876,2.17623,0.68300,1.44800,1.95500,1
5877,1.75078,0.66600,1.42600,1.61400,1
5878,1.81336,0.63500,1.39000,1.62100,1
5879,1.72672,0.63900,1.33900,1.61200,1
5880,3.26086,0.64100,1.38900,1.63000,1
5881,1.75665,0.70700,1.38800,1.60600,1
5882,1.78437,0.66300,1.35700,1.61000,1
5883,1.65268,0.70400,1.26800,1.60100,1
5884,1.96056,0.72600,1.21500,1.78100,1
5885,3.02389,0.67400,1.17300,1.63800,1
5886,1.77837,0.68200,1.21000,1.59200,1
5887,1.78826,0.63200,1.17700,1.62200,1
5888,1.80512,0.68600,1.25600,1.61800,1
5889,1.76822,0.65600,1.25200,1.59200,1
5890,1.80121,0.65100,1.25600,1.59400,1
5891,1.96015,0.66000,1.20400,1.58500,1
5892,1.74476,1.02000,1.24900,1.77900,1
5893,2.06616,0.63200,1.36100,1.75600,1
5894,1.59989,0.68200,1.22500,1.61100,1
5895,1.91575,0.66300,1.34500,1.62300,1
5896,1.64246,0.71000,1.21800,1.61100,1
5897,1.78487,0.64800,1.17800,1.59900,1
5898,2.03180,0.62300,1.40900,1.63800,1
5899,1.69243,0.67800,1.38300,1.59400,1
5900,1.81955,0.68900,1.39900,1.60100,1
5901,1.63707,0.72000,1.28100,1.58900,1
5902,1.89403,0.71000,1.20100,1.77900,1
5903,1.79130,0.62300,1.22900,1.60100,1
5904,2.12018,0.62100,1.42800,1.76500,1
5905,2.35016,0.60700,2.09000,1.62100,1
5906,1.90328,0.59000,1.89300,1.63500,1
5907,1.84733,0.58900,1.83000,1.63700,1
5908,1.72237,0.60600,1.69500,1.65600,1
5909,1.64431,0.63900,1.64100,1.61100,1
5910,1.53796,0.62400,1.52500,1.61100,1
5911,1.91921,0.61300,1.54700,1.78500,1
5912,1.84721,0.62600,1.60000,1.60200,1
5913,1.61182,0.74200,1.44000,1.61500,1
5914,1.92549,0.63000,1.54400,1.61600,1
5915,1.83231,0.61000,1.44700,1.77900,1
5916,1.94762,0.58400,1.53600,1.64400,1
5917,1.70093,0.55800,1.44500,1.63000,1
5918,1.81162,0.55900,1.46800,1.59500,1
5919,1.74749,0.63400,1.44200,1.62300,1
5920,2.75965,0.69700,2.15700,1.61200,1
5921,1.78028,0.96400,1.82700,1.59900,1
5922,1.50002,0.68500,1.50900,1.59900,1
5923,1.46109,0.59800,1.43800,1.60500,1
5924,2.30669,0.61500,1.41400,1.58900,1
5925,1.92519,0.59800,2.37700,1.66700,1
5926,1.64172,0.58300,1.45900,1.59300,1
5927,1.73851,0.57700,1.41300,1.62000,1
5928,1.76985,0.57700,1.41100,1.60700,1
5929,1.98255,0.57000,1.41700,1.80000,1
5930,1.89462,0.66200,1.38700,1.78600,1
5931,1.82643,0.61100,1.38900,1.61100,1
5932,1.78432,0.59200,1.38700,1.64600,1
5933,1.78639,0.56800,1.38600,1.62100,1
5934,1.81010,0.56800,1.36900,1.64500,1
5935,1.74679,0.53800,1.34500,1.57900,1
5936,1.78941,0.60600,1.36300,1.60600,1
5937,1.76580,1.31500,1.35700,1.61500,1
5938,1.97934,0.67700,1.39700,1.78600,1
5939,1.74613,0.61500,1.40000,1.58900,1
5940,1.70660,0.58600,1.33500,1.59500,1
5941,1.72237,0.55500,1.25100,1.60300,1
5942,1.74302,0.67400,1.21600,1.60200,1
5943,1.78176,0.66100,1.25200,1.57800,1
5944,1.73220,0.63500,1.21400,1.60200,1
5945,1.97452,0.62200,1.44100,1.59600,1
5946,1.69349,0.57200,1.41500,1.59200,1
5947,2.07065,0.56200,1.51500,1.76400,1
5948,1.88730,0.56700,1.50100,1.75800,1
5949,1.77441,0.53800,1.48700,1.60300,1
5950,1.64957,0.56100,1.32600,1.62500,1
5951,1.77911,0.57100,1.33100,1.58100,1
5952,1.86725,0.56000,1.39500,1.64500,1
5953,1.70697,0.55400,1.36000,1.57800,1
5954,1.79821,0.55400,1.37000,1.61800,1
5955,1.69759,0.56600,1.26800,1.60700,1
5956,2.04306,0.64400,1.33500,1.78400,1
5957,1.66328,0.68000,1.24800,1.59700,1
5958,2.02012,0.68800,1.48000,1.60100,1
5959,1.66179,0.67300,1.43200,1.58300,1
5960,1.71814,0.59200,1.30300,1.63200,1
5961,1.85027,0.56500,1.38400,1.62100,1
5962,1.68779,0.55800,1.27600,1.64500,1
5963,2.52409,0.56700,1.22900,1.63700,1
5964,1.71957,0.58400,1.19200,1.59300,1
5965,2.07073,0.61300,1.23100,1.82200,1
5966,1.96022,0.68500,1.28300,1.74300,1
5967,1.71362,0.63300,1.22800,1.59100,1
5968,1.90577,0.64100,1.32800,1.60200,1
5969,1.63633,0.69100,1.24100,1.57800,1
5970,1.85057,0.66000,1.28000,1.62100,1
5971,1.64346,0.62200,1.13100,1.61400,1
5972,1.80729,0.69500,1.13000,1.61900,1
5973,1.88203,0.67300,1.21700,1.61500,1
5974,1.93166,0.79300,1.23300,1.75600,1
5975,1.78098,0.79100,1.24600,1.58800,1
5976,1.82396,0.74600,1.28500,1.61200,1
5977,1.72851,0.70100,1.23600,1.61900,1
5978,1.84710,0.68600,1.30000,1.60200,1
5979,1.76408,0.73500,1.28000,1.61200,1
5980,1.69707,0.69700,1.23100,1.60100,1
5981,1.81676,0.69300,1.25600,1.61500,1
5982,1.81230,0.69500,1.27900,1.61300,1
5983,2.37286,0.71600,1.38100,1.60300,1
5984,2.31143,0.67000,2.10200,1.93500,1
5985,1.73584,0.73400,1.25500,1.60900,1
5986,1.75811,0.66600,1.22000,1.61800,1
5987,1.67876,0.61100,1.15500,1.58600,1
5988,1.74254,0.58800,1.12000,1.60100,1
5989,1.77982,0.60100,1.10700,1.60800,1
5990,1.83414,0.59600,1.12400,1.60000,1
5991,1.77184,0.68100,1.19500,1.57800,1
5992,2.02550,0.66900,1.21800,1.80700,1
5993,1.80129,0.63100,1.26100,1.58100,1
5994,1.76111,0.64700,1.26600,1.59600,1
5995,1.77464,0.69600,1.20400,1.63300,1
5996,1.85649,0.65300,1.29400,1.60000,1
5997,1.95503,0.69000,1.39500,1.60100,1
5998,1.66733,0.64900,1.39200,1.61300,1
5999,1.72271,0.63800,1.31400,1.60500,1
6000,1.63219,0.61300,1.16900,1.58400,1
6001,2.51968,0.61000,1.20800,1.59800,1
6002,1.64386,0.59700,2.16200,1.83500,1
6003,1.74116,0.64100,1.20200,1.57800,1
6004,1.78765,0.67800,1.20000,1.58700,1
6005,1.72100,0.65100,1.15300,1.61700,1
6006,1.91380,0.61700,1.14500,1.59900,1
6007,1.78323,0.75900,1.20600,1.63300,1
6008,1.68215,0.68200,1.17600,1.63100,1
6009,1.78396,0.75100,1.13400,1.60200,1
6010,1.85829,0.75700,1.22200,1.59700,1
6011,1.88385,0.72400,1.14300,1.79200,1
6012,1.85231,0.66100,1.25100,1.58000,1
6013,1.75144,0.65500,1.24000,1.59900,1
6014,1.75688,0.64600,1.24600,1.60700,1
6015,1.89774,0.59800,1.32200,1.61800,1
6016,1.68196,0.66200,1.22500,1.60300,1
6017,1.74665,0.67500,1.20000,1.59700,1
6018,2.03748,0.67400,1.47600,1.58800,1
6019,1.61134,0.61100,1.36800,1.58200,1
6020,1.75912,0.68800,1.31400,1.63100,1
6021,1.97909,0.83000,1.27000,1.79000,1
6022,1.71987,0.65500,1.24400,1.58400,1
6023,2.02070,0.64300,1.31100,1.63400,1
6024,1.61108,0.90300,1.34600,1.58600,1
6025,1.74131,0.75600,1.29000,1.61000,1
6026,1.77024,0.57300,1.28500,1.59100,1
6027,1.75324,0.57100,1.29000,1.59900,1
6028,1.80351,0.55800,1.30600,1.58900,1
6029,2.04364,0.55200,1.39300,1.78600,1
6030,1.87380,0.65700,1.48400,1.60800,1
6031,1.77423,0.61600,1.47700,1.60500,1
6032,1.70566,0.60000,1.38700,1.60500,1
6033,1.75739,0.58200,1.34700,1.61500,1
6034,1.89120,0.63800,1.45100,1.57900,1
6035,1.70875,0.58800,1.45200,1.58300,1
6036,1.80471,0.57300,1.45500,1.60400,1
6037,1.76560,0.59100,1.43300,1.59200,1
6038,1.69999,0.57000,1.33700,1.59300,1
6039,2.11693,0.59400,1.34800,1.94700,1
6040,2.46994,0.67000,1.28300,1.63800,1
6041,1.75763,0.66700,1.30000,1.62800,1
6042,1.76783,0.65200,1.34700,1.56600,1
6043,1.75684,0.59900,1.30000,1.63000,1
6044,1.73514,0.57000,1.28900,1.57300,1
6045,1.76214,0.57900,1.28500,1.59200,1
6046,1.76084,0.54600,1.29700,1.58600,1
6047,2.02427,0.54300,1.35400,1.76500,1
6048,1.82096,0.56400,1.42400,1.58500,1
6049,1.69582,0.55200,1.34700,1.60000,1
6050,1.76158,0.53100,1.33300,1.58800,1
6051,1.73070,0.55200,1.34400,1.59700,1
6052,1.75328,0.56100,1.31800,1.58500,1
6053,1.77043,0.53300,1.30900,1.62200,1
6054,1.80165,0.54700,1.26900,1.61100,1
6055,1.75516,1.03500,1.27300,1.60300,1
6056,1.65184,0.98200,1.21400,1.59300,1
6057,2.15377,0.74400,1.19600,1.97200,1
6058,1.77496,0.70300,1.20100,1.60600,1
6059,1.79439,0.66100,1.22400,1.57600,1
6060,1.89873,1.05800,1.33400,1.62100,1
6061,1.63226,1.28800,1.23700,1.60200,1
6062,1.75366,0.92900,1.19600,1.62100,1
6063,1.80796,1.06800,1.22000,1.56500,1
6064,1.78508,1.14400,1.22100,1.61500,1
6065,1.83118,1.05900,1.23900,1.60900,1
6066,2.02708,0.83000,1.28300,1.80100,1
6067,1.76595,1.53400,1.26200,1.57900,1
6068,1.71181,1.11400,1.20700,1.61100,1
6069,1.73167,0.90200,1.17000,1.59200,1
6070,1.80478,0.82200,1.18300,1.61400,1
6071,1.86819,0.75700,1.30000,1.61800,1
6072,1.69864,0.70400,1.23900,1.57600,1
6073,1.72989,0.66600,1.15700,1.60100,1
6074,1.81352,0.67700,1.17400,1.62200,1
6075,2.11978,0.70200,1.19300,1.96100,1
6076,1.80170,0.70700,1.22100,1.60100,1
6077,1.71171,0.67000,1.18300,1.58400,1
6078,1.84979,0.70600,1.21600,1.64600,1
6079,2.90945,0.64400,1.19600,1.64500,1
6080,1.79709,0.67400,1.23600,1.62600,1
6081,1.74054,0.68300,1.19200,1.60600,1
6082,1.75886,0.68700,1.20300,1.58100,1
6083,1.71823,0.65500,1.17900,1.58200,1
6084,2.05344,0.69300,1.24300,1.80300,1
6085,1.82936,0.61000,1.26300,1.60600,1
6086,1.74993,0.63600,1.28300,1.58200,1
6087,2.36117,0.68800,1.21600,1.61500,1
6088,1.80429,0.65700,1.24800,1.58100,1
6089,1.76707,0.67300,1.26200,1.61900,1
6090,1.74011,0.64100,1.26000,1.57500,1
6091,1.72952,0.69400,1.22100,1.59100,1
6092,1.81843,0.64100,1.25500,1.59400,1
6093,2.08798,0.69500,1.25700,1.92900,1
6094,1.77770,0.64600,1.26600,1.58700,1
6095,1.80995,0.66500,1.28900,1.57800,1
6096,1.79536,0.63100,1.31600,1.62600,1
6097,1.69299,0.64300,1.24200,1.58500,1
6098,1.77820,0.65100,1.23600,1.62000,1
6099,1.74944,0.61500,1.21700,1.58600,1
6100,1.78070,0.55800,1.24900,1.58800,1
6101,1.79296,0.58300,1.27000,1.59900,1
6102,2.00146,0.55900,1.30400,1.81300,1
6103,1.70591,0.59000,1.31500,1.58000,1
6104,1.79068,0.54100,1.25900,1.60000,1
6105,1.73311,0.57200,1.24400,1.59100,1
6106,1.88213,0.55900,1.32000,1.58600,1
6107,1.65239,0.63500,1.22900,1.59800,1
6108,1.90800,0.58600,1.35100,1.60100,1
6109,1.90512,0.60900,1.53000,1.58400,1
6110,1.46442,0.55500,1.23900,1.57700,1
6111,1.84166,0.55700,1.27500,1.61100,1
6112,2.09941,0.58500,1.31200,1.94200,1
6113,1.76395,0.54300,1.28200,1.58400,1
6114,1.77061,0.55000,1.26900,1.60900,1
6115,1.79552,0.56100,1.29100,1.62600,1
6116,1.84084,0.54400,1.34000,1.61800,1
6117,1.73068,0.57400,1.29300,1.61600,1
6118,2.50908,0.55800,1.28800,1.59000,1
6119,1.67537,0.61500,2.16400,1.64000,1
6120,1.81058,0.59800,1.28800,1.60100,1
6121,1.92763,0.60400,1.25000,1.77800,1
6122,1.72330,0.56800,1.19500,1.61500,1
6123,1.77601,0.54000,1.19900,1.58800,1
6124,1.75018,0.56200,1.16700,1.59400,1
6125,1.94810,0.52200,1.32300,1.64300,1
6126,1.84166,0.57800,1.38800,1.59800,1
6127,2.07360,0.58600,1.89900,1.61300,1
6128,1.67227,0.68500,1.67300,1.61300,1
6129,1.66008,0.62000,1.53500,1.59600,1
6130,2.12517,0.62900,1.55300,1.91300,1
6131,2.16331,0.62300,1.90700,1.63100,1
6132,1.82068,0.91900,1.82500,1.64100,1
6133,1.48521,0.86600,1.49500,1.64100,1
6134,1.69087,0.73700,1.46600,1.63400,1
6135,1.66499,0.70700,1.36400,1.62200,1
6136,1.80138,0.74900,1.32800,1.60400,1
6137,1.68677,0.80000,1.28000,1.58900,1
6138,1.82651,0.74800,1.33700,1.61400,1
6139,1.85966,0.69900,1.29000,1.77400,1
6140,1.74962,0.67600,1.20300,1.61200,1
6141,1.76539,0.66000,1.18800,1.61200,1
6142,1.76639,0.62700,1.17900,1.58400,1
6143,1.79160,0.60600,1.20200,1.59500,1
6144,1.95330,0.70300,1.40800,1.60300,1
6145,1.76086,0.65800,1.40500,1.60600,1
6146,1.75225,0.74200,1.42000,1.61400,1
6147,1.88686,0.61300,1.47900,1.63100,1
6148,5.03520,0.64700,1.65400,1.63300,1
6149,1.57251,0.68100,1.57300,1.62200,1
6150,1.51846,0.73600,1.51900,1.62300,1
6151,1.55984,0.68200,1.45100,1.62300,1
6152,1.88842,0.71000,1.50800,1.62400,1
6153,1.72696,0.65100,1.52500,1.59100,1
6154,1.77322,0.83600,1.53300,1.59200,1
6155,1.73560,0.88600,1.48500,1.60500,1
6156,1.98678,0.77000,1.50900,1.78300,1
6157,2.52289,0.74900,1.45700,1.58200,1
6158,1.85823,0.63400,2.50000,1.63600,1
6159,1.96621,0.64000,1.50300,1.59100,1
6160,1.77629,0.69900,1.46200,1.62900,1
6161,2.52537,0.76200,2.15200,1.62600,1
6162,1.69655,1.02300,1.72500,1.61300,1
6163,1.52123,0.71400,1.52400,1.61400,1
6164,1.38323,0.66300,1.38900,1.61400,1
6165,1.97479,0.62400,1.39100,1.96400,1
6166,1.71645,0.59800,1.31000,1.58600,1
6167,1.73186,0.57700,1.25500,1.59900,1
6168,1.86787,0.57900,1.33900,1.61300,1
6169,1.79975,0.57700,1.33900,1.59600,1
6170,1.73569,0.61100,1.26200,1.62800,1
6171,1.80844,0.86100,1.26800,1.60300,1
6172,1.70625,1.13300,1.20100,1.60000,1
6173,1.76842,0.88800,1.21400,1.60300,1
6174,1.97411,0.81200,1.24900,1.77000,1
6175,1.74527,0.83300,1.23300,1.60100,1
6176,1.78471,0.72500,1.26700,1.60300,1
6177,2.14567,0.66000,1.61400,1.61100,1
6178,1.73091,0.63400,1.64300,1.61700,1
6179,2.10854,0.61400,1.97100,1.60300,1
6180,1.53805,0.60800,1.53000,1.60300,1
6181,2.12020,0.58600,1.66500,1.61000,1
6182,1.82317,1.18600,1.90900,1.61400,1
6183,2.37353,0.76800,2.47000,1.82100,1
6184,1.67854,0.57600,1.66300,1.63700,1
6185,1.40634,0.60500,1.40000,1.63700,1
6186,1.49663,0.61900,1.40300,1.62200,1
6187,1.71245,0.57400,1.34300,1.61000,1
6188,1.74885,0.58300,1.29000,1.62200,1
6189,1.77352,0.58800,1.28600,1.60200,1
6190,2.44324,0.58400,1.28000,1.61500,1
6191,1.72841,0.59300,1.25900,1.59100,1
6192,2.11354,0.62400,1.41700,1.78900,1
6193,1.69542,0.64100,1.36200,1.61200,1
6194,1.77072,0.61000,1.34200,1.57800,1
6195,1.76495,1.33800,1.35000,1.61200,1
6196,1.77645,1.09400,1.33400,1.61000,1
6197,2.84201,1.03100,1.54000,1.64100,1
6198,1.33300,1.19900,2.02500,1.64100,1
6199,1.76278,1.02000,1.31800,1.61500,1
6200,1.71860,1.06800,1.29400,1.59800,1
6201,2.15439,0.78200,1.32800,1.94100,1
6202,1.81821,1.33800,1.37500,1.60500,1
6203,1.81252,0.70000,1.38500,1.63000,1
6204,1.98843,0.59400,1.67300,1.60800,1
6205,1.70358,0.58500,1.55600,1.58600,1
6206,1.70681,0.57300,1.48800,1.63300,1
6207,1.75390,0.55000,1.45900,1.59600,1
6208,2.06427,0.59500,1.57100,1.61700,1
6209,1.46470,0.63000,1.40800,1.61700,1
6210,2.08256,0.59100,1.51400,1.80000,1
6211,1.65532,0.66400,1.43600,1.59000,1
6212,1.85575,0.73000,1.51900,1.59900,1
6213,1.61946,0.65000,1.42800,1.57500,1
6214,1.91407,0.99400,1.43700,1.60500,1
6215,1.73048,1.06400,1.43500,1.62500,1
6216,1.93507,0.81500,1.58000,1.60000,1
6217,1.60162,0.72200,1.45100,1.59700,1
6218,1.80560,0.65800,1.47900,1.59400,1
6219,1.74034,0.67500,1.46700,1.60600,1
6220,2.76603,0.67800,2.10600,1.61400,1
6221,2.06475,0.62200,2.08000,1.63400,1
6222,1.78741,0.58000,1.78900,1.62900,1
6223,1.72046,0.58400,1.71200,1.61300,1
6224,1.48562,0.63000,1.47300,1.57900,1
6225,1.46135,0.55600,1.41000,1.57900,1
6226,1.76796,0.61600,1.40600,1.61900,1
6227,1.78705,0.59900,1.44800,1.58300,1
6228,1.72613,0.57300,1.36700,1.61900,1
6229,1.91629,0.59100,1.31600,1.75600,1
6230,1.77146,0.60500,1.34500,1.60400,1
6231,1.81435,0.66100,1.41300,1.60100,1
6232,1.81913,0.65700,1.45200,1.58300,1
6233,1.74632,0.59300,1.39000,1.64500,1
6234,1.85235,0.60400,1.42800,1.60200,1
6235,1.86348,0.67600,1.55100,1.61300,1
6236,1.95603,0.66000,1.67800,1.61200,1
6237,3.41741,0.72400,1.63000,1.63900,1
6238,1.68567,0.73400,1.45100,1.63300,1
6239,1.88295,0.70000,1.48800,1.64900,1
6240,1.81503,0.71900,1.60500,1.61000,1
6241,1.88966,0.66600,1.58700,1.62300,1
6242,1.65549,0.59700,1.54300,1.62300,1
6243,1.65948,0.58600,1.39200,1.61600,1
6244,2.13790,0.59700,1.69500,1.60300,1
6245,1.87232,0.60100,1.86500,1.60900,1
6246,10.45286,0.62100,1.92300,1.60900,1
6247,2.11840,0.65700,10.45800,1.80900,1
6248,1.81458,0.64900,1.55400,1.61300,1
6249,1.70182,0.71200,1.46800,1.63000,1
6250,1.64670,0.66700,1.33400,1.62100,1
6251,2.14005,0.71800,1.32800,1.95800,1
6252,1.82324,0.68400,1.37700,1.60100,1
6253,1.82248,0.65500,1.43500,1.61900,1
6254,1.76718,0.62600,1.43400,1.62000,1
6255,1.90562,0.64500,1.52700,1.60900,1
6256,1.92304,0.64000,1.66200,1.59900,1
6257,2.05704,0.68000,1.99100,1.62000,1
6258,1.88733,0.68300,1.81900,1.62600,1
6259,1.62140,1.00400,1.64800,1.81000,1
6260,1.57447,0.98900,1.46800,1.81000,1
6261,1.73018,0.95600,1.41200,1.58800,1
6262,1.67153,0.82200,1.28100,1.60900,1
6263,1.89783,0.76500,1.39500,1.60300,1
6264,1.84559,0.77400,1.48000,1.62800,1
6265,1.73112,0.80800,1.33700,1.60800,1
6266,2.29685,0.75800,1.88000,1.60100,1
6267,1.81736,0.96000,1.83500,1.62100,1
6268,1.66238,0.93100,1.65600,1.62100,1
6269,1.96088,0.87300,1.73800,1.61700,1
6270,1.75192,0.79300,1.71100,1.61700,1
6271,1.68321,0.80200,1.50100,1.61100,1
6272,1.80046,0.70400,1.49600,1.58900,1
6273,1.62602,0.80900,1.35800,1.61300,1
6274,1.81037,0.70700,1.38100,1.60800,1
6275,1.78237,0.73300,1.41600,1.59200,1
6276,2.82388,0.70800,1.44300,1.60300,1
6277,1.93805,0.67800,2.75300,1.81800,1
6278,1.66256,0.75900,1.34000,1.63500,1
6279,1.76388,0.73100,1.32100,1.60200,1
6280,1.88257,0.68700,1.38600,1.62500,1
6281,1.88446,1.13100,1.48000,1.57800,1
6282,1.95642,1.02100,1.64500,1.62700,1
6283,1.68915,0.85800,1.56000,1.62700,1
6284,1.94496,0.82900,1.78400,1.62400,1
6285,1.70257,0.85300,1.71400,1.62400,1
6286,1.66902,0.73400,1.62300,1.59500,1
6287,2.40488,0.69100,1.89900,1.58000,1
6288,1.88164,0.79400,1.84700,1.64900,1
6289,1.70051,0.72200,1.71400,1.61200,1
6290,1.84575,0.67300,1.84600,1.60900,1
6291,1.84468,0.63700,1.83300,1.64100,1
6292,2.44199,0.62600,2.43200,1.59700,1
6293,2.62811,0.69800,1.45100,1.59700,1
6294,2.01592,0.63100,1.48100,1.80300,1
6295,1.80155,0.65600,1.44800,1.60200,1
6296,2.05925,1.36700,1.53700,1.58300,1
6297,1.41424,1.22600,1.43700,1.58300,1
6298,2.43830,1.00700,2.01300,1.62600,1
6299,2.23414,0.62300,2.25900,1.62400,1
6300,2.12646,0.61200,2.11600,1.65900,1
6301,1.96493,0.65400,1.93700,1.63200,1
6302,1.89921,0.64200,1.89600,1.98600,1
6303,1.66028,0.98700,1.65400,1.62200,1
6304,1.66749,0.90100,1.67100,1.62200,1
6305,1.77087,0.70700,1.61200,1.61700,1
6306,1.63459,0.66000,1.40100,1.62100,1
6307,2.02267,0.76600,1.53300,1.61900,1
6308,1.73040,0.84400,1.39700,1.58800,1
6309,1.47252,0.62000,1.36100,1.57900,1
6310,1.79353,0.67400,1.32300,1.60700,1
6311,1.80523,0.59400,1.24500,1.63600,1
6312,1.95921,0.64500,1.30000,1.78000,1
6313,1.80664,0.85000,1.28200,1.59400,1
6314,1.84955,1.11900,1.32200,1.61700,1
6315,1.76649,0.87900,1.31300,1.61300,1
6316,3.04640,0.77000,1.29900,1.64700,1
6317,1.78135,0.67900,1.32700,1.59600,1
6318,1.72817,0.78800,1.34800,1.58500,1
6319,1.80175,0.69100,1.34500,1.60800,1
6320,1.75648,0.69400,1.33600,1.60000,1
6321,2.28052,0.70600,1.45300,1.92700,1
6322,1.92160,0.67000,1.61500,1.60300,1
6323,1.56123,0.60200,1.43500,1.60400,1
6324,1.73323,0.70200,1.35200,1.62500,1
6325,1.83402,0.61600,1.37000,1.60500,1
6326,1.75281,0.63300,1.33600,1.62900,1
6327,1.78215,0.91400,1.31100,1.60600,1
6328,1.82147,0.72600,1.31900,1.62200,1
6329,1.98914,0.67900,1.60800,1.59400,1
6330,2.32308,0.64400,2.21800,1.57600,1
6331,2.04238,0.61300,2.03900,1.63000,1
6332,1.87865,0.64600,1.88500,1.63200,1
6333,1.43202,0.60400,1.41700,1.62400,1
6334,1.31094,0.64600,1.29200,1.62400,1
6335,1.86859,0.60700,1.29000,1.58400,1
6336,1.81758,0.60500,1.33400,1.59700,1
6337,1.83774,0.58100,1.42200,1.61200,1
6338,2.05095,0.61600,1.83200,1.61900,1
6339,2.45106,0.62700,2.19200,1.61100,1
6340,1.77983,0.60700,1.72400,1.62100,1
6341,1.38868,0.85900,1.40800,1.60700,1
6342,1.46444,0.90600,1.35500,1.60700,1
6343,1.88706,0.89400,1.53100,1.62100,1
6344,1.83141,0.94000,1.53100,1.62900,1
6345,1.79265,0.79000,1.51800,1.61000,1
6346,1.69138,0.75200,1.50700,1.55800,1
6347,1.87484,0.74900,1.63400,1.60900,1
6348,1.75080,0.70900,1.68400,1.77600,1
6349,1.75112,1.28800,1.35100,1.61100,1
6350,1.80404,1.12000,1.36000,1.59600,1
6351,1.77879,1.10700,1.34900,1.61700,1
6352,1.71802,1.13500,1.27500,1.61000,1
6353,2.20268,0.98800,1.62300,1.59100,1
6354,1.88774,0.64700,1.89500,1.63100,1
6355,2.64480,0.60500,1.62100,1.63100,1
6356,2.14790,0.56400,2.97800,1.65200,1
6357,2.05821,0.59200,1.50400,1.93700,1
6358,2.09867,0.62100,1.50900,1.63000,1
6359,1.50945,1.07400,1.49200,1.63000,1
6360,1.75165,0.65900,1.45600,1.62800,1
6361,1.81507,0.65900,1.45800,1.66400,1
6362,1.80593,0.65000,1.47200,1.58600,1
6363,1.78565,0.63300,1.45200,1.61200,1
6364,1.75222,0.63100,1.42000,1.61700,1
6365,1.84097,0.65000,1.49100,1.60000,1
6366,1.98835,0.67200,1.52700,1.78800,1
6367,1.62305,0.67200,1.39100,1.59800,1
6368,1.75255,0.70400,1.38400,1.60100,1
6369,1.80391,0.64400,1.41800,1.59400,1
6370,1.91938,0.61200,1.49800,1.62300,1
6371,1.69347,0.65300,1.46600,1.60300,1
6372,1.89823,0.62900,1.50700,1.61700,1
6373,1.62422,0.65800,1.40600,1.60700,1
6374,1.78865,0.63300,1.41000,1.59800,1
6375,2.27702,0.63400,1.55500,1.91600,1
6376,1.60104,0.68200,1.41300,1.58500,1
6377,1.81352,0.63100,1.43000,1.59000,1
6378,1.83492,0.65400,1.46200,1.61300,1
6379,1.82949,0.61200,1.46400,1.60700,1
6380,1.67272,0.71200,1.37900,1.63500,1
6381,1.83011,0.79000,1.38500,1.61900,1
6382,1.69711,0.74300,1.35600,1.57200,1
6383,1.89613,0.71800,1.44900,1.59900,1
6384,1.93511,0.77900,1.44900,1.80100,1
6385,1.74065,0.69900,1.41200,1.62800,1
6386,1.89733,0.73700,1.42000,1.73000,1
6387,1.72855,0.68900,1.38800,1.59000,1
6388,1.75727,0.70400,1.37400,1.60800,1
6389,1.82551,0.68200,1.35600,1.64600,1
6390,1.82498,0.77500,1.39800,1.60400,1
6391,1.74528,0.64900,1.38900,1.60700,1
6392,1.77666,0.55800,1.37700,1.61400,1
6393,1.78955,0.60700,1.34300,1.62400,1
6394,2.00965,0.61400,1.36500,1.84100,1
6395,3.31858,0.77400,1.40500,1.65600,1
6396,3.32169,0.79800,1.39700,1.61500,1
6397,1.67864,1.41700,1.38300,1.61500,1
6398,2.04997,0.91700,1.76400,1.60200,1
6399,1.63874,0.75500,1.59300,1.58700,1
6400,1.83440,0.69800,1.62100,1.58500,1
6401,1.70927,0.70800,1.36100,1.78300,1
6402,1.71635,0.67200,1.31400,1.61500,1
6403,1.88235,0.61700,1.43300,1.60400,1
6404,1.81294,0.70600,1.43900,1.59600,1
6405,1.76188,0.76800,1.41200,1.61900,1
6406,2.06138,0.90300,1.58900,1.66800,1
6407,1.71453,0.74800,1.59600,1.60100,1
6408,1.96822,0.69200,1.77600,1.57700,1
6409,1.55242,0.61000,1.52900,1.61500,1
6410,1.65438,0.72300,1.42200,1.60200,1
6411,1.98738,0.59100,1.40900,1.78000,1
6412,2.01151,0.60000,1.58400,1.63300,1
6413,1.62221,0.55700,1.41700,1.65600,1
6414,1.87932,0.56600,1.53000,1.58600,1
6415,1.79841,0.58700,1.50700,1.61500,1
6416,1.77734,0.58700,1.45500,1.58400,1
6417,1.65352,0.60600,1.43900,1.57900,1
6418,1.71675,0.64500,1.41800,1.58300,1
6419,1.80476,0.62700,1.42700,1.62300,1
6420,2.10954,0.61000,1.53000,1.78700,1
6421,1.75104,0.67300,1.62600,1.59200,1
6422,1.62650,0.68100,1.40200,1.57200,1
6423,1.90414,0.59000,1.51700,1.60700,1
6424,1.93906,0.70200,1.68600,1.64500,1
6425,1.58122,1.34300,1.45100,1.64500,1
6426,1.74992,0.92900,1.37100,1.63400,1
6427,1.71995,0.85300,1.31900,1.61700,1
6428,1.82548,0.74100,1.30800,1.62400,1
6429,2.11627,0.81300,1.29700,1.95200,1
6430,1.81520,0.76300,1.33900,1.60700,1
6431,1.78689,0.73600,1.27200,1.64000,1
6432,1.85832,0.69700,1.33000,1.62100,1
6433,1.74266,0.72900,1.32000,1.61700,1
6434,1.85176,0.79200,1.37300,1.60300,1
6435,2.70369,0.80400,1.34200,1.64800,1
6436,1.78336,0.75300,1.35800,1.61900,1
6437,1.89820,0.79300,1.32800,1.79100,1
6438,1.81898,0.72900,1.32200,1.60700,1
6439,1.78495,1.00700,1.31200,1.60700,1
6440,1.82917,0.80400,1.33100,1.63700,1
6441,1.76621,1.00100,1.32200,1.60100,1
6442,1.83689,0.89400,1.42000,1.59400,1
6443,1.76614,0.80300,1.46500,1.59800,1
6444,1.84961,0.77200,1.50500,1.61500,1
6445,4.42409,0.75700,1.43900,1.61400,1
6446,1.33567,0.73000,1.34400,1.61400,1
6447,1.58122,0.69400,1.30600,1.59800,1
6448,2.08444,0.66700,1.63100,1.61300,1
6449,1.69828,0.65000,1.58000,1.59500,1
6450,1.84316,0.62100,1.57500,1.59500,1
6451,2.12383,0.65700,2.04600,1.59500,1
6452,1.92235,0.68800,1.94100,1.61200,1
6453,1.85210,0.73500,1.84300,1.66200,1
6454,1.97542,0.77200,1.68400,1.66200,1
6455,1.76639,0.77300,1.66600,1.61100,1
6456,1.72947,0.89800,1.64200,1.59400,1
6457,1.67694,0.75900,1.55900,1.60100,1
6458,1.78760,0.70200,1.59300,1.57400,1
6459,1.65550,0.64200,1.46300,1.58700,1
6460,2.11523,0.68100,1.74900,1.58600,1
6461,1.87498,0.97700,1.90100,1.58900,1
6462,1.71796,0.85000,1.73000,1.59200,1
6463,1.63505,0.72100,1.61400,1.59200,1
6464,1.99447,0.73900,1.64600,1.94000,1
6465,1.56909,0.68100,1.45000,1.60200,1
6466,1.93184,0.61700,1.53600,1.62400,1
6467,1.76766,0.63000,1.49300,1.60200,1
6468,1.67284,0.61600,1.42000,1.61500,1
6469,2.00566,0.57900,1.67800,1.60200,1
6470,1.67447,0.58200,1.57300,1.58400,1
6471,1.71853,0.59400,1.48900,1.62000,1
6472,1.77292,0.57300,1.47500,1.61500,1
6473,2.14324,0.57800,1.65100,1.78300,1
6474,1.67657,0.57300,1.50600,1.59900,1
6475,2.72119,0.61800,1.45900,1.63600,1
6476,1.76390,0.68600,1.47000,1.60000,1
6477,1.80168,0.60400,1.47800,1.60000,1
6478,1.81490,0.65000,1.54300,1.59600,1
6479,1.83326,0.61600,1.60100,1.58000,1
6480,1.87994,0.68100,1.73900,1.62500,1
6481,1.66376,0.62100,1.59300,1.61000,1
6482,2.19466,0.61900,1.60700,1.94100,1
6483,1.70051,0.73500,1.57400,1.61400,1
6484,1.99360,0.68900,1.68300,1.66600,1
6485,1.95217,0.63400,1.95600,1.61600,1
6486,1.51227,0.60900,1.51900,1.61600,1
6487,1.69437,0.58900,1.56500,1.59400,1
6488,1.82079,0.59700,1.55300,1.60900,1
6489,1.74398,0.61300,1.51900,1.61400,1
6490,1.75532,0.64700,1.44800,1.60500,1
6491,1.92553,0.65600,1.41600,1.79600,1
6492,1.71772,0.65300,1.33000,1.60900,1
6493,1.97240,0.61700,1.53500,1.58100,1
6494,1.54652,0.59800,1.31600,1.59200,1
6495,1.80345,0.58500,1.27500,1.60100,1
6496,1.84276,0.67700,1.33500,1.63400,1
6497,1.66189,0.63400,1.29800,1.57900,1
6498,1.76703,0.60400,1.28500,1.61000,1
6499,1.68224,0.59200,1.19400,1.58000,1
6500,3.07282,0.65500,1.21800,1.97900,1
6501,1.72660,0.66000,1.21800,1.56200,1
6502,1.77601,0.62200,1.18700,1.61100,1
6503,1.80068,0.72400,1.26800,1.58400,1
6504,1.86605,0.65900,1.36100,1.60000,1
6505,1.71685,0.60800,1.32400,1.61300,1
6506,1.76395,0.61400,1.30500,1.61300,1
6507,1.67770,0.60100,1.24100,1.58800,1
6508,1.85492,0.56800,1.28700,1.59700,1
6509,2.19209,0.56200,1.50800,1.80300,1
6510,1.55686,0.70200,1.28600,1.58300,1
6511,1.76539,1.11600,1.30100,1.60400,1
6512,1.72525,0.81900,1.26200,1.59300,1
6513,1.96546,0.74600,1.43200,1.59100,1
6514,3.32661,0.74900,1.61600,1.66600,1
6515,1.67236,0.73600,1.59300,1.57600,1
6516,1.77326,0.65100,1.55800,1.60300,1
6517,1.96783,0.62600,1.65700,1.78300,1
6518,1.89670,0.61100,1.58100,1.77400,1
6519,1.72238,0.67800,1.51200,1.56700,1
6520,1.77445,0.58600,1.47200,1.63300,1
6521,1.90090,0.55800,1.63800,1.63300,1
6522,1.73623,0.80500,1.58500,1.63300,1
6523,1.83248,0.95700,1.52300,1.62200,1
6524,1.67407,0.93100,1.40900,1.63300,1
6525,1.67782,0.82200,1.31700,1.60700,1
6526,1.71505,0.78500,1.24800,1.59700,1
6527,1.91581,0.79600,1.23500,1.79600,1
6528,1.77602,0.75300,1.21700,1.60300,1
6529,1.79625,0.68400,1.18500,1.62000,1
6530,1.79932,0.71400,1.22700,1.60800,1
6531,1.91515,0.70700,1.31200,1.62300,1
6532,1.74799,0.69400,1.23800,1.61800,1
6533,1.79956,0.65300,1.23300,1.60500,1
6534,1.86933,0.75600,1.36300,1.57300,1
6535,1.86759,0.66700,1.43500,1.60200,1
6536,1.92262,0.64800,1.24400,1.94000,1
6537,1.78756,0.61900,1.24000,1.62000,1
6538,1.80191,0.63400,1.25600,1.60900,1
6539,1.98536,0.60400,1.51300,1.59300,1
6540,1.63897,0.70900,1.30600,1.64600,1
6541,1.75261,0.70300,1.30100,1.57400,1
6542,1.69909,0.70300,1.23100,1.61400,1
6543,1.76142,0.70400,1.19100,1.60800,1
6544,1.87616,0.65000,1.27400,1.59400,1
6545,1.87995,0.71200,1.22500,1.79500,1
6546,1.84487,0.72500,1.31100,1.57100,1
6547,1.70664,0.68000,1.28600,1.59500,1
6548,1.75100,0.65500,1.28200,1.59100,1
6549,1.68203,0.65100,1.16600,1.60800,1
6550,1.75739,0.66500,1.13700,1.63300,1
6551,1.84393,0.64700,1.21900,1.59400,1
6552,1.70823,0.69900,1.15900,1.60900,1
6553,2.48903,0.64300,1.36100,1.60500,1
6554,2.15536,0.62300,1.98500,1.65000,1
6555,1.78952,0.62100,1.23700,1.58800,1
6556,1.82952,0.60400,1.27300,1.61400,1
6557,1.88742,0.56000,1.37800,1.59000,1
6558,1.81961,0.68100,1.36700,1.64700,1
6559,1.73424,0.71200,1.37400,1.59700,1
6560,1.67011,0.61700,1.23100,1.59800,1
6561,1.78371,0.58100,1.20700,1.60800,1
6562,1.82559,0.56400,1.25200,1.59300,1
6563,2.05067,0.66300,1.33900,1.78300,1
6564,1.74723,0.79500,1.32300,1.62700,1
6565,1.72551,0.77500,1.24900,1.60300,1
6566,1.77663,0.71700,1.24100,1.62800,1
6567,1.87493,0.73000,1.28400,1.61600,1
6568,2.01859,0.73500,1.58200,1.60500,1
6569,1.72099,0.69800,1.56800,1.57700,1
6570,1.53401,0.72000,1.37100,1.57400,1
6571,1.72023,0.66200,1.27900,1.61200,1
6572,2.01423,0.64800,1.35000,1.74300,1
6573,1.89026,0.77800,1.27600,1.80700,1
6574,1.82276,0.68400,1.27400,1.65100,1
6575,1.79351,0.63800,1.26400,1.60400,1
6576,1.77527,0.63300,1.27700,1.61500,1
6577,1.81152,0.68800,1.31300,1.61900,1
6578,1.70946,0.66200,1.24000,1.58900,1
6579,1.86901,0.66000,1.36400,1.58300,1
6580,1.79323,0.70500,1.37900,1.61500,1
6581,1.92168,0.76800,1.33600,1.78800,1
6582,1.68034,0.68900,1.26900,1.60600,1
6583,1.84521,0.59600,1.30700,1.60600,1
6584,1.73812,0.64600,1.33400,1.59000,1
6585,1.72873,0.70100,1.21800,1.58700,1
6586,1.83946,0.68600,1.31000,1.60800,1
6587,1.77043,0.70600,1.33100,1.61600,1
6588,1.73064,0.69900,1.28900,1.58700,1
6589,1.73780,0.69000,1.27300,1.59900,1
6590,2.10754,0.67400,1.58500,1.58700,1
6591,2.29178,1.47800,1.28600,1.98000,1
6592,1.92217,0.61800,2.14000,1.64500,1
6593,1.55338,0.69500,1.33700,1.59700,1
6594,1.84135,0.68000,1.41400,1.59700,1
6595,1.62183,0.68700,1.22300,1.62900,1
6596,1.91390,0.64100,1.34400,1.60300,1
6597,1.65865,0.69100,1.29000,1.61000,1
6598,1.86404,0.65400,1.28300,1.63800,1
6599,1.75999,0.65600,1.25700,1.60700,1
6600,1.96610,0.73300,1.22200,1.80600,1
6601,1.67702,0.63700,1.16700,1.59300,1
6602,1.80279,0.56000,1.19300,1.57200,1
6603,2.39887,0.58300,1.54200,1.60900,1
6604,2.61481,0.62500,2.66200,1.58200,1
6605,1.56670,0.58800,1.57100,1.65600,1
6606,1.27205,0.58900,1.27400,1.65600,1
6607,1.66293,0.57500,1.26900,1.61300,1
6608,1.81878,0.56100,1.32400,1.59300,1
6609,2.24297,0.66200,1.49700,1.93300,1
6610,1.86142,0.73900,1.58600,1.59600,1
6611,1.50865,0.68000,1.34100,1.60300,1
6612,1.69667,0.69800,1.20600,1.60300,1
6613,1.76595,0.66700,1.19100,1.61100,1
6614,1.77112,0.63200,1.18500,1.59300,1
6615,1.86895,0.61900,1.30500,1.57600,1
6616,1.79535,0.65000,1.34700,1.61700,1
6617,1.65778,0.67400,1.23500,1.60100,1
6618,2.00053,0.66300,1.25400,1.77600,1
6619,1.73292,0.65800,1.23300,1.61700,1
6620,1.77032,0.59400,1.22100,1.58700,1
6621,1.73182,0.64800,1.18500,1.59100,1
6622,1.82261,0.64500,1.20300,1.59300,1
6623,1.80499,0.60500,1.24200,1.64300,1
6624,1.71866,0.59300,1.16700,1.59100,1
6625,1.74221,0.65200,1.15600,1.59800,1
6626,1.82716,0.63800,1.20900,1.61600,1
6627,2.24755,0.62100,1.33900,1.93800,1
6628,1.66839,0.68900,1.28500,1.62100,1
6629,1.74651,0.60800,1.23000,1.61700,1
6630,2.45626,0.57600,1.27500,1.60200,1
6631,1.72603,0.67500,2.12800,1.65500,1
6632,1.72929,0.69200,1.23400,1.56600,1
6633,1.73103,0.65300,1.18500,1.59100,1
6634,1.75469,0.68400,1.19800,1.58200,1
6635,1.79218,0.67700,1.21200,1.59100,1
6636,1.99642,0.64600,1.22600,1.79700,1
6637,1.83056,0.63200,1.23500,1.61900,1
6638,1.70877,0.68800,1.20400,1.59700,1
6639,1.76739,0.64700,1.19900,1.59800,1
6640,1.73530,0.65500,1.18400,1.58400,1
6641,1.74543,0.65000,1.20000,1.59000,1
6642,1.73946,0.69700,1.15800,1.59400,1
6643,1.77013,0.62100,1.17700,1.59500,1
6644,1.80990,0.57300,1.18000,1.61100,1
6645,2.15844,0.56200,1.25300,1.76400,1
6646,1.74361,0.58900,1.20400,1.61100,1
6647,1.79041,0.55500,1.20100,1.60700,1
6648,1.81573,0.54200,1.23400,1.61700,1
6649,1.70880,0.54100,1.21700,1.58700,1
6650,1.85269,0.54300,1.27000,1.61700,1
6651,1.82235,0.58400,1.29500,1.61300,1
6652,1.75268,0.67300,1.30400,1.60600,1
6653,1.75932,0.62300,1.30000,1.58500,1
6654,1.78103,0.63500,1.32500,1.58700,1
6655,1.80856,0.64100,1.21600,1.75700,1
6656,1.86813,0.67300,1.30900,1.59100,1
6657,1.66454,0.65200,1.24400,1.57700,1
6658,1.75343,0.63100,1.18300,1.61400,1
6659,1.79625,0.61200,1.20200,1.63600,1
6660,1.77566,0.66500,1.19400,1.60200,1
6661,1.83978,0.62000,1.25200,1.58400,1
6662,1.73271,0.62400,1.24100,1.61700,1
6663,1.77423,0.58400,1.20800,1.62400,1
6664,2.04280,0.74800,1.34500,1.73600,1
6665,1.98712,0.95500,1.34200,1.79000,1
6666,1.77778,1.02300,1.32400,1.62000,1
6667,1.79150,0.90300,1.36500,1.61400,1
6668,1.83822,0.78900,1.40600,1.60700,1
6669,2.25130,0.72000,1.23800,1.65400,1
6670,1.86385,0.68700,1.34800,1.57400,1
6671,1.65837,0.85600,1.27800,1.60900,1
6672,1.73776,0.69800,1.23600,1.59600,1
6673,2.01241,0.71900,1.27600,1.79500,1
6674,1.79153,0.74600,1.27800,1.61000,1
6675,1.79745,0.75700,1.28300,1.59500,1
6676,1.71087,0.69100,1.25900,1.59500,1
6677,1.79577,0.63100,1.27000,1.62700,1
6678,1.77772,0.68500,1.27700,1.59100,1
6679,1.81484,0.65700,1.31400,1.59800,1
6680,1.91346,0.66200,1.50400,1.57800,1
6681,1.62777,0.62500,1.34900,1.59300,1
6682,1.96112,0.65600,1.34100,1.77600,1
6683,1.91104,0.75100,1.31600,1.77100,1
6684,1.79957,0.81600,1.32300,1.61200,1
6685,1.71789,0.69500,1.30400,1.60600,1
6686,1.77508,0.63800,1.32400,1.59800,1
6687,1.80730,0.63300,1.28900,1.64000,1
6688,1.80302,0.61700,1.29600,1.62900,1
6689,1.74438,0.60500,1.24200,1.61800,1
6690,1.83153,0.73900,1.24300,1.60900,1
6691,1.67882,1.05400,1.18500,1.59700,1
6692,1.98183,0.83300,1.18300,1.81800,1
6693,1.73580,0.73200,1.15900,1.58500,1
6694,1.81804,0.68100,1.19500,1.61800,1
6695,1.77515,0.71700,1.17900,1.59600,1
6696,1.72593,0.79200,1.18400,1.60900,1
6697,1.87948,0.73900,1.27100,1.59500,1
6698,1.68744,0.73400,1.21200,1.60000,1
6699,1.74261,0.67500,1.19000,1.60100,1
6700,1.87860,0.56200,1.28600,1.60200,1
6701,2.08906,0.54800,1.26300,1.94200,1
6702,1.71555,0.59400,1.22600,1.61500,1
6703,1.79206,0.56900,1.20800,1.61700,1
6704,1.78349,0.55100,1.22800,1.59200,1
6705,1.85421,0.54400,1.26200,1.63800,1
6706,1.79257,0.62800,1.27600,1.59400,1
6707,2.47087,0.57500,1.23000,1.64500,1
6708,2.44699,0.57100,1.15300,1.59000,1
6709,1.88927,0.57200,2.48700,1.65400,1
6710,1.57369,0.57700,1.19600,1.57000,1
6711,1.74418,0.56500,1.17400,1.59200,1
6712,1.77343,0.55200,1.21400,1.57800,1
6713,2.01032,0.55800,1.20600,1.78900,1
6714,1.79953,0.60700,1.22500,1.64500,1
6715,1.75346,0.63600,1.22600,1.59200,1
6716,1.79163,0.60400,1.24400,1.59300,1
6717,1.74206,0.63000,1.22700,1.59600,1
6718,2.09497,0.60000,1.38800,1.76100,1
6719,1.85113,0.60300,1.30600,1.79400,1
6720,1.76792,0.58700,1.25700,1.62100,1
6721,1.68531,0.57300,1.18100,1.57900,1
6722,1.86701,0.56300,1.14600,1.73800,1
6723,1.88419,0.54900,1.19000,1.60100,1
6724,1.75732,0.57000,1.18200,1.59600,1
6725,1.76139,0.60100,1.18600,1.60100,1
6726,1.81097,0.62000,1.23600,1.60700,1
6727,1.74304,0.68000,1.17500,1.59600,1
6728,2.00379,0.63500,1.23100,1.76700,1
6729,1.74742,0.65500,1.19400,1.60500,1
6730,1.76247,0.60400,1.21200,1.57800,1
6731,1.89746,0.58000,1.29700,1.63400,1
6732,1.78284,0.61400,1.27900,1.66600,1
6733,1.70796,0.64400,1.22200,1.58500,1
6734,1.70059,0.64700,1.15400,1.58200,1
6735,1.83651,0.68000,1.20000,1.60000,1
6736,1.70520,0.59800,1.16800,1.58500,1
6737,2.17064,0.61200,1.20600,1.95800,1
6738,2.15160,0.59300,1.56500,1.59200,1
6739,1.57791,0.59000,1.43000,1.60400,1
6740,1.71793,0.58800,1.34000,1.59000,1
6741,1.61074,0.67600,1.21000,1.60000,1
6742,1.76527,0.62300,1.20200,1.60100,1
6743,1.74144,0.59600,1.20600,1.58000,1
6744,1.78284,0.57000,1.18300,1.60200,1
6745,1.73951,0.58000,1.16500,1.58800,1
6746,1.99534,0.58300,1.20300,1.78400,1
6747,2.32906,0.61300,1.24900,1.61000,1
6748,1.83135,0.64800,1.27800,1.62400,1
6749,1.78253,0.66900,1.28800,1.62200,1
6750,1.73383,0.62100,1.26000,1.60800,1
6751,1.79067,0.65100,1.23600,1.59300,1
6752,1.75019,0.66600,1.25200,1.61200,1
6753,1.80820,0.66700,1.24200,1.62500,1
6754,1.76305,0.65600,1.29700,1.58400,1
6755,2.04556,0.67100,1.23200,1.92500,1
6756,1.91777,0.72100,1.37400,1.57900,1
6757,1.80926,0.79500,1.39900,1.63000,1
6758,1.74003,0.76100,1.36700,1.62300,1
6759,1.88169,0.63300,1.45200,1.59400,1
6760,1.65948,0.56100,1.34600,1.61500,1
6761,1.76292,0.56100,1.33900,1.59500,1
6762,1.91161,0.54200,1.46000,1.59700,1
6763,1.67604,0.59200,1.39300,1.60900,1
6764,1.71604,0.55500,1.32400,1.61200,1
6765,2.01339,0.62900,1.37200,1.78200,1
6766,1.82762,0.62500,1.42900,1.61500,1
6767,1.84311,0.57300,1.51600,1.61800,1
6768,1.81438,0.58500,1.49200,1.61700,1
6769,1.80472,0.63500,1.52600,1.62000,1
6770,1.76225,0.58400,1.46800,1.61500,1
6771,1.99667,0.59100,1.63500,1.63100,1
6772,1.78019,0.57200,1.64300,1.58900,1
6773,1.82356,0.55500,1.33900,1.94400,1
6774,1.81853,0.57500,1.35800,1.59100,1
6775,1.83978,0.65000,1.41500,1.61500,1
6776,1.59184,0.64500,1.22100,1.61100,1
6777,1.80330,0.59900,1.26700,1.59700,1
6778,1.82238,0.57000,1.26600,1.63700,1
6779,1.83571,0.61000,1.31200,1.62000,1
6780,1.73945,0.63100,1.26000,1.60700,1
6781,1.74413,0.66300,1.29300,1.59300,1
6782,1.78468,0.65900,1.27800,1.58400,1
6783,1.92371,0.67700,1.24100,1.78700,1
6784,1.75385,0.67500,1.23500,1.59700,1
6785,1.76234,0.68600,1.26400,1.60900,1
6786,2.99704,0.63400,1.32500,1.64100,1
6787,1.65239,0.66600,1.24600,1.59100,1
6788,1.76555,0.61300,1.24900,1.58000,1
6789,1.99830,0.62000,1.47500,1.60100,1
6790,1.58628,0.64500,1.29800,1.60100,1
6791,2.17238,0.60800,1.34900,1.92200,1
6792,1.75138,0.63500,1.31600,1.59000,1
6793,1.75890,0.65800,1.31400,1.61100,1
6794,1.68157,0.61500,1.24500,1.59800,1
6795,1.81198,0.63000,1.26900,1.58900,1
6796,1.78586,0.92700,1.27100,1.63200,1
6797,1.89735,0.60200,1.43000,1.60100,1
6798,1.71341,0.63600,1.30600,1.61600,1
6799,1.70791,0.60600,1.21800,1.60900,1
6800,1.72165,0.59700,1.18900,1.58500,1
6801,1.96845,0.66500,1.24100,1.79800,1
6802,1.76537,0.67000,1.27200,1.58900,1
6803,1.74749,0.63400,1.23800,1.59000,1
6804,1.86539,0.62400,1.35900,1.57900,1
6805,1.78690,0.56700,1.33400,1.62700,1
6806,1.68394,0.54700,1.23400,1.61600,1
6807,1.73524,0.56200,1.15800,1.59900,1
6808,1.80041,0.64800,1.17800,1.59800,1
6809,2.02515,0.65500,1.46800,1.60000,1
6810,2.38120,0.60200,1.34800,1.96200,1
6811,1.76434,0.57700,1.96000,1.63700,1
6812,1.75504,0.56900,1.27700,1.58500,1
6813,1.73777,0.64800,1.23000,1.59400,1
6814,1.77934,0.65000,1.25200,1.61700,1
6815,1.75194,0.64400,1.21800,1.59000,1
6816,1.77181,0.63600,1.23900,1.58100,1
6817,1.79880,0.63800,1.26600,1.62500,1
6818,1.79177,0.62400,1.26300,1.60200,1
6819,1.94028,0.64900,1.28500,1.77700,1
6820,1.75869,0.64200,1.24600,1.60000,1
6821,1.77369,0.62800,1.24400,1.58900,1
6822,1.79001,0.65000,1.25100,1.60500,1
6823,1.75266,0.57800,1.20900,1.60700,1
6824,1.76302,0.57600,1.21300,1.57700,1
6825,3.14944,0.56200,1.30100,1.64500,1
6826,1.68312,0.62600,1.24500,1.58100,1
6827,2.02618,0.60200,1.19300,1.93300,1
6828,1.77302,0.58200,1.17200,1.58400,1
6829,1.85706,0.58500,1.19000,1.65200,1
6830,1.77151,0.68200,1.18300,1.59600,1
6831,1.77170,0.64500,1.17300,1.61700,1
6832,1.74742,0.69400,1.16100,1.58000,1
6833,1.75117,0.66200,1.14600,1.62500,1
6834,1.79201,0.66400,1.16300,1.60500,1
6835,2.06772,0.65200,1.47700,1.58800,1
6836,1.66981,0.67200,1.43000,1.59700,1
6837,1.94705,0.56400,1.40500,1.78000,1
6838,1.84518,0.65400,1.49600,1.59700,1
6839,1.76271,0.66900,1.46400,1.61100,1
6840,1.73006,0.77000,1.38300,1.60400,1
6841,1.90898,1.23600,1.54700,1.60100,1
6842,2.23925,0.96700,2.13200,1.61900,1
6843,1.95590,1.06300,1.99400,1.63800,1
6844,1.52274,0.97900,1.56400,1.61200,1
6845,1.41607,0.84500,1.40800,1.61200,1
6846,1.87444,0.72100,1.28900,1.95000,1
6847,1.79583,0.62200,1.29900,1.59600,1
6848,1.84238,0.66600,1.37000,1.60900,1
6849,2.06352,0.64800,1.63500,1.62600,1
6850,1.46920,0.63900,1.42600,1.63000,1
6851,1.71145,0.64700,1.21400,1.59700,1
6852,1.81377,0.68500,1.20500,1.58700,1
6853,1.76553,0.67300,1.20900,1.60700,1
6854,2.11981,0.64900,1.60300,1.59900,1
6855,1.62103,0.70300,1.36800,1.78100,1
6856,1.75150,0.86000,1.19400,1.61900,1
6857,1.80258,0.90100,1.21800,1.60700,1
6858,1.77366,0.74900,1.21400,1.61200,1
6859,1.77641,0.66900,1.21400,1.58400,1
6860,1.88306,0.57500,1.35500,1.62200,1
6861,1.82726,0.55300,1.44300,1.59500,1
6862,1.76080,0.58800,1.45000,1.59900,1
6863,1.74885,0.55700,1.43000,1.60900,1
6864,3.12692,0.53400,1.39800,1.77900,1
6865,1.79133,0.54400,1.38700,1.58600,1
6866,1.79988,0.61800,1.43300,1.62700,1
6867,1.64229,0.57500,1.29700,1.60500,1
6868,1.71337,0.56100,1.20300,1.58000,1
6869,1.78304,0.89400,1.24800,1.57200,1
6870,1.79505,0.75600,1.26700,1.60400,1
6871,1.75159,0.67400,1.26700,1.58200,1
6872,1.87167,0.69400,1.34800,1.61300,1
6873,1.81350,0.69500,1.25600,1.76500,1
6874,1.87714,0.62300,1.31500,1.59400,1
6875,1.71868,0.59400,1.29900,1.57500,1
6876,1.76755,0.58400,1.25500,1.60900,1
6877,1.73585,0.59400,1.21300,1.62200,1
6878,1.81786,0.58700,1.25900,1.60200,1
6879,1.95091,0.66000,1.32400,1.58300,1
6880,1.60361,1.57800,1.21900,1.58700,1
6881,1.69742,0.82200,1.17700,1.58800,1
6882,2.08770,0.72400,1.16800,1.92800,1
6883,1.78324,0.69400,1.17200,1.58900,1
6884,1.77981,0.66900,1.18500,1.61400,1
6885,1.74488,0.61800,1.18200,1.59700,1
6886,1.80142,0.60500,1.18800,1.60700,1
6887,1.75121,0.63300,1.17100,1.59400,1
6888,1.76360,0.60300,1.14300,1.62400,1
6889,1.76085,0.56000,1.14900,1.58800,1
6890,1.76400,0.54000,1.15400,1.58500,1
6891,1.76226,0.60600,1.17600,1.59400,1
6892,1.99169,0.59600,1.17300,1.81500,1
6893,1.76416,0.54300,1.14600,1.59000,1
6894,1.76488,0.60000,1.16400,1.59800,1
6895,1.74150,0.56800,1.17100,1.57200,1
6896,1.82595,0.55000,1.16200,1.65600,1
6897,1.80214,0.54800,1.19700,1.60700,1
6898,1.85533,0.53400,1.26300,1.59100,1
6899,1.91422,0.62800,1.37500,1.62100,1
6900,2.72836,0.68000,2.42700,1.79900,1
6901,1.88968,0.70200,1.89600,1.64200,1
6902,1.44339,0.57200,1.44100,1.66400,1
6903,3.12808,0.57200,1.35500,1.66400,1
6904,2.00446,0.61400,1.55900,1.65600,1
6905,1.65897,0.64600,1.44900,1.59400,1
6906,1.79606,0.78200,1.48400,1.61600,1
6907,1.62883,0.66400,1.38800,1.58400,1
6908,1.76312,0.63900,1.35500,1.58700,1
6909,1.88712,0.67700,1.27700,1.78900,1
6910,1.75088,0.65900,1.23300,1.59700,1
6911,1.73219,0.68800,1.24600,1.59000,1
6912,1.74707,0.65900,1.22500,1.57900,1
6913,1.79543,0.69000,1.22800,1.59600,1
6914,3.27290,0.67600,1.63600,1.59100,1
6915,1.33664,0.71000,1.24500,1.59100,1
6916,1.79546,0.67800,1.24600,1.60900,1
6917,2.13495,0.61800,1.59600,1.59800,1
6918,1.79321,0.68500,1.39900,1.84200,1
6919,1.69633,0.62000,1.28100,1.60200,1
6920,1.91736,0.56900,1.42600,1.63300,1
6921,1.59829,0.64700,1.27800,1.60400,1
6922,1.77288,0.66600,1.19000,1.61400,1
6923,1.74331,0.69200,1.19100,1.60000,1
6924,1.70550,0.66100,1.15000,1.57500,1
6925,1.79379,0.67000,1.18800,1.58100,1
6926,1.84432,0.68800,1.31300,1.58700,1
6927,1.92547,0.67400,1.31000,1.76600,1
6928,1.78686,0.67900,1.30800,1.60200,1
6929,1.80953,0.66700,1.33900,1.59200,1
6930,1.78612,0.65600,1.31200,1.60100,1
6931,1.97591,0.68100,1.48700,1.62100,1
6932,2.03926,0.60900,1.76600,1.58800,1
6933,1.26358,0.55600,1.26100,1.58800,1
6934,1.66702,0.56000,1.18000,1.57200,1
6935,1.80987,0.55800,1.16200,1.60000,1
6936,1.73792,0.57300,1.17900,1.59700,1
6937,2.15330,0.58100,1.32100,1.81600,1
6938,1.66266,0.56600,1.18500,1.61200,1
6939,1.90450,0.56400,1.31400,1.61400,1
6940,1.67329,0.58900,1.23600,1.60300,1
6941,1.80875,0.65300,1.18900,1.63400,1
6942,2.51378,0.61900,1.27500,1.58100,1
6943,1.68900,0.55000,2.17600,1.62200,1
6944,1.84915,0.58700,1.32900,1.59600,1
6945,1.88256,0.58300,1.26000,1.76400,1
6946,1.76664,0.54600,1.23100,1.63300,1
6947,1.78767,0.54200,1.21700,1.60500,1
6948,1.74607,0.56400,1.19500,1.60700,1
6949,1.79707,0.53700,1.17700,1.59800,1
6950,1.76557,0.59600,1.19600,1.62200,1
6951,1.84419,0.57400,1.23900,1.60600,1
6952,1.67717,0.57500,1.18900,1.60600,1
6953,1.79681,0.53900,1.18100,1.60900,1
6954,1.85412,0.52500,1.24200,1.62300,1
6955,1.90165,0.55300,1.15600,1.81200,1
6956,1.78948,0.57800,1.16300,1.62500,1
6957,2.04781,0.58900,1.34200,1.59800,1
6958,1.56763,0.60600,1.24400,1.60100,1
6959,1.80655,0.58000,1.23900,1.63000,1
6960,1.92314,0.58900,1.33400,1.61600,1
6961,1.72937,0.68000,1.30800,1.60500,1
6962,1.65524,0.68900,1.20900,1.61400,1
6963,1.72879,0.56500,1.18100,1.58200,1
6964,1.97792,0.54700,1.17300,1.81000,1
6965,1.77426,0.57500,1.19400,1.57900,1
6966,1.73089,0.54600,1.16800,1.59800,1
6967,1.75587,0.53000,1.16500,1.57800,1
6968,1.77427,0.53400,1.14300,1.60700,1
6969,1.79843,0.66300,1.18500,1.58300,1
6970,1.71875,0.66500,1.17500,1.59100,1
6971,2.09225,0.56100,1.45700,1.61300,1
6972,1.99383,0.59900,2.00600,1.60900,1
6973,1.51947,0.58500,1.24500,1.84500,1
6974,1.75809,0.53300,1.19700,1.59800,1
6975,1.78983,0.53000,1.18900,1.61600,1
6976,1.83617,0.54700,1.22200,1.61900,1
6977,1.76968,0.60600,1.20500,1.61600,1
6978,2.00909,0.61900,1.37400,1.60000,1
6979,1.67728,0.96200,1.29200,1.62300,1
6980,1.81474,0.64300,1.33400,1.60300,1
6981,2.17562,0.53900,1.49900,1.59000,1
6982,2.40458,0.54000,1.74800,1.83200,1
6983,2.34282,0.56900,1.96700,1.59700,1
6984,1.83848,0.87100,1.84400,1.62000,1
6985,1.76244,0.61200,1.73400,1.61300,1
6986,1.44901,0.87700,1.46300,1.61300,1
6987,1.67735,0.75300,1.48100,1.60200,1
6988,1.71399,0.55800,1.42400,1.61500,1
6989,1.76496,0.53300,1.41000,1.62500,1
6990,1.76614,0.57200,1.37400,1.61200,1
6991,1.96049,0.57500,1.38600,1.78800,1
6992,1.71107,0.57100,1.34700,1.60200,1
6993,1.75084,0.55600,1.25600,1.64300,1
6994,1.73483,0.52900,1.25500,1.57200,1
6995,1.78287,0.53200,1.20700,1.61900,1
6996,1.75143,0.65700,1.21400,1.58400,1
6997,1.85311,0.60200,1.33400,1.56300,1
6998,1.68319,0.56300,1.22500,1.62600,1
6999,1.76460,0.55200,1.22800,1.59800,1
7000,1.81102,0.52500,1.22800,1.60800,1
7001,1.93976,0.54700,1.22700,1.78500,1
7002,1.70927,0.52400,1.18800,1.57200,1
7003,1.76641,0.53500,1.21300,1.59500,1
7004,1.82621,0.52100,1.21000,1.62100,1
7005,1.85397,0.65200,1.28800,1.59800,1
7006,1.78139,0.82700,1.26800,1.60400,1
7007,1.80951,0.72000,1.30000,1.61600,1
7008,1.89047,1.03700,1.36400,1.59800,1
7009,1.69693,1.04200,1.31100,1.58000,1
7010,2.03199,0.86800,1.39100,1.81000,1
7011,1.75634,0.75200,1.35400,1.61700,1
7012,1.76773,0.90300,1.32600,1.60300,1
7013,1.77232,0.82700,1.33200,1.60900,1
7014,1.83834,0.63900,1.34600,1.61600,1
7015,1.99000,0.59500,1.54200,1.58400,1
7016,2.11547,0.96200,2.08300,1.65500,1
7017,3.06711,0.87600,1.83300,1.65500,1
7018,1.58558,0.77000,1.39000,1.77800,1
7019,1.79860,0.64100,1.38300,1.62900,1
7020,2.52789,0.64300,1.35800,1.59900,1
7021,1.85081,0.58100,2.41200,1.64200,1
7022,1.79466,0.66500,1.30200,1.61700,1
7023,1.73272,0.65200,1.28700,1.60100,1
7024,1.89661,0.58900,1.45600,1.62600,1
7025,1.88183,0.59700,1.48400,1.61500,1
7026,1.73826,0.59100,1.46700,1.64900,1
7027,2.06776,0.58300,1.40900,1.91600,1
7028,1.80234,0.54400,1.41500,1.58100,1
7029,1.75704,0.56100,1.39000,1.63200,1
7030,1.82144,0.57800,1.43200,1.60300,1
7031,1.84218,0.62000,1.46700,1.58600,1
7032,1.63475,0.62800,1.34300,1.59900,1
7033,1.72491,0.66600,1.32400,1.61800,1
7034,1.88808,0.64300,1.44400,1.60000,1
7035,1.87851,0.63100,1.51400,1.59700,1
7036,1.96790,0.66200,1.54200,1.82600,1
7037,1.71428,0.65100,1.48500,1.60600,1
7038,1.65419,0.60200,1.37300,1.61600,1
7039,1.79494,0.60000,1.35200,1.61500,1
7040,1.81101,0.60300,1.34400,1.64400,1
7041,1.73720,0.59500,1.30300,1.59800,1
7042,1.81716,0.56100,1.36200,1.60600,1
7043,1.77043,0.54400,1.32000,1.61100,1
7044,1.73172,0.54000,1.28300,1.60000,1
7045,2.07846,0.54100,1.36000,1.82100,1
7046,1.71183,0.55800,1.35300,1.58500,1
7047,1.79290,0.60800,1.35200,1.62200,1
7048,1.77294,0.56300,1.32500,1.60500,1
7049,1.80118,0.60400,1.32000,1.59400,1
7050,1.82395,0.61400,1.38200,1.62600,1
7051,1.74521,0.55900,1.36300,1.58200,1
7052,1.73646,0.54300,1.34500,1.58900,1
7053,1.77888,0.55100,1.33800,1.59300,1
7054,1.74528,0.53600,1.32400,1.59000,1
7055,1.89878,0.53700,1.27500,1.77400,1
7056,1.80767,0.54600,1.32800,1.58300,1
7057,1.72871,0.53900,1.30100,1.57800,1
7058,1.89399,0.53700,1.43400,1.57000,1
7059,1.77932,0.60700,1.46700,1.60200,1
7060,2.71683,0.62900,1.39100,1.63800,1
7061,1.72571,0.62500,1.37200,1.57600,1
7062,1.71926,0.65000,1.30800,1.60400,1
7063,1.96257,0.61200,1.30400,1.79700,1
7064,1.79744,0.66300,1.35500,1.59000,1
7065,1.72185,0.66000,1.24000,1.59200,1
7066,1.72004,0.57400,1.19600,1.60700,1
7067,1.88456,0.52700,1.26400,1.59000,1
7068,1.74550,0.55700,1.25500,1.60800,1
7069,1.74575,0.54200,1.22100,1.59300,1
7070,1.74502,0.52300,1.22800,1.60100,1
7071,1.76528,0.52800,1.21600,1.58900,1
7072,1.81221,0.52800,1.21300,1.59800,1
7073,1.99885,0.60800,1.27400,1.79700,1
7074,1.84176,0.57000,1.36300,1.60700,1
7075,1.74223,0.56300,1.31700,1.60400,1
7076,1.76240,0.54400,1.30300,1.59800,1
7077,1.74649,0.55800,1.27400,1.60300,1
7078,1.78650,0.67300,1.26900,1.61100,1
7079,1.79830,0.54600,1.28900,1.60300,1
7080,1.71038,0.53100,1.24700,1.60500,1
7081,1.88903,0.53500,1.34300,1.59300,1
7082,1.86685,0.58800,1.27300,1.79500,1
7083,1.73828,0.59800,1.26100,1.60000,1
7084,1.78212,0.67700,1.23500,1.62900,1
7085,1.75362,0.63400,1.23400,1.60000,1
7086,1.82151,0.60600,1.26900,1.61400,1
7087,1.81128,0.61400,1.34700,1.59500,1
7088,1.80300,0.64600,1.33900,1.60800,1
7089,1.77754,0.69900,1.34300,1.59500,1
7090,1.77386,0.61500,1.34900,1.62700,1
7091,2.00546,0.62900,1.33900,1.81500,1
7092,1.76984,0.60600,1.34700,1.60100,1
7093,1.80393,0.61200,1.34900,1.62200,1
7094,1.62158,0.66900,1.23700,1.59100,1
7095,1.80727,0.59200,1.23200,1.60000,1
7096,1.74100,0.52900,1.19500,1.62700,1
7097,1.78903,0.58500,1.23800,1.58200,1
7098,1.73957,0.61000,1.20600,1.58200,1
7099,2.45482,0.58200,1.24400,1.60000,1
7100,1.89192,0.57800,2.24400,1.65500,1
7101,1.74956,0.59200,1.24500,1.60300,1
7102,1.74557,0.56600,1.23000,1.58900,1
7103,1.77788,0.53700,1.22300,1.59100,1
7104,1.92387,0.52300,1.33100,1.60700,1
7105,1.81410,0.59500,1.36900,1.59400,1
7106,1.68546,0.61800,1.29900,1.58900,1
7107,1.72115,0.63000,1.29500,1.59700,1
7108,1.81220,0.58300,1.31000,1.58200,1
7109,1.75617,0.54400,1.31000,1.57700,1
7110,2.01217,0.58100,1.34000,1.81700,1
7111,1.69714,0.58800,1.31800,1.58800,1
7112,1.86661,0.56400,1.43800,1.58100,1
7113,1.63528,0.56800,1.30200,1.60100,1
7114,1.90001,0.54000,1.40700,1.61300,1
7115,1.72132,0.55100,1.34900,1.59400,1
7116,1.80177,0.54900,1.40400,1.60400,1
7117,1.87501,0.54200,1.49200,1.59600,1
7118,1.66063,0.55300,1.39100,1.60000,1
7119,2.18698,0.59100,1.36600,1.99500,1
7120,3.01795,0.54300,1.29200,1.67000,1
7121,1.69174,0.85500,1.22800,1.58100,1
7122,1.84121,0.59000,1.27800,1.59200,1
7123,1.76663,0.60700,1.28100,1.59200,1
7124,1.71020,0.57900,1.21800,1.61000,1
7125,1.73573,0.57000,1.19800,1.59000,1
7126,1.81353,0.56700,1.23600,1.61800,1
7127,2.05462,0.56100,1.31900,1.77400,1
7128,1.76700,0.58900,1.31900,1.58900,1
7129,1.68814,0.60200,1.25000,1.60500,1
7130,1.77841,0.57200,1.24800,1.60300,1
7131,1.81560,0.54300,1.23300,1.60600,1
7132,1.74101,0.55700,1.23600,1.59200,1
7133,1.77221,0.53900,1.24100,1.58600,1
7134,1.82248,0.56000,1.29700,1.61600,1
7135,1.73320,0.54500,1.26500,1.58500,1
7136,1.73001,0.54600,1.22600,1.58300,1
7137,1.95528,0.58900,1.20900,1.81200,1
7138,2.50609,0.54400,1.19500,1.60300,1
7139,1.72046,0.56600,2.27200,1.63300,1
7140,1.76354,0.65400,1.27700,1.60200,1
7141,1.76613,0.57400,1.27200,1.60300,1
7142,1.79205,0.58600,1.31100,1.58800,1
7143,1.71478,0.56900,1.23500,1.60700,1
7144,1.76524,0.54100,1.23000,1.58700,1
7145,1.78724,0.52300,1.22000,1.59000,1
7146,1.93731,0.60800,1.27300,1.78700,1
7147,1.74646,0.56300,1.20900,1.61200,1
7148,1.77090,0.54300,1.21200,1.59500,1
7149,1.78945,0.56900,1.22500,1.58200,1
7150,1.74200,0.60700,1.19400,1.60000,1
7151,1.80704,0.56500,1.23800,1.58000,1
7152,1.81324,0.65700,1.30200,1.60200,1
7153,1.71990,0.59700,1.26900,1.58300,1
7154,1.76012,0.59900,1.26700,1.60700,1
7155,2.01603,0.62700,1.35400,1.79300,1
7156,1.92875,0.64800,1.41900,1.60100,1
7157,2.26230,0.91200,1.47300,1.58400,1
7158,2.03005,1.87200,1.65700,1.59200,1
7159,1.46768,1.77300,1.50500,1.60000,1
7160,1.27488,1.50400,1.39800,1.60600,1
7161,1.81135,1.52400,1.45900,1.63600,1
7162,2.18418,1.57100,1.51700,1.61600,1
7163,1.51071,1.22900,1.55200,1.61600,1
7164,1.96795,0.77200,1.56200,1.77200,1
7165,1.70222,0.76600,1.51200,1.60300,1
7166,1.69612,0.72800,1.43200,1.60700,1
7167,1.81160,0.71400,1.44600,1.60500,1
7168,1.76685,0.68200,1.40800,1.62400,1
7169,1.81336,0.68600,1.38200,1.60400,1
7170,1.82869,0.68800,1.50700,1.59400,1
7171,1.68879,0.66800,1.39200,1.60200,1
7172,1.76876,0.68700,1.38000,1.59200,1
7173,2.09066,0.66900,1.37500,1.91500,1
7174,1.81198,0.71200,1.39800,1.61000,1
7175,1.75619,0.66400,1.40100,1.62000,1
7176,3.26190,0.62900,1.54100,1.65400,1
7177,2.91988,0.60000,1.41000,1.65400,1
7178,1.86746,0.66500,3.12800,1.62200,1
7179,1.66387,0.69600,1.25500,1.60400,1
7180,1.84573,0.70500,1.28500,1.59900,1
7181,1.92996,0.66700,1.28700,1.76600,1
7182,1.78647,0.67100,1.28000,1.59500,1
7183,1.93335,0.66300,1.37900,1.59800,1
7184,1.68311,1.03100,1.26000,1.62000,1
7185,1.78877,1.07700,1.28000,1.62600,1
7186,1.68573,0.93300,1.19800,1.59200,1
7187,1.82953,0.82000,1.25700,1.59100,1
7188,1.79390,0.83400,1.27600,1.59300,1
7189,1.74622,0.85300,1.31000,1.60100,1
7190,2.13403,0.81200,1.33600,1.75600,1
7191,1.76344,0.84500,1.34200,1.61500,1
7192,1.79447,0.75800,1.29300,1.60100,1
7193,1.82191,0.73400,1.33000,1.60000,1
7194,1.89029,0.71700,1.41000,1.61600,1
7195,1.74692,0.66600,1.37400,1.60400,1
7196,1.76749,0.71100,1.40700,1.60800,1
7197,2.06326,0.66800,1.67600,1.61000,1
7198,1.71257,0.73500,1.61100,1.61900,1
7199,1.93603,0.64800,1.58100,1.80400,1
7200,1.74910,0.65100,1.61200,1.58400,1
7201,1.62367,0.61700,1.49000,1.58200,1
7202,1.79729,0.61300,1.42500,1.63700,1
7203,1.77640,0.60800,1.42700,1.60800,1
7204,1.77264,0.61500,1.42300,1.62500,1
7205,1.79313,0.61500,1.45100,1.61300,1
7206,1.78416,0.65500,1.46300,1.60100,1
7207,1.77177,0.61200,1.43000,1.62800,1
7208,1.93469,0.58500,1.54500,1.61100,1
7209,2.03989,0.60000,1.50700,1.95300,1
7210,2.05287,0.60100,1.61800,1.59500,1
7211,1.99427,1.09800,1.87300,1.58600,1
7212,2.02920,1.27300,2.01600,1.63700,1
7213,1.89177,1.18800,1.89400,1.62700,1
7214,1.65987,1.00200,1.67200,1.62700,1
7215,1.86952,0.83300,1.85300,1.62800,1
7216,1.71336,0.97000,1.66400,1.63200,1
7217,3.12698,0.78500,1.61100,1.64300,1
7218,1.63425,0.76100,1.47500,1.60800,1
7219,1.78292,0.63600,1.42600,1.61600,1
7220,1.86988,0.61700,1.51900,1.59300,1
7221,1.80651,0.87500,1.45000,1.62800,1
7222,1.73399,1.19100,1.42300,1.61600,1
7223,2.60845,1.11600,1.51300,1.61700,1
7224,2.30693,0.97000,2.49900,1.61500,1
7225,1.71492,0.91300,1.43800,1.59000,1
7226,2.82738,0.89400,2.25600,1.66900,1
7227,1.54106,0.93400,1.54300,1.61200,1
7228,1.83446,0.81300,1.82600,1.63600,1
7229,1.70833,0.72100,1.68300,1.65100,1
7230,1.53705,0.74800,1.55000,1.65100,1
7231,1.66519,0.73200,1.53000,1.57700,1
7232,1.83195,0.72600,1.56300,1.63400,1
7233,1.84740,0.73900,1.64600,1.61000,1
7234,1.87440,0.70700,1.70200,1.60500,1
7235,1.84626,1.02100,1.56800,1.80300,1
7236,1.72294,0.80100,1.47500,1.62300,1
7237,1.83603,0.71500,1.50500,1.59600,1
7238,1.97354,0.64900,1.70400,1.63400,1
7239,1.78359,0.72200,1.75900,1.60800,1
7240,1.63429,0.70700,1.56500,1.60800,1
7241,1.78367,0.68700,1.53100,1.63800,1
7242,1.70715,0.62700,1.42100,1.58900,1
7243,1.82372,0.63200,1.48100,1.61300,1
7244,2.01253,0.60400,1.39600,1.90000,1
7245,1.86846,0.59500,1.44700,1.62700,1
7246,1.70224,0.70800,1.38200,1.61500,1
7247,1.73713,0.72400,1.31400,1.60500,1
7248,1.89461,0.68200,1.40600,1.62200,1
7249,1.87257,0.66300,1.40400,1.75900,1
7250,1.83208,0.62800,1.43300,1.59700,1
7251,1.82365,0.60700,1.45700,1.61500,1
7252,1.61134,0.58300,1.34700,1.60400,1
7253,1.98403,0.60200,1.34000,1.78800,1
7254,1.78552,0.57700,1.30700,1.60500,1
7255,1.75674,0.73500,1.31400,1.60100,1
7256,2.34868,0.62100,1.27500,1.68700,1
7257,1.79079,0.97200,2.08900,1.68700,1
7258,2.29886,1.05400,1.66500,1.58400,1
7259,1.75797,0.96500,1.76900,1.58100,1
7260,1.60744,0.80500,1.61400,1.58100,1
7261,10.41811,0.71500,1.54000,1.73800,1
7262,2.59891,0.72200,11.00300,1.60600,1
7263,1.61206,0.73000,1.61200,1.58900,1
7264,1.55578,0.67800,1.55200,1.59100,1
7265,1.72181,0.67900,1.68100,1.59100,1
7266,1.91352,0.62800,1.65900,1.76600,1
7267,1.60231,0.58100,1.48100,1.60300,1
7268,1.85808,0.57800,1.52100,1.60000,1
7269,1.76211,0.57800,1.55200,1.59300,1
7270,1.72682,0.57400,1.45700,1.62400,1
7271,1.78290,0.60500,1.43000,1.61200,1
7272,1.79076,0.65800,1.50900,1.59500,1
7273,1.74214,0.62400,1.47400,1.59900,1
7274,1.82694,0.71900,1.49500,1.59700,1
7275,1.94467,0.62800,1.48000,1.81700,1
7276,1.77600,0.58300,1.43700,1.61300,1
7277,1.75813,0.57300,1.40000,1.61900,1
7278,1.77960,0.59500,1.35800,1.61000,1
7279,1.80747,0.62000,1.38800,1.59700,1
7280,1.93188,0.59900,1.47600,1.63100,1
7281,1.70296,0.57700,1.40100,1.61600,1
7282,1.66383,0.58100,1.27600,1.61200,1
7283,1.88651,0.59100,1.32900,1.62600,1
7284,1.63699,0.59900,1.21700,1.59300,1
7285,1.96696,0.60300,1.20000,1.78900,1
7286,1.75638,0.58100,1.19200,1.60400,1
7287,1.80168,0.56800,1.21000,1.58800,1
7288,1.67251,0.55800,1.15900,1.57800,1
7289,1.81986,0.54000,1.15400,1.63000,1
7290,1.76506,0.55900,1.14300,1.59400,1
7291,1.81567,0.60200,1.21500,1.59000,1
7292,1.89125,0.54100,1.27900,1.61100,1
7293,1.75993,0.61100,1.32600,1.58600,1
7294,2.00143,0.65400,1.31200,1.83100,1
7295,2.74798,0.59000,1.39500,1.64900,1
7296,1.75498,0.58100,1.40000,1.62100,1
7297,1.82034,0.63900,1.43100,1.58300,1
7298,1.76395,0.67900,1.38400,1.61400,1
7299,1.93246,0.58900,1.52700,1.61000,1
7300,1.71388,0.59300,1.49200,1.60300,1
7301,1.73557,0.61300,1.43400,1.61900,1
7302,1.67254,0.61600,1.35800,1.59600,1
7303,2.13035,0.60700,1.50000,1.80500,1
7304,1.62691,0.59300,1.34900,1.59800,1
7305,1.75927,0.63300,1.34900,1.58800,1
7306,1.82339,0.60500,1.39900,1.60800,1
7307,1.83602,0.63400,1.45100,1.61400,1
7308,1.77971,0.67300,1.45500,1.61500,1
7309,1.89710,0.60300,1.55500,1.62200,1
7310,1.70064,0.59800,1.47000,1.62000,1
7311,1.75465,0.62700,1.40400,1.60900,1
7312,2.09781,0.61700,1.34900,1.95500,1
7313,1.76681,0.58400,1.30200,1.63100,1
7314,1.76445,0.60300,1.26500,1.59500,1
7315,1.76157,0.59900,1.30800,1.60800,1
7316,1.82107,0.65200,1.29000,1.60800,1
7317,1.75406,0.65100,1.28900,1.58200,1
7318,1.78406,0.62900,1.29400,1.59800,1
7319,1.82407,0.60700,1.29900,1.60900,1
7320,1.71930,0.72500,1.27400,1.59900,1
7321,1.95742,0.65100,1.25900,1.76400,1
7322,1.78220,0.61400,1.28100,1.60900,1
7323,1.97759,0.62900,1.48200,1.58900,1
7324,1.79498,0.64400,1.56500,1.60400,1
7325,1.68801,0.66100,1.43000,1.63400,1
7326,2.44114,0.69500,1.46200,1.61100,1
7327,2.40175,0.64900,2.42400,1.60900,1
7328,1.86407,0.75500,1.74000,1.62800,1
7329,1.72164,0.64200,1.66300,1.57800,1
7330,1.94285,0.67100,1.57100,1.82400,1
7331,1.71299,0.65200,1.48400,1.61600,1
7332,1.80964,0.63400,1.50000,1.59100,1
7333,1.93832,0.63300,1.72200,1.60700,1
7334,2.86164,0.60800,1.37600,1.60900,1
7335,1.96870,0.71600,2.98000,1.63600,1
7336,1.76979,0.72100,1.47400,1.59900,1
7337,1.66346,0.67000,1.40700,1.60400,1
7338,1.73030,0.66800,1.30200,1.60100,1
7339,1.99309,0.65600,1.34500,1.79800,1
7340,1.77076,0.64600,1.30800,1.61400,1
7341,1.80350,0.62600,1.30600,1.61000,1
7342,2.14604,0.62200,1.46500,1.63000,1
7343,1.52638,0.65000,1.43000,1.63000,1
7344,1.66932,0.63000,1.29500,1.64800,1
7345,1.85398,0.88400,1.33500,1.61900,1
7346,1.84640,0.92300,1.33200,1.60400,1
7347,1.97745,1.11000,1.38100,1.77900,1
7348,2.02294,0.96000,1.42800,1.77500,1
7349,1.78889,0.87300,1.54600,1.59600,1
7350,1.72815,0.79700,1.51200,1.57500,1
7351,1.87993,0.84500,1.56900,1.63900,1
7352,1.75378,0.90800,1.55000,1.58600,1
7353,1.90670,0.79700,1.66300,1.59200,1
7354,1.48610,0.71900,1.35500,1.60500,1
7355,1.83997,0.67600,1.42600,1.62200,1
7356,1.76692,0.61700,1.38000,1.60100,1
7357,2.02323,0.74900,1.47000,1.81100,1
7358,1.82434,0.71000,1.51200,1.60100,1
7359,1.80300,0.71900,1.50000,1.61000,1
7360,1.70166,0.60500,1.45100,1.58300,1
7361,1.69936,0.62400,1.30300,1.66000,1
7362,1.98535,0.81300,1.52600,1.60300,1
7363,1.84339,0.70300,1.58400,1.60600,1
7364,1.72451,0.73300,1.57900,1.58800,1
7365,1.76499,0.79900,1.55200,1.61500,1
7366,2.58179,0.79700,1.96700,1.60100,1
7367,2.14453,0.62300,2.11000,1.62300,1
7368,1.92730,0.66500,1.93500,1.62700,1
7369,1.81578,0.67000,1.81400,1.67800,1
7370,1.67295,0.63500,1.64700,1.63500,1
7371,1.60531,0.73500,1.58800,1.63600,1
7372,1.49486,0.66800,1.46200,1.63600,1
7373,3.42923,1.15600,1.45900,1.64000,1
7374,1.95779,0.97600,3.51600,1.64000,1
7375,1.83965,0.93100,1.39800,1.60400,1
7376,1.71514,0.75200,1.33600,1.59600,1
7377,1.76058,0.76200,1.29900,1.60400,1
7378,1.76720,0.69600,1.24400,1.64500,1
7379,1.72338,0.65300,1.21800,1.58400,1
7380,1.81501,0.66200,1.20200,1.58600,1
7381,1.79557,0.66800,1.29100,1.60300,1
7382,1.76574,0.64400,1.24200,1.58700,1
7383,1.99627,0.69100,1.17000,1.94900,1
7384,1.87816,0.62300,1.26200,1.60300,1
7385,1.77705,0.66400,1.30500,1.58300,1
7386,1.79514,0.67400,1.28100,1.60800,1
7387,1.76221,0.61300,1.28800,1.61300,1
7388,1.77343,0.59000,1.31200,1.57300,1
7389,1.77996,0.58900,1.32000,1.61700,1
7390,1.60667,0.65300,1.18900,1.59500,1
7391,1.77287,0.61800,1.21000,1.58900,1
7392,1.72810,0.57300,1.17600,1.58400,1
7393,2.03174,0.59900,1.19100,1.80700,1
7394,1.82077,0.60500,1.20500,1.60100,1
7395,1.87210,0.87800,1.33200,1.62200,1
7396,1.79723,0.63300,1.34400,1.60800,1
7397,1.74028,0.61200,1.31600,1.59200,1
7398,1.71393,0.67800,1.24200,1.63300,1
7399,1.82839,0.66600,1.27200,1.59000,1
7400,1.78527,0.69800,1.31600,1.59200,1
7401,1.89694,0.66200,1.24200,1.77700,1
7402,1.95125,0.61400,1.28200,1.76900,1
7403,1.89028,0.59500,1.38900,1.61400,1
7404,1.65441,0.64200,1.27800,1.60400,1
7405,1.80153,0.63700,1.23200,1.63700,1
7406,1.80807,0.64400,1.26800,1.57500,1
7407,1.79925,1.17400,1.28900,1.59700,1
7408,1.73975,1.00800,1.27100,1.58700,1
7409,1.76368,0.81700,1.24700,1.61900,1
7410,1.77055,0.74100,1.23300,1.60700,1
7411,2.08023,0.72100,1.35200,1.77000,1
7412,2.51418,0.71300,1.28000,1.62400,1
7413,1.75757,0.68600,1.27600,1.58500,1
7414,1.74056,0.64700,1.28000,1.58300,1
7415,1.74915,0.67800,1.23900,1.60400,1
7416,1.79075,0.61200,1.25400,1.59000,1
7417,1.69151,0.68300,1.20100,1.58600,1
7418,1.75382,0.58900,1.18300,1.59800,1
7419,1.94986,0.63300,1.18700,1.75200,1
7420,2.08379,0.65300,1.32000,1.79400,1
7421,1.84884,0.57800,1.38000,1.62500,1
7422,1.75005,0.62000,1.32400,1.59200,1
7423,1.84254,0.73800,1.32800,1.60600,1
7424,1.71460,1.01700,1.28700,1.59700,1
7425,1.80654,0.85000,1.31000,1.59300,1
7426,1.68428,0.84900,1.26300,1.59400,1
7427,1.69408,0.79400,1.20300,1.60600,1
7428,1.76841,0.72400,1.19700,1.59200,1
7429,2.29732,0.68400,1.34600,1.77900,1
7430,2.17759,0.65000,1.71100,1.64400,1
7431,1.72445,0.65500,1.22700,1.59000,1
7432,1.88376,0.63900,1.30600,1.58700,1
7433,1.78483,0.73900,1.35600,1.62500,1
7434,1.94510,0.61600,1.49200,1.60300,1
7435,1.95041,0.62000,1.78000,1.58400,1
7436,1.65115,0.62800,1.64300,1.58400,1
7437,2.02439,0.63700,1.68800,1.76300,1
7438,1.82974,0.61100,1.52300,1.82800,1
7439,1.85717,0.69500,1.55500,1.66300,1
7440,1.77510,0.67600,1.52200,1.60800,1
7441,1.85287,0.62700,1.56500,1.59700,1
7442,1.66726,0.58900,1.43400,1.60800,1
7443,1.78887,0.58700,1.46200,1.59200,1
7444,1.72149,0.94800,1.41800,1.63000,1
7445,1.76353,0.95600,1.40300,1.61200,1
7446,1.80658,0.83600,1.35100,1.63800,1
7447,1.89462,0.73200,1.30700,1.77300,1
7448,1.79291,0.68000,1.28100,1.58800,1
7449,1.71423,0.66400,1.25700,1.60100,1
7450,1.90521,0.66200,1.35800,1.59300,1
7451,2.36002,0.64100,1.31700,1.65600,1
7452,1.74413,0.68400,1.34200,1.57700,1
7453,1.78197,0.75300,1.33500,1.62000,1
7454,1.72395,0.71100,1.28000,1.60100,1
7455,1.96327,0.71100,1.30700,1.75700,1
7456,1.92042,0.72500,1.28800,1.78000,1
7457,1.87222,0.69000,1.35900,1.61000,1
7458,1.66151,0.73900,1.26700,1.59500,1
7459,1.89289,0.63600,1.37200,1.60200,1
7460,1.83389,0.61400,1.40100,1.62800,1
7461,1.72428,0.65500,1.39600,1.58800,1
7462,1.73391,0.63400,1.32300,1.61300,1
7463,1.78188,0.60100,1.32600,1.61200,1
7464,1.69854,0.59700,1.23200,1.62400,1
7465,1.89040,0.61000,1.16600,1.74800,1
7466,1.78565,0.61200,1.15200,1.61600,1
7467,1.80786,0.59500,1.17200,1.59400,1
7468,1.83857,0.59900,1.25400,1.61100,1
7469,1.73814,0.57400,1.22200,1.63700,1
7470,1.74927,0.57000,1.18900,1.57800,1
7471,1.77416,0.61100,1.18500,1.60800,1
7472,1.97384,0.62000,1.42600,1.58200,1
7473,1.72983,0.60700,1.35200,1.61300,1
7474,1.96501,0.61800,1.42300,1.74300,1
7475,1.84156,0.66300,1.28600,1.80700,1
7476,1.80784,0.57900,1.26300,1.60500,1
7477,1.78172,0.57100,1.27000,1.61300,1
7478,1.75217,0.66900,1.25700,1.60300,1
7479,1.72560,0.71100,1.25700,1.58700,1
7480,1.77773,0.60700,1.24900,1.59500,1
7481,1.85094,0.59100,1.33900,1.61900,1
7482,1.77378,0.57900,1.32900,1.61300,1
7483,1.71504,0.55600,1.28100,1.57900,1
7484,1.87351,0.55000,1.19400,1.78400,1
7485,1.73270,0.52600,1.15500,1.57400,1
7486,1.77542,0.59000,1.15700,1.58300,1
7487,1.76261,0.58600,1.16200,1.60700,1
7488,1.83686,0.54000,1.24600,1.59700,1
7489,2.55003,0.53700,1.27600,1.62500,1
7490,1.74612,0.55900,2.26200,1.61600,1
7491,1.74758,0.60600,1.23400,1.61400,1
7492,2.03131,0.57900,1.28700,1.74900,1
7493,1.90355,0.68100,1.20900,1.79200,1
7494,1.73669,0.70700,1.17700,1.60000,1
7495,1.76978,0.68600,1.16300,1.60900,1
7496,1.77893,0.65000,1.17400,1.60200,1
7497,1.79986,0.57100,1.20400,1.58300,1
7498,1.89109,0.63000,1.37700,1.59200,1
7499,1.80039,0.65500,1.43400,1.59600,1
7500,1.81633,0.70500,1.44900,1.62000,1
7501,1.79222,0.69600,1.46500,1.62800,1
7502,1.90587,0.70800,1.42200,1.76600,1
7503,1.81748,0.68300,1.49400,1.60200,1
7504,2.20319,0.70500,1.92100,1.60500,1
7505,1.70824,0.69400,1.71400,1.62600,1
7506,1.68504,0.64100,1.62700,1.60800,1
7507,1.69558,1.22400,1.65300,1.60800,1
7508,1.78625,0.91300,1.58600,1.62500,1
7509,1.64065,0.88600,1.49300,1.60600,1
7510,1.98261,0.74200,1.52600,1.77400,1
7511,1.95595,0.66800,1.52200,1.80500,1
7512,1.74099,0.68700,1.45300,1.65200,1
7513,1.79353,0.63200,1.47600,1.59800,1
7514,1.81780,0.62400,1.43000,1.62100,1
7515,1.93399,0.65500,1.57100,1.65300,1
7516,1.79917,0.87200,1.67500,1.59200,1
7517,1.76212,0.83200,1.61000,1.61400,1
7518,1.75720,0.84100,1.60800,1.60000,1
7519,1.96290,0.78200,1.81900,1.59300,1
7520,1.87803,0.76500,1.73300,1.62600,1
7521,1.58649,0.64200,1.47700,1.62600,1
7522,1.70479,0.69200,1.46900,1.60200,1
7523,1.83764,0.75200,1.51600,1.59800,1
7524,1.83154,0.75400,1.57600,1.60400,1
7525,1.68872,0.76200,1.33800,1.62400,1
7526,1.73085,0.59700,1.29800,1.58500,1
7527,1.69144,0.59800,1.32200,1.60900,1
7528,2.83518,0.60200,1.32800,1.59900,1
7529,1.96215,0.68100,2.81000,1.94200,1
7530,1.70246,0.69700,1.31000,1.62200,1
7531,1.76313,0.69000,1.31700,1.59200,1
7532,3.28512,0.72200,1.30400,1.64700,1
7533,1.78151,0.62500,1.34100,1.59300,1
7534,1.78297,0.57000,1.35700,1.59800,1
7535,1.72293,0.57000,1.27500,1.59700,1
7536,1.83937,0.59800,1.32900,1.62400,1
7537,1.88402,0.56700,1.29000,1.75500,1
7538,1.80406,0.57200,1.28100,1.60600,1
7539,1.85408,0.65500,1.40800,1.60400,1
7540,1.99143,0.71500,1.62800,1.58600,1
7541,1.73025,0.75300,1.58600,1.59300,1
7542,1.88023,0.62000,1.63100,1.58400,1
7543,1.77530,0.62200,1.67600,1.62000,1
7544,1.77015,0.63900,1.70300,1.61100,1
7545,1.80262,0.64900,1.69300,1.60600,1
7546,10.55608,0.62000,1.48300,1.76700,1
7547,2.30169,0.81300,10.91600,1.82800,1
7548,1.71262,0.84200,1.57600,1.61500,1
7549,1.82741,0.72800,1.55400,1.63900,1
7550,1.78329,0.73100,1.60800,1.57100,1
7551,1.91972,0.70200,1.54400,1.76700,1
7552,1.64211,0.66600,1.45000,1.58700,1
7553,1.85591,0.64800,1.49900,1.61500,1
7554,1.89122,0.65300,1.57400,1.59100,1
7555,1.69184,0.60100,1.51000,1.60900,1
7556,1.67028,0.61300,1.44400,1.58400,1
7557,1.73771,0.62600,1.42900,1.60000,1
7558,1.81203,0.61600,1.46100,1.58400,1
7559,1.93307,0.57100,1.67300,1.76500,1
7560,2.01864,0.59900,1.54000,1.78400,1
7561,1.83400,0.64700,1.57400,1.62600,1
7562,1.67455,0.58500,1.49200,1.58700,1
7563,1.78884,0.59000,1.44300,1.61700,1
7564,1.79451,0.61700,1.47800,1.61900,1
7565,2.02838,0.59200,1.65600,1.60200,1
7566,1.78439,0.81400,1.82400,1.60000,1
7567,1.77351,0.65500,1.76000,1.60000,1
7568,2.39684,0.63500,1.61900,1.60500,1
7569,2.83464,0.66800,2.42200,1.62500,1
7570,1.76962,0.62900,1.44600,1.60400,1
7571,1.78243,0.59600,1.45600,1.61100,1
7572,1.74832,0.60500,1.39700,1.61600,1
7573,1.75606,0.58500,1.30600,1.60300,1
7574,1.73364,0.57200,1.36400,1.58400,1
7575,2.16882,0.59400,1.82100,1.59000,1
7576,1.62975,0.61700,1.62900,1.59000,1
7577,1.90690,0.62200,1.54700,1.75100,1
7578,1.77704,0.63300,1.49200,1.60100,1
7579,1.80758,0.56500,1.49900,1.59900,1
7580,1.75011,0.56800,1.49400,1.60500,1
7581,1.78763,0.54800,1.43800,1.61400,1
7582,1.84569,0.64100,1.48000,1.63000,1
7583,1.66488,0.61400,1.38300,1.56500,1
7584,1.79955,0.56200,1.41100,1.60200,1
7585,1.86585,0.58700,1.47100,1.61500,1
7586,1.73456,0.57100,1.43000,1.59900,1
7587,1.93067,0.60900,1.38300,1.79300,1
7588,1.89783,0.58600,1.43300,1.63100,1
7589,1.71757,0.56800,1.36900,1.62800,1
7590,1.81772,0.58500,1.35300,1.63100,1
7591,1.74109,0.60500,1.33300,1.59200,1
7592,1.96611,0.59100,1.51300,1.60200,1
7593,1.60815,0.64900,1.37400,1.60800,1
7594,1.90859,0.56800,1.48500,1.60500,1
7595,2.14109,0.58300,1.71100,1.74900,1
7596,1.81222,0.63200,1.57200,1.77200,1
7597,1.94269,0.59100,1.89600,1.63300,1
7598,1.71875,0.62400,1.71800,1.63300,1
7599,1.63939,0.56800,1.55600,1.60700,1
7600,1.79750,0.58900,1.52200,1.59400,1
7601,1.71883,0.62800,1.48500,1.61400,1
7602,1.77456,0.63400,1.45300,1.60600,1
7603,1.87298,0.58000,1.53300,1.60200,1
7604,1.74441,0.59400,1.53000,1.61800,1
7605,1.96233,0.59300,1.52800,1.77900,1
7606,1.74173,0.58200,1.45600,1.60600,1
7607,2.53467,0.56900,1.42300,1.62600,1
7608,1.79949,0.55100,1.41800,1.63500,1
7609,1.74360,0.54600,1.40400,1.61000,1
7610,1.75390,0.56000,1.36400,1.61700,1
7611,1.76916,0.56500,1.36300,1.59200,1
7612,1.76318,0.56100,1.36300,1.58100,1
7613,1.95431,0.56100,1.37900,1.77200,1
7614,1.79651,0.61800,1.26000,1.78200,1
7615,1.79059,0.56100,1.26600,1.61600,1
7616,1.81569,0.55100,1.26900,1.60200,1
7617,1.77253,0.61100,1.26100,1.58900,1
7618,1.81263,0.61200,1.32500,1.61900,1
7619,1.75167,0.57100,1.31800,1.58400,1
7620,1.75668,0.57700,1.32600,1.57900,1
7621,1.76661,0.53500,1.31700,1.60200,1
7622,1.76022,0.55900,1.31800,1.59100,1
7623,1.95449,0.57400,1.33200,1.77100,1
7624,1.76728,0.55900,1.33300,1.58600,1
7625,1.85536,0.56600,1.40700,1.60400,1
7626,1.76891,0.57100,1.39400,1.61200,1
7627,1.83365,0.56800,1.42000,1.63200,1
7628,1.79184,0.54800,1.41900,1.61800,1
7629,1.79433,0.58200,1.42500,1.61100,1
7630,1.71018,0.63200,1.40700,1.58800,1
7631,1.79965,0.60400,1.38200,1.59900,1
7632,2.07638,0.57200,1.36600,1.95100,1
7633,1.84221,0.57100,1.45700,1.60900,1
7634,1.76940,0.55600,1.38500,1.60000,1
7635,2.32417,0.59500,1.42500,1.58600,1
7636,2.21084,0.60800,2.15200,1.63600,1
7637,1.72463,0.57800,1.33300,1.60600,1
7638,1.79148,0.57000,1.36600,1.60100,1
7639,1.89391,0.59800,1.43700,1.60300,1
7640,1.54197,0.59300,1.25600,1.62400,1
7641,2.01660,0.55800,1.29100,1.77800,1
7642,1.72943,0.56700,1.24700,1.59200,1
7643,1.73021,0.58000,1.22300,1.59400,1
7644,1.84338,0.58700,1.25800,1.61400,1
7645,1.75250,0.55000,1.24500,1.63000,1
7646,2.23770,0.53700,1.22000,1.59800,1
7647,2.13435,0.53200,1.88800,1.62300,1
7648,1.75894,0.54500,1.24800,1.57500,1
7649,2.05064,0.64100,1.40800,1.73900,1
7650,1.89241,0.61800,1.35100,1.79400,1
7651,1.86524,0.62500,1.44400,1.62000,1
7652,1.75516,0.56600,1.40800,1.60500,1
7653,1.75571,0.61400,1.35200,1.59500,1
7654,1.69057,0.60000,1.28300,1.59300,1
7655,1.85228,0.56700,1.40900,1.58900,1
7656,1.73523,0.55600,1.33100,1.60900,1
7657,1.88273,0.56900,1.44000,1.58400,1
7658,1.68090,0.54700,1.35700,1.58200,1
7659,1.95845,0.58500,1.36200,1.78400,1
7660,1.86531,0.56300,1.44600,1.59900,1
7661,1.85640,0.55700,1.50600,1.58900,1
7662,1.62554,0.53400,1.35100,1.61600,1
7663,1.82588,0.55500,1.37400,1.62300,1
7664,1.77560,0.55000,1.32600,1.60600,1
7665,1.72399,0.58300,1.29100,1.59400,1
7666,1.74499,0.62200,1.24700,1.61400,1
7667,1.84912,0.58900,1.27400,1.62500,1
7668,2.08807,0.60900,1.28000,1.93500,1
7669,1.75517,0.56000,1.25300,1.60700,1
7670,1.73010,0.55100,1.19900,1.60300,1
7671,1.80723,0.56300,1.23700,1.59100,1
7672,1.97233,0.59400,1.40400,1.63700,1
7673,2.19451,0.61500,1.81600,1.62500,1
7674,1.39138,0.69900,1.40300,1.62500,1
7675,1.65792,0.58300,1.29700,1.60800,1
7676,1.82540,0.56300,1.30400,1.61200,1
7677,1.74828,0.59000,1.29900,1.58900,1
7678,1.96372,0.64900,1.31600,1.78400,1
7679,1.87242,0.81700,1.40000,1.59300,1
7680,1.60755,0.66300,1.23800,1.59100,1
7681,1.80819,0.65000,1.22800,1.62500,1
7682,1.68495,0.56300,1.16400,1.60500,1
7683,1.79013,0.58400,1.18100,1.58300,1
7684,1.76641,0.54800,1.18900,1.57800,1
7685,3.65028,0.56900,2.46100,1.91100,1
7686,2.16461,0.59500,2.15800,1.66200,1
7687,1.96471,0.59700,1.96900,1.60400,1
7688,1.74291,0.55500,1.70300,1.64900,1
7689,1.54443,0.58000,1.53800,1.64900,1
7690,1.47718,0.58000,1.46800,1.64900,1
7691,1.67925,0.58300,1.43900,1.61100,1
7692,1.90242,0.57100,1.52900,1.62300,1
7693,1.69512,0.62100,1.49700,1.59300,1
7694,1.75079,0.57100,1.42400,1.59300,1
7695,1.94648,0.68200,1.39300,1.78200,1
7696,1.79582,0.70500,1.43800,1.60000,1
7697,1.93277,0.58100,1.59500,1.61600,1
7698,1.94759,0.56500,1.94500,1.61200,1
7699,1.64429,0.56200,1.63100,1.61200,1
7700,1.86776,0.55200,1.70600,1.61500,1
7701,1.59203,0.59000,1.57500,1.61500,1
7702,1.84713,0.78400,1.53500,1.62500,1
7703,1.74152,1.18300,1.49900,1.61600,1
7704,2.09442,0.95100,1.47500,1.96300,1
7705,1.67899,0.85400,1.37200,1.62500,1
7706,1.82635,0.76000,1.37200,1.61600,1
7707,1.79509,0.70900,1.37500,1.61600,1
7708,1.77310,0.69800,1.35800,1.62000,1
7709,1.86409,0.64900,1.36800,1.60600,1
7710,1.80072,0.62700,1.43900,1.63000,1
7711,1.77749,0.62400,1.45900,1.62400,1
7712,1.84597,0.59400,1.47000,1.62500,1
7713,1.84075,0.62300,1.53100,1.63300,1
7714,1.92104,0.62600,1.47200,1.79900,1
7715,1.71163,0.61500,1.40500,1.62000,1
7716,1.80067,0.65300,1.42700,1.58300,1
7717,1.84974,0.60800,1.44700,1.61000,1
7718,1.86418,0.73900,1.51200,1.65700,1
7719,1.74200,0.80800,1.47500,1.59400,1
7720,1.83206,0.78900,1.50800,1.62100,1
7721,1.76764,0.79200,1.49700,1.59500,1
7722,2.08117,0.74700,1.60000,1.77600,1
7723,1.88933,0.76100,1.47500,1.81900,1
7724,2.75765,0.71600,1.68200,1.64500,1
7725,2.12606,0.71300,2.64500,1.61400,1
7726,1.78976,0.67900,1.57000,1.59900,1
7727,1.82676,0.67700,1.50400,1.62600,1
7728,2.09354,0.72200,1.87700,1.62200,1
7729,1.51056,0.66300,1.49100,1.62200,1
7730,1.66525,0.79100,1.41200,1.61300,1
7731,1.88812,0.76100,1.58200,1.60700,1
7732,2.32108,0.73900,1.92900,1.63300,1
7733,2.04049,0.64000,2.02600,1.63700,1
7734,1.66660,0.70800,1.66200,1.65000,1
7735,1.58771,0.65500,1.57600,1.62700,1
7736,1.52932,0.64600,1.52800,1.62700,1
7737,1.69143,0.72500,1.47300,1.58700,1
7738,2.24890,0.70400,1.37900,1.61700,1
7739,2.38256,0.63800,2.15100,1.75500,1
7740,2.00803,0.69200,1.43800,1.80500,1
7741,1.76179,0.70600,1.42100,1.63000,1
7742,1.92042,0.62600,1.48700,1.61900,1
7743,1.74717,0.68500,1.42700,1.63900,1
7744,1.70964,0.64800,1.33200,1.61400,1
7745,1.79713,0.67100,1.36200,1.59300,1
7746,1.87778,0.63800,1.45300,1.60100,1
7747,1.71359,0.64900,1.37200,1.63300,1
7748,1.82061,0.61400,1.39900,1.59600,1
7749,1.97120,0.61600,1.33100,1.77500,1
7750,1.72582,1.13100,1.29400,1.59000,1
7751,1.69380,0.90500,1.24700,1.60100,1
7752,1.74044,0.78000,1.21600,1.60300,1
7753,1.77293,0.69100,1.23100,1.60800,1
7754,1.89543,0.68300,1.35800,1.59200,1
7755,1.71614,0.70900,1.31600,1.58200,1
7756,1.87499,0.69800,1.31000,1.60600,1
7757,1.58822,0.68700,1.29700,1.56400,1
7758,2.19131,0.65300,1.35900,1.96300,1
7759,1.58597,0.67100,1.19600,1.59200,1
7760,1.80771,0.65000,1.19200,1.60500,1
7761,1.90538,0.68600,1.34500,1.59000,1
7762,1.76063,0.68500,1.31700,1.62600,1
7763,1.85390,0.65900,1.39600,1.60100,1
7764,2.71563,0.64000,1.47800,1.64800,1
7765,1.70290,0.62000,1.42800,1.59800,1
7766,1.72184,0.60400,1.36100,1.61800,1
7767,2.15826,0.92900,1.45800,1.62600,1
7768,1.59315,1.23000,1.34400,1.62600,1
7769,1.82416,0.88300,1.38500,1.62600,1
7770,1.74987,0.74100,1.33100,1.60200,1
7771,1.76328,0.68600,1.33300,1.62100,1
7772,1.77688,0.65700,1.31000,1.61300,1
7773,1.74744,0.68100,1.29600,1.60900,1
7774,1.73523,0.68500,1.29000,1.59400,1
7775,1.78856,0.67400,1.31900,1.59000,1
7776,2.13989,0.66300,1.34200,1.96000,1
7777,1.80295,0.64200,1.33700,1.62400,1
7778,1.73163,0.68900,1.31700,1.59000,1
7779,1.83394,0.69500,1.37100,1.60300,1
7780,1.70687,0.70100,1.29900,1.65200,1
7781,1.62970,0.68000,1.18000,1.59000,1
7782,1.77158,0.65700,1.20000,1.57200,1
7783,1.74163,0.64900,1.17500,1.58700,1
7784,1.80465,0.64500,1.18400,1.60800,1
7785,1.79138,0.66000,1.20100,1.59800,1
7786,1.96579,0.64500,1.21600,1.78300,1
7787,1.79907,0.62200,1.19000,1.61500,1
7788,2.06096,0.66700,1.31400,1.75000,1
7789,2.02552,0.72600,1.49700,1.63500,1
7790,1.74118,0.57300,1.42900,1.62400,1
7791,1.72996,0.63300,1.44000,1.61100,1
7792,1.83980,0.61600,1.47400,1.60900,1
7793,1.73110,0.57500,1.43100,1.60500,1
7794,1.94675,0.58100,1.41700,1.77100,1
7795,1.91502,0.59400,1.34000,1.84700,1
7796,1.82833,0.59600,1.38800,1.58700,1
7797,1.98409,0.64700,1.43300,1.76400,1
7798,1.79171,0.69600,1.37300,1.62700,1
7799,1.77803,0.62600,1.36100,1.63100,1
7800,1.77936,0.62100,1.34400,1.60400,1
7801,1.72907,0.62600,1.31600,1.60700,1
7802,1.83224,0.63000,1.35300,1.60000,1
7803,2.71691,0.65000,1.32400,1.63700,1
7804,1.79882,0.64000,1.34500,1.62800,1
7805,1.84378,0.60400,1.35600,1.60800,1
7806,1.67094,0.57700,1.33700,1.59500,1
7807,1.95566,0.66200,1.41600,1.63200,1
7808,1.74554,0.62100,1.36900,1.61400,1
7809,1.84057,0.60300,1.44100,1.60500,1
7810,1.81477,0.62100,1.40800,1.60700,1
7811,1.87082,1.22500,1.37300,1.76800,1
7812,1.94427,0.88400,1.35000,1.77500,1
7813,1.76196,0.83700,1.35700,1.60700,1
7814,1.77440,0.70900,1.36600,1.60200,1
7815,1.78759,0.70100,1.40100,1.60200,1
7816,1.84782,0.70200,1.44600,1.62700,1
7817,1.74806,0.69800,1.42400,1.61000,1
7818,1.78600,0.88400,1.41600,1.59200,1
7819,1.77075,0.81400,1.41100,1.58200,1
7820,1.82314,0.71700,1.40600,1.63200,1
7821,1.73580,0.69200,1.38900,1.59700,1
7822,1.98901,0.69200,1.44300,1.78100,1
7823,1.80385,0.64400,1.46300,1.61300,1
7824,1.67126,0.64100,1.40100,1.60200,1
7825,1.82145,0.66300,1.40700,1.63000,1
7826,1.83269,0.65400,1.46200,1.59500,1
7827,1.73819,0.58900,1.46100,1.59700,1
7828,1.80046,0.58600,1.48700,1.61300,1
7829,1.66149,0.57600,1.38900,1.58600,1
7830,1.98900,0.59200,1.43300,1.76400,1
7831,1.92365,0.58700,1.41600,1.77600,1
7832,1.82934,0.57200,1.42000,1.63100,1
7833,1.71024,0.69600,1.37600,1.58200,1
7834,1.94239,1.13500,1.43500,1.59900,1
7835,2.05141,1.51700,1.51600,1.60400,1
7836,1.40426,1.33700,1.40200,1.60400,1
7837,1.95395,1.21600,1.53500,1.60800,1
7838,1.70950,0.68100,1.49800,1.61200,1
7839,1.84804,0.62800,1.52800,1.59000,1
7840,1.87302,0.63100,1.45700,1.78000,1
7841,1.76445,0.65500,1.44500,1.59700,1
7842,3.36035,0.69000,1.40900,1.60300,1
7843,2.40132,0.63700,2.50500,1.62800,1
7844,1.84732,0.65900,1.53700,1.58400,1
7845,1.77941,0.60800,1.53500,1.62000,1
7846,1.82529,0.61300,1.57900,1.60300,1
7847,1.82500,0.64400,1.46700,1.60600,1
7848,1.94637,0.62200,1.41000,1.82700,1
7849,1.81513,0.57000,1.39800,1.62300,1
7850,1.85228,0.63400,1.47700,1.58700,1
7851,1.78395,0.64400,1.47800,1.60000,1
7852,1.73141,0.64900,1.44700,1.61400,1
7853,1.68910,0.64700,1.30600,1.62800,1
7854,1.77220,0.68100,1.34200,1.57100,1
7855,1.76669,0.62100,1.34700,1.58900,1
7856,1.78726,0.58400,1.34600,1.60300,1
7857,1.88196,0.60500,1.30100,1.75600,1
7858,1.76796,0.60800,1.31500,1.59000,1
7859,1.74679,0.57300,1.32100,1.58200,1
7860,1.82998,0.57900,1.38000,1.60600,1
7861,1.78739,0.61400,1.33500,1.63200,1
7862,1.80954,0.65400,1.35900,1.60800,1
7863,1.74711,0.67500,1.33100,1.60600,1
7864,1.83352,0.67600,1.39800,1.58500,1
7865,1.97946,0.59300,1.71800,1.59600,1
7866,2.11971,0.57600,1.72000,1.92800,1
7867,1.69690,0.61100,1.57200,1.64500,1
7868,1.75263,0.59900,1.50000,1.61100,1
7869,1.73963,0.59300,1.47400,1.58300,1
7870,1.91182,0.68400,1.62000,1.59400,1
7871,1.69581,0.66200,1.54600,1.62400,1
7872,1.69464,0.63200,1.44300,1.61400,1
7873,1.87674,0.58500,1.49500,1.58800,1
7874,1.64399,0.68200,1.38900,1.59100,1
7875,1.86866,0.68200,1.46400,1.59600,1
7876,1.89433,0.66100,1.41200,1.78900,1
7877,1.82507,0.81300,1.37400,1.60400,1
7878,1.74220,1.15100,1.40200,1.61100,1
7879,1.96175,0.84100,1.47700,1.61100,1
7880,1.66460,0.82600,1.46600,1.59400,1
7881,3.22037,0.74000,1.46800,1.66100,1
7882,1.88068,0.66200,1.61400,1.58800,1
7883,1.83083,0.62600,1.52200,1.77300,1
7884,1.98108,0.62400,1.52400,1.77400,1
7885,1.70027,0.63600,1.46800,1.62200,1
7886,1.78988,0.59000,1.42200,1.62100,1
7887,1.75821,0.60000,1.42100,1.59800,1
7888,1.72424,0.56500,1.39700,1.61500,1
7889,1.81895,0.56300,1.45200,1.58600,1
7890,1.72643,0.62300,1.41900,1.59600,1
7891,1.75180,0.56500,1.41200,1.60500,1
7892,1.74664,0.57000,1.37100,1.59200,1
7893,1.83095,0.54900,1.44000,1.59700,1
7894,1.90296,0.56400,1.39000,1.76500,1
7895,1.81541,0.55400,1.43000,1.58800,1
7896,1.79447,0.58600,1.45800,1.59900,1
7897,1.95896,0.58400,1.69800,1.61100,1
7898,1.83790,0.58000,1.61600,1.59800,1
7899,1.59784,0.57500,1.54200,1.59100,1
7900,1.79213,0.59600,1.54100,1.60800,1
7901,1.74951,0.60200,1.47400,1.60500,1
7902,1.90759,0.58200,1.46200,1.74600,1
7903,1.89489,0.59600,1.37000,1.77800,1
7904,1.75210,0.55700,1.40400,1.58500,1
7905,1.80498,0.55200,1.40300,1.58800,1
7906,1.81946,0.60300,1.43000,1.62200,1
7907,1.69382,0.61700,1.40000,1.59000,1
7908,1.74629,0.55600,1.42700,1.58700,1
7909,1.76039,0.57300,1.38000,1.59500,1
7910,1.75873,0.57100,1.37300,1.59800,1
7911,1.86652,0.60400,1.45500,1.58600,1
7912,1.97034,0.59600,1.49400,1.77300,1
7913,1.80844,0.57500,1.49300,1.61600,1
7914,1.75692,0.57300,1.51200,1.60300,1
7915,1.79102,0.58800,1.45300,1.59300,1
7916,1.78738,0.63300,1.49100,1.65100,1
7917,1.84590,0.56400,1.55000,1.59600,1
7918,1.69918,0.55400,1.48600,1.60400,1
7919,1.82358,0.54500,1.48900,1.62600,1
7920,2.27381,0.56700,1.50200,1.78300,1
7921,2.87517,0.58600,2.00100,1.57200,1
7922,1.84358,0.73000,1.56700,1.59200,1
7923,1.75886,0.71600,1.49000,1.58300,1
7924,2.09646,1.10600,1.49700,1.59400,1
7925,1.52547,1.37700,1.53100,1.59400,1
7926,1.55682,0.90400,1.35400,1.60600,1
7927,1.76702,0.70800,1.30300,1.59200,1
7928,1.75802,0.71900,1.32000,1.58400,1
7929,1.75370,0.67400,1.32700,1.57600,1
7930,1.97387,0.65000,1.34400,1.77100,1
7931,1.69351,0.72100,1.27100,1.58800,1
7932,1.95837,0.68200,1.44800,1.61100,1
7933,1.83816,0.67300,1.50200,1.66100,1
7934,1.78692,0.69000,1.49900,1.60000,1
7935,1.76457,0.66200,1.48300,1.58800,1
7936,1.77835,0.67400,1.51000,1.60400,1
7937,1.78327,0.60800,1.48700,1.60900,1
7938,1.91953,0.61000,1.45200,1.77000,1
7939,2.46515,0.72500,2.00400,1.63900,1
7940,2.00713,0.61700,1.99100,1.61300,1
7941,1.95580,0.61100,1.94800,1.59300,1
7942,1.75960,0.60400,1.73400,1.62300,1
7943,1.73616,0.60600,1.72300,1.65000,1
7944,1.67445,0.56400,1.66500,1.63800,1
7945,3.13479,0.55800,1.55900,1.63800,1
7946,1.74827,0.56700,1.58400,1.61000,1
7947,1.93875,0.58500,1.54500,1.77200,1
7948,1.79681,0.61500,1.57200,1.59000,1
7949,1.80046,0.60600,1.55100,1.60200,1
7950,1.77735,0.93300,1.52100,1.59600,1
7951,1.77140,0.89600,1.53900,1.63400,1
7952,1.78139,0.77200,1.52200,1.62300,1
7953,1.70996,0.78700,1.47100,1.59600,1
7954,1.83288,0.68900,1.49800,1.61900,1
7955,1.94887,0.62700,1.49400,1.74200,1
7956,1.97714,0.62000,1.51600,1.78500,1
7957,1.73812,0.59400,1.52100,1.61600,1
7958,1.79835,0.60100,1.50800,1.61100,1
7959,2.29506,0.58800,1.49000,1.60700,1
7960,1.87473,0.58600,2.22000,1.64400,1
7961,1.81251,0.61800,1.45500,1.60800,1
7962,1.77949,0.67000,1.43000,1.61500,1
7963,1.72604,0.69400,1.39600,1.59400,1
7964,2.30826,0.67000,1.89400,1.77800,1
7965,1.50584,0.65900,1.50100,1.77800,1
7966,1.69100,0.67000,1.47100,1.58500,1
7967,1.76517,0.68200,1.41200,1.59500,1
7968,1.77607,0.69900,1.43100,1.60600,1
7969,1.76254,0.81200,1.37600,1.63200,1
7970,1.78626,0.58700,1.39300,1.60700,1
7971,1.78269,0.61200,1.48500,1.59100,1
7972,2.24233,0.60800,1.97800,1.74700,1
7973,1.83835,0.63800,1.83900,1.60200,1
7974,10.17792,0.58800,1.36500,1.60200,1
7975,2.04412,0.58100,10.66600,1.83000,1
7976,1.59208,0.60100,1.27600,1.60600,1
7977,1.84556,0.63100,1.31400,1.61600,1
7978,1.79284,0.59300,1.32100,1.62700,1
7979,1.92407,0.58000,1.32800,1.74300,1
7980,1.67034,0.57700,1.24900,1.59500,1
7981,1.76188,0.58300,1.24700,1.58400,1
7982,1.88802,0.57500,1.33800,1.60100,1
7983,1.69577,0.61800,1.28900,1.58700,1
7984,1.75651,0.61700,1.25000,1.61900,1
7985,1.73924,0.57900,1.24300,1.59700,1
7986,1.91462,0.58300,1.36400,1.61700,1
7987,2.01547,0.56700,1.47600,1.76700,1
7988,2.12263,0.62000,1.76000,1.60900,1
7989,1.65745,0.67100,1.60100,1.60900,1
7990,1.64387,0.56500,1.47300,1.55500,1
7991,1.94684,0.57000,1.54400,1.62300,1
7992,1.78411,0.57200,1.58100,1.60400,1
7993,1.67157,0.56600,1.41100,1.61600,1
7994,1.77708,0.64500,1.45500,1.60800,1
7995,1.83546,0.62900,1.46700,1.62300,1
7996,1.94142,0.57900,1.77800,1.59900,1
7997,1.93612,0.61200,1.69900,1.79200,1
7998,2.54212,0.61200,1.53400,1.59900,1
7999,1.98068,0.64400,2.68300,1.63000,1
8000,1.65772,0.72100,1.43300,1.60000,1
8001,1.76470,0.67000,1.40100,1.61800,1
8002,1.68898,0.59200,1.29500,1.60800,1
8003,1.84385,0.59400,1.33600,1.61000,1
8004,1.81252,0.70700,1.40500,1.57500,1
8005,1.91600,0.65500,1.38400,1.77300,1
8006,1.91188,0.62300,1.34700,1.77700,1
8007,1.78006,0.61900,1.33800,1.60100,1
8008,1.68901,0.58900,1.24800,1.58500,1
8009,1.77575,0.58600,1.23500,1.60400,1
8010,1.82311,0.57800,1.30200,1.60600,1
8011,1.92169,0.57800,1.43700,1.57900,1
8012,1.69893,0.64800,1.39800,1.59400,1
8013,1.74768,0.58000,1.38400,1.57600,1
8014,1.75481,0.58100,1.33600,1.61900,1
8015,2.34482,0.59500,1.82800,1.57700,1
8016,1.70852,0.60200,1.70500,1.57700,1
8017,1.58113,0.56200,1.52000,1.59900,1
8018,1.84984,0.54700,1.55500,1.63900,1
8019,1.69635,0.57300,1.57900,1.62700,1
8020,1.95511,0.82400,1.62500,1.61100,1
8021,1.66079,0.57500,1.59100,1.57200,1
8022,1.74546,0.54500,1.53900,1.60300,1
8023,1.91365,0.53400,1.46100,1.76300,1
8024,2.02811,0.58100,1.52900,1.78100,1
8025,1.64527,0.55000,1.42900,1.60400,1
8026,1.70847,0.55400,1.34500,1.58700,1
8027,1.71910,0.55100,1.27600,1.58500,1
8028,1.89055,0.62400,1.36300,1.60600,1
8029,1.87072,0.63000,1.57000,1.58100,1
8030,1.65705,0.63300,1.39800,1.63700,1
8031,1.70898,0.59600,1.31400,1.60700,1
8032,1.77924,0.58800,1.29000,1.62000,1
8033,1.94656,0.56700,1.34100,1.57400,1
8034,1.73586,0.60700,1.28000,1.58900,1
8035,1.75415,0.60100,1.26300,1.60800,1
8036,1.71779,0.58300,1.23400,1.58800,1
8037,2.73938,0.58600,1.26600,1.61700,1
8038,1.81176,0.58300,1.32000,1.59900,1
8039,1.93379,0.62000,1.54800,1.58700,1
8040,1.66618,0.61200,1.43400,1.60000,1
8041,1.94510,0.61900,1.41000,1.75600,1
8042,1.99975,0.62100,1.42700,1.78800,1
8043,1.75268,0.59200,1.41000,1.60500,1
8044,1.79734,0.57900,1.42900,1.59800,1
8045,1.76295,0.54900,1.38400,1.61700,1
8046,1.84730,0.56600,1.39500,1.63000,1
8047,1.70189,0.54800,1.37000,1.58700,1
8048,3.25359,0.59400,1.40700,1.64100,1
8049,1.73405,0.63800,1.40200,1.59200,1
8050,1.76276,0.58800,1.40000,1.61000,1
8051,2.12734,0.56000,1.55400,1.79600,1
8052,1.65035,0.55800,1.44900,1.58800,1
8053,1.74725,0.56400,1.42300,1.59400,1
8054,1.75015,0.55000,1.40700,1.60700,1
8055,1.98337,0.56400,1.55900,1.60700,1
8056,1.82808,0.58100,1.77400,1.59200,1
8057,1.70662,0.65700,1.65800,1.61200,1
8058,1.65380,0.64500,1.41900,1.59300,1
8059,1.88843,0.59600,1.41500,1.74500,1
8060,1.96737,0.58000,1.38300,1.78600,1
8061,1.75464,0.62400,1.40100,1.60300,1
8062,1.80854,0.55800,1.44900,1.58000,1
8063,1.80166,0.61800,1.45800,1.62100,1
8064,1.76917,0.61200,1.38600,1.62300,1
8065,1.79385,0.57200,1.39300,1.63000,1
8066,1.79099,0.55800,1.36400,1.61100,1
8067,1.80241,0.57300,1.38200,1.59900,1
8068,1.86507,0.60200,1.47700,1.59100,1
8069,1.83706,0.58300,1.36400,1.78700,1
8070,1.76917,0.61400,1.36500,1.58700,1
8071,1.83894,0.60100,1.41900,1.60400,1
8072,1.68268,0.56800,1.33600,1.59500,1
8073,1.80070,0.58200,1.34800,1.60800,1
8074,1.92934,0.66900,1.52800,1.58300,1
8075,1.80806,0.63400,1.58700,1.59700,1
8076,4.02580,0.69700,2.16400,1.79200,1
8077,1.69698,1.08700,1.70300,1.60500,1
8078,1.50715,0.98900,1.52100,1.60500,1
8079,1.66431,0.82600,1.44600,1.61500,1
8080,1.72963,0.76000,1.40000,1.60600,1
8081,1.85492,0.67500,1.45700,1.62800,1
8082,1.72753,0.67500,1.40400,1.61400,1
8083,1.73240,0.61700,1.35900,1.58900,1
8084,1.83891,0.61700,1.40000,1.61600,1
8085,1.84032,0.62500,1.42500,1.60100,1
8086,1.82955,0.61100,1.46300,1.63100,1
8087,1.95103,0.60100,1.45900,1.80000,1
8088,1.72286,0.57500,1.38300,1.60300,1
8089,1.78697,0.63700,1.43800,1.61300,1
8090,1.76813,0.62500,1.38200,1.59500,1
8091,1.85499,0.78800,1.45600,1.60500,1
8092,2.37760,0.70100,2.35900,1.60600,1
8093,2.25743,0.67600,2.24500,1.63900,1
8094,1.61609,0.63500,1.60800,1.80400,1
8095,1.52150,0.63700,1.50500,1.80400,1
8096,1.67064,0.61700,1.50900,1.79700,1
8097,1.71885,0.59600,1.51700,1.59100,1
8098,1.76657,0.58700,1.42500,1.63000,1
8099,1.87354,0.59900,1.46600,1.63600,1
8100,1.75005,0.60700,1.41800,1.61700,1
8101,1.75455,0.62800,1.41500,1.61300,1
8102,1.81213,0.61800,1.44300,1.61500,1
8103,1.80758,0.60300,1.45700,1.60900,1
8104,1.74249,0.72000,1.41200,1.63700,1
8105,2.00153,0.63200,1.47000,1.78800,1
8106,1.92448,0.62300,1.59500,1.61100,1
8107,1.58857,0.62500,1.45500,1.57600,1
8108,1.79181,0.61500,1.38900,1.58900,1
8109,1.83768,0.58100,1.42300,1.64200,1
8110,1.74603,0.63400,1.39000,1.62500,1
8111,1.78008,0.59600,1.39600,1.60700,1
8112,1.67915,0.60400,1.31800,1.59000,1
8113,2.03956,0.57500,1.42200,1.74000,1
8114,1.92828,0.58800,1.46100,1.76500,1
8115,3.34238,0.60800,1.36800,1.67300,1
8116,1.73326,0.79400,1.36400,1.60300,1
8117,1.81431,0.62600,1.37900,1.62800,1
8118,1.83319,0.59000,1.41900,1.60700,1
8119,1.76902,0.60800,1.42600,1.60100,1
8120,1.72611,0.60300,1.38600,1.58800,1
8121,1.88017,0.57600,1.48400,1.58600,1
8122,2.05087,0.63400,2.05400,1.59200,1
8123,1.86666,0.62100,1.77300,1.61000,1
8124,1.67384,0.61500,1.67000,1.61000,1
8125,1.63430,0.60300,1.54400,1.58600,1
8126,1.83484,0.57700,1.55400,1.60800,1
8127,1.71102,0.56700,1.44700,1.62500,1
8128,1.81220,0.54900,1.46000,1.62200,1
8129,1.67806,0.63400,1.42200,1.57400,1
8130,1.89234,0.62000,1.46100,1.61200,1
8131,2.20301,1.16600,1.77400,1.75300,1
8132,1.71932,0.76100,1.57700,1.80400,1
8133,1.92666,0.70800,1.63100,1.60900,1
8134,1.76975,0.69300,1.61400,1.60000,1
8135,1.60450,0.71100,1.46300,1.62600,1
8136,1.77782,0.66400,1.44200,1.61600,1
8137,1.87375,0.64700,1.50100,1.60800,1
8138,1.76796,0.61900,1.50100,1.61600,1
8139,1.89806,0.61200,1.62100,1.58400,1
8140,1.62055,0.63600,1.47800,1.58400,1
8141,2.04151,0.74300,1.51500,1.82600,1
8142,1.84002,0.80700,1.60600,1.60700,1
8143,1.66099,0.58000,1.46000,1.60000,1
8144,1.85773,0.66900,1.47400,1.58700,1
8145,1.69060,0.58100,1.44500,1.60300,1
8146,1.80564,0.56100,1.45400,1.60200,1
8147,1.74879,0.55100,1.44500,1.58800,1
8148,1.76153,0.61500,1.42200,1.60300,1
8149,1.97645,0.60100,1.47600,1.75400,1
8150,1.91998,0.60300,1.42500,1.79600,1
8151,3.21837,0.57300,1.41100,1.63000,1
8152,1.77586,0.56900,1.44100,1.59800,1
8153,1.80544,0.56700,1.43900,1.63500,1
8154,2.69721,0.57200,1.43500,1.61300,1
8155,1.72138,0.70600,1.42600,1.58000,1
8156,1.77941,0.65900,1.42900,1.60100,1
8157,1.75092,0.61400,1.41400,1.59800,1
8158,2.05063,0.60200,1.46800,1.80000,1
8159,1.94078,0.80900,1.60900,1.59000,1
8160,1.77592,1.22100,1.61900,1.58400,1
8161,1.61005,0.93400,1.50200,1.58400,1
8162,1.70642,0.79000,1.36900,1.62600,1
8163,1.80924,0.67400,1.39400,1.63100,1
8164,1.87562,0.70300,1.47500,1.59000,1
8165,1.89685,0.63900,1.60800,1.60000,1
8166,1.86730,0.63000,1.54500,1.75800,1
8167,1.89474,0.67000,1.48300,1.79500,1
8168,1.86526,0.62400,1.58200,1.61000,1
8169,1.69521,0.58500,1.47900,1.62600,1
8170,2.03374,0.59900,1.68900,1.61000,1
8171,1.95795,0.76200,1.94800,1.63300,1
8172,1.89291,0.62000,1.88900,1.60000,1
8173,1.79117,0.61100,1.78600,1.61200,1
8174,1.53375,0.56800,1.50800,1.61600,1
8175,1.58150,0.61800,1.55000,1.61600,1
8176,10.50367,0.59100,1.54000,1.60100,1
8177,2.39210,0.65600,10.93100,1.63900,1
8178,1.61919,0.59900,1.60900,1.63900,1
8179,1.65006,0.59400,1.47400,1.61600,1
8180,2.04535,0.58000,1.54000,1.77200,1
8181,1.94230,0.58100,1.52000,1.84500,1
8182,1.73680,0.57600,1.46700,1.59300,1
8183,1.87700,0.57900,1.52200,1.61200,1
8184,1.67984,0.63200,1.46900,1.61200,1
8185,1.82731,0.59500,1.46200,1.65300,1
8186,1.83070,0.61300,1.49500,1.62100,1
8187,1.74175,0.62100,1.49800,1.60000,1
8188,1.85661,0.66000,1.55600,1.62500,1
8189,1.94614,0.61800,1.79400,1.58600,1
8190,2.04728,0.63000,1.87000,1.63200,1
8191,1.45347,0.60000,1.45200,1.63200,1
8192,1.83432,0.57700,1.52300,1.59600,1
8193,2.30360,0.65600,1.61900,1.61600,1
8194,2.59374,0.65500,2.26800,1.64700,1
8195,1.62094,0.82100,1.52800,1.61400,1
8196,1.77619,0.61100,1.50900,1.60400,1
8197,1.97520,0.56300,1.53500,1.75200,1
8198,1.95338,0.57800,1.53600,1.78000,1
8199,1.77128,0.56900,1.49000,1.65500,1
8200,1.84595,0.56500,1.52400,1.62400,1
8201,1.78730,0.55900,1.54000,1.60500,1
8202,1.95584,0.67300,1.56300,1.65800,1
8203,1.76995,0.69700,1.54500,1.58900,1
8204,1.73856,0.75500,1.58500,1.60700,1
8205,1.93129,0.62300,1.75400,1.60000,1
8206,1.82607,0.58600,1.79900,1.59800,1
8207,1.51702,0.62300,1.51800,1.59800,1
8208,2.12493,0.63400,1.76900,1.79400,1
8209,1.71858,0.58700,1.70500,1.59400,1
8210,1.64317,0.64900,1.60900,1.59400,1
8211,1.85682,0.59400,1.66900,1.62900,1
8212,1.80334,0.63300,1.70400,1.61400,1
8213,1.77708,0.62600,1.77300,1.63500,1
8214,1.80117,0.69500,1.71800,1.60300,1
8215,1.72677,0.68000,1.66500,1.62000,1
8216,1.85551,0.59300,1.56000,1.75600,1
8217,2.06934,0.58500,1.56700,1.80700,1
8218,1.67295,0.62600,1.52300,1.60300,1
8219,1.78196,0.62300,1.52200,1.60400,1
8220,1.82457,0.59400,1.52400,1.63000,1
8221,1.78214,0.59100,1.58600,1.57400,1
8222,1.62765,0.57100,1.40700,1.61300,1
8223,1.78973,0.54800,1.43900,1.60400,1
8224,1.80627,0.57000,1.43200,1.60400,1
8225,1.81708,0.69600,1.53600,1.61800,1
8226,1.94421,0.66500,1.51000,1.80800,1
8227,1.83335,0.60700,1.47900,1.62900,1
8228,1.72020,0.57400,1.45100,1.62300,1
8229,1.78797,0.58400,1.33400,1.61000,1
8230,1.75785,0.67400,1.28700,1.61900,1
8231,1.83478,0.65400,1.33200,1.61300,1
8232,1.81150,0.66600,1.39100,1.62700,1
8233,3.35151,0.58500,1.43200,1.65200,1
8234,1.90181,0.57000,1.40100,1.78400,1
8235,2.13921,0.59600,1.83300,1.62000,1
8236,1.70441,0.57600,1.69500,1.59900,1
8237,1.60079,0.58900,1.57100,1.59900,1
8238,1.94148,0.56800,1.69600,1.63200,1
8239,1.80350,0.60000,1.69900,1.59500,1
8240,1.66707,0.64700,1.57000,1.59500,1
8241,1.82411,0.56600,1.61600,1.60100,1
8242,1.79524,0.65700,1.64500,1.57900,1
8243,1.71853,0.76700,1.60200,1.60800,1
8244,2.02887,0.72300,1.61300,1.57600,1
8245,1.75750,0.70200,1.65400,1.57600,1
8246,1.70402,0.71300,1.59300,1.61500,1
8247,1.70256,0.72900,1.47700,1.61800,1
8248,2.06516,0.64800,1.58300,1.74700,1
8249,1.71072,0.66100,1.55800,1.60200,1
8250,1.75752,0.71300,1.60000,1.60200,1
8251,1.71045,0.65700,1.45200,1.59100,1
8252,1.92696,0.58900,1.47000,1.75900,1
8253,2.04256,0.60400,1.48600,1.83500,1
8254,1.88143,0.60800,1.51600,1.59700,1
8255,2.67922,0.62500,1.63400,1.62400,1
8256,1.68443,0.82400,1.53400,1.58900,1
8257,1.79637,0.62100,1.56900,1.60500,1
8258,1.80685,0.73000,1.66000,1.63100,1
8259,1.77212,0.67800,1.62300,1.58300,1
8260,1.64911,0.81700,1.50100,1.58300,1
8261,1.94957,0.59800,1.48000,1.79400,1
8262,1.88642,0.62000,1.85200,1.58100,1
8263,1.66462,0.59100,1.51600,1.58000,1
8264,1.81331,0.58000,1.51200,1.60600,1
8265,1.80470,0.58500,1.52500,1.62100,1
8266,1.76043,0.56800,1.49900,1.59600,1
8267,1.75327,0.56100,1.50000,1.58700,1
8268,1.71932,0.57100,1.45800,1.61000,1
8269,1.81643,0.59100,1.43700,1.64500,1
8270,1.91104,0.57200,1.39600,1.76300,1
8271,1.94182,0.57500,1.31400,1.83400,1
8272,1.74954,0.61400,1.29500,1.61600,1
8273,2.82051,0.57500,1.45300,1.62200,1
8274,1.67733,0.55600,1.33200,1.64700,1
8275,1.83779,0.57700,1.38200,1.60300,1
8276,1.72413,0.55800,1.33600,1.61400,1
8277,1.85193,0.56800,1.38000,1.61700,1
8278,1.72562,0.55300,1.32900,1.60300,1
8279,1.76778,0.54600,1.30600,1.60000,1
8280,2.10171,0.55900,1.40700,1.81600,1
8281,1.76923,0.60200,1.39900,1.58600,1
8282,1.69490,0.71900,1.35400,1.59700,1
8283,1.77897,0.66000,1.32700,1.66000,1
8284,1.90779,0.65300,1.43100,1.61200,1
8285,1.76101,0.58100,1.38600,1.64700,1
8286,1.81142,0.60200,1.41200,1.58800,1
8287,2.13119,0.66200,1.71100,1.62100,1
8288,1.94305,1.28000,1.71900,1.75600,1
8289,1.85889,0.93200,1.58900,1.81000,1
8290,1.71437,0.78000,1.53400,1.60800,1
8291,1.59758,0.76100,1.43000,1.60300,1
8292,1.83327,0.72100,1.45500,1.62300,1
8293,1.74145,0.64900,1.46300,1.59800,1
8294,1.88526,0.85300,1.51200,1.60300,1
8295,1.68580,0.90800,1.41200,1.65100,1
8296,1.78060,0.76900,1.37200,1.59700,1
8297,1.73198,0.71800,1.34900,1.61000,1
8298,1.99748,0.69500,1.36400,1.78900,1
8299,1.73715,0.70100,1.33300,1.60700,1
8300,1.74217,0.65500,1.34000,1.57800,1
8301,1.79874,0.64600,1.36200,1.61000,1
8302,1.76430,0.61800,1.35700,1.59800,1
8303,1.76822,0.60600,1.33700,1.60200,1
8304,1.80546,0.61100,1.37100,1.58200,1
8305,1.91368,0.64700,1.47200,1.64400,1
8306,1.84699,0.60900,1.44100,1.72700,1
8307,1.90821,0.73400,1.55800,1.61100,1
8308,1.81840,0.64600,1.46100,1.81600,1
8309,1.76301,0.65100,1.35600,1.60900,1
8310,2.42010,0.72700,1.98900,1.64200,1
8311,1.77539,0.85700,1.75700,1.64200,1
8312,3.44260,0.86600,1.50000,1.84600,1
8313,1.76639,0.78600,1.50600,1.60800,1
8314,1.77222,0.72200,1.53300,1.58200,1
8315,1.69717,0.63700,1.47700,1.59200,1
8316,1.99391,0.69700,1.51700,1.77700,1
8317,1.59548,0.69700,1.32700,1.56700,1
8318,1.75142,0.68000,1.25400,1.61100,1
8319,1.83046,0.66800,1.28900,1.64700,1
8320,1.72844,0.65400,1.25600,1.60600,1
8321,1.76276,0.66800,1.26200,1.59400,1
8322,1.73264,0.69300,1.23400,1.58100,1
8323,2.02187,0.68000,1.32200,1.76600,1
8324,1.73967,0.64500,1.30000,1.58800,1
8325,1.97588,0.65500,1.29300,1.81800,1
8326,1.70279,0.60100,1.26000,1.57700,1
8327,1.75652,0.60700,1.24800,1.56600,1
8328,1.79746,0.57800,1.25800,1.58500,1
8329,1.73271,0.55300,1.25000,1.59600,1
8330,1.77410,0.56100,1.27700,1.58400,1
8331,1.85315,0.55400,1.33400,1.60200,1
8332,1.77651,0.61900,1.35700,1.58000,1
8333,1.88801,0.57600,1.42800,1.61900,1
8334,1.90377,0.59100,1.38700,1.77500,1
8335,1.69016,0.59900,1.34300,1.57700,1
8336,1.85886,0.73300,1.36400,1.58900,1
8337,1.85293,1.22900,1.42500,1.59900,1
8338,1.70888,0.99500,1.39100,1.59700,1
8339,1.77939,0.85500,1.39700,1.60400,1
8340,1.89717,0.83300,1.52100,1.60900,1
8341,1.70246,1.15700,1.47500,1.60900,1
8342,2.10702,0.73100,1.72300,1.74400,1
8343,2.05265,0.75500,1.74600,1.83100,1
8344,1.74324,0.74400,1.48600,1.62900,1
8345,1.69382,0.90100,1.47400,1.62500,1
8346,1.71002,0.63700,1.39100,1.60600,1
8347,1.91727,0.61300,1.54100,1.60500,1
8348,1.67457,0.64600,1.41400,1.61000,1
8349,1.75542,0.79300,1.37200,1.61900,1
8350,2.44831,0.79400,1.33600,1.63200,1
8351,1.75298,0.71600,2.26200,1.64000,1
8352,2.05530,0.64300,1.42000,1.75100,1
8353,1.84614,0.64400,1.47000,1.64100,1
8354,1.83671,0.61800,1.50000,1.63000,1
8355,1.54044,0.66400,1.24300,1.61000,1
8356,1.78848,0.62800,1.23100,1.59000,1
8357,1.79824,0.62200,1.26900,1.61500,1
8358,2.75982,0.64400,1.36900,1.61000,1
8359,2.30885,0.68800,2.48500,1.78000,1
8360,2.17567,0.65300,1.46800,1.79600,1
8361,1.87977,0.64300,1.58400,1.64700,1
8362,1.79687,0.66600,1.59600,1.61500,1
8363,1.63488,0.64100,1.41200,1.62600,1
8364,1.77242,0.64600,1.37000,1.59800,1
8365,1.77178,0.66700,1.38000,1.58000,1
8366,1.84340,0.62900,1.37100,1.63700,1
8367,1.86140,0.66400,1.46200,1.62800,1
8368,1.81154,0.65900,1.48100,1.64900,1
8369,1.66524,0.63000,1.36900,1.59900,1
8370,1.94569,1.16700,1.31400,1.79400,1
8371,1.80874,0.80600,1.26400,1.60700,1
8372,1.81585,0.98200,1.28600,1.61100,1
8373,1.78792,1.05800,1.30500,1.62600,1
8374,2.57031,0.95200,2.30500,1.62900,1
8375,2.12213,0.79400,2.11200,1.63800,1
8376,2.06916,0.82900,2.05200,1.79700,1
8377,2.86547,0.83500,2.87900,1.67800,1
8378,1.86390,0.74700,1.85100,1.79100,1
8379,1.64764,0.78300,1.64400,1.63800,1
8380,1.62454,0.69200,1.61200,1.63800,1
8381,1.79161,0.75000,1.68800,1.66000,1
8382,1.77321,0.88900,1.64700,1.60500,1
8383,1.71195,1.09300,1.60400,1.62600,1
8384,1.70666,0.91300,1.47900,1.61800,1
8385,1.71821,0.93000,1.40600,1.60900,1
8386,1.84924,0.81700,1.47200,1.60400,1
8387,1.77319,0.76200,1.49900,1.58600,1
8388,2.43577,1.38600,1.80800,1.61300,1
8389,2.33218,0.99200,1.78700,1.61300,1
8390,2.46855,0.72200,2.45800,1.67100,1
8391,1.67366,0.72400,1.53400,1.56100,1
8392,1.73529,0.72200,1.45600,1.62100,1
8393,1.86575,0.74900,1.50700,1.58900,1
8394,1.87308,0.72500,1.45400,1.75700,1
8395,1.98588,0.75500,1.40800,1.83600,1
8396,1.78588,0.66400,1.39900,1.59700,1
8397,1.77145,0.74200,1.33300,1.63100,1
8398,1.84755,0.74900,1.41200,1.65100,1
8399,1.80568,0.73100,1.44300,1.62100,1
8400,1.83798,0.79500,1.45600,1.62900,1
8401,1.81127,0.78300,1.43800,1.61000,1
8402,2.11923,0.71000,1.89300,1.61800,1
8403,1.79643,0.69600,1.77500,1.60800,1
8404,1.64940,0.72000,1.65600,1.60800,1
8405,1.95635,0.68100,1.66900,1.81000,1
8406,1.71351,0.66400,1.55900,1.61300,1
8407,1.74257,0.69300,1.46600,1.59700,1
8408,1.85079,0.71200,1.52100,1.61800,1
8409,1.70887,0.62900,1.44800,1.62500,1
8410,1.79418,0.69900,1.47400,1.59700,1
8411,1.82210,0.68800,1.53900,1.58700,1
8412,1.97476,0.62900,1.58300,1.76400,1
8413,1.63142,0.68600,1.44200,1.60500,1
8414,2.39279,0.63800,1.85200,1.62600,1
8415,1.47218,0.59400,1.44500,1.62600,1
8416,1.69873,0.83700,1.41100,1.61100,1
8417,1.76140,0.71300,1.42200,1.63400,1
8418,1.77067,0.76300,1.42000,1.57700,1
8419,1.85388,0.71000,1.44700,1.63300,1
8420,1.76497,0.70800,1.46800,1.59500,1
8421,1.80295,0.67800,1.46000,1.64100,1
8422,1.86970,0.59100,1.50500,1.61300,1
8423,1.92509,0.69000,1.48000,1.77600,1
8424,1.89822,0.71400,1.55100,1.61000,1
8425,1.80011,0.70500,1.63300,1.55600,1
8426,1.86033,0.69800,1.72600,1.60400,1
8427,1.73411,0.64600,1.71200,1.60400,1
8428,2.68383,0.60800,1.51200,1.59600,1
8429,2.21636,0.67000,3.13200,1.62400,1
8430,1.96729,0.75700,1.73700,1.75700,1
8431,1.83847,0.67100,1.56400,1.82700,1
8432,1.88647,0.71200,1.65400,1.59000,1
8433,1.75887,0.69800,1.66100,1.59600,1
8434,1.73723,0.66300,1.61600,1.58700,1
8435,1.58139,0.61500,1.42300,1.59300,1
8436,1.71507,0.68600,1.29600,1.62500,1
8437,1.75319,0.66500,1.27500,1.60000,1
8438,1.80166,0.63500,1.31500,1.59000,1
8439,1.73624,0.65100,1.26200,1.57600,1
8440,1.89038,0.64900,1.33100,1.59900,1
8441,1.91180,0.67500,1.30300,1.80300,1
8442,1.78294,0.62600,1.27700,1.60400,1
8443,1.79357,0.78600,1.27000,1.59800,1
8444,1.82265,0.63200,1.25700,1.60500,1
8445,1.83862,0.60400,1.29400,1.61200,1
8446,1.72672,0.62700,1.26800,1.59300,1
8447,1.75978,0.62900,1.23500,1.58800,1
8448,1.97390,0.67500,1.29700,1.75600,1
8449,1.91772,0.70200,1.38200,1.61800,1
8450,1.87972,0.72000,1.29900,1.80600,1
8451,1.77359,0.72500,1.30500,1.57900,1
8452,1.79299,0.66800,1.30200,1.60200,1
8453,1.77996,0.65300,1.30900,1.59400,1
8454,1.72530,0.62200,1.28700,1.59200,1
8455,1.76241,0.59300,1.28400,1.58400,1
8456,1.91426,0.57700,1.45600,1.58700,1
8457,1.84444,0.64200,1.54000,1.60300,1
8458,1.76485,0.58000,1.51100,1.62100,1
8459,1.93190,0.60600,1.40500,1.81500,1
8460,1.93036,0.74900,1.55900,1.63000,1
8461,2.03753,0.69200,1.35500,1.60600,1
8462,2.21043,0.66400,2.02700,1.70200,1
8463,2.26135,0.61200,1.70400,1.60500,1
8464,2.01426,0.68000,1.99100,1.61500,1
8465,1.73272,0.69900,1.73300,1.76100,1
8466,1.57999,0.61600,1.56200,1.76100,1
8467,2.31653,0.67900,1.50600,1.59400,1
8468,1.94138,0.65900,2.32200,1.84600,1
8469,1.88253,0.67400,1.56300,1.61000,1
8470,1.69028,0.68600,1.47200,1.61900,1
8471,1.76823,0.64500,1.42200,1.65300,1
8472,1.84055,0.64200,1.46500,1.62700,1
8473,1.82188,0.63000,1.50100,1.63000,1
8474,1.73077,0.64300,1.45500,1.60700,1
8475,1.87543,0.63700,1.53900,1.59800,1
8476,1.93539,0.58100,1.49600,1.77900,1
8477,1.88921,0.63200,1.59000,1.60400,1
8478,1.64923,0.58600,1.45600,1.61800,1
8479,1.86332,0.65000,1.49100,1.64400,1
8480,1.88745,0.72800,1.67100,1.62600,1
8481,1.71626,0.75000,1.55900,1.60000,1
8482,1.85421,0.69800,1.63900,1.59700,1
8483,1.59070,0.72300,1.43700,1.60600,1
8484,1.86004,0.66500,1.35700,1.76500,1
8485,1.75139,0.69400,1.30700,1.58300,1
8486,1.95819,0.68600,1.24400,1.82800,1
8487,1.84331,0.71100,1.35200,1.59500,1
8488,1.76257,0.67200,1.31200,1.59000,1
8489,2.01303,0.62200,1.54300,1.60200,1
8490,1.68503,0.60100,1.48100,1.59600,1
8491,1.82286,0.58000,1.55600,1.59700,1
8492,1.81853,0.57600,1.57600,1.59800,1
8493,1.77423,0.58200,1.56000,1.60700,1
8494,1.61607,0.74100,1.45800,1.57900,1
8495,1.94249,0.61800,1.41500,1.79000,1
8496,1.64450,0.65700,1.29200,1.61100,1
8497,1.95909,0.81500,1.37100,1.60400,1
8498,1.80483,1.18100,1.42100,1.63300,1
8499,1.60299,0.99300,1.24500,1.61200,1
8500,1.71671,0.79300,1.22800,1.59600,1
8501,1.79288,0.67700,1.23200,1.56300,1
8502,1.89461,0.67900,1.21200,1.78100,1
8503,1.84080,0.61100,1.28800,1.58200,1
8504,1.88060,0.59600,1.21000,1.78300,1
8505,1.72575,0.57800,1.21200,1.56400,1
8506,2.74020,0.63000,1.37500,1.63100,1
8507,1.81456,0.57900,1.44200,1.63900,1
8508,1.78635,0.71200,1.39500,1.63500,1
8509,2.08026,0.70900,1.65300,1.61700,1
8510,1.41560,0.73300,1.37300,1.58100,1
8511,1.98535,0.80200,1.53900,1.62700,1
8512,1.67834,0.61300,1.42800,1.62700,1
8513,1.92637,1.03400,1.40100,1.78200,1
8514,1.69471,0.79600,1.35500,1.61000,1
8515,1.76164,0.65700,1.29400,1.60400,1
8516,1.79695,0.63200,1.19000,1.60800,1
8517,1.66535,0.58900,1.21600,1.58900,1
8518,1.82298,0.58200,1.28700,1.57300,1
8519,1.76588,0.61400,1.30400,1.59900,1
8520,1.92112,0.62300,1.28600,1.77200,1
8521,1.70931,0.61800,1.22800,1.59400,1
8522,1.98623,0.59800,1.21700,1.80500,1
8523,1.80598,0.57600,1.27200,1.60400,1
8524,1.79877,0.55200,1.24300,1.63700,1
8525,1.98052,0.61700,1.42200,1.64000,1
8526,1.67816,0.66700,1.34100,1.61100,1
8527,1.78095,0.65300,1.35100,1.60500,1
8528,2.35325,0.62500,1.86400,1.60700,1
8529,1.86811,0.64300,1.86800,1.62800,1
8530,1.82272,0.73300,1.76600,1.62800,1
8531,1.67853,1.00300,1.69100,1.83100,1
8532,1.55069,1.00800,1.50700,1.83100,1
8533,1.81574,0.79000,1.50300,1.59300,1
8534,1.71313,0.75500,1.46100,1.59200,1
8535,1.75986,0.80400,1.43300,1.60000,1
8536,1.68967,0.80900,1.39900,1.58400,1
8537,1.75900,0.73800,1.37100,1.59600,1
8538,1.85991,0.74200,1.38900,1.61300,1
8539,2.04040,0.70600,1.46600,1.75200,1
8540,2.05817,0.77600,1.58700,1.82000,1
8541,1.70951,0.69400,1.54800,1.59300,1
8542,1.86526,0.70200,1.61900,1.59500,1
8543,1.72948,0.69100,1.52300,1.62300,1
8544,1.76060,0.70600,1.46300,1.62000,1
8545,2.29174,0.68500,1.45000,1.60100,1
8546,2.16329,0.68500,2.18800,1.61900,1
8547,1.78728,0.70800,1.32200,1.60700,1
8548,1.84667,0.67400,1.39100,1.59400,1
8549,2.13070,0.68300,1.54600,1.79100,1
8550,1.62956,0.70300,1.40600,1.61200,1
8551,1.81476,0.66500,1.39600,1.62200,1
8552,1.73301,0.61000,1.35000,1.62600,1
8553,1.81774,0.66100,1.37600,1.60800,1
8554,1.81667,0.61100,1.34300,1.59900,1
8555,1.69103,1.14200,1.26800,1.59500,1
8556,1.69063,0.95800,1.22000,1.58100,1
8557,2.17427,0.82200,1.44400,1.78400,1
8558,1.75658,0.80900,1.26500,1.79700,1
8559,1.69150,0.73100,1.17600,1.59000,1
8560,1.95331,0.66700,1.36600,1.60100,1
8561,1.74498,0.67000,1.33900,1.61000,1
8562,1.70228,0.85400,1.28000,1.57400,1
8563,1.69803,0.62000,1.20300,1.61200,1
8564,2.24046,0.55900,1.24300,1.61000,1
8565,2.21755,0.63500,1.96200,1.64200,1
8566,1.81771,0.69400,1.42800,1.59500,1
8567,1.98098,0.65900,1.41400,1.78600,1
8568,1.77368,0.60900,1.41600,1.60700,1
8569,1.72148,0.56500,1.31200,1.61200,1
8570,1.78685,0.55600,1.27700,1.62700,1
8571,1.74554,0.55100,1.24000,1.58900,1
8572,1.98545,0.57400,1.43500,1.60900,1
8573,1.73483,0.58500,1.44100,1.58900,1
8574,1.80261,0.63700,1.48500,1.61000,1
8575,1.90849,0.67800,1.37900,1.78600,1
8576,1.97002,0.62200,1.40000,1.79400,1
8577,1.73440,0.61200,1.36500,1.59800,1
8578,1.75040,0.58900,1.36400,1.59300,1
8579,1.73545,0.55900,1.33900,1.59100,1
8580,1.82133,0.56000,1.37500,1.59700,1
8581,1.74598,0.60400,1.39300,1.57600,1
8582,1.69668,0.58300,1.38200,1.58300,1
8583,1.82562,0.55500,1.39200,1.60500,1
8584,2.40284,0.63500,1.40300,1.62500,1
8585,1.94587,0.66800,1.41900,1.76000,1
8586,1.72149,0.64700,1.41500,1.58800,1
8587,1.75391,0.59400,1.38600,1.59900,1
8588,1.78491,0.59600,1.37900,1.60800,1
8589,1.69900,0.56200,1.32200,1.59100,1
8590,1.83784,0.61200,1.41000,1.60300,1
8591,1.82234,0.61200,1.48300,1.59200,1
8592,1.72992,0.65700,1.38700,1.60800,1
8593,1.93343,0.65500,1.36600,1.77900,1
8594,2.06108,0.61100,1.45500,1.78300,1
8595,1.69448,0.56500,1.39100,1.62500,1
8596,1.73794,0.56000,1.36300,1.58700,1
8597,1.84970,0.57800,1.40200,1.57900,1
8598,1.78500,0.63200,1.43300,1.59500,1
8599,1.69337,0.61300,1.35200,1.60200,1
8600,1.74569,0.57200,1.34200,1.60000,1
8601,1.83224,0.53700,1.37100,1.59400,1
8602,1.93661,0.73700,1.44800,1.62300,1
8603,1.88623,1.22900,1.57300,1.60900,1
8604,1.78637,0.93600,1.42500,1.79200,1
8605,1.75490,0.80000,1.40400,1.60200,1
8606,1.80151,0.72800,1.45700,1.58600,1
8607,1.94147,0.77200,1.59700,1.63600,1
8608,1.76459,0.74600,1.61900,1.61700,1
8609,1.73247,0.68700,1.53600,1.60300,1
8610,1.73530,0.62600,1.45400,1.62700,1
8611,1.86065,0.61300,1.40500,1.73900,1
8612,1.80835,0.69600,1.41400,1.59900,1
8613,1.98727,0.68700,1.39700,1.84300,1
8614,1.70203,0.73300,1.30900,1.60500,1
8615,1.97284,0.77400,1.50500,1.60300,1
8616,2.11237,1.01800,1.98900,1.66400,1
8617,1.83291,0.89300,1.84400,1.61100,1
8618,1.67179,0.79200,1.65600,1.60900,1
8619,1.35627,0.72900,1.30200,1.60900,1
8620,1.88219,0.69100,1.39100,1.59500,1
8621,1.66828,0.68400,1.34200,1.61600,1
8622,1.97725,0.66900,1.32700,1.79900,1
8623,2.58957,0.63600,1.43000,1.66000,1
8624,1.70042,0.60000,1.32500,1.63100,1
8625,1.72124,0.65300,1.25500,1.63300,1
8626,1.83096,0.59300,1.30300,1.58800,1
8627,1.87838,0.66600,1.38600,1.60000,1
8628,1.76409,0.65700,1.39700,1.61100,1
8629,1.96037,0.60500,1.43400,1.75600,1
8630,1.75839,0.56800,1.42000,1.62700,1
8631,2.05323,0.60700,1.45100,1.79300,1
8632,1.66202,0.68000,1.32700,1.60500,1
8633,1.69835,0.68700,1.25700,1.58400,1
8634,1.79745,0.62500,1.25900,1.59500,1
8635,1.75874,0.64500,1.27700,1.57400,1
8636,1.70758,0.62700,1.18100,1.60600,1
8637,1.76269,0.64200,1.19000,1.60500,1
8638,1.83200,0.64700,1.24600,1.59300,1
8639,1.84040,0.61700,1.30600,1.59600,1
8640,2.45175,0.64100,1.88700,1.79900,1
8641,1.78405,0.59400,1.77300,1.60000,1
8642,1.65552,0.58700,1.64600,1.61600,1
8643,1.55783,0.57200,1.53500,1.62600,1
8644,1.79827,0.54200,1.49700,1.63200,1
8645,1.87698,0.55500,1.53000,1.63300,1
8646,1.73750,0.62200,1.49000,1.61900,1
8647,1.89706,0.60200,1.70500,1.62600,1
8648,1.95392,0.58400,1.53900,1.61300,1
8649,2.05263,0.67700,1.60600,1.79600,1
8650,1.68850,0.70100,1.53300,1.59200,1
8651,1.74516,0.61700,1.41500,1.62500,1
8652,1.78040,0.60700,1.41400,1.62200,1
8653,1.82555,0.60700,1.39500,1.59100,1
8654,1.79981,0.59800,1.40300,1.61900,1
8655,1.70007,0.98400,1.34800,1.60400,1
8656,1.79329,1.03000,1.39400,1.59100,1
8657,1.79054,0.91800,1.36500,1.62500,1
8658,1.90509,0.83700,1.36400,1.78300,1
8659,1.78322,0.83900,1.39200,1.61000,1
8660,1.73025,0.76500,1.29400,1.59700,1
8661,1.84746,1.22300,1.41600,1.60600,1
8662,3.02884,0.84700,1.59300,1.59900,1
8663,1.64579,0.88200,1.80300,1.64000,1
8664,1.67410,0.85700,1.61300,1.64000,1
8665,1.98094,0.70400,1.65900,1.76300,1
8666,1.64310,0.74900,1.45900,1.60900,1
8667,2.02590,0.62900,1.50600,1.78800,1
8668,2.22138,0.58600,1.37900,1.60800,1
8669,2.16958,0.53800,2.06200,1.60200,1
8670,1.82674,0.58200,1.26800,1.62800,1
8671,1.79666,0.57100,1.27900,1.61300,1
8672,1.83675,0.54400,1.35200,1.58800,1
8673,1.60457,0.56700,1.20400,1.59400,1
8674,1.77620,0.58800,1.17400,1.58800,1
8675,1.79614,0.59200,1.19300,1.59900,1
8676,2.13538,0.62700,1.34600,1.82600,1
8677,1.72995,0.64700,1.32200,1.59600,1
8678,1.81104,0.59000,1.34000,1.61000,1
8679,1.84409,0.66600,1.40200,1.62700,1
8680,1.70970,0.65200,1.33900,1.62000,1
8681,1.80779,0.64100,1.35000,1.60200,1
8682,1.79929,0.64300,1.35300,1.62100,1
8683,1.85990,0.65300,1.32600,1.74100,1
8684,1.74720,0.65400,1.30300,1.58800,1
8685,2.11977,0.65000,1.42200,1.82800,1
8686,1.70154,0.66300,1.32500,1.60600,1
8687,1.72016,0.60900,1.24200,1.58500,1
8688,1.98994,0.64100,1.44500,1.61400,1
8689,1.63954,0.63400,1.32200,1.60200,1
8690,1.77959,0.63900,1.32400,1.58800,1
8691,1.71509,0.58800,1.28200,1.61700,1
8692,1.83474,0.59700,1.35900,1.58800,1
8693,2.02503,0.54300,1.63800,1.60500,1
8694,1.77070,0.57400,1.40700,1.78800,1
8695,1.75040,0.54800,1.36500,1.61800,1
8696,1.86197,0.63600,1.49400,1.60600,1
8697,1.65722,0.66100,1.38500,1.60100,1
8698,1.85058,0.64000,1.40400,1.61500,1
8699,1.64609,0.58700,1.22400,1.60100,1
8700,1.90531,0.64200,1.35600,1.59600,1
8701,2.48806,0.71100,1.76800,1.58200,1
8702,2.56588,0.67800,2.38100,1.83200,1
8703,1.83718,0.63000,1.56800,1.81400,1
8704,1.78536,0.67400,1.53400,1.59900,1
8705,1.72986,0.80100,1.51000,1.60500,1
8706,1.79625,0.65200,1.49600,1.62700,1
8707,1.80992,0.63700,1.53300,1.60500,1
8708,1.84777,0.65100,1.62800,1.61300,1
8709,1.77171,0.82600,1.58000,1.59900,1
8710,1.71842,0.63600,1.46700,1.59800,1
8711,1.76477,0.55900,1.42300,1.62400,1
8712,1.90018,0.56800,1.32500,1.77900,1
8713,1.73800,0.54200,1.28700,1.58900,1
8714,1.75036,0.53800,1.30300,1.59300,1
8715,1.75244,0.52900,1.24900,1.60200,1
8716,1.88901,0.54000,1.33200,1.60100,1
8717,1.74472,0.58800,1.29900,1.60100,1
8718,1.64391,0.58100,1.18300,1.59000,1
8719,1.75250,0.64100,1.15800,1.59300,1
8720,2.02205,0.63700,1.27400,1.74300,1
8721,1.92511,0.64800,1.24000,1.78300,1
8722,1.87120,0.62800,1.33500,1.60300,1
8723,1.63597,0.58400,1.22200,1.57700,1
8724,1.74533,0.71500,1.17700,1.60400,1
8725,2.38679,0.66900,1.20100,1.62500,1
8726,1.16973,0.68800,1.21800,1.62500,1
8727,1.86534,0.59200,1.30900,1.59200,1
8728,1.65350,0.60500,1.18600,1.59300,1
8729,1.77082,0.65700,1.24600,1.57900,1
8730,1.72682,0.64400,1.23800,1.60500,1
8731,1.98354,0.60000,1.21900,1.78000,1
8732,1.71744,0.60600,1.16900,1.59000,1
8733,1.81650,0.60400,1.18300,1.58500,1
8734,1.74477,0.68100,1.19100,1.61600,1
8735,1.74959,0.63000,1.20900,1.58700,1
8736,1.73426,0.58800,1.19200,1.58400,1
8737,1.74444,0.58300,1.17500,1.57600,1
8738,1.94839,0.55100,1.19200,1.74700,1
8739,1.86536,0.57000,1.30000,1.60500,1
8740,2.26454,0.61800,1.27800,1.85500,1
8741,1.78968,0.56700,1.33600,1.59600,1
8742,1.86478,0.63000,1.39100,1.61600,1
8743,1.83736,0.62200,1.41200,1.64600,1
8744,1.81360,0.55300,1.41700,1.62400,1
8745,1.54147,0.59500,1.19100,1.60000,1
8746,1.86313,0.58300,1.27400,1.59400,1
8747,1.74865,0.58800,1.28900,1.59100,1
8748,1.71540,0.56600,1.24000,1.59900,1
8749,1.99332,0.56200,1.24100,1.79900,1
8750,1.81737,0.55200,1.31100,1.60900,1
8751,1.85604,0.53600,1.38200,1.60800,1
8752,1.84881,0.55500,1.42000,1.61400,1
8753,1.72476,0.55600,1.35500,1.60600,1
8754,1.79482,0.54800,1.40200,1.59400,1
8755,1.81443,0.58100,1.38500,1.60500,1
8756,1.85325,0.66400,1.33200,1.76700,1
8757,1.81060,0.59700,1.36000,1.60100,1
8758,1.84844,0.60300,1.28900,1.77600,1
8759,1.70704,0.58300,1.20800,1.60900,1
8760,1.77022,0.57800,1.19100,1.60500,1
8761,1.82822,0.59400,1.21100,1.63900,1
8762,1.79023,0.58200,1.22700,1.59600,1
8763,1.88628,0.57600,1.32300,1.61400,1
8764,1.76443,0.62700,1.34600,1.58600,1
8765,1.71938,0.63500,1.26600,1.61800,1
8766,1.73669,0.65900,1.21300,1.59800,1
8767,2.04075,0.62500,1.28900,1.78100,1
8768,1.78468,0.62300,1.34600,1.60000,1
8769,2.03832,0.56600,1.60900,1.60400,1
8770,1.93610,0.59500,1.88400,1.61300,1
8771,2.44693,0.57700,1.66600,1.60300,1
8772,2.02941,0.55000,2.59500,1.66800,1
8773,1.66969,0.60500,1.58100,1.59500,1
8774,1.89861,0.75300,1.53400,1.75400,1
8775,1.84207,0.69200,1.64900,1.60400,1
8776,1.92348,0.70200,1.56600,1.82400,1
8777,1.76047,0.68600,1.50200,1.59900,1
8778,2.46235,0.63700,1.56500,1.61100,1
8779,1.94171,0.64700,2.38600,1.65600,1
8780,1.79610,0.56200,1.40400,1.63600,1
8781,1.81558,0.56500,1.37000,1.60700,1
8782,1.78441,0.55900,1.41100,1.60600,1
8783,1.77099,0.60400,1.38400,1.62300,1
8784,1.78687,0.58600,1.41500,1.59700,1
8785,1.98317,0.64500,1.44500,1.79600,1
8786,2.28897,0.57300,1.98000,1.60900,1
8787,1.59867,0.64600,1.51600,1.63000,1
8788,1.47537,1.16300,1.38500,1.63000,1
8789,1.72694,1.07500,1.35500,1.62300,1
8790,1.93735,0.91500,1.47400,1.63400,1
8791,1.65147,0.82600,1.37400,1.61600,1
8792,2.01817,0.77500,1.42100,1.77800,1
8793,1.88030,0.75800,1.53600,1.60700,1
8794,1.87948,0.74100,1.44000,1.80000,1
8795,1.69066,0.70300,1.33800,1.61900,1
8796,1.86727,0.62700,1.42900,1.57900,1
8797,1.78906,0.60500,1.40800,1.60800,1
8798,1.91326,0.62600,1.56700,1.61500,1
8799,1.91497,0.61300,1.67100,1.60800,1
8800,1.59451,0.67200,1.55500,1.60000,1
8801,1.76423,0.70200,1.56800,1.57500,1
8802,1.77549,0.59800,1.52400,1.59900,1
8803,1.85748,0.69500,1.46200,1.79200,1
8804,1.86395,0.65200,1.46700,1.59900,1
8805,1.75563,0.70500,1.45300,1.62800,1
8806,1.72374,0.73500,1.37900,1.62700,1
8807,1.76945,0.73100,1.37300,1.60200,1
8808,1.83684,0.68700,1.44200,1.58200,1
8809,1.88229,0.67800,1.58400,1.60300,1
8810,1.99453,0.71000,1.69900,1.57900,1
8811,1.51043,0.74900,1.40700,1.57900,1
8812,2.02023,0.66400,1.41800,1.80900,1
8813,1.86904,0.65300,1.43100,1.61500,1
8814,1.80237,0.93200,1.47000,1.64400,1
8815,1.65958,0.97000,1.34400,1.63200,1
8816,1.78387,0.89900,1.31700,1.62600,1
8817,2.56912,0.83500,1.23900,1.66800,1
8818,1.62008,0.75500,2.28500,1.66800,1
8819,1.81477,0.70200,1.22700,1.58700,1
8820,1.73996,0.75900,1.21100,1.61000,1
8821,2.08529,0.67400,1.35600,1.78100,1
8822,1.94608,0.66000,1.54200,1.57700,1
8823,1.71877,0.73600,1.32500,1.61900,1
8824,1.64258,0.82000,1.25500,1.63900,1
8825,1.75175,0.67800,1.19900,1.61500,1
8826,1.74408,0.60000,1.18100,1.61100,1
8827,1.79855,0.69200,1.24900,1.60600,1
8828,1.95912,0.66700,1.28600,1.76200,1
8829,1.86877,0.67600,1.33700,1.58200,1
8830,1.94229,0.70300,1.36000,1.77900,1
8831,1.77236,0.72200,1.32500,1.63400,1
8832,1.69994,0.68400,1.22800,1.60900,1
8833,1.78229,0.65200,1.22000,1.62900,1
8834,1.71865,0.64100,1.20100,1.58300,1
8835,1.75060,0.60800,1.16100,1.59100,1
8836,1.76789,0.61400,1.16600,1.58900,1
8837,1.97846,0.63800,1.40600,1.56700,1
8838,1.67323,0.69000,1.30800,1.61100,1
8839,2.05516,0.59000,1.39300,1.79300,1
8840,1.73173,0.61000,1.31700,1.61600,1
8841,1.82450,0.62200,1.33300,1.64100,1
8842,1.82410,0.57200,1.33000,1.66800,1
8843,1.66182,0.60400,1.20600,1.60600,1
8844,1.72102,0.63800,1.18500,1.58200,1
8845,1.82332,0.60800,1.24900,1.59700,1
8846,1.70230,0.56200,1.18900,1.58900,1
8847,1.91031,0.56900,1.15000,1.75600,1
8848,1.79238,0.59600,1.20500,1.57500,1
8849,1.92212,0.59900,1.15600,1.81500,1
8850,1.79625,0.56700,1.18200,1.59500,1
8851,1.81507,0.55400,1.19700,1.61100,1
8852,1.70170,0.59100,1.15500,1.61800,1
8853,1.83753,0.60300,1.21100,1.60500,1
8854,1.99534,0.62800,1.42600,1.60500,1
8855,1.66163,0.71800,1.28100,1.62200,1
8856,2.43416,0.65800,1.30900,1.61000,1
8857,1.73400,0.61900,1.22400,1.61400,1
8858,1.93604,0.75600,1.21000,1.76300,1
8859,1.85972,0.64700,1.21800,1.74400,1
8860,1.93924,0.62800,1.26000,1.65200,1
8861,1.98389,0.67400,1.50100,1.63100,1
8862,1.65438,0.72200,1.40500,1.59600,1
8863,1.73558,0.68500,1.28900,1.62900,1
8864,1.76754,0.64400,1.30100,1.61000,1
8865,1.91019,0.67500,1.31400,1.73700,1
8866,1.77504,0.62300,1.26200,1.62800,1
8867,1.97209,0.59200,1.23600,1.80900,1
8868,1.99673,0.55400,1.35400,1.71600,1
8869,1.82619,0.61500,1.33700,1.60100,1
8870,1.79081,0.72200,1.32400,1.64700,1
8871,1.72129,0.61900,1.26400,1.58900,1
8872,1.80628,0.57200,1.32600,1.60800,1
8873,1.87166,0.57300,1.43500,1.59500,1
8874,2.29852,0.57100,1.31900,1.61300,1
8875,2.40663,0.59300,2.25300,1.75900,1
8876,1.78778,0.58800,1.42100,1.59500,1
8877,1.74559,0.57600,1.39900,1.60600,1
8878,1.77858,0.55100,1.40200,1.62700,1
8879,1.84205,0.53300,1.45100,1.58800,1
8880,1.69825,0.59900,1.36900,1.63100,1
8881,1.82097,0.55600,1.43500,1.61600,1
8882,1.86465,0.56900,1.49400,1.60900,1
8883,1.81645,0.56300,1.39000,1.77000,1
8884,1.96439,0.56400,1.36300,1.79700,1
8885,1.74404,0.55000,1.31400,1.58900,1
8886,1.88693,0.65800,1.44600,1.61700,1
8887,1.75794,0.69300,1.40500,1.61900,1
8888,1.72624,0.62900,1.35200,1.62000,1
8889,1.69769,0.62100,1.22200,1.60600,1
8890,1.83591,0.61100,1.29300,1.59800,1
8891,1.71402,0.62800,1.24800,1.58900,1
8892,1.73767,0.60100,1.22200,1.61600,1
8893,1.76619,0.56400,1.24800,1.57000,1
8894,1.99869,0.60500,1.28600,1.79000,1
8895,2.42422,0.58200,1.22500,1.60800,1
8896,1.75396,0.56400,1.20200,1.60100,1
8897,1.79205,0.60100,1.18000,1.61200,1
8898,1.80981,0.62400,1.18000,1.61600,1
8899,1.98688,0.67500,1.44800,1.59500,1
8900,1.53952,0.58400,1.18000,1.63300,1
8901,1.93568,0.56600,1.15000,1.77300,1
8902,1.99618,0.59800,1.20900,1.77600,1
8903,1.79052,0.64900,1.22300,1.59400,1
8904,1.71423,0.59700,1.22400,1.57900,1
8905,1.79522,0.55600,1.19600,1.57900,1
8906,1.74644,0.58200,1.19700,1.60000,1
8907,1.83728,0.58900,1.25800,1.60500,1
8908,1.71944,0.64800,1.22400,1.57200,1
8909,1.70824,0.56700,1.18000,1.59700,1
8910,1.75001,0.55000,1.18100,1.58900,1
8911,1.77287,0.56300,1.20200,1.58300,1
8912,1.92756,0.56700,1.15600,1.79000,1
8913,1.88134,0.57200,1.26400,1.59200,1
8914,1.68903,0.58700,1.19500,1.61000,1
8915,1.78825,0.56100,1.20800,1.59800,1
8916,1.87275,0.62500,1.30000,1.60900,1
8917,1.83592,0.60400,1.31300,1.58300,1
8918,1.73829,0.64300,1.30000,1.63100,1
8919,1.94375,0.60700,1.29500,1.77000,1
8920,1.82733,0.60900,1.39800,1.58900,1
8921,1.96435,0.57600,1.36000,1.80100,1
8922,1.76068,0.57900,1.24800,1.60700,1
8923,1.63752,0.56300,1.18800,1.61600,1
8924,1.80504,0.58200,1.17700,1.63000,1
8925,1.75501,0.56700,1.16500,1.59600,1
8926,1.80660,0.57600,1.20800,1.59200,1
8927,1.71238,0.55900,1.19800,1.57400,1
8928,1.84652,0.54200,1.28700,1.57600,1
8929,1.71575,0.55200,1.24300,1.60000,1
8930,1.88330,0.58000,1.19700,1.76900,1
8931,1.82802,0.56000,1.23200,1.60200,1
8932,1.85695,0.56000,1.32600,1.62000,1
8933,2.22139,0.53400,1.24600,1.63000,1
8934,1.67695,0.67300,1.95200,1.62400,1
8935,1.72354,0.61500,1.22000,1.59100,1
8936,1.81656,0.58900,1.21800,1.60300,1
8937,1.71008,0.58400,1.19500,1.59100,1
8938,1.92062,0.55200,1.19800,1.73500,1
8939,1.98258,0.57000,1.22300,1.79600,1
8940,1.76561,0.54500,1.23600,1.57600,1
8941,1.81751,0.60800,1.24800,1.62400,1
8942,1.78984,0.58900,1.28800,1.60300,1
8943,1.87822,0.57800,1.34500,1.59200,1
8944,1.77594,0.55900,1.39400,1.60100,1
8945,1.65343,0.53200,1.25400,1.61300,1
8946,1.78082,0.66800,1.27900,1.59900,1
8947,1.80577,0.63800,1.30700,1.61100,1
8948,1.80422,0.62100,1.32900,1.58400,1
8949,2.05295,0.65300,1.44600,1.81000,1
8950,1.66481,0.60100,1.33200,1.58300,1
8951,1.74068,0.60400,1.25800,1.58800,1
8952,1.83057,0.64600,1.23000,1.63200,1
8953,2.00866,0.67800,1.58200,1.60200,1
8954,1.49425,0.62400,1.31300,1.59400,1
8955,1.69509,0.76600,1.25800,1.59100,1
8956,1.93257,0.59400,1.25100,1.77300,1
8957,1.76864,0.55700,1.25200,1.58900,1
8958,1.94690,0.54400,1.23500,1.78600,1
8959,1.76607,0.56500,1.20300,1.60200,1
8960,1.78094,0.55200,1.20800,1.59300,1
8961,1.76035,0.55700,1.20700,1.59700,1
8962,1.74507,0.57500,1.17700,1.59400,1
8963,1.78016,0.55500,1.19300,1.60300,1
8964,1.79370,0.53600,1.19900,1.59900,1
8965,1.74752,0.54000,1.18800,1.58700,1
8966,1.76026,0.55000,1.22500,1.56500,1
8967,1.98752,0.58500,1.23900,1.79400,1
8968,1.69710,0.55700,1.21100,1.57800,1
8969,1.75146,0.57600,1.21700,1.58000,1
8970,1.78252,0.56500,1.21800,1.61900,1
8971,1.85292,0.55200,1.29800,1.59800,1
8972,2.45537,0.53300,1.25200,1.59500,1
8973,1.63575,0.55000,2.17900,1.62700,1
8974,1.78459,0.61600,1.27200,1.58300,1
8975,1.93896,0.59000,1.30600,1.75800,1
8976,1.94130,0.55200,1.25400,1.81600,1
8977,2.51176,0.54900,1.27300,1.59800,1
8978,1.74516,0.55900,2.24600,1.63900,1
8979,1.77393,0.60100,1.28000,1.61200,1
8980,1.75374,0.62100,1.24400,1.60300,1
8981,1.84467,0.59000,1.30000,1.60200,1
8982,1.72086,0.58800,1.22500,1.62100,1
8983,1.72556,0.56700,1.18100,1.60400,1
8984,1.89282,0.55700,1.29500,1.60500,1
8985,2.05445,0.56900,1.39800,1.79400,1
8986,1.68250,0.56200,1.27600,1.62700,1
8987,1.70291,0.65800,1.20700,1.61600,1
8988,1.85913,0.66800,1.29200,1.58900,1
8989,1.66643,0.55000,1.20100,1.60000,1
8990,1.77280,0.54000,1.18200,1.61200,1
8991,1.74039,0.59100,1.17200,1.57100,1
8992,2.13520,0.60700,1.36000,1.77900,1
8993,1.70930,0.65500,1.29600,1.59900,1
8994,1.94587,1.13300,1.26700,1.81000,1
8995,1.81744,0.88100,1.31800,1.60400,1
8996,1.81409,0.77600,1.29000,1.63400,1
8997,1.68911,0.76800,1.23600,1.59700,1
8998,1.86744,0.66500,1.32300,1.60500,1
8999,1.63085,0.62100,1.21700,1.59900,1
9000,1.87556,0.62400,1.29900,1.62000,1
9001,1.84345,0.61600,1.39700,1.58300,1
9002,2.09153,0.64000,1.89800,1.60800,1
9003,1.86694,0.63700,1.75300,1.79000,1
9004,1.69660,0.57100,1.61700,1.60000,1
9005,1.66502,0.56800,1.50600,1.61500,1
9006,1.83166,0.62400,1.48400,1.65400,1
9007,1.66925,0.58600,1.35300,1.61600,1
9008,1.89765,0.60600,1.45500,1.60200,1
9009,1.84203,0.56300,1.54300,1.61900,1
9010,1.77059,0.59900,1.49900,1.59300,1
9011,2.10732,0.86300,1.44400,1.79600,1
9012,2.53120,0.84800,1.77200,1.81900,1
9013,1.94942,0.73800,1.61400,1.62600,1
9014,1.73164,0.67700,1.66100,1.61100,1
9015,1.66890,0.64600,1.50100,1.60700,1
9016,1.79511,0.60900,1.46900,1.60000,1
9017,1.76726,0.61400,1.42300,1.59700,1
9018,1.73098,0.64100,1.33700,1.61900,1
9019,1.76970,0.65000,1.34900,1.60000,1
9020,1.75775,0.59600,1.34400,1.61200,1
9021,1.97804,0.60800,1.35100,1.78200,1
9022,1.67407,0.59900,1.26200,1.61000,1
9023,1.78080,0.60000,1.25400,1.58900,1
9024,1.89803,0.58300,1.30300,1.64100,1
9025,1.64593,0.57800,1.21800,1.59100,1
9026,1.77940,0.57700,1.21000,1.59200,1
9027,1.69781,0.60800,1.16000,1.58400,1
9028,1.90260,0.63500,1.22300,1.59500,1
9029,1.90583,1.13000,1.15400,1.77200,1
9030,1.74793,0.97100,1.13400,1.61200,1
9031,2.02398,0.85700,1.18900,1.78400,1
9032,1.77620,0.81000,1.23500,1.60900,1
9033,1.79689,0.74100,1.22200,1.59800,1
9034,1.74104,0.72900,1.22500,1.60700,1
9035,1.88690,0.69800,1.29700,1.60800,1
9036,1.71072,0.72900,1.26900,1.60200,1
9037,1.75770,0.66300,1.23900,1.59200,1
9038,1.76734,0.64300,1.24000,1.60600,1
9039,1.73300,0.64500,1.19000,1.58500,1
9040,1.98445,0.64700,1.19700,1.79300,1
9041,1.74749,0.63900,1.17300,1.57800,1
9042,1.80502,0.67200,1.21700,1.60900,1
9043,1.79311,0.63200,1.25400,1.57900,1
9044,1.74712,0.64200,1.22800,1.59700,1
9045,1.76598,0.61100,1.19800,1.60500,1
9046,2.53958,0.75400,1.87000,1.73800,1
9047,1.72056,1.27200,1.72500,1.58200,1
9048,1.61919,0.97000,1.65000,1.58200,1
9049,2.54681,0.80500,1.47500,1.83400,1
9050,2.02034,0.72300,2.56500,1.65000,1
9051,1.89069,0.66500,1.45700,1.63200,1
9052,1.86727,0.66300,1.53300,1.61100,1
9053,1.58680,0.64400,1.41900,1.61600,1
9054,1.71797,0.61600,1.44000,1.59300,1
9055,1.79879,0.64800,1.42500,1.59200,1
9056,1.78828,0.60000,1.42600,1.62400,1
9057,1.73838,0.60800,1.40800,1.59600,1
9058,1.94278,0.60700,1.37800,1.79600,1
9059,1.79931,0.56600,1.39500,1.62000,1
9060,1.95840,0.56400,1.55700,1.60200,1
9061,1.75788,0.56500,1.70200,1.63200,1
9062,1.65906,0.56100,1.45100,1.61700,1
9063,1.70481,0.55500,1.37000,1.60200,1
9064,1.77561,0.53700,1.35700,1.61200,1
9065,1.91797,0.60800,1.31700,1.77300,1
9066,1.83013,0.68100,1.37500,1.59000,1
9067,1.83511,0.64400,1.26100,1.77700,1
9068,1.80385,0.62800,1.30400,1.60400,1
9069,1.79790,0.64300,1.33600,1.59200,1
9070,1.87672,0.67400,1.38800,1.65400,1
9071,1.61360,0.65400,1.25100,1.59100,1
9072,1.81813,0.63200,1.28100,1.59300,1
9073,1.71081,0.65200,1.21700,1.58600,1
9074,1.83185,0.66400,1.26300,1.61800,1
9075,1.83849,0.64600,1.30900,1.60600,1
9076,1.78284,0.62400,1.16900,1.77500,1
9077,1.77015,0.59700,1.14900,1.59800,1
9078,1.78457,0.58800,1.14500,1.62000,1
9079,1.81490,0.58000,1.18400,1.58300,1
9080,2.97671,0.55000,1.20300,1.59100,1
9081,1.74619,0.67300,1.18700,1.60700,1
9082,1.87245,0.64000,1.29100,1.59800,1
9083,1.80895,0.65600,1.20500,1.75300,1
9084,2.05897,0.56900,1.21100,1.82400,1
9085,1.75492,0.60000,1.19400,1.62700,1
9086,1.77889,0.56800,1.22800,1.57500,1
9087,1.77803,0.56100,1.21500,1.59400,1
9088,2.63474,0.63800,1.26100,1.63500,1
9089,1.75534,0.65000,2.33200,1.64600,1
9090,1.76754,0.64900,1.26300,1.58200,1
9091,1.68216,0.68800,1.19000,1.56200,1
9092,1.77675,0.64200,1.22800,1.57500,1
9093,1.79490,0.63700,1.24100,1.58900,1
9094,1.97751,0.63000,1.21500,1.79100,1
9095,1.78892,0.84500,1.28800,1.59400,1
9096,1.71869,0.64300,1.22100,1.59700,1
9097,1.72841,0.58400,1.20500,1.61500,1
9098,1.69826,0.55800,1.15000,1.58400,1
9099,1.77290,0.57000,1.20000,1.58400,1
9100,1.90684,0.58100,1.30800,1.60200,1
9101,1.87643,0.59300,1.28900,1.73800,1
9102,1.75610,0.58600,1.27500,1.61700,1
9103,2.08154,0.57600,1.32000,1.83800,1
9104,1.72210,0.58100,1.30800,1.58400,1
9105,1.77232,0.55200,1.33900,1.57700,1
9106,1.66164,0.54700,1.18100,1.63300,1
9107,1.77835,0.54700,1.15900,1.62300,1
9108,1.77109,0.53400,1.15100,1.61000,1
9109,1.79731,0.56400,1.15800,1.60400,1
9110,1.78687,0.60900,1.16000,1.62100,1
9111,1.76388,0.59900,1.13600,1.61100,1
9112,2.02916,0.57800,1.21000,1.79600,1
9113,1.75248,0.55300,1.19600,1.61500,1
9114,1.78802,0.57200,1.18800,1.61200,1
9115,1.90831,0.72400,1.24600,1.61500,1
9116,1.83148,0.63000,1.32000,1.62400,1
9117,1.71910,0.57300,1.26000,1.59500,1
9118,1.75758,0.64500,1.25300,1.59500,1
9119,1.98031,0.57800,1.36200,1.73500,1
9120,1.76374,0.60600,1.30000,1.60400,1
9121,2.04687,1.02800,1.39100,1.78700,1
9122,1.70420,0.86100,1.34100,1.60600,1
9123,1.70968,0.72600,1.26400,1.60400,1
9124,1.94760,0.68700,1.40800,1.60900,1
9125,1.80017,0.64200,1.48600,1.58900,1
9126,1.68249,0.60900,1.35100,1.61600,1
9127,2.45047,0.62300,1.30300,1.60000,1
9128,1.86096,0.61000,2.37100,1.65100,1
9129,1.71696,0.59500,1.33100,1.61200,1
9130,2.08851,0.59600,1.43300,1.76200,1
9131,1.92914,0.71400,1.73300,1.61000,1
9132,1.58922,0.68100,1.55600,1.61000,1
9133,1.68440,0.66800,1.39000,1.62400,1
9134,1.82934,0.64100,1.33700,1.60500,1
9135,1.93400,0.83200,1.43300,1.61700,1
9136,1.66225,0.96400,1.36500,1.60000,1
9137,1.99456,0.81800,1.45100,1.74600,1
9138,1.62874,0.72300,1.31300,1.59400,1
9139,2.09529,0.68600,1.43100,1.79600,1
9140,1.83744,0.62600,1.32200,1.59300,1
9141,1.67081,0.63300,1.40900,1.61700,1
9142,2.04861,0.67600,1.74200,1.61200,1
9143,1.86488,0.61500,1.60300,1.59400,1
9144,1.59187,0.58700,1.53100,1.61600,1
9145,1.82079,0.56700,1.58600,1.61600,1
9146,1.68685,0.64600,1.50600,1.60100,1
9147,1.73078,0.66400,1.51100,1.62100,1
9148,1.68826,0.56300,1.35300,1.61700,1
9149,1.87579,0.54100,1.28800,1.76300,1
9150,1.91574,0.56800,1.39500,1.59000,1
9151,1.73445,0.60200,1.35400,1.60500,1
9152,1.88807,0.59400,1.45000,1.60300,1
9153,1.61587,0.56700,1.30200,1.62900,1
9154,1.76086,0.54400,1.25600,1.58600,1
9155,1.75723,0.60500,1.25300,1.61700,1
9156,2.03400,0.60800,1.33300,1.75100,1
9157,1.80179,0.59100,1.34600,1.61400,1
9158,1.91339,0.61300,1.29200,1.81200,1
9159,1.77858,0.57300,1.29300,1.60600,1
9160,1.81189,0.56400,1.27100,1.59100,1
9161,1.76174,0.58600,1.23200,1.65400,1
9162,1.79431,0.66000,1.25300,1.59500,1
9163,1.75553,0.60200,1.28400,1.59000,1
9164,1.73512,0.59700,1.24300,1.59100,1
9165,1.78092,0.54200,1.24000,1.60200,1
9166,3.42824,0.52400,1.51300,1.62300,1
9167,1.44733,0.55300,1.22300,1.58600,1
9168,1.82701,0.53400,1.27900,1.61600,1
9169,1.74864,0.51000,1.24400,1.60100,1
9170,1.73834,0.52400,1.22100,1.59400,1
9171,1.78957,0.58100,1.21000,1.59800,1
9172,1.80722,0.59900,1.22100,1.62700,1
9173,1.72771,0.54100,1.20700,1.59200,1
9174,1.92223,0.54500,1.18500,1.78200,1
9175,2.01200,0.52900,1.20400,1.78700,1
9176,1.73199,0.54000,1.20000,1.58400,1
9177,1.83259,0.53200,1.25900,1.58700,1
9178,1.79120,0.53600,1.26500,1.60400,1
9179,1.79669,0.52000,1.27300,1.62100,1
9180,1.71418,0.52500,1.20800,1.58200,1
9181,1.73298,0.55900,1.16700,1.59200,1
9182,1.78655,0.56300,1.20800,1.61300,1
9183,3.02476,0.54700,1.24400,1.63700,1
9184,1.89530,0.53900,1.18600,1.79200,1
9185,1.85787,0.53200,1.23900,1.59200,1
9186,1.71351,0.65500,1.23800,1.58500,1
9187,1.74448,0.68700,1.17500,1.62100,1
9188,1.79889,0.65100,1.19800,1.61400,1
9189,1.83813,0.55700,1.25100,1.61200,1
9190,1.70617,0.55200,1.17900,1.59300,1
9191,1.78434,0.70500,1.21500,1.59300,1
9192,1.87575,0.67900,1.18000,1.74000,1
9193,1.98738,0.63100,1.20700,1.79700,1
9194,1.72957,0.62300,1.16700,1.59200,1
9195,1.77016,0.60100,1.17300,1.58000,1
9196,1.84178,0.57900,1.21400,1.63400,1
9197,1.70227,0.62000,1.15300,1.59900,1
9198,1.77750,0.57400,1.17800,1.59000,1
9199,1.73892,0.61800,1.17200,1.57600,1
9200,1.75138,0.57300,1.16500,1.59700,1
9201,1.80128,0.57300,1.18700,1.60100,1
9202,1.76019,0.59500,1.17100,1.60600,1
9203,1.94715,0.60800,1.15400,1.77300,1
9204,1.89967,0.57400,1.30500,1.59600,1
9205,3.00343,0.55100,1.25800,1.63200,1
9206,1.67255,0.53900,1.17800,1.60300,1
9207,1.76786,0.56700,1.15600,1.59600,1
9208,1.81047,0.56700,1.20300,1.58300,1
9209,1.94367,0.53700,1.21300,1.76500,1
9210,1.75715,0.57800,1.19200,1.59300,1
9211,1.90329,0.62400,1.17100,1.78600,1
9212,1.81067,0.57500,1.20400,1.58700,1
9213,1.90563,0.57400,1.30600,1.61400,1
9214,1.73980,0.57800,1.28500,1.60200,1
9215,1.74378,0.60900,1.22200,1.62600,1
9216,1.78707,0.58300,1.23700,1.63000,1
9217,1.91540,0.55400,1.38400,1.61700,1
9218,1.92605,0.70600,1.57300,1.61300,1
9219,1.74195,0.61100,1.54500,1.61800,1
9220,1.73531,0.58300,1.30200,1.79100,1
9221,1.71083,0.62100,1.22100,1.61300,1
9222,1.76370,0.56200,1.24000,1.58500,1
9223,1.77909,0.55500,1.25600,1.56600,1
9224,1.76938,0.53900,1.27800,1.59100,1
9225,1.75983,0.52800,1.29800,1.56800,1
9226,1.73161,0.53300,1.27600,1.59000,1
9227,1.74906,0.53600,1.26100,1.58500,1
9228,1.92874,0.60200,1.25700,1.74000,1
9229,1.78692,0.55000,1.26200,1.59700,1
9230,1.91416,0.55400,1.24600,1.77500,1
9231,1.77686,0.53100,1.25500,1.59600,1
9232,1.76502,0.55300,1.26100,1.57400,1
9233,1.82798,0.57800,1.26000,1.64200,1
9234,1.73388,0.57100,1.25600,1.57500,1
9235,1.69445,0.56000,1.22400,1.56300,1
9236,1.79438,0.51700,1.25100,1.60500,1
9237,1.76739,0.55700,1.24100,1.58600,1
9238,1.78742,0.53600,1.24600,1.59400,1
9239,1.92933,0.57100,1.23700,1.78300,1
9240,1.79604,0.53200,1.24000,1.60400,1
9241,1.74864,0.57100,1.24300,1.59000,1
9242,1.84556,0.60400,1.25000,1.63700,1
9243,1.82664,0.57900,1.24400,1.59800,1
9244,1.74187,0.56900,1.26300,1.58400,1
9245,3.29723,0.54800,1.86700,1.65200,1
9246,1.65637,0.55700,1.66500,1.77000,1
9247,1.60546,0.65000,1.27500,1.62100,1
9248,1.77258,0.56600,1.28300,1.63700,1
9249,2.04763,0.55800,1.49500,1.60400,1
9250,1.57423,0.59000,1.26700,1.60200,1
9251,1.75395,0.59500,1.26600,1.61200,1
9252,1.86190,0.55900,1.30000,1.63400,1
9253,1.68533,0.59600,1.24600,1.59200,1
9254,1.76746,0.54800,1.22400,1.59900,1
9255,1.82119,0.60400,1.26200,1.61500,1
9256,1.72262,0.58200,1.21600,1.59200,1
9257,1.93902,0.56300,1.22200,1.76500,1
9258,1.78066,0.57800,1.19600,1.61000,1
9259,1.78174,0.57600,1.22000,1.58600,1
9260,1.74706,0.56200,1.18500,1.62000,1
9261,1.86215,0.54600,1.25300,1.61900,1
9262,1.70027,0.56300,1.21700,1.57700,1
9263,1.74270,0.53200,1.19000,1.58800,1
9264,1.96850,0.55100,1.20400,1.74700,1
9265,1.80534,0.58700,1.25800,1.58600,1
9266,1.87471,0.66600,1.20400,1.77300,1
9267,1.75325,0.67300,1.23600,1.57700,1
9268,1.80112,0.60200,1.21400,1.60600,1
9269,1.71969,0.62600,1.19500,1.59300,1
9270,1.76659,0.60100,1.20000,1.58700,1
9271,1.76163,0.58800,1.17600,1.59300,1
9272,1.76510,0.57500,1.16200,1.59500,1
9273,1.75474,0.57100,1.15600,1.60200,1
9274,1.75303,0.57400,1.14700,1.57400,1
9275,1.76851,0.56800,1.17900,1.58700,1
9276,2.01740,0.55700,1.20500,1.80200,1
9277,1.77200,0.54900,1.21200,1.59900,1
9278,1.75288,0.53100,1.16900,1.58400,1
9279,1.76053,0.60800,1.18500,1.62300,1
9280,1.79245,0.53300,1.18400,1.58700,1
9281,1.73821,0.59000,1.16500,1.60300,1
9282,1.78642,0.58600,1.16800,1.60300,1
9283,1.91747,0.55000,1.17700,1.75600,1
9284,3.20563,0.54700,1.29500,1.64100,1
9285,1.65036,0.59600,1.22100,1.62500,1
9286,1.79171,0.58100,1.21700,1.56700,1
9287,3.13219,0.55800,1.24200,1.67400,1
9288,1.87717,0.57400,1.37600,1.58700,1
9289,1.81863,0.57800,1.41000,1.60700,1
9290,1.75395,0.55600,1.37700,1.61900,1
9291,1.66589,0.55300,1.27100,1.60900,1
9292,1.75928,0.56600,1.23100,1.62800,1
9293,1.96560,0.58700,1.21000,1.79800,1
9294,1.84501,0.55300,1.31500,1.59300,1
9295,1.76193,0.54500,1.30300,1.60400,1
9296,1.77811,0.54100,1.28400,1.61600,1
9297,1.81784,0.56000,1.30500,1.61900,1
9298,1.75125,0.60300,1.28800,1.60000,1
9299,1.82795,0.55200,1.35200,1.60400,1
9300,1.92765,0.57400,1.29700,1.77200,1
9301,1.75326,0.61100,1.30200,1.61500,1
9302,1.95007,0.53500,1.28600,1.79000,1
9303,1.79155,0.54000,1.28700,1.60900,1
9304,1.79784,0.54000,1.30400,1.58600,1
9305,1.72666,0.54800,1.28100,1.58900,1
9306,1.73491,0.54600,1.19100,1.60500,1
9307,1.77960,0.65300,1.19200,1.61800,1
9308,1.82363,0.69200,1.25800,1.60300,1
9309,1.75085,0.60700,1.19200,1.59700,1
9310,1.79851,0.56800,1.23100,1.61200,1
9311,1.90499,0.55600,1.21700,1.75700,1
9312,1.76141,0.53300,1.22300,1.59700,1
9313,1.77904,0.55000,1.18900,1.61200,1
9314,1.75717,0.55300,1.18000,1.61700,1
9315,1.81926,0.56500,1.20000,1.58400,1
9316,1.78986,0.52600,1.22800,1.57900,1
9317,1.75903,0.53300,1.21600,1.60300,1
9318,1.95897,0.58700,1.28000,1.74300,1
9319,1.70824,0.57200,1.23000,1.58700,1
9320,1.97917,0.57500,1.21800,1.80200,1
9321,1.73324,0.56300,1.20500,1.58500,1
9322,1.81385,0.55200,1.21300,1.61100,1
9323,2.61905,0.61300,1.25100,1.61600,1
9324,1.88877,0.56200,2.36900,1.62000,1
9325,1.71564,0.63100,1.22200,1.62800,1
9326,1.89624,0.67300,1.34000,1.58200,1
9327,1.79264,0.65000,1.32100,1.64000,1
9328,1.69462,0.62400,1.24400,1.59200,1
9329,1.93755,0.65500,1.24200,1.76700,1
9330,1.76445,0.65400,1.23000,1.60100,1
9331,1.77948,0.66100,1.22800,1.58500,1
9332,1.75644,0.65100,1.23100,1.60300,1
9333,1.78921,0.65700,1.24300,1.59000,1
9334,1.76940,0.64800,1.24600,1.59800,1
9335,1.72478,0.67000,1.22300,1.57900,1
9336,1.90724,0.64900,1.23800,1.73800,1
9337,1.76208,0.63800,1.24900,1.57400,1
9338,1.93101,0.61600,1.24500,1.77100,1
9339,1.77695,0.61300,1.24700,1.59200,1
9340,1.85548,0.66700,1.34700,1.60400,1
9341,1.76915,0.66200,1.32400,1.62000,1
9342,1.84361,0.57800,1.40600,1.59900,1
9343,1.77150,0.62100,1.39900,1.61800,1
9344,1.85354,0.58100,1.36800,1.60200,1
9345,1.71735,0.57100,1.38100,1.64200,1
9346,1.77883,0.55600,1.36700,1.62800,1
9347,1.81260,0.54800,1.36700,1.61200,1
9348,1.91620,0.56100,1.36100,1.76500,1
9349,1.87500,0.55900,1.46200,1.58700,1
9350,1.77044,0.54000,1.40100,1.61400,1
9351,1.73578,0.54900,1.38000,1.62600,1
9352,1.78166,0.54000,1.36000,1.61500,1
9353,1.77240,0.55100,1.36700,1.63100,1
9354,1.77786,0.53400,1.35800,1.59100,1
9355,1.91903,0.56100,1.34900,1.77900,1
9356,1.81797,0.56100,1.38100,1.62300,1
9357,1.99686,0.57900,1.39100,1.81600,1
9358,1.83518,0.54500,1.42000,1.60700,1
9359,1.75494,0.55700,1.38000,1.58400,1
9360,1.77984,0.60500,1.38200,1.63000,1
9361,2.02161,0.71600,1.52500,1.59300,1
9362,2.24957,0.81800,1.42300,1.58200,1
9363,2.14185,0.57200,2.63800,1.66900,1
9364,1.68046,0.58900,1.54800,1.60100,1
9365,1.85688,0.58300,1.47800,1.60300,1
9366,1.64435,0.62800,1.37200,1.60200,1
9367,1.79823,0.56000,1.37300,1.58700,1
9368,1.75639,0.53700,1.33400,1.60100,1
9369,1.77256,0.54900,1.31800,1.61800,1
9370,1.79500,0.54100,1.34000,1.60700,1
9371,1.83344,0.54500,1.36400,1.63000,1
9372,1.76517,0.55500,1.35900,1.61000,1
9373,1.88121,0.55900,1.32400,1.73900,1
9374,1.91649,0.54900,1.42400,1.59800,1
9375,1.97159,0.61500,1.44200,1.80900,1
9376,1.94786,0.60900,1.47700,1.61400,1
9377,1.64331,0.66300,1.30100,1.60300,1
9378,1.67909,0.58000,1.29900,1.63500,1
9379,1.77966,0.59400,1.32100,1.59000,1
9380,1.81384,0.56400,1.37300,1.60300,1
9381,1.68858,0.55000,1.31900,1.58200,1
9382,2.06524,0.54700,1.60600,1.58800,1
9383,1.89536,0.62400,1.76300,1.60900,1
9384,1.78274,0.60900,1.49800,1.82400,1
9385,1.58075,0.66900,1.30300,1.59500,1
9386,1.70607,0.60100,1.25700,1.58700,1
9387,1.89452,0.56400,1.31300,1.63100,1
9388,2.05055,0.57500,1.62600,1.61500,1
9389,1.78258,0.57300,1.62400,1.61700,1
9390,2.48441,0.58800,1.52900,1.60700,1
9391,1.62351,0.59700,1.26100,1.73700,1
9392,1.83166,0.56900,1.23100,1.61100,1
9393,1.96990,0.58900,1.23300,1.81500,1
9394,1.89757,0.57400,1.37200,1.60200,1
9395,1.77573,0.60900,1.37700,1.60300,1
9396,1.87117,0.66300,1.46000,1.61300,1
9397,1.71315,0.60500,1.47800,1.58900,1
9398,1.85745,0.56000,1.49400,1.63300,1
9399,1.66337,0.61700,1.34100,1.61400,1
9400,1.80262,0.58100,1.35000,1.61900,1
9401,1.82959,0.61700,1.31300,1.59800,1
9402,2.37468,0.60300,1.29300,1.81000,1
9403,1.81921,0.58600,2.10000,1.64300,1
9404,1.82779,0.61000,1.34800,1.59600,1
9405,1.81630,0.68200,1.30200,1.64200,1
9406,1.69821,0.71800,1.26500,1.62000,1
9407,1.79348,0.68800,1.29700,1.60300,1
9408,1.79640,0.56500,1.32800,1.61600,1
9409,1.86932,0.61700,1.28000,1.76300,1
9410,1.82516,0.57300,1.29500,1.60200,1
9411,1.92713,0.62800,1.28000,1.80300,1
9412,1.85595,0.61900,1.40400,1.58100,1
9413,1.61991,0.58800,1.23600,1.58500,1
9414,1.86779,0.60800,1.27900,1.62600,1
9415,1.75594,0.58800,1.27300,1.58500,1
9416,1.77892,0.61100,1.25900,1.60100,1
9417,1.79900,0.55600,1.27900,1.60700,1
9418,1.77925,0.61300,1.33500,1.59600,1
9419,1.79116,0.64900,1.34000,1.59300,1
9420,1.96275,0.63100,1.32700,1.79100,1
9421,1.79242,0.65400,1.30500,1.62300,1
9422,1.78643,0.62900,1.31300,1.60200,1
9423,1.89861,0.70300,1.42200,1.60100,1
9424,1.76384,0.72700,1.46500,1.59400,1
9425,1.74477,0.68800,1.38600,1.61300,1
9426,1.66950,0.59200,1.28700,1.60300,1
9427,1.98183,0.59100,1.33600,1.75100,1
9428,1.92267,0.57100,1.44600,1.59500,1
9429,1.82338,0.77700,1.35800,1.77300,1
9430,1.71305,0.71800,1.30400,1.59400,1
9431,1.82676,0.66900,1.39200,1.58000,1
9432,1.74486,0.67400,1.37400,1.60100,1
9433,1.75299,0.67400,1.32200,1.60500,1
9434,1.84445,0.64400,1.40100,1.60200,1
9435,1.72259,0.68800,1.34700,1.58500,1
9436,1.74081,0.58100,1.32400,1.58400,1
9437,1.76630,0.58700,1.28800,1.59800,1
9438,1.79395,0.62400,1.28300,1.61800,1
9439,1.96902,0.58900,1.32000,1.76400,1
9440,1.79042,0.55400,1.29600,1.60200,1
9441,2.69248,0.63500,1.42600,1.59800,1
9442,2.02605,0.67400,2.66400,1.67600,1
9443,1.64686,0.62800,1.39200,1.61000,1
9444,1.78629,0.58600,1.26800,1.59200,1
9445,2.00700,0.55400,1.35800,1.73500,1
9446,1.72669,0.90900,1.34100,1.60600,1
9447,2.12208,0.60700,1.45900,1.77200,1
9448,2.19737,0.65100,2.13200,1.59000,1
9449,1.95829,0.65200,1.94600,1.60700,1
9450,1.90802,0.58100,1.89500,1.65600,1
9451,1.82530,0.59500,1.80700,1.66700,1
9452,1.77376,0.64200,1.77000,1.63900,1
9453,1.78257,0.73100,1.76700,1.64000,1
9454,1.77232,0.60600,1.77100,1.61000,1
9455,1.71109,0.58000,1.71000,1.61900,1
9456,1.69034,0.60200,1.66900,1.61900,1
9457,1.79060,0.64800,1.64000,1.81300,1
9458,1.83173,0.62800,1.64000,1.60800,1
9459,1.64781,0.73300,1.49400,1.63500,1
9460,1.80250,0.66500,1.49900,1.60500,1
9461,1.77308,0.63500,1.52500,1.58300,1
9462,1.87854,0.73000,1.61600,1.60400,1
9463,1.84564,0.77800,1.83700,1.61100,1
9464,1.80292,0.65900,1.56500,1.61000,1
9465,1.98919,0.59800,1.56900,1.81000,1
9466,1.93353,0.63600,1.67600,1.61900,1
9467,1.78159,0.73300,1.78200,1.61900,1
9468,1.72374,0.68900,1.62600,1.63400,1
9469,1.87743,0.60000,1.49700,1.61500,1
9470,1.57551,0.66800,1.45000,1.61300,1
9471,1.86338,0.68300,1.50700,1.62200,1
9472,1.64312,0.68500,1.38700,1.59000,1
9473,1.68978,0.71000,1.29500,1.61400,1
9474,1.80580,0.70200,1.31900,1.58700,1
9475,2.38585,0.64800,1.90600,1.61100,1
9476,1.74265,0.64300,1.74500,1.61100,1
9477,2.27801,0.75200,2.26700,1.61600,1
9478,1.80131,0.90100,1.74800,1.64800,1
9479,1.75917,1.43500,1.75700,1.60500,1
9480,2.84847,0.94900,1.53900,1.60500,1
9481,2.15701,0.82100,3.30600,1.57400,1
9482,1.76226,0.81700,1.64000,1.57400,1
9483,1.89304,0.86100,1.50600,1.83900,1
9484,2.12319,0.84000,1.90600,1.60500,1
9485,1.82965,0.79700,1.82200,1.65300,1
9486,1.91000,0.72900,1.89800,1.64700,1
9487,1.77309,0.80700,1.78200,1.63700,1
9488,1.67418,0.70700,1.66800,1.63700,1
9489,1.56828,0.64900,1.56200,1.63500,1
9490,1.74954,0.63100,1.59800,1.59500,1
9491,1.71960,0.68300,1.56900,1.62300,1
9492,2.07817,0.92800,1.60700,1.80000,1
9493,2.57908,0.66000,1.66500,1.61100,1
9494,1.83585,0.64100,1.73000,1.62600,1
9495,1.75084,0.64100,1.73000,1.59500,1
9496,1.80551,0.68900,1.69500,1.62500,1
9497,1.83035,0.69200,1.72100,1.61400,1
9498,1.68272,0.72100,1.62700,1.61300,1
9499,1.90117,0.70300,1.52800,1.77200,1
9500,1.74135,0.70300,1.47600,1.62100,1
9501,1.97569,0.69000,1.42900,1.79600,1
9502,1.78947,0.68400,1.43800,1.61000,1
9503,1.96747,0.70700,1.56200,1.60000,1
9504,1.85297,0.67200,1.61700,1.64400,1
9505,2.21914,0.63100,2.21700,1.61200,1
9506,1.60394,0.61900,1.58300,1.64700,1
9507,1.51580,0.71100,1.52700,1.64700,1
9508,2.05012,0.84600,1.87800,1.57800,1
9509,1.77216,0.72600,1.77000,1.63500,1
9510,1.79241,0.67800,1.66400,1.81600,1
9511,1.76847,0.67800,1.60300,1.63300,1
9512,1.79219,0.74300,1.54000,1.62000,1
9513,2.01848,0.96200,1.78300,1.63800,1
9514,1.77940,0.97400,1.76400,1.61300,1
9515,1.84782,1.03800,1.82100,1.62100,1
9516,1.64496,0.90300,1.65000,1.62100,1
9517,1.91934,0.83700,1.67500,1.76800,1
9518,2.00380,0.91900,1.88200,1.59600,1
9519,1.88255,0.81500,1.82000,1.60900,1
9520,2.62306,0.75100,1.68300,1.60900,1
9521,2.10066,0.77200,2.85100,1.65200,1
9522,1.92719,0.90300,1.81200,1.63700,1
9523,1.66278,0.81500,1.68200,1.63700,1
9524,1.69877,0.75900,1.53800,1.61600,1
9525,1.73766,0.75100,1.49200,1.61600,1
9526,1.87452,0.66700,1.57000,1.61900,1
9527,2.31188,0.64600,1.91000,1.63800,1
9528,1.69702,0.64400,1.69100,1.61900,1
9529,1.73162,0.61700,1.71900,1.62000,1
9530,1.55431,0.65300,1.49400,1.62000,1
9531,1.90283,0.61700,1.54500,1.59900,1
9532,1.72303,0.67500,1.57400,1.61100,1
9533,1.73828,0.59300,1.53300,1.62700,1
9534,1.91310,0.62500,1.49400,1.76200,1
9535,1.71749,0.61600,1.42800,1.60900,1
9536,1.97869,0.65200,1.43800,1.81000,1
9537,1.77436,0.64900,1.39800,1.61600,1
9538,1.78022,0.60700,1.39400,1.60200,1
9539,1.74388,0.56600,1.35600,1.60100,1
9540,1.79001,0.57000,1.27200,1.62800,1
9541,1.69065,0.63000,1.22900,1.61000,1
9542,1.93355,0.58300,1.28700,1.63500,1
9543,1.90018,0.63300,1.44800,1.63500,1
9544,1.86734,0.61300,1.52800,1.60000,1
9545,1.58218,0.60700,1.37900,1.58600,1
9546,1.97651,0.64900,1.36300,1.78100,1
9547,1.75874,0.57900,1.34200,1.60000,1
9548,1.78037,0.58800,1.29700,1.59900,1
9549,1.91476,0.61800,1.40900,1.63800,1
9550,1.53102,0.66000,1.25100,1.60500,1
9551,1.74255,0.57800,1.20800,1.58000,1
9552,1.76399,0.53100,1.17900,1.60500,1
9553,1.96293,0.61400,1.21100,1.77200,1
9554,1.84904,0.54500,1.25100,1.59400,1
9555,2.03604,0.58800,1.32300,1.84000,1
9556,1.73067,0.56200,1.28400,1.60400,1
9557,1.74352,0.52400,1.26800,1.59200,1
9558,1.73715,0.54600,1.22500,1.61200,1
9559,1.78575,0.56000,1.26600,1.59600,1
9560,2.53036,0.55400,1.43400,1.62100,1
9561,1.69151,0.55100,1.44300,1.58100,1
9562,1.67487,0.55900,1.30900,1.60900,1
9563,1.88619,0.57900,1.41100,1.60200,1
9564,1.96134,0.58700,1.42500,1.78600,1
9565,1.74808,0.55400,1.39400,1.60700,1
9566,1.81174,0.59100,1.39400,1.60100,1
9567,1.80382,0.57000,1.36300,1.62100,1
9568,1.80724,0.62700,1.40300,1.62800,1
9569,1.81973,0.57500,1.43200,1.58300,1
9570,1.75661,0.56900,1.41600,1.62500,1
9571,1.83264,0.59500,1.33000,1.75900,1
9572,1.90331,0.54700,1.44700,1.59900,1
9573,1.83182,0.56700,1.33400,1.80900,1
9574,1.77470,0.54300,1.30800,1.59800,1
9575,1.82479,0.53600,1.36700,1.57900,1
9576,1.77555,0.53700,1.36500,1.62100,1
9577,1.78633,0.58000,1.36400,1.59500,1
9578,1.76419,0.61600,1.35200,1.61900,1
9579,1.78456,0.58900,1.36600,1.59300,1
9580,1.82124,0.61600,1.39600,1.62700,1
9581,1.73085,0.59800,1.34400,1.60700,1
9582,1.84648,0.69900,1.22000,1.78500,1
9583,1.99179,0.62200,1.44400,1.59700,1
9584,2.11357,0.60100,1.90300,1.63500,1
9585,1.79919,0.63700,1.78400,1.60600,1
9586,1.61715,0.66100,1.60600,1.60600,1
9587,1.67695,0.63400,1.56800,1.60700,1
9588,1.78875,0.62700,1.52800,1.59800,1
9589,1.88645,1.13800,1.47300,1.74400,1
9590,1.76384,0.90500,1.53900,1.58100,1
9591,2.03707,0.85100,1.65500,1.80300,1
9592,1.72155,0.75200,1.60600,1.61000,1
9593,1.75112,0.70000,1.56100,1.58600,1
9594,1.84634,0.71000,1.60000,1.61100,1
9595,1.73638,0.67400,1.52800,1.61600,1
9596,3.15751,0.72200,1.41900,1.67200,1
9597,1.86103,0.63800,1.51300,1.59200,1
9598,1.71646,0.66200,1.38000,1.59800,1
9599,1.59480,0.62100,1.35300,1.58100,1
9600,2.55101,0.59600,1.40000,1.84100,1
9601,1.72286,0.62300,1.38000,1.59200,1
9602,1.83107,0.57800,1.33900,1.60200,1
9603,1.92903,0.96100,1.42900,1.65300,1
9604,1.81571,1.03300,1.59200,1.62200,1
9605,1.74684,0.73100,1.49200,1.62300,1
9606,1.74995,0.77300,1.43100,1.62000,1
9607,1.94417,0.72100,1.44000,1.75300,1
9608,1.80132,0.78600,1.43100,1.60500,1
9609,1.97527,0.70300,1.48700,1.83700,1
9610,2.04066,0.71500,1.67000,1.62500,1
9611,1.59342,0.73600,1.53800,1.62400,1
9612,1.68825,0.70200,1.42900,1.60800,1
9613,1.75332,0.62100,1.38500,1.60300,1
9614,1.80821,0.62300,1.41000,1.60500,1
9615,1.78054,0.66300,1.41800,1.60200,1
9616,1.74604,0.68700,1.37800,1.60300,1
9617,1.78325,0.68700,1.40200,1.60500,1
9618,1.91599,0.61400,1.33200,1.81000,1
9619,1.77551,0.63400,1.31800,1.61400,1
9620,1.72763,0.70600,1.29500,1.58400,1
9621,1.87440,0.74100,1.36300,1.61600,1
9622,1.71751,0.73300,1.32200,1.60700,1
9623,1.79554,0.64800,1.34300,1.60100,1
9624,1.83252,0.65500,1.34200,1.59900,1
9625,1.90193,0.96900,1.33600,1.75700,1
9626,1.94228,0.94300,1.51300,1.64000,1
9627,1.84211,0.83000,1.40300,1.76700,1
9628,1.83511,0.73800,1.43300,1.62500,1
9629,1.79021,0.73600,1.50400,1.59100,1
9630,1.74154,0.71800,1.42900,1.62900,1
9631,1.86960,0.70400,1.46000,1.62000,1
9632,1.54079,0.71300,1.24900,1.58400,1
9633,1.79668,0.68900,1.26800,1.60800,1
9634,1.77048,0.62700,1.25300,1.59800,1
9635,1.81130,0.62300,1.27700,1.61500,1
9636,1.81044,1.52500,1.34900,1.59800,1
9637,2.23586,1.01300,1.62200,1.59600,1
9638,1.81862,0.81000,1.82700,1.62800,1
9639,3.27978,0.78400,1.58300,1.62800,1
9640,1.84209,0.72200,1.55100,1.60300,1
9641,1.68977,0.79100,1.49300,1.59300,1
9642,1.80014,0.67100,1.48000,1.59800,1
9643,1.93354,0.66000,1.43800,1.77800,1
9644,1.75821,0.65900,1.40900,1.62900,1
9645,1.93741,0.62700,1.32000,1.77500,1
9646,1.86450,1.03500,1.44500,1.61200,1
9647,1.64313,1.00100,1.28900,1.61000,1
9648,1.93985,0.83600,1.46400,1.60500,1
9649,1.88246,0.79300,1.63200,1.62500,1
9650,1.71335,0.72500,1.54400,1.61000,1
9651,1.69059,0.67000,1.49700,1.59500,1
9652,1.84427,0.67400,1.50300,1.62700,1
9653,1.89899,0.65800,1.63500,1.62700,1
9654,1.81916,0.65600,1.51500,1.77700,1
9655,1.83315,0.59100,1.53800,1.60900,1
9656,1.71670,0.60500,1.52800,1.60500,1
9657,1.69273,0.68400,1.38600,1.62600,1
9658,1.77823,0.67100,1.31300,1.61000,1
9659,1.76476,0.65900,1.31500,1.58300,1
9660,1.70487,0.66100,1.24700,1.61200,1
9661,1.93263,0.67900,1.24100,1.75400,1
9662,1.76124,0.63600,1.23900,1.59300,1
9663,1.92113,0.64100,1.34500,1.62400,1
9664,1.88016,0.66500,1.32400,1.76000,1
9665,1.69249,0.57600,1.23600,1.60400,1
9666,1.85936,0.65000,1.31000,1.59600,1
9667,1.92133,0.61800,1.29700,1.76900,1
9668,1.66845,0.62000,1.21700,1.58700,1
9669,1.72003,0.62400,1.17700,1.58200,1
9670,1.80476,0.59200,1.23200,1.58200,1
9671,1.78532,0.61700,1.23400,1.59900,1
9672,1.90226,0.60500,1.18300,1.78700,1
9673,1.88455,0.56600,1.33600,1.59600,1
9674,1.63075,0.55400,1.19700,1.59600,1
9675,1.85957,0.56400,1.17100,1.65800,1
9676,1.77592,0.62200,1.21000,1.59800,1
9677,1.72177,0.57300,1.19000,1.57600,1
9678,2.59406,0.56300,1.21500,1.63800,1
9679,1.89549,0.59600,1.19300,1.74000,1
9680,1.76980,0.63700,1.21700,1.58700,1
9681,1.70076,0.60000,1.15200,1.59900,1
9682,1.99696,0.56300,1.17300,1.78300,1
9683,1.83011,0.56600,1.23800,1.58200,1
9684,1.79683,0.57200,1.30800,1.59000,1
9685,1.77719,0.58600,1.31900,1.59700,1
9686,1.83213,0.58000,1.35800,1.62400,1
9687,1.69344,0.59200,1.29600,1.59100,1
9688,1.94712,0.61400,1.39400,1.59300,1
9689,2.08197,0.71200,1.81200,1.61300,1
9690,1.46030,0.64000,1.47200,1.61300,1
9691,1.87439,0.60300,1.33000,1.78200,1
9692,1.83118,0.58900,1.38100,1.58900,1
9693,1.88207,0.56100,1.49300,1.62600,1
9694,1.78438,0.60500,1.44400,1.63100,1
9695,1.70332,0.55400,1.39700,1.59300,1
9696,1.85449,0.58200,1.47600,1.59700,1
9697,1.56993,0.59000,1.26400,1.61200,1
9698,1.92312,0.59700,1.23500,1.75300,1
9699,1.84138,0.62800,1.27400,1.62700,1
9700,2.39826,0.66400,1.21300,1.84500,1
9701,1.77298,0.65100,1.23800,1.58400,1
9702,1.78965,0.66900,1.22200,1.60100,1
9703,1.72735,0.70200,1.17500,1.61800,1
9704,1.71689,0.62000,1.14400,1.58900,1
9705,1.78375,0.60500,1.15000,1.60200,1
9706,1.79491,0.60700,1.15900,1.60300,1
9707,2.00170,0.56000,1.36900,1.61900,1
9708,1.58522,0.58200,1.22600,1.59100,1
9709,2.03127,0.59500,1.20200,1.81000,1
9710,1.71911,0.61800,1.17000,1.59800,1
9711,1.83838,0.59800,1.22200,1.58400,1
9712,1.71728,0.59000,1.18100,1.60100,1
9713,1.74952,0.61400,1.17400,1.58100,1
9714,1.73494,0.62800,1.14300,1.60100,1
9715,2.05876,0.60700,1.28000,1.77000,1
9716,1.74050,0.56900,1.25000,1.60200,1
9717,2.54935,0.54600,1.26400,1.64400,1
9718,1.99547,0.60400,1.29000,1.80900,1
9719,1.75411,0.57500,1.28800,1.59000,1
9720,1.84996,0.58700,1.33000,1.62100,1
9721,1.77164,0.56900,1.33200,1.58500,1
9722,1.88684,0.63000,1.44600,1.59300,1
9723,1.59523,0.62800,1.29600,1.59100,1
9724,1.83986,0.59200,1.33100,1.60300,1
9725,1.72666,0.59500,1.27000,1.60300,1
9726,1.75277,0.63300,1.27000,1.56900,1
9727,1.95001,0.67500,1.22300,1.79500,1
9728,1.87581,0.94400,1.29100,1.60000,1
9729,1.71863,1.03300,1.27500,1.60500,1
9730,1.77989,0.93900,1.29100,1.61600,1
9731,1.77308,0.82700,1.29200,1.58200,1
9732,1.68602,0.69400,1.21800,1.59100,1
9733,1.73578,0.64900,1.18100,1.60600,1
9734,1.93213,0.62800,1.17500,1.76600,1
9735,1.86483,0.59500,1.23100,1.60100,1
9736,1.90563,0.61800,1.18700,1.81300,1
9737,1.84117,0.58500,1.24600,1.59100,1
9738,1.86877,0.60500,1.35100,1.59700,1
9739,1.61986,0.61500,1.18300,1.63300,1
9740,1.82992,0.91600,1.22200,1.60200,1
9741,1.77490,1.21800,1.23000,1.60200,1
9742,1.76015,1.00600,1.19900,1.61800,1
9743,1.94999,1.03200,1.35900,1.58900,1
9744,1.78083,1.20900,1.41800,1.59000,1
9745,1.78742,1.05400,1.43800,1.59000,1
9746,1.85361,0.74100,1.38800,1.77100,1
9747,1.73505,0.66100,1.29600,1.60700,1
9748,1.82015,0.67700,1.33300,1.61100,1
9749,1.80487,0.67400,1.37000,1.60000,1
9750,1.75171,0.62000,1.29700,1.60300,1
9751,1.76287,0.67700,1.28800,1.62400,1
9752,1.96933,0.68900,1.31600,1.79500,1
9753,1.75819,0.60700,1.30200,1.59700,1
9754,1.72673,0.62700,1.23200,1.61600,1
9755,2.65277,0.63100,1.24700,1.80300,1
9756,1.81239,0.72000,2.18900,1.60600,1
9757,1.61098,0.73100,1.23000,1.60400,1
9758,1.83143,0.65600,1.23000,1.60500,1
9759,1.69834,0.60300,1.22900,1.58400,1
9760,1.76716,0.62500,1.19100,1.62400,1
9761,1.80159,0.61600,1.22400,1.59500,1
9762,1.80083,0.59900,1.25900,1.61000,1
9763,1.76238,0.60900,1.25300,1.59500,1
9764,1.92997,0.60400,1.20600,1.79600,1
9765,1.76688,0.57800,1.19500,1.62600,1
9766,1.79981,0.60100,1.20200,1.61800,1
9767,1.96712,0.57300,1.30100,1.58900,1
9768,1.61171,0.60800,1.19500,1.63100,1
9769,1.74153,0.62200,1.19000,1.57800,1
9770,1.96114,0.58800,1.22700,1.77400,1
9771,1.78771,0.58900,1.22200,1.59100,1
9772,1.78659,0.61000,1.22300,1.59700,1
9773,1.92814,0.58000,1.19200,1.78300,1
9774,1.71868,0.60000,1.17000,1.58500,1
9775,1.89477,0.58800,1.19900,1.62200,1
9776,1.91508,1.05500,1.28300,1.59700,1
9777,1.82421,1.04900,1.48400,1.59100,1
9778,1.49178,0.88500,1.23500,1.58200,1
9779,1.75569,0.70400,1.23200,1.59800,1
9780,1.79958,0.65700,1.27400,1.59400,1
9781,1.86361,0.66700,1.40800,1.59300,1
9782,1.92666,0.67900,1.31700,1.79600,1
9783,1.74929,0.66100,1.33700,1.62200,1
9784,1.93082,0.63400,1.46100,1.60300,1
9785,1.88544,0.58500,1.43800,1.62500,1
9786,1.52148,0.57300,1.31500,1.61400,1
9787,1.79668,0.60300,1.34600,1.61000,1
9788,1.76028,0.60300,1.32900,1.58800,1
9789,1.91095,0.61500,1.33300,1.77900,1
9790,1.81334,0.62800,1.35600,1.59800,1
9791,1.94021,0.66700,1.39800,1.79200,1
9792,1.81449,0.60100,1.35800,1.61500,1
9793,1.87326,0.60400,1.38200,1.60200,1
9794,3.21033,0.60900,1.48800,1.67800,1
9795,1.70135,0.59100,1.40900,1.63200,1
9796,1.79774,0.56400,1.41700,1.62700,1
9797,1.74833,0.61300,1.37500,1.59600,1
9798,1.73904,0.59200,1.34800,1.59900,1
9799,1.77772,0.61700,1.37300,1.59900,1
9800,1.92564,0.60700,1.30800,1.80000,1
9801,1.84719,0.68800,1.39400,1.58300,1
9802,1.77975,0.61500,1.37400,1.65600,1
9803,3.12022,0.57600,1.30600,1.60200,1
9804,1.81098,0.56500,1.37900,1.59500,1
9805,1.77345,0.57200,1.40300,1.59600,1
9806,1.86779,0.56400,1.32600,1.75900,1
9807,1.86566,0.55100,1.33900,1.61100,1
9808,1.93909,0.59100,1.36900,1.80300,1
9809,1.77788,0.55000,1.35000,1.61600,1
9810,1.80125,0.60700,1.30900,1.61200,1
9811,1.87671,0.60300,1.31800,1.67200,1
9812,1.77259,0.61900,1.35900,1.59400,1
9813,1.77905,0.58400,1.35900,1.60400,1
9814,1.87737,0.55100,1.44100,1.61000,1
9815,1.75949,0.55100,1.46300,1.62200,1
9816,1.68822,0.62500,1.34600,1.61700,1
9817,1.75646,0.58000,1.30700,1.58600,1
9818,1.82908,0.67900,1.18800,1.78400,1
9819,1.84876,0.69100,1.49000,1.63600,1
9820,1.99959,0.66300,1.44900,1.66300,1
9821,1.77258,0.61900,1.34800,1.60800,1
9822,1.75530,0.60300,1.34000,1.63100,1
9823,1.80981,0.58900,1.36500,1.60900,1
9824,1.90640,0.61600,1.33900,1.75500,1
9825,1.74036,0.62000,1.35700,1.57300,1
9826,1.79665,0.63600,1.36100,1.60400,1
9827,2.03994,0.65600,1.45500,1.80300,1
9828,1.90159,0.68300,1.51700,1.59000,1
9829,1.64855,1.17300,1.44100,1.60000,1
9830,1.72816,0.88900,1.39000,1.59300,1
9831,1.73959,0.80600,1.39000,1.60800,1
9832,1.76974,0.71500,1.34900,1.61700,1
9833,2.54647,0.64900,1.37100,1.61700,1
9834,1.86819,0.62800,2.37400,1.65400,1
9835,1.76583,0.67200,1.41400,1.57000,1
9836,1.91536,0.63800,1.37700,1.78800,1
9837,2.00004,0.57900,1.41500,1.60800,1
9838,1.60229,0.62600,1.36900,1.63300,1
9839,1.72521,0.92000,1.32000,1.63500,1
9840,1.75982,0.73900,1.30500,1.58600,1
9841,1.77466,0.65100,1.27800,1.60000,1
9842,2.06850,0.60900,1.42800,1.75600,1
9843,1.72055,0.60700,1.38800,1.61000,1
9844,1.74386,0.60200,1.32500,1.60600,1
9845,1.94877,0.61900,1.30500,1.79200,1
9846,1.77990,0.60700,1.28400,1.61100,1
9847,1.81147,0.58800,1.30500,1.61000,1
9848,1.77133,0.55200,1.33200,1.58600,1
9849,1.77414,0.59100,1.34700,1.57500,1
9850,1.78031,0.57600,1.35100,1.61400,1
9851,1.74117,0.55800,1.30800,1.61300,1
9852,1.78283,0.57000,1.32700,1.58100,1
9853,1.83206,0.57500,1.37800,1.60200,1
9854,1.91635,0.62100,1.34500,1.80600,1
9855,1.77227,0.58800,1.34200,1.60600,1
9856,1.95845,0.58000,1.44600,1.60600,1
9857,1.77198,0.65000,1.42700,1.62100,1
9858,1.68209,0.63900,1.33200,1.60400,1
9859,1.81549,0.59500,1.33800,1.60200,1
9860,1.74935,0.57800,1.30200,1.60500,1
9861,2.00115,0.59800,1.37200,1.76900,1
9862,1.70732,0.63400,1.26900,1.63800,1
9863,2.00406,0.64000,1.30300,1.77100,1
9864,1.73285,0.60600,1.25000,1.58900,1
9865,1.80385,0.62800,1.25800,1.59500,1
9866,1.77699,0.59800,1.26000,1.58400,1
9867,1.77598,0.58700,1.27600,1.60900,1
9868,1.74667,0.58000,1.26400,1.60000,1
9869,1.81162,0.57400,1.30800,1.59900,1
9870,1.77760,0.55800,1.29900,1.61000,1
9871,1.77072,0.57900,1.28600,1.60300,1
9872,3.63098,0.57500,1.69400,1.57600,1
9873,1.43658,0.65500,1.36800,1.57600,1
9874,1.70233,0.65600,1.32000,1.59700,1
9875,1.75779,0.61200,1.31500,1.59900,1
9876,1.76426,0.60100,1.28900,1.62800,1
9877,1.86881,0.58100,1.30200,1.61900,1
9878,1.85701,0.61500,1.30500,1.75400,1
9879,1.84029,0.60300,1.34400,1.59200,1
9880,1.74929,0.63300,1.31300,1.62600,1
9881,1.97648,0.57800,1.33600,1.78500,1
9882,1.78323,0.59000,1.34500,1.58400,1
9883,1.77377,0.58400,1.31700,1.62600,1
9884,1.89405,0.60800,1.45100,1.58500,1
9885,1.68594,0.62100,1.34300,1.62300,1
9886,1.71744,0.56200,1.29900,1.60700,1
9887,1.74455,0.63300,1.27500,1.57900,1
9888,1.76504,0.59600,1.19500,1.60800,1
9889,1.76553,1.12800,1.19600,1.60000,1
9890,1.93430,0.69200,1.17700,1.80100,1
9891,1.71673,0.60700,1.13100,1.59200,1
9892,1.79473,0.58100,1.12100,1.58300,1
9893,1.85983,0.56300,1.23100,1.62000,1
9894,1.75251,0.57000,1.21100,1.58900,1
9895,1.77784,0.56700,1.23900,1.58000,1
9896,1.70362,0.58500,1.19400,1.59300,1
9897,1.95674,0.57100,1.19700,1.77800,1
9898,1.80699,0.57000,1.17100,1.61900,1
9899,1.97006,0.59800,1.18700,1.78400,1
9900,1.76956,0.60100,1.21800,1.58300,1
9901,1.75232,0.55200,1.20000,1.58900,1
9902,1.77978,0.54500,1.18800,1.60900,1
9903,1.71351,0.52200,1.16500,1.57100,1
9904,1.75673,0.53200,1.17500,1.56700,1
9905,1.75268,0.56000,1.18200,1.57300,1
9906,3.42832,0.58600,1.48100,1.63300,1
9907,1.45073,0.58700,1.18700,1.58200,1
9908,2.07355,0.57200,1.31400,1.77300,1
9909,1.66504,0.55300,1.22000,1.59900,1
9910,1.85095,0.54200,1.22800,1.63600,1
9911,2.53099,0.55100,1.24300,1.61900,1
9912,1.76582,0.63100,2.30500,1.64300,1
9913,1.70565,0.56600,1.22200,1.59400,1
9914,1.99152,0.53100,1.24400,1.77700,1
9915,1.74750,0.52300,1.20800,1.59400,1
9916,1.97699,0.53700,1.19100,1.63100,1
9917,1.76926,0.56200,1.19500,1.57800,1
9918,1.78071,0.53900,1.18600,1.62700,1
9919,1.83923,0.53700,1.25000,1.59300,1
9920,1.82178,0.56400,1.27700,1.60000,1
9921,1.71029,0.57100,1.26400,1.58400,1
9922,1.75382,0.55700,1.21200,1.59500,1
9923,1.80226,0.58500,1.26200,1.60100,1
9924,1.72219,0.60200,1.22300,1.58300,1
9925,1.78813,0.58700,1.22200,1.60800,1
9926,1.94914,0.58600,1.22700,1.75700,1
9927,1.74685,0.62800,1.22300,1.59000,1
9928,1.91620,0.58500,1.32800,1.64100,1
9929,1.73990,0.57300,1.30200,1.59600,1
9930,1.71615,0.56300,1.25700,1.59500,1
9931,1.87899,0.54000,1.33800,1.63200,1
9932,1.82616,0.52800,1.27500,1.76400,1
9933,1.76787,0.53700,1.26500,1.58600,1
9934,1.68849,0.52000,1.20500,1.59600,1
9935,1.98463,0.53000,1.21400,1.78600,1
9936,1.96891,0.54200,1.42000,1.59600,1
9937,1.70235,0.65200,1.24200,1.60500,1
9938,2.03948,1.27500,1.51200,1.62900,1
9939,1.47308,0.99600,1.24300,1.59800,1
9940,1.73214,0.84400,1.22700,1.59000,1
9941,1.84886,0.76500,1.26000,1.59800,1
9942,1.62310,0.80400,1.16400,1.57500,1
9943,1.81325,0.65800,1.19200,1.60600,1
9944,1.92965,0.68900,1.31500,1.60600,1
9945,1.92936,0.77000,1.30800,1.81800,1
9946,1.73621,0.63700,1.27100,1.61400,1
9947,1.76299,0.56100,1.19500,1.62700,1
9948,1.78818,0.63000,1.20100,1.62900,1
9949,1.84895,0.64800,1.28000,1.60100,1
9950,2.28330,0.64000,1.36000,1.59800,1
9951,2.41445,0.61700,2.10300,1.66800,1
9952,1.63123,0.64100,1.28600,1.59000,1
9953,2.02656,0.58400,1.34800,1.77400,1
9954,1.64002,0.58000,1.25400,1.58300,1
9955,1.76506,0.59900,1.20800,1.58600,1
9956,1.99428,0.63000,1.37600,1.63000,1
9957,1.65383,0.59600,1.28900,1.57900,1
9958,1.74870,0.65000,1.28700,1.61700,1
9959,1.78003,0.60800,1.30300,1.59300,1
9960,1.90139,0.59000,1.43300,1.58900,1
9961,1.77439,0.60100,1.45500,1.59700,1
9962,1.98331,0.59000,1.46300,1.78700,1
9963,1.76596,0.57400,1.44300,1.62000,1
9964,1.75938,0.55700,1.39300,1.60400,1
9965,1.81928,0.60900,1.39300,1.61700,1
9966,1.75966,0.59300,1.37400,1.62900,1
9967,1.87465,0.57700,1.44200,1.62000,1
9968,1.82687,0.55400,1.44900,1.59900,1
9969,1.91348,0.54100,1.46800,1.77400,1
9970,1.72271,0.53900,1.43900,1.58700,1
9971,2.08609,0.55900,1.49800,1.81300,1
9972,1.84778,0.59200,1.52200,1.61300,1
9973,1.74619,0.65200,1.54500,1.62100,1
9974,2.14525,0.61200,1.92900,1.63000,1
9975,1.65083,1.24900,1.68000,1.58600,1
9976,1.66989,0.86600,1.62200,1.58600,1
9977,1.76014,0.77800,1.64200,1.61800,1
9978,1.67781,0.70100,1.48900,1.60100,1
9979,1.82817,0.68800,1.48400,1.62200,1
9980,1.64138,0.79800,1.37700,1.59500,1
9981,2.08857,0.71100,1.48700,1.80800,1
9982,1.53011,0.71300,1.37600,1.59800,1
9983,1.90636,0.64000,1.32600,1.62700,1
9984,1.77021,0.69300,1.36700,1.58200,1
9985,1.72829,0.60800,1.32100,1.59900,1
9986,1.76102,0.59000,1.33100,1.59700,1
9987,1.94961,0.61100,1.34400,1.74100,1
9988,1.83226,0.60400,1.35300,1.63900,1
9989,3.21109,0.61100,1.35300,1.63500,1
9990,1.74321,0.64100,1.32400,1.59600,1
9991,1.74733,0.60400,1.33900,1.59700,1
9992,1.87308,0.60300,1.39200,1.61200,1
9993,1.81775,0.66900,1.41700,1.60100,1
9994,1.78339,0.67500,1.45400,1.61000,1
9995,1.76058,0.64400,1.39100,1.64000,1
9996,1.80041,0.59000,1.41100,1.61800,1
9997,1.78178,0.59400,1.44700,1.61600,1
9998,1.76083,0.56100,1.40300,1.59600,1
9999,1.95897,0.58200,1.38600,1.77300,1
10000,1.77927,0.59100,1.38600,1.60400,1
10001,1.81965,0.57100,1.44000,1.61900,1
10002,1.88271,0.61200,1.52800,1.62400,1
10003,1.80156,0.56800,1.53900,1.59300,1
10004,1.72313,0.60000,1.47800,1.61300,1
10005,1.88445,0.60700,1.42700,1.76900,1
10006,1.89317,0.68500,1.52900,1.58700,1
10007,1.71690,0.73400,1.45300,1.66100,1
10008,1.95746,0.72300,1.41700,1.82200,1
10009,3.09731,0.63200,1.39000,1.62100,1
10010,1.90249,0.59500,1.48500,1.60100,1
10011,1.65306,0.66400,1.42100,1.60000,1
10012,1.75793,0.70700,1.40700,1.60900,1
10013,1.85085,0.67100,1.46100,1.62300,1
10014,1.85861,0.74800,1.52400,1.61200,1
10015,1.95521,0.71200,1.78000,1.58200,1
10016,1.79054,0.73100,1.57900,1.81500,1
10017,1.60716,0.71900,1.37100,1.62300,1
10018,1.80454,0.71500,1.40200,1.61300,1
10019,1.84144,0.68500,1.43200,1.64600,1
10020,1.92971,0.93600,1.51200,1.61900,1
10021,1.73299,1.22100,1.53000,1.58900,1
10022,1.62967,0.97300,1.39200,1.59300,1
10023,1.87058,0.79100,1.29300,1.78100,1
10024,1.74296,0.71800,1.23000,1.59000,1
10025,2.01496,0.66500,1.23900,1.82100,1
10026,1.68081,0.63300,1.19900,1.56400,1
10027,1.80894,0.63600,1.24700,1.59900,1
10028,2.51217,0.65000,1.41200,1.62600,1
10029,2.23278,0.68300,2.25700,1.59700,1
10030,1.71635,0.68700,1.34300,1.61500,1
10031,1.72431,0.69000,1.24900,1.59000,1
10032,1.75240,0.70000,1.22800,1.63300,1
10033,1.74749,0.66200,1.20700,1.59900,1
10034,2.01539,0.61900,1.22200,1.80200,1
10035,1.76665,0.69600,1.21600,1.61000,1
10036,1.81452,0.68300,1.22200,1.63100,1
10037,1.84304,0.67400,1.37600,1.59100,1
10038,1.85258,0.69400,1.41700,1.59700,1
10039,1.77108,0.65700,1.40800,1.60500,1
10040,1.79732,0.65400,1.40100,1.60100,1
10041,1.89409,0.92100,1.38600,1.62600,1
10042,1.75697,1.38700,1.33300,1.62600,1
10043,1.95464,0.90600,1.37000,1.78100,1
10044,1.76555,0.71100,1.36200,1.59700,1
10045,1.89589,0.69700,1.42000,1.60500,1
10046,1.82137,0.68300,1.38600,1.64100,1
10047,1.74609,0.72000,1.40200,1.61600,1
10048,1.71657,0.70100,1.30800,1.61200,1
10049,1.80904,0.68600,1.33400,1.59700,1
10050,1.82419,0.69400,1.40300,1.61200,1
10051,1.87694,0.67600,1.45900,1.61900,1
10052,2.44905,0.74000,2.00500,1.59900,1
10053,1.79031,1.14800,1.84300,1.59700,1
10054,1.79780,0.92600,1.78500,1.64700,1
10055,1.74920,0.78500,1.75300,1.62600,1
10056,1.70074,0.73000,1.70000,1.61200,1
10057,1.58118,0.66400,1.57900,1.62700,1
10058,1.56220,0.60400,1.53100,1.62700,1
10059,2.04334,0.59600,1.61100,1.74900,1
10060,1.70312,0.65600,1.56000,1.63100,1
10061,1.98291,0.60800,1.53000,1.81700,1
10062,1.73026,0.58100,1.52900,1.60000,1
10063,1.80335,0.58000,1.54100,1.59700,1
10064,1.81039,0.56200,1.54000,1.64400,1
10065,1.77880,0.55100,1.55700,1.60900,1
10066,1.90932,0.55900,1.66500,1.62200,1
10067,2.50196,0.56500,1.55000,1.59300,1
10068,1.88789,0.61600,2.52000,1.64400,1
10069,1.79298,0.67600,1.44000,1.60700,1
10070,1.95271,0.60400,1.46600,1.78300,1
10071,1.84095,0.62400,1.52600,1.63300,1
10072,1.71989,0.57200,1.46700,1.59100,1
10073,1.79809,0.58800,1.44300,1.62900,1
10074,1.81213,0.59500,1.45500,1.61400,1
10075,1.83477,0.62000,1.48800,1.60500,1
10076,1.81581,0.60800,1.55400,1.62200,1
10077,1.86202,0.64700,1.54700,1.74600,1
10078,1.92305,0.55500,1.63600,1.61600,1
10079,1.85918,0.57100,1.47900,1.81300,1
10080,1.82428,0.62200,1.50200,1.63000,1
10081,1.77439,0.57500,1.51700,1.60900,1
10082,1.75768,0.55900,1.50900,1.62300,1
10083,1.96687,0.59600,1.63500,1.64700,1
10084,1.81736,0.60700,1.65000,1.59800,1
10085,1.58512,0.83600,1.51900,1.59500,1
10086,2.07913,0.59000,1.80000,1.58500,1
10087,1.65804,0.55700,1.65000,1.58500,1
10088,1.86997,0.55500,1.59800,1.78500,1
10089,1.81900,0.57000,1.62100,1.59100,1
10090,1.73467,0.57600,1.58900,1.62400,1
10091,1.77194,0.61600,1.55100,1.65200,1
10092,1.85180,0.59500,1.57700,1.60300,1
10093,1.76666,0.59800,1.55800,1.61600,1
10094,1.78872,0.64300,1.56500,1.59500,1
10095,1.95984,0.61000,1.58000,1.77800,1
10096,1.76698,0.65800,1.56200,1.60600,1
10097,1.80194,0.56200,1.57800,1.62200,1
10098,2.19114,0.56600,1.77000,1.59200,1
10099,1.97311,0.64000,1.97400,1.61800,1
10100,1.65398,0.64900,1.64400,1.61400,1
10101,1.57689,0.57400,1.56900,1.59600,1
10102,1.65407,0.57000,1.54000,1.59600,1
10103,1.84187,0.57100,1.64000,1.60800,1
10104,1.59917,0.58100,1.50000,1.59300,1
10105,1.75474,0.61300,1.40300,1.62300,1
10106,1.70752,0.58500,1.36800,1.58800,1
10107,2.75204,0.59400,1.41300,1.81000,1
10108,1.71147,0.64600,1.37400,1.60700,1
10109,1.87478,0.73000,1.38500,1.65500,1
10110,1.81000,0.73900,1.42200,1.60800,1
10111,1.81158,0.71800,1.44500,1.60600,1
10112,2.11946,0.71500,1.42800,1.62200,1
10113,2.47650,0.60000,2.20100,1.63900,1
10114,1.75795,0.63900,1.46100,1.63100,1
10115,2.05015,0.60300,1.48800,1.83300,1
10116,1.89778,0.58200,1.59700,1.60700,1
10117,1.71730,0.58800,1.50900,1.61000,1
10118,1.79988,0.56000,1.51300,1.62700,1
10119,1.72415,0.58500,1.49000,1.60000,1
10120,1.90115,0.58200,1.56400,1.61700,1
10121,1.75134,0.55500,1.55400,1.59900,1
10122,1.85739,0.55700,1.62600,1.61400,1
10123,1.71815,0.58900,1.56600,1.61200,1
10124,1.84838,0.60100,1.46800,1.78200,1
10125,1.83476,0.60900,1.51900,1.62000,1
10126,1.77339,0.58900,1.52800,1.59400,1
10127,1.83333,0.53900,1.56300,1.61100,1
10128,1.73014,0.58100,1.52600,1.59300,1
10129,1.79093,0.53800,1.54300,1.60700,1
10130,1.78514,0.55300,1.52000,1.61000,1
10131,1.92717,0.55800,1.51200,1.75400,1
10132,1.77261,0.56300,1.53800,1.58600,1
10133,2.13410,0.53600,1.63000,1.83800,1
10134,1.68293,0.54600,1.57900,1.60100,1
10135,1.72737,0.54000,1.41900,1.59400,1
10136,1.66199,0.57200,1.32900,1.60700,1
10137,1.95689,0.56700,1.46500,1.62700,1
10138,1.64205,0.54000,1.37200,1.59900,1
10139,1.80905,0.53700,1.37600,1.60200,1
10140,1.76560,0.56500,1.35700,1.60900,1
10141,1.81996,0.59900,1.37200,1.61800,1
10142,1.78702,0.62300,1.40700,1.62400,1
10143,1.98252,0.67300,1.42000,1.78200,1
10144,2.13763,0.64800,1.79700,1.62500,1
10145,1.59654,0.58200,1.59100,1.61900,1
10146,2.45300,0.58000,1.46000,1.57900,1
10147,2.31420,0.60400,2.91200,1.57100,1
10148,2.30160,0.55600,2.29900,1.76900,1
10149,1.95609,0.58000,1.94300,1.65600,1
10150,1.68019,0.59400,1.67800,1.66700,1
10151,1.46100,0.58400,1.45000,1.66700,1
10152,1.52223,0.55700,1.38400,1.79200,1
10153,1.98798,0.59600,1.59000,1.58900,1
10154,1.83798,0.68400,1.43200,1.64200,1
10155,1.57785,0.58300,1.45600,1.60500,1
10156,1.73077,0.58400,1.39700,1.59300,1
10157,1.73928,0.56600,1.36900,1.60000,1
10158,1.89505,0.58100,1.45200,1.62100,1
10159,1.66447,0.56900,1.39500,1.60800,1
10160,1.79976,0.55800,1.37800,1.59100,1
10161,2.08696,0.60400,1.48900,1.78000,1
10162,1.71767,0.60000,1.45900,1.62400,1
10163,1.72936,0.56700,1.38700,1.61300,1
10164,1.80566,0.57200,1.42000,1.62500,1
10165,1.77904,0.58400,1.38800,1.60600,1
10166,2.00602,0.56800,1.60000,1.61700,1
10167,2.22532,0.59100,2.20900,1.60200,1
10168,1.58603,0.65500,1.58700,1.60200,1
10169,10.54783,0.63400,1.48200,1.61000,1
10170,2.16159,0.75700,10.86900,1.85400,1
10171,2.16603,0.61700,1.89500,1.60700,1
10172,2.16711,0.57800,2.17500,1.60100,1
10173,1.84115,0.64700,1.84000,1.80600,1
10174,1.76110,0.67300,1.76100,1.66600,1
10175,1.69739,0.60200,1.69500,1.68900,1
10176,1.68579,0.56600,1.68400,1.68900,1
10177,1.60799,0.56100,1.60500,1.62400,1
10178,1.66722,0.55700,1.53900,1.60300,1
10179,1.81477,0.57300,1.55100,1.62200,1
10180,1.86537,0.59600,1.45700,1.78600,1
10181,1.69748,0.55200,1.37700,1.60700,1
10182,1.63710,0.56200,1.23100,1.60400,1
10183,2.04618,0.55000,1.27600,1.80300,1
10184,1.82115,0.56100,1.36700,1.60600,1
10185,1.79527,0.53200,1.36300,1.61300,1
10186,2.71860,0.56500,1.57100,1.60100,1
10187,1.78691,0.55900,1.48600,1.58500,1
10188,2.11422,0.55200,1.89700,1.57200,1
10189,1.88499,0.61700,1.87200,1.62900,1
10190,1.40510,0.67500,1.41500,1.62900,1
10191,1.49697,0.55400,1.34900,1.59200,1
10192,2.15558,0.55800,1.55300,1.79900,1
10193,1.57848,0.53700,1.33200,1.60500,1
10194,1.81124,0.55200,1.32700,1.63900,1
10195,1.82396,0.54200,1.35700,1.59900,1
10196,1.85967,0.54000,1.48500,1.59800,1
10197,1.81962,0.56000,1.52900,1.59800,1
10198,1.88303,0.55100,1.45600,1.76500,1
10199,1.67782,0.56600,1.35300,1.58700,1
10200,1.79240,0.56100,1.31200,1.63100,1
10201,1.94743,0.58900,1.34000,1.79100,1
10202,1.75641,0.56600,1.33300,1.60200,1
10203,1.79833,0.53200,1.30400,1.60700,1
10204,1.84214,0.54400,1.38800,1.58600,1
10205,1.64811,0.54300,1.27300,1.60600,1
10206,1.83502,0.58200,1.34200,1.58100,1
10207,1.72972,0.54700,1.33600,1.58300,1
10208,1.75180,0.59300,1.30200,1.57100,1
10209,1.87589,0.55600,1.40100,1.58800,1
10210,1.86069,0.58000,1.32200,1.77400,1
10211,1.79548,0.64300,1.29200,1.61400,1
10212,1.70682,0.64000,1.23800,1.61800,1
10213,1.83836,0.69400,1.26200,1.61800,1
10214,1.74656,0.62400,1.22300,1.60200,1
10215,2.40509,0.65400,1.32800,1.60400,1
10216,2.42898,0.62700,2.18800,1.81000,1
10217,1.93184,0.59300,1.44100,1.58400,1
10218,2.03587,0.59500,1.85600,1.65600,1
10219,1.88334,0.57700,1.70200,1.78800,1
10220,1.70660,0.56600,1.68600,1.59700,1
10221,1.61723,0.56200,1.44900,1.60900,1
10222,1.81761,0.59000,1.45000,1.63100,1
10223,1.68551,0.60500,1.42600,1.58300,1
10224,1.82061,0.62800,1.42900,1.61700,1
10225,2.25286,0.62400,1.43100,1.58200,1
10226,1.92212,0.75800,2.23400,1.64600,1
10227,1.73512,0.66400,1.47700,1.61600,1
10228,1.95437,0.63200,1.48700,1.77200,1
10229,1.83241,0.61000,1.54200,1.61900,1
10230,1.84767,0.61700,1.55100,1.64600,1
10231,1.86145,0.62400,1.67100,1.59500,1
10232,1.71548,1.16700,1.54400,1.59500,1
10233,1.92157,1.00700,1.66800,1.61600,1
10234,1.81012,0.85600,1.55400,1.75200,1
10235,1.84630,0.74400,1.63300,1.60600,1
10236,1.62746,0.90000,1.44900,1.60600,1
10237,1.90573,0.76800,1.35300,1.80000,1
10238,1.75265,0.70100,1.32500,1.61100,1
10239,1.78477,0.60200,1.29100,1.62700,1
10240,1.77412,0.66100,1.26900,1.61500,1
10241,1.83840,0.90500,1.34300,1.58800,1
10242,1.71444,0.83800,1.27900,1.61800,1
10243,1.78850,0.70600,1.29100,1.60200,1
10244,1.85739,0.65700,1.35100,1.60800,1
10245,1.78425,0.65200,1.40100,1.61100,1
10246,1.93429,0.65400,1.38500,1.77000,1
10247,1.70823,0.62800,1.31000,1.60900,1
10248,1.77679,0.61700,1.30200,1.60600,1
10249,1.90045,0.68500,1.34800,1.65500,1
10250,1.81091,0.68200,1.38000,1.59700,1
10251,1.75953,0.61400,1.37500,1.59700,1
10252,1.70844,0.60900,1.32500,1.60400,1
10253,1.92271,0.61100,1.32200,1.74000,1
10254,2.01485,0.68600,1.50000,1.62700,1
10255,2.11281,0.62500,1.68300,1.61600,1
10256,2.03926,0.62200,1.93000,1.61100,1
10257,1.82622,0.69700,1.78200,1.60800,1
10258,1.46060,0.69700,1.44900,1.60800,1
10259,1.57504,0.70900,1.37900,1.62400,1
10260,1.87596,0.65700,1.50600,1.59800,1
10261,1.62771,0.63700,1.36500,1.59400,1
10262,1.77318,0.65500,1.30600,1.62500,1
10263,1.76522,0.60600,1.28800,1.59400,1
10264,3.21564,0.60800,1.33800,1.60600,1
10265,1.72131,0.60900,1.29300,1.60000,1
10266,1.84504,0.79000,1.31300,1.61500,1
10267,1.87740,1.21500,1.43600,1.61200,1
10268,1.71709,0.88300,1.36800,1.62200,1
10269,1.94029,0.88500,1.52900,1.62200,1
10270,1.68069,0.77800,1.22700,1.80000,1
10271,1.77294,0.67000,1.22400,1.60500,1
10272,1.76426,0.63200,1.22800,1.58700,1
10273,1.88702,0.63800,1.19900,1.78800,1
10274,1.77446,0.59500,1.19200,1.58200,1
10275,1.77165,0.57800,1.15400,1.58600,1
10276,1.85327,0.60900,1.22000,1.60300,1
10277,1.72657,0.62300,1.20300,1.59700,1
10278,1.78052,0.52900,1.22500,1.57100,1
10279,1.71311,0.56500,1.17100,1.60100,1
10280,1.77770,0.58000,1.19000,1.59000,1
10281,1.78104,0.55500,1.21400,1.56400,1
10282,1.95276,0.65400,1.21200,1.80500,1
10283,1.73997,0.57500,1.19000,1.60000,1
10284,1.76777,0.54300,1.21600,1.58700,1
10285,1.77604,0.58200,1.19200,1.62300,1
10286,1.79849,0.56100,1.20900,1.59200,1
10287,1.74850,0.63000,1.19700,1.59800,1
10288,1.74593,0.57300,1.16900,1.59000,1
10289,1.94012,0.56700,1.15700,1.78200,1
10290,1.74904,0.56000,1.19200,1.58600,1
10291,1.93719,0.53300,1.32500,1.63200,1
10292,1.89146,0.54000,1.26400,1.78800,1
10293,1.86323,0.54000,1.28500,1.59900,1
10294,1.74082,0.54500,1.27100,1.62500,1
10295,1.80400,0.52700,1.35700,1.60800,1
10296,1.68731,0.54800,1.24300,1.59600,1
10297,1.96834,0.53900,1.43100,1.60900,1
10298,1.65221,0.53800,1.30700,1.61300,1
10299,1.71488,0.57200,1.22300,1.59400,1
10300,1.76210,0.55200,1.21900,1.60200,1
10301,1.96598,0.55200,1.25500,1.76700,1
10302,1.72322,0.55900,1.21800,1.58900,1
10303,2.61835,0.53600,1.24300,1.64100,1
10304,1.74807,0.53500,1.22500,1.59100,1
10305,1.81213,0.51800,1.26700,1.59600,1
10306,1.80185,0.56200,1.27100,1.59400,1
10307,1.92621,0.61900,1.31400,1.74700,1
10308,1.84183,0.61200,1.36900,1.59900,1
10309,1.90390,0.56900,1.28500,1.81900,1
10310,1.80764,0.54900,1.29400,1.60000,1
10311,1.73484,0.54900,1.27900,1.58500,1
10312,1.81472,0.56800,1.25900,1.62800,1
10313,1.78779,0.60300,1.25500,1.59600,1
10314,1.75377,0.62500,1.26000,1.59700,1
10315,1.78471,0.58500,1.30100,1.58800,1
10316,1.73553,0.58000,1.22100,1.62300,1
10317,1.81438,0.55800,1.22400,1.61500,1
10318,2.57036,0.54100,1.24300,1.58900,1
10319,1.68705,0.57900,2.29500,1.82200,1
10320,1.85365,0.61000,1.23000,1.60100,1
10321,1.88887,0.58100,1.32200,1.62400,1
10322,1.69356,0.59700,1.25200,1.59600,1
10323,1.74663,0.56400,1.23300,1.60800,1
10324,1.75496,0.56900,1.21400,1.58700,1
10325,2.08627,0.54700,1.37700,1.75000,1
10326,1.69887,0.58200,1.34200,1.59500,1
10327,1.68392,0.55000,1.22500,1.61300,1
10328,1.97722,0.56700,1.21400,1.79800,1
10329,1.80513,0.54100,1.21200,1.61500,1
10330,1.76050,0.53100,1.19100,1.59400,1
10331,1.77423,0.55100,1.22700,1.57700,1
10332,1.78458,0.53700,1.26800,1.59200,1
10333,1.87209,0.52300,1.23300,1.61800,1
10334,1.70670,0.80300,1.22800,1.62700,1
10335,1.78273,0.58000,1.24000,1.57800,1
10336,1.74823,0.55000,1.24000,1.59400,1
10337,1.97171,0.56000,1.23500,1.79100,1
10338,1.80518,0.54100,1.25800,1.62500,1
10339,1.79570,0.54600,1.24400,1.60000,1
10340,1.77257,0.53000,1.23400,1.61800,1
10341,1.77781,0.53800,1.23000,1.60900,1
10342,2.77479,0.54900,1.28600,1.63600,1
10343,1.81297,0.53600,1.24000,1.74300,1
10344,1.80112,0.53100,1.22900,1.60800,1
10345,1.97844,0.53200,1.19600,1.80400,1
10346,1.80461,0.60600,1.29900,1.59600,1
10347,1.83066,0.62300,1.32000,1.59800,1
10348,1.74444,0.64500,1.28300,1.61300,1
10349,1.73711,0.61600,1.27800,1.58700,1
10350,1.82193,0.63400,1.32100,1.59900,1
10351,1.72179,0.63400,1.24500,1.59700,1
10352,1.70763,0.65600,1.20000,1.58500,1
10353,1.74625,0.58300,1.17500,1.58100,1
10354,2.00225,0.63200,1.38000,1.58400,1
10355,1.86138,0.65100,1.32200,1.80800,1
10356,1.78295,0.59300,1.30200,1.61600,1
10357,1.80363,0.62100,1.29600,1.60900,1
10358,1.72885,0.59000,1.31500,1.57700,1
10359,1.91148,0.55200,1.42600,1.59200,1
10360,1.88813,0.55200,1.58000,1.60500,1
10361,1.67083,0.53600,1.30000,1.76400,1
10362,1.88353,0.53400,1.37600,1.59600,1
10363,1.59721,0.59800,1.28700,1.58300,1
10364,1.92757,0.65400,1.22000,1.77000,1
10365,1.76642,0.61700,1.22500,1.58800,1
10366,1.74704,0.59400,1.21600,1.58600,1
10367,1.71755,0.58300,1.18300,1.60400,1
10368,1.80924,0.57600,1.20100,1.58200,1
10369,1.70615,0.56900,1.17400,1.57700,1
10370,1.79893,0.54100,1.19800,1.60600,1
10371,1.74249,0.55600,1.19200,1.57500,1
10372,1.81089,0.53400,1.21400,1.59000,1
10373,1.73377,0.54000,1.18600,1.60500,1
10374,2.00089,0.55400,1.17300,1.81700,1
10375,1.80795,0.58100,1.20400,1.60400,1
10376,1.76302,0.56000,1.18100,1.62700,1
10377,1.76327,0.53000,1.17400,1.57600,1
10378,1.77267,0.53900,1.16200,1.61300,1
10379,1.76259,0.55400,1.17500,1.58400,1
10380,1.95683,0.53800,1.22500,1.75000,1
10381,2.45625,0.54300,1.17800,1.62500,1
10382,1.96433,0.58500,1.20500,1.75400,1
10383,1.76718,0.59600,1.23100,1.59100,1
10384,1.74683,0.56700,1.18100,1.60900,1
10385,1.84458,0.55000,1.21700,1.62900,1
10386,1.71849,0.52900,1.17500,1.61000,1
10387,1.76725,0.54000,1.18200,1.58900,1
10388,1.91005,0.53300,1.31800,1.60500,1
10389,1.78633,0.53800,1.35300,1.59000,1
10390,1.68469,0.55100,1.25500,1.62200,1
10391,1.80780,0.53400,1.23200,1.60300,1
10392,1.89960,0.57500,1.23100,1.79200,1
10393,1.79575,0.56400,1.24400,1.60400,1
10394,1.78471,0.53400,1.23500,1.59700,1
10395,1.91183,0.57200,1.35100,1.59800,1
10396,2.18508,0.61400,2.00400,1.60200,1
10397,1.72449,0.58700,1.71700,1.60200,1
10398,1.65172,0.58400,1.54600,1.75000,1
10399,2.05507,0.63400,1.89100,1.59700,1
10400,2.32655,0.71200,2.31100,1.79800,1
10401,1.44507,0.65400,1.47100,1.60700,1
10402,1.46805,0.54800,1.44000,1.60700,1
10403,1.67376,0.56700,1.43800,1.60100,1
10404,1.84322,0.57600,1.44400,1.62400,1
10405,1.69322,0.56400,1.43400,1.58300,1
10406,1.92349,0.68100,1.54000,1.62900,1
10407,1.71076,0.60900,1.55700,1.58900,1
10408,1.61982,0.56900,1.39400,1.61600,1
10409,1.75577,0.57100,1.31400,1.62200,1
10410,1.98924,0.60600,1.44900,1.79600,1
10411,1.79575,0.56400,1.37400,1.59700,1
10412,1.87961,0.56800,1.42700,1.60200,1
10413,1.86016,0.57700,1.53600,1.63500,1
10414,1.72282,0.61000,1.48800,1.61400,1
10415,1.77939,0.58500,1.51300,1.61100,1
10416,1.85130,0.57700,1.48600,1.62200,1
10417,2.01887,0.59800,1.57700,1.78100,1
10418,1.98513,0.59600,1.78000,1.63200,1
10419,1.71992,0.60900,1.51500,1.79300,1
10420,2.53596,0.64100,1.44600,1.60900,1
10421,1.96243,0.60700,2.60900,1.62800,1
10422,3.59922,0.63200,1.87100,1.61400,1
10423,1.51357,0.74400,1.50800,1.61400,1
10424,1.79490,0.71100,1.65000,1.60500,1
10425,1.70053,0.78800,1.55300,1.63800,1
10426,1.80267,0.73400,1.55300,1.60900,1
10427,1.89123,0.69900,1.51200,1.74700,1
10428,1.97128,0.67700,1.71200,1.60900,1
10429,1.61591,0.75500,1.54200,1.63200,1
10430,1.79963,0.72900,1.53100,1.63200,1
10431,1.85918,0.73500,1.57000,1.62100,1
10432,1.90149,0.71700,1.52500,1.62800,1
10433,1.74330,0.69000,1.49600,1.64200,1
10434,1.84747,0.63000,1.49200,1.61900,1
10435,1.82520,0.65500,1.53300,1.64000,1
10436,1.98201,0.63000,1.51800,1.79500,1
10437,1.79316,0.67900,1.57200,1.61300,1
10438,1.99302,0.67000,1.65800,1.62500,1
10439,1.66131,0.63200,1.59400,1.61800,1
10440,1.76729,0.59400,1.57100,1.61000,1
10441,1.77699,0.58100,1.52000,1.61700,1
10442,1.88655,0.58800,1.63600,1.64100,1
10443,1.75427,0.65700,1.57900,1.61800,1
10444,1.80420,0.65600,1.61000,1.58900,1
10445,1.95253,0.71300,1.60000,1.78500,1
10446,1.75142,0.66400,1.60500,1.59000,1
10447,1.77106,0.90400,1.55500,1.59900,1
10448,1.89947,1.05100,1.60400,1.60400,1
10449,1.53426,0.87200,1.45200,1.59900,1
10450,1.81093,0.79800,1.46300,1.61600,1
10451,1.83431,0.77300,1.38800,1.73600,1
10452,1.77626,0.72900,1.39700,1.59700,1
10453,1.85747,0.72200,1.39500,1.62900,1
10454,1.66807,0.69100,1.34600,1.62800,1
10455,1.97534,0.68200,1.33200,1.80600,1
10456,1.90671,0.61100,1.43700,1.59900,1
10457,1.79494,0.61200,1.48700,1.61800,1
10458,1.74639,0.64100,1.45600,1.61400,1
10459,1.71007,0.65300,1.36200,1.61200,1
10460,2.51757,0.60000,1.40900,1.62800,1
10461,1.86910,0.62100,1.57600,1.61000,1
10462,1.68280,0.73600,1.51200,1.61900,1
10463,1.84134,0.68000,1.50100,1.61300,1
10464,1.92496,0.64500,1.40000,1.82600,1
10465,1.79308,0.66900,1.39400,1.61700,1
10466,1.79206,0.66900,1.38500,1.61100,1
10467,1.76621,0.64900,1.39900,1.60900,1
10468,2.02191,0.64500,1.65300,1.59900,1
10469,1.68463,0.65300,1.42500,1.75800,1
10470,1.76020,0.64300,1.40100,1.59500,1
10471,1.89659,0.64100,1.53300,1.60700,1
10472,1.67047,0.66600,1.40000,1.60000,1
10473,1.80945,0.66000,1.26100,1.79500,1
10474,2.01549,0.64200,1.41400,1.58100,1
10475,1.62916,0.94400,1.36800,1.62100,1
10476,1.76703,0.91800,1.32400,1.59300,1
10477,1.75262,0.83400,1.32900,1.60800,1
10478,1.78009,0.71400,1.35600,1.60400,1
10479,1.79675,0.65400,1.33700,1.60000,1
10480,1.76171,0.62700,1.34600,1.59800,1
10481,1.77836,0.62100,1.34600,1.61400,1
10482,1.99959,0.64200,1.48800,1.80400,1
10483,1.74389,0.62200,1.35600,1.60200,1
10484,1.82414,0.56100,1.32800,1.58900,1
10485,1.73943,0.56200,1.31200,1.60200,1
10486,2.28502,0.55800,1.84300,1.59500,1
10487,1.39825,0.54600,1.32800,1.75300,1
10488,1.71750,0.54900,1.25400,1.59200,1
10489,1.77946,0.57100,1.27900,1.58600,1
10490,2.31658,0.56100,1.83400,1.78200,1
10491,1.43332,0.59700,1.38300,1.78200,1
10492,1.77988,0.57200,1.31700,1.61000,1
10493,1.84377,0.55900,1.43800,1.58500,1
10494,1.70083,0.57600,1.31700,1.62900,1
10495,1.72656,0.55900,1.29700,1.57800,1
10496,1.85394,0.57000,1.37200,1.59300,1
10497,1.71771,0.57300,1.35200,1.60700,1
10498,1.78880,0.60400,1.34700,1.60700,1
10499,2.47336,0.58900,1.32400,1.58600,1
10500,1.77970,0.57700,2.26700,1.64400,1
10501,1.81040,0.59300,1.32100,1.59100,1
10502,1.85240,0.62500,1.40200,1.58200,1
10503,1.76608,0.59900,1.43900,1.62600,1
10504,1.70220,0.58700,1.35300,1.61000,1
10505,1.70352,0.54600,1.29700,1.59000,1
10506,2.02051,0.57300,1.38500,1.73800,1
10507,1.73236,0.55800,1.35600,1.62500,1
10508,1.80005,0.54800,1.32200,1.64100,1
10509,1.90159,0.58000,1.32300,1.75600,1
10510,1.85380,0.56000,1.38100,1.61000,1
10511,2.06462,0.59700,1.80100,1.58900,1
10512,1.65843,0.58200,1.58800,1.63300,1
10513,1.77503,0.53700,1.53300,1.61900,1
10514,1.71985,0.61800,1.43700,1.61600,1
10515,1.87449,0.62900,1.50500,1.62600,1
10516,1.81512,0.58100,1.47500,1.62200,1
10517,1.67662,0.57800,1.37100,1.63200,1
10518,1.83970,0.55800,1.41500,1.60700,1
10519,1.80376,0.55600,1.30800,1.76400,1
10520,1.84247,0.53300,1.33100,1.61400,1
10521,1.66100,0.56300,1.23700,1.60000,1
10522,1.80306,0.54100,1.27600,1.59800,1
10523,1.85851,0.59600,1.37300,1.57500,1
10524,1.87441,0.61900,1.30700,1.77200,1
10525,3.24185,0.63000,1.29600,1.65200,1
10526,1.74794,0.67000,1.28700,1.66000,1
10527,2.08274,0.64300,1.43600,1.77800,1
10528,1.67616,0.59100,1.36500,1.60300,1
10529,2.13576,0.73000,1.63300,1.58200,1
10530,1.53899,0.59600,1.46600,1.58200,1
10531,1.67359,0.60300,1.36200,1.59500,1
10532,1.89499,0.57500,1.48800,1.59400,1
10533,1.74774,0.61700,1.45200,1.60000,1
10534,1.73569,0.62400,1.42500,1.60300,1
10535,1.79105,0.55600,1.44200,1.60200,1
10536,1.92425,0.55900,1.40100,1.77800,1
10537,1.86169,0.59700,1.46600,1.62100,1
10538,1.81036,0.59900,1.48700,1.61300,1
10539,3.50763,0.59800,1.52300,1.67400,1
10540,1.72858,0.57600,1.47600,1.58400,1
10541,2.03796,0.67400,1.59500,1.78100,1
10542,1.96021,0.72900,1.80800,1.60800,1
10543,1.75514,0.80900,1.72800,1.60800,1
10544,1.87539,0.79600,1.66100,1.61000,1
10545,1.75212,0.77800,1.62700,1.60500,1
10546,1.71572,0.83900,1.50000,1.63100,1
10547,1.69037,0.67200,1.33400,1.64300,1
10548,1.76173,0.65900,1.30300,1.60900,1
10549,1.77944,0.59800,1.27500,1.59400,1
10550,1.76265,0.63600,1.26600,1.61200,1
10551,1.76966,0.60300,1.29200,1.56400,1
10552,1.76268,0.63300,1.30000,1.58800,1
10553,1.97162,0.55900,1.46500,1.58700,1
10554,1.84720,0.70500,1.38800,1.77000,1
10555,1.72119,0.70200,1.31700,1.62400,1
10556,1.74371,0.67700,1.25800,1.60700,1
10557,1.74517,0.61400,1.25200,1.58100,1
10558,1.78612,0.55900,1.25100,1.58700,1
10559,2.10526,0.59900,1.42100,1.74900,1
10560,1.58778,0.65100,1.29100,1.58400,1
10561,1.78333,0.57600,1.29000,1.59500,1
10562,1.79032,0.58600,1.27000,1.62100,1
10563,2.10250,0.68000,1.40900,1.81900,1
10564,1.76951,0.63300,1.38100,1.59600,1
10565,1.89159,0.67400,1.48700,1.61600,1
10566,1.80407,0.68800,1.50700,1.61100,1
10567,1.71621,0.75000,1.44000,1.59500,1
10568,1.79560,0.65300,1.45400,1.62800,1
10569,1.82244,0.65600,1.48900,1.60600,1
10570,1.74202,0.62000,1.44600,1.60700,1
10571,1.87266,0.66500,1.56300,1.60800,1
10572,2.19580,0.66700,1.76700,1.59300,1
10573,1.86106,0.63700,1.84600,1.61000,1
10574,1.78877,0.64800,1.78700,1.63800,1
10575,1.69331,0.63800,1.68100,1.58300,1
10576,1.64057,0.60500,1.64600,1.58300,1
10577,1.72511,0.58000,1.60300,1.62100,1
10578,3.24689,0.62600,1.71700,1.59200,1
10579,1.62218,0.71100,1.58800,1.59200,1
10580,1.73885,0.65300,1.49900,1.63600,1
10581,1.94667,0.61700,1.51800,1.78700,1
10582,1.70158,0.59000,1.38800,1.59800,1
10583,1.72241,0.57400,1.30900,1.59700,1
10584,1.80221,0.56700,1.29900,1.61200,1
10585,2.34815,0.58800,1.87100,1.61500,1
10586,1.98129,0.60500,1.96700,1.59900,1
10587,1.78741,0.66300,1.78600,1.64000,1
10588,1.60464,0.60400,1.60000,1.63800,1
10589,1.58508,0.58000,1.58200,1.63800,1
10590,1.90865,0.64400,1.57900,1.81400,1
10591,1.76632,0.64400,1.54400,1.61900,1
10592,1.71568,0.64000,1.44700,1.64200,1
10593,2.05842,0.57100,1.71700,1.62300,1
10594,1.49703,0.60500,1.43800,1.62300,1
10595,1.93290,0.56700,1.41900,1.78700,1
10596,1.79260,0.58900,1.42600,1.59700,1
10597,1.79508,0.61900,1.41500,1.61600,1
10598,1.71628,0.60200,1.34400,1.62600,1
10599,1.97861,0.59600,1.34600,1.77700,1
10600,1.73658,0.58600,1.33700,1.61400,1
10601,1.69787,0.53800,1.23500,1.60900,1
10602,1.77205,0.60200,1.21600,1.58200,1
10603,1.81160,0.56000,1.28300,1.59500,1
10604,1.78970,0.59200,1.27200,1.60000,1
10605,1.76224,0.73900,1.25500,1.59400,1
10606,1.78898,0.68600,1.29400,1.60200,1
10607,1.76141,0.67400,1.26000,1.60600,1
10608,1.91808,0.68600,1.22100,1.78800,1
10609,1.74802,0.67100,1.23600,1.60200,1
10610,1.86467,0.62600,1.28900,1.60300,1
10611,1.73172,0.55900,1.22000,1.64200,1
10612,1.82204,0.55700,1.25900,1.60500,1
10613,1.91745,0.61600,1.36200,1.60500,1
10614,2.41535,0.69400,1.83500,1.61200,1
10615,1.97083,0.73900,1.97600,1.67700,1
10616,2.29367,0.94400,2.23300,1.65800,1
10617,2.25409,1.17500,1.53500,1.65800,1
10618,1.74938,1.02800,1.53700,1.60700,1
10619,1.71221,0.84900,1.41600,1.61800,1
10620,1.79687,0.80600,1.41100,1.61300,1
10621,1.68927,0.77300,1.31200,1.62800,1
10622,1.81301,0.69700,1.35600,1.61700,1
10623,1.74589,0.69900,1.34100,1.59300,1
10624,2.46915,0.69000,2.27300,1.57200,1
10625,2.20438,0.76700,2.22500,1.76700,1
10626,1.46110,0.76900,1.45900,1.61900,1
10627,1.35204,0.70400,1.32700,1.61900,1
10628,1.72910,0.76900,1.53300,1.64500,1
10629,2.93549,0.82700,1.34700,1.64400,1
10630,1.93877,0.72100,1.38000,1.76600,1
10631,1.70543,0.73000,1.31900,1.59100,1
10632,1.81277,0.64700,1.38100,1.60300,1
10633,1.87848,0.61000,1.45000,1.62200,1
10634,1.78468,0.60800,1.28100,1.80500,1
10635,1.74549,0.59100,1.25000,1.58100,1
10636,1.81628,0.57700,1.29200,1.60500,1
10637,1.75250,0.57700,1.25900,1.63500,1
10638,1.74027,0.56000,1.21700,1.60300,1
10639,1.79575,0.59700,1.23900,1.60400,1
10640,1.82665,0.62600,1.30100,1.59500,1
10641,1.87954,0.58100,1.41000,1.58900,1
10642,1.76644,0.62700,1.42600,1.61800,1
10643,1.78865,0.57200,1.43000,1.62400,1
10644,1.87737,0.60700,1.32100,1.78700,1
10645,1.99506,0.58800,1.53800,1.61200,1
10646,1.90981,0.61000,1.74500,1.60800,1
10647,1.76382,0.55700,1.72100,1.60300,1
10648,1.63460,0.60600,1.56300,1.60300,1
10649,1.84180,0.56200,1.45600,1.76800,1
10650,1.86397,0.63100,1.48000,1.61900,1
10651,1.81220,0.60000,1.48400,1.61300,1
10652,1.69760,0.62800,1.42600,1.61300,1
10653,1.97064,0.62400,1.43300,1.80000,1
10654,1.74492,0.59600,1.39700,1.60400,1
10655,1.75387,0.58300,1.36400,1.63700,1
10656,1.90833,0.55700,1.48400,1.61400,1
10657,2.40717,0.58900,1.43400,1.65300,1
10658,1.75763,0.64700,1.39800,1.60400,1
10659,1.74601,0.63300,1.39500,1.59800,1
10660,1.80025,0.64900,1.37700,1.61200,1
10661,1.86577,0.60900,1.51400,1.58200,1
10662,1.89532,0.58700,1.41200,1.80000,1
10663,1.82290,0.61500,1.46700,1.60500,1
10664,1.73273,0.57400,1.39200,1.62900,1
10665,1.73156,0.62200,1.33400,1.62300,1
10666,1.81731,0.59200,1.34000,1.60700,1
10667,1.96749,0.56100,1.36700,1.75700,1
10668,1.72593,0.59800,1.41100,1.60800,1
10669,1.74568,0.56100,1.33700,1.61200,1
10670,1.85689,0.56400,1.36600,1.61800,1
10671,1.90641,0.58800,1.37200,1.77600,1
10672,1.76951,0.63000,1.32100,1.60500,1
10673,1.75494,0.56900,1.28900,1.62300,1
10674,2.21658,0.59300,1.77800,1.60600,1
10675,1.65934,0.54200,1.65000,1.61900,1
10676,1.72890,0.55000,1.55700,1.62500,1
10677,1.79030,0.66400,1.60900,1.60900,1
10678,1.68085,0.61500,1.50100,1.57400,1
10679,1.78832,0.58700,1.49900,1.61700,1
10680,1.88687,0.62100,1.44500,1.75700,1
10681,1.80106,0.60300,1.46700,1.58400,1
10682,1.80534,0.61000,1.43800,1.60500,1
10683,1.85387,0.62200,1.48000,1.61400,1
10684,1.78577,0.58800,1.53900,1.60900,1
10685,2.32645,0.57100,1.98600,1.59300,1
10686,1.83526,0.59400,1.82900,1.64800,1
10687,1.38953,0.63300,1.38800,1.64800,1
10688,1.54631,0.61900,1.39300,1.61900,1
10689,2.16333,0.60200,1.69000,1.78500,1
10690,1.69916,0.62700,1.55200,1.62800,1
10691,1.73812,0.62400,1.51500,1.60400,1
10692,2.02144,0.58500,1.63400,1.65000,1
10693,1.54763,0.60300,1.46700,1.60600,1
10694,1.92244,0.57300,1.57900,1.60500,1
10695,1.77699,0.56800,1.70300,1.60500,1
10696,2.48748,0.62600,1.53900,1.59100,1
10697,2.06559,0.58500,2.66400,1.65200,1
10698,1.92210,0.64200,1.44000,1.77700,1
10699,1.75004,0.62000,1.43600,1.59300,1
10700,1.77381,0.59200,1.39100,1.64300,1
10701,1.85143,0.59000,1.43600,1.61500,1
10702,1.89050,0.62600,1.57500,1.62000,1
10703,1.80728,0.62300,1.44200,1.75900,1
10704,1.82915,0.58800,1.43900,1.60500,1
10705,1.90725,0.56100,1.57800,1.64100,1
10706,1.78610,0.60700,1.60800,1.66000,1
10707,1.87370,0.58000,1.44700,1.79400,1
10708,1.81136,0.56500,1.48100,1.58500,1
10709,1.72452,0.57600,1.42400,1.61200,1
10710,1.73109,0.55100,1.34100,1.62900,1
10711,1.74177,0.53800,1.28800,1.57800,1
10712,1.73824,0.58700,1.26000,1.60600,1
10713,1.80733,0.57200,1.30900,1.59400,1
10714,1.88451,0.55500,1.40800,1.59200,1
10715,1.63421,0.57700,1.28400,1.61700,1
10716,1.88140,0.57300,1.23500,1.74400,1
10717,1.81232,0.52900,1.27100,1.59700,1
10718,1.74860,0.59300,1.27900,1.56800,1
10719,1.76912,0.57600,1.26100,1.61100,1
10720,1.86344,0.57800,1.38000,1.58500,1
10721,1.63743,0.55900,1.29000,1.60000,1
10722,2.05120,0.53500,1.40600,1.74200,1
10723,1.80486,0.55900,1.43100,1.57900,1
10724,1.64990,0.64700,1.26900,1.61400,1
10725,1.84890,0.56100,1.34600,1.64600,1
10726,1.83587,0.62300,1.22800,1.76800,1
10727,1.76409,0.56600,1.21900,1.58100,1
10728,1.82649,0.56800,1.21700,1.63200,1
10729,1.84899,0.55200,1.23200,1.60300,1
10730,1.76994,0.56100,1.31800,1.60000,1
10731,1.75826,0.55500,1.30000,1.60500,1
10732,3.19465,0.55500,1.34100,1.62100,1
10733,1.68150,0.58900,1.29700,1.60400,1
10734,1.97219,0.59100,1.27700,1.79200,1
10735,2.34261,0.57400,1.31400,1.62300,1
10736,2.09458,0.59700,2.41200,1.64000,1
10737,1.81439,0.59600,1.69200,1.56600,1
10738,1.74629,0.57000,1.64400,1.62600,1
10739,1.91551,0.57400,1.61400,1.77200,1
10740,1.83033,0.58400,1.64700,1.60700,1
10741,1.69253,0.56800,1.57700,1.59600,1
10742,1.79986,0.58500,1.59700,1.62700,1
10743,1.95729,0.62800,1.59700,1.77800,1
10744,1.68087,0.60400,1.52900,1.58300,1
10745,1.69342,0.62800,1.36800,1.61400,1
10746,1.83210,0.69000,1.28600,1.75600,1
10747,2.28281,0.61000,1.36100,1.62700,1
10748,1.53733,0.58200,1.49800,1.62700,1
10749,1.84135,0.62000,1.62200,1.59200,1
10750,1.64407,0.63400,1.52700,1.57900,1
10751,1.59759,0.60400,1.36400,1.58800,1
10752,1.92143,0.56100,1.31800,1.76900,1
10753,1.82740,0.68000,1.32100,1.60300,1
10754,1.84260,0.71600,1.34200,1.60200,1
10755,1.92306,0.66400,1.43100,1.62400,1
10756,1.59087,0.70900,1.34000,1.59400,1
10757,1.89391,0.58100,1.32000,1.74300,1
10758,1.76205,0.56000,1.29100,1.59400,1
10759,1.95997,0.55500,1.47900,1.58800,1
10760,1.69333,0.55300,1.36700,1.61300,1
10761,2.14041,0.56800,1.42900,1.93500,1
10762,1.98317,0.59600,1.60900,1.63500,1
10763,1.62807,0.60700,1.41800,1.59300,1
10764,1.85750,0.70200,1.38800,1.68800,1
10765,1.58985,0.71500,1.22500,1.59900,1
10766,1.89439,1.02300,1.27300,1.60700,1
10767,1.75020,1.07500,1.23300,1.61000,1
10768,2.12421,0.83700,1.61400,1.59800,1
10769,1.36028,0.74500,1.20900,1.60200,1
10770,2.10085,0.67000,1.32600,1.79800,1
10771,1.69998,0.65700,1.20900,1.62800,1
10772,1.84370,0.68700,1.28600,1.60100,1
10773,1.71209,0.74400,1.22300,1.63100,1
10774,2.61337,0.62900,1.26000,1.59700,1
10775,1.68819,0.61000,2.30000,1.63500,1
10776,1.81483,0.66200,1.22800,1.60100,1
10777,1.83511,0.60900,1.27400,1.59900,1
10778,1.71810,0.65400,1.24800,1.57800,1
10779,1.89569,0.68100,1.21600,1.77600,1
10780,1.80746,0.65000,1.22900,1.57400,1
10781,1.76845,0.67700,1.25800,1.58100,1
10782,1.73641,0.68000,1.20500,1.61600,1
10783,1.95185,0.67100,1.42100,1.58000,1
10784,1.68616,0.67300,1.34700,1.63200,1
10785,1.72594,0.65200,1.25500,1.60000,1
10786,1.76440,0.71900,1.24500,1.58300,1
10787,2.00378,0.69800,1.44200,1.61500,1
10788,1.72004,0.68600,1.38400,1.62800,1
10789,1.87767,0.59000,1.29400,1.77800,1
10790,1.84200,0.59000,1.26600,1.65100,1
10791,1.85489,0.63900,1.29800,1.62600,1
10792,1.79678,0.67700,1.33600,1.60000,1
10793,1.77625,0.67600,1.33600,1.58600,1
10794,2.01175,0.66900,1.42900,1.77000,1
10795,1.95459,0.62300,1.62400,1.59200,1
10796,1.57531,0.62600,1.45600,1.58300,1
10797,1.71141,0.58700,1.38900,1.61100,1
10798,1.96662,0.60600,1.37500,1.78700,1
10799,1.73848,0.65900,1.34400,1.59000,1
10800,1.78086,0.70000,1.35000,1.59600,1
10801,1.76926,0.66400,1.35900,1.59100,1
10802,1.77013,0.66600,1.37100,1.59500,1
10803,1.78719,0.65900,1.33200,1.60300,1
10804,1.84446,0.63500,1.38800,1.61000,1
10805,1.77761,0.73300,1.40500,1.58600,1
10806,1.75893,0.75900,1.35600,1.60100,1
10807,1.95994,0.69500,1.36600,1.79200,1
10808,1.84222,0.66900,1.38300,1.60300,1
10809,1.74555,0.70200,1.36300,1.61300,1
10810,1.77615,0.61100,1.34200,1.60300,1
10811,1.77009,0.62100,1.33800,1.60000,1
10812,1.94168,0.66500,1.35800,1.75000,1
10813,2.60143,0.70300,1.39300,1.64000,1
10814,1.68172,0.78100,1.34100,1.58100,1
10815,1.83759,0.58900,1.36300,1.65300,1
10816,1.94197,0.59400,1.36300,1.77600,1
10817,1.90388,0.60100,1.33200,1.59100,1
10818,1.66281,0.59000,1.34500,1.59300,1
10819,1.72850,0.60600,1.34800,1.58100,1
10820,1.73942,0.56400,1.32200,1.60700,1
10821,2.00214,0.57600,1.50600,1.61800,1
10822,1.55902,0.57800,1.31300,1.59600,1
10823,1.77288,0.56800,1.28200,1.61100,1
10824,1.79241,0.61900,1.29600,1.60400,1
10825,1.99041,0.61300,1.35500,1.77800,1
10826,1.80364,0.59300,1.34700,1.62000,1
10827,1.75296,0.66900,1.31300,1.59400,1
10828,1.79901,0.63600,1.33500,1.58900,1
10829,1.76344,0.63000,1.34200,1.60300,1
10830,1.95400,0.65000,1.39400,1.75400,1
10831,1.72034,0.61100,1.32600,1.60500,1
10832,1.81134,0.60700,1.35200,1.60900,1
10833,1.88862,0.63600,1.45000,1.61200,1
10834,1.92376,0.60700,1.41300,1.78800,1
10835,3.23953,0.61700,1.39800,1.64900,1
10836,1.82727,0.63400,1.38900,1.65600,1
10837,1.70642,0.59900,1.36500,1.59700,1
10838,1.85000,0.57100,1.34700,1.62900,1
10839,1.82434,0.60800,1.41100,1.59200,1
10840,1.77925,0.60800,1.42400,1.59100,1
10841,1.90125,0.66700,1.55900,1.62400,1
10842,1.69549,0.62700,1.43600,1.58600,1
10843,1.86209,0.62000,1.39700,1.78800,1
10844,1.76044,0.58900,1.33400,1.60000,1
10845,1.81008,0.63200,1.35600,1.63200,1
10846,1.82222,0.58900,1.43700,1.58700,1
10847,1.82687,0.61400,1.45900,1.60000,1
10848,1.92682,0.60300,1.44600,1.76600,1
10849,1.78556,0.60000,1.44600,1.62100,1
10850,1.81575,0.59700,1.42400,1.60500,1
10851,1.72325,0.67700,1.36800,1.62300,1
10852,3.39183,0.59200,1.39500,1.82900,1
10853,1.71255,0.69500,1.42700,1.60100,1
10854,1.68426,0.59000,1.37700,1.61200,1
10855,1.85957,0.57500,1.44300,1.59300,1
10856,1.80554,0.57700,1.50200,1.61900,1
10857,1.82933,0.58300,1.51800,1.60600,1
10858,1.72215,0.58600,1.49800,1.56700,1
10859,1.73898,0.61500,1.41900,1.60800,1
10860,1.90063,0.63900,1.37800,1.78100,1
10861,1.71863,0.57500,1.33500,1.58100,1
10862,1.77304,0.56300,1.35100,1.59200,1
10863,1.84051,0.59600,1.35600,1.64600,1
10864,1.77973,0.57500,1.37400,1.60700,1
10865,1.78044,0.57000,1.38300,1.60100,1
10866,1.91158,0.62300,1.33800,1.74600,1
10867,1.79050,0.69400,1.37100,1.59600,1
10868,1.84545,0.60100,1.43900,1.62200,1
10869,1.81406,0.57900,1.46100,1.57300,1
10870,1.86346,0.64500,1.41700,1.76200,1
10871,1.81303,0.59900,1.44600,1.61500,1
10872,1.76336,0.58000,1.40900,1.64900,1
10873,1.73770,0.66800,1.34100,1.61700,1
10874,1.81473,0.88600,1.33400,1.61300,1
10875,1.80669,0.64100,1.37100,1.59800,1
10876,1.74239,0.62600,1.35100,1.60100,1
10877,1.80875,0.58500,1.36600,1.61400,1
10878,1.80128,0.56500,1.38000,1.61300,1
10879,1.98285,0.63200,1.38500,1.81400,1
10880,1.76535,0.61500,1.33300,1.63600,1
10881,1.74309,0.59100,1.31700,1.58600,1
10882,1.77961,0.65000,1.33200,1.58400,1
10883,1.80543,0.79100,1.26800,1.60100,1
10884,1.93303,1.06100,1.27300,1.76300,1
10885,1.76216,0.94500,1.33900,1.57800,1
10886,1.85781,0.76500,1.42100,1.60400,1
10887,1.64344,0.68900,1.30500,1.60300,1
10888,1.94839,0.67100,1.29100,1.78500,1
10889,1.78914,0.62000,1.31200,1.61000,1
10890,2.58191,0.62100,1.29600,1.60500,1
10891,1.76383,0.58700,2.34000,1.63800,1
10892,1.80789,0.61200,1.35300,1.60400,1
10893,1.75273,0.60900,1.29400,1.59500,1
10894,1.80069,0.57900,1.31600,1.60200,1
10895,1.78242,0.56000,1.33100,1.61300,1
10896,1.80900,0.57100,1.32500,1.60700,1
10897,1.96470,0.57600,1.34200,1.78800,1
10898,1.79766,0.56800,1.31600,1.61000,1
10899,1.86764,0.61300,1.43300,1.60200,1
10900,1.74157,0.58900,1.38900,1.60700,1
10901,1.80433,0.56200,1.41200,1.60800,1
10902,1.92721,0.56300,1.41100,1.76700,1
10903,1.89059,0.63100,1.49200,1.60900,1
10904,1.64696,0.57200,1.39900,1.59700,1
10905,1.81791,0.59000,1.37000,1.62100,1
10906,2.00484,0.61400,1.41200,1.80400,1
10907,1.78672,0.55000,1.37900,1.63100,1
10908,1.77683,0.57400,1.39000,1.61000,1
10909,1.83392,0.55800,1.42600,1.61000,1
10910,1.80276,0.57100,1.41000,1.61600,1
10911,1.79358,0.59900,1.40200,1.60800,1
10912,1.78176,0.59700,1.42100,1.62700,1
10913,1.81757,0.63900,1.44900,1.62300,1
10914,2.28531,0.65500,1.90800,1.82100,1
10915,1.59941,0.90500,1.56600,1.82100,1
10916,1.99861,1.17100,1.72600,1.61200,1
10917,1.88061,0.88800,1.89000,1.59800,1
10918,1.55187,0.79500,1.55900,1.59800,1
10919,1.82931,0.70200,1.69400,1.61700,1
10920,1.59977,0.66900,1.40200,1.73700,1
10921,1.77595,0.65900,1.36100,1.61400,1
10922,1.97428,0.61500,1.54000,1.61300,1
10923,1.70212,0.62500,1.49800,1.59200,1
10924,2.06282,0.61700,1.57900,1.80700,1
10925,1.56807,0.61300,1.36600,1.57600,1
10926,1.88934,0.66700,1.42900,1.60800,1
10927,1.74291,0.65300,1.43600,1.64200,1
10928,1.78603,0.63300,1.43900,1.58600,1
10929,2.55977,0.76700,1.50300,1.62000,1
10930,1.94237,0.58700,2.47700,1.65200,1
10931,1.79730,0.60900,1.51500,1.61700,1
10932,1.78437,0.60800,1.50600,1.61100,1
10933,2.11688,0.58100,1.61800,1.81600,1
10934,1.62105,0.58700,1.53600,1.56700,1
10935,1.81501,0.62500,1.50100,1.62300,1
10936,1.72880,0.60700,1.46700,1.59800,1
10937,1.77531,0.62400,1.47100,1.59200,1
10938,3.01021,0.63500,1.75100,1.61900,1
10939,1.55251,0.61400,1.54500,1.61900,1
10940,1.74639,0.66800,1.46800,1.60700,1
10941,1.74023,0.73400,1.39800,1.61900,1
10942,2.13530,0.79600,1.57200,1.80100,1
10943,1.72427,0.77700,1.47000,1.60200,1
10944,1.69955,0.77900,1.40300,1.58800,1
10945,1.82068,0.75700,1.44800,1.58800,1
10946,1.82633,0.73800,1.50400,1.62300,1
10947,1.81063,0.75100,1.50500,1.59600,1
10948,1.74923,0.74900,1.46800,1.62100,1
10949,1.79474,0.71800,1.46700,1.62000,1
10950,1.74607,0.60200,1.44200,1.61800,1
10951,2.13850,0.59100,1.61400,1.79900,1
10952,1.74706,0.61500,1.58500,1.58900,1
10953,1.63143,0.70800,1.39500,1.64400,1
10954,1.78239,0.65500,1.37800,1.60000,1
10955,1.95489,0.65100,1.55300,1.61200,1
10956,2.04971,0.65200,1.69000,1.77800,1
10957,1.74585,0.63600,1.67300,1.59300,1
10958,1.74202,0.62200,1.59100,1.61900,1
10959,1.84236,0.66600,1.63000,1.65500,1
10960,1.77395,0.66700,1.43200,1.78200,1
10961,1.75811,0.64300,1.37200,1.59600,1
10962,1.84063,0.65400,1.38900,1.62600,1
10963,1.82664,0.65900,1.42700,1.62200,1
10964,1.70295,0.63500,1.36700,1.61200,1
10965,1.91467,0.64300,1.49800,1.59900,1
10966,1.69686,0.65500,1.44300,1.58300,1
10967,1.73713,0.61900,1.37300,1.62000,1
10968,1.79961,0.64300,1.39100,1.62100,1
10969,2.85521,0.70700,1.48000,1.79400,1
10970,1.63773,0.68000,1.40600,1.59400,1
10971,1.75922,0.61100,1.35300,1.61300,1
10972,1.82855,0.66000,1.39400,1.61300,1
10973,1.76109,0.60500,1.37500,1.59100,1
10974,2.09512,0.60300,1.53800,1.78100,1
10975,1.67500,0.60500,1.45500,1.59400,1
10976,1.74625,0.59300,1.40700,1.59300,1
10977,1.79069,0.62800,1.39900,1.63700,1
10978,2.00062,0.68300,1.42800,1.79100,1
10979,1.78967,0.61300,1.43000,1.60700,1
10980,1.77416,0.61300,1.40800,1.63400,1
10981,1.85777,0.64700,1.45000,1.60500,1
10982,1.66312,0.60200,1.38100,1.60100,1
10983,1.88034,0.62000,1.44800,1.62200,1
10984,1.68962,0.63700,1.36900,1.60500,1
10985,1.83654,0.64400,1.38800,1.60500,1
10986,2.29645,0.62600,1.89900,1.77000,1
10987,1.72019,0.71100,1.71400,1.77000,1
10988,1.63180,0.60300,1.62900,1.62200,1
10989,1.80113,0.62700,1.59100,1.59700,1
10990,1.72920,0.67200,1.54700,1.61300,1
10991,1.92466,0.62800,1.68600,1.62700,1
10992,1.89662,0.61800,1.73700,1.60900,1
10993,1.83366,0.65500,1.59500,1.79200,1
10994,1.92480,0.66800,1.72400,1.59300,1
10995,1.51111,0.69000,1.45400,1.59300,1
10996,1.74124,0.71400,1.36900,1.62700,1
10997,1.95769,0.60800,1.34300,1.80200,1
10998,1.82044,0.58600,1.32400,1.62600,1
10999,1.83802,0.66000,1.30300,1.64400,1
11000,1.74787,0.80500,1.31200,1.59200,1
11001,1.74464,0.68000,1.27900,1.61500,1
11002,1.78192,0.65300,1.27300,1.61200,1
11003,1.74253,0.66600,1.24000,1.60300,1
11004,1.91395,0.65000,1.36600,1.60400,1
11005,1.83563,0.74900,1.57200,1.59700,1
11006,1.84466,0.67600,1.32100,1.79600,1
11007,1.78675,0.75900,1.35000,1.59600,1
11008,1.73349,0.66300,1.28700,1.59800,1
11009,3.00513,0.66900,1.25600,1.62800,1
11010,1.88623,0.69500,1.27100,1.74800,1
11011,1.84131,0.68100,1.27600,1.60900,1
11012,1.75042,0.72600,1.30200,1.59800,1
11013,2.19086,0.61700,1.80200,1.64200,1
11014,1.80872,0.62300,1.68500,1.81600,1
11015,1.72242,0.65200,1.55200,1.60000,1
11016,1.74095,0.62200,1.49700,1.61600,1
11017,1.98554,0.61200,1.52600,1.75600,1
11018,1.68562,0.59700,1.43400,1.59600,1
11019,1.71863,0.61600,1.36200,1.62000,1
11020,1.76036,0.60700,1.31700,1.59200,1
11021,1.79083,0.59200,1.28200,1.60800,1
11022,1.79218,1.37700,1.27000,1.60200,1
11023,1.94872,1.10200,1.31400,1.76600,1
11024,1.67541,0.96000,1.23200,1.60600,1
11025,1.82841,0.82000,1.25500,1.60900,1
11026,1.82477,0.76000,1.32600,1.62200,1
11027,1.72528,0.69700,1.24000,1.62300,1
11028,1.73042,0.71000,1.21500,1.58800,1
11029,1.92398,0.66300,1.22500,1.76500,1
11030,1.77733,0.64800,1.22400,1.61500,1
11031,1.85204,0.65200,1.29400,1.59000,1
11032,2.35435,0.71400,1.62700,1.92900,1
11033,1.96159,0.69300,1.88700,1.60800,1
11034,1.71023,0.67800,1.70000,1.60800,1
11035,1.65900,0.66900,1.53700,1.63600,1
11036,1.67477,0.73100,1.44600,1.60400,1
11037,1.84379,0.62700,1.52000,1.60400,1
11038,1.71026,0.60000,1.41900,1.60900,1
11039,1.78728,0.60200,1.42000,1.62100,1
11040,1.75680,0.57900,1.39000,1.60700,1
11041,2.47669,0.59700,1.40700,1.60000,1
11042,2.42888,0.60100,2.44400,1.86100,1
11043,1.99940,0.74300,1.72500,1.57800,1
11044,1.73031,0.79700,1.71300,1.57800,1
11045,1.55591,0.68900,1.46800,1.58500,1
11046,2.00770,0.68300,1.46900,1.76700,1
11047,1.74132,0.65400,1.42600,1.62900,1
11048,2.67193,0.68000,1.61700,1.62100,1
11049,2.19366,0.64500,2.68100,1.64600,1
11050,1.64801,0.71000,1.49000,1.59100,1
11051,1.88753,0.67000,1.56300,1.61600,1
11052,1.73234,0.61100,1.45300,1.62400,1
11053,1.74103,0.92700,1.41200,1.60800,1
11054,1.77728,0.95200,1.39200,1.62000,1
11055,1.74818,0.90000,1.39000,1.58500,1
11056,1.73363,0.81100,1.31300,1.61300,1
11057,1.82146,0.72700,1.35000,1.62200,1
11058,1.82679,0.61600,1.40000,1.59700,1
11059,1.97140,1.36600,1.41300,1.77800,1
11060,1.76555,0.90600,1.43300,1.60000,1
11061,1.78625,0.66500,1.43100,1.60500,1
11062,1.80621,0.64300,1.48200,1.59100,1
11063,1.70958,0.58000,1.41400,1.57900,1
11064,1.93989,0.60500,1.45800,1.75600,1
11065,1.79104,0.62500,1.43800,1.61200,1
11066,1.92582,0.57200,1.56900,1.60800,1
11067,1.67464,0.59800,1.43700,1.59400,1
11068,1.88596,1.09700,1.36100,1.60100,1
11069,1.79297,1.25300,1.40500,1.60100,1
11070,1.79648,1.16400,1.45100,1.59300,1
11071,1.78800,1.16500,1.37200,1.59300,1
11072,1.83971,1.13800,1.40600,1.61200,1
11073,1.70420,0.75400,1.36400,1.61300,1
11074,1.78132,0.68700,1.35100,1.59600,1
11075,1.84927,0.65400,1.46400,1.57400,1
11076,1.74647,0.62200,1.44200,1.60500,1
11077,1.93971,0.61200,1.38700,1.77500,1
11078,1.81803,0.63300,1.40800,1.61300,1
11079,1.74807,0.71400,1.35000,1.59500,1
11080,1.81398,0.64800,1.39700,1.64000,1
11081,1.88554,0.69600,1.50700,1.59800,1
11082,2.03069,0.63200,1.87700,1.61000,1
11083,1.78712,0.66400,1.69200,1.74200,1
11084,1.71415,0.61800,1.55100,1.61500,1
11085,1.63499,0.63200,1.43800,1.59300,1
11086,2.16195,0.59600,1.60000,1.78200,1
11087,2.30532,0.65000,1.50000,1.61000,1
11088,2.42772,0.67300,2.41300,1.66700,1
11089,1.72375,0.62300,1.45900,1.60000,1
11090,1.63616,0.62800,1.33900,1.58200,1
11091,1.85535,0.60400,1.36900,1.61400,1
11092,1.84104,0.57200,1.42700,1.60600,1
11093,2.07409,0.60400,1.98400,1.60100,1
11094,1.54106,0.62000,1.47100,1.60100,1
11095,1.93727,0.62600,1.42000,1.82000,1
11096,1.75158,0.62600,1.45400,1.57900,1
11097,1.85597,0.62400,1.46000,1.62200,1
11098,1.77319,0.62100,1.49900,1.59000,1
11099,1.76170,0.60400,1.46500,1.62900,1
11100,1.81578,0.56900,1.47900,1.61600,1
11101,1.89784,0.56000,1.44800,1.76200,1
11102,1.79510,0.55200,1.48200,1.59900,1
11103,1.74463,0.54000,1.43400,1.59300,1
11104,1.90986,0.65200,1.36300,1.79800,1
11105,1.76796,0.61500,1.32700,1.61000,1
11106,1.76993,0.59800,1.32100,1.58500,1
11107,1.97623,0.60100,1.47300,1.61400,1
11108,1.84262,0.80500,1.59300,1.61400,1
11109,1.81899,0.75200,1.60300,1.60000,1
11110,1.94812,0.73500,1.91300,1.58200,1
11111,1.67553,0.68000,1.67100,1.60700,1
11112,1.66213,0.64700,1.62400,1.60700,1
11113,1.72930,0.65900,1.57200,1.58000,1
11114,1.91484,0.68400,1.51900,1.79800,1
11115,1.87828,0.68700,1.67000,1.58700,1
11116,1.68648,0.68500,1.68600,1.59100,1
11117,1.78943,0.61300,1.66300,1.60400,1
11118,2.25834,0.59600,2.24200,1.75600,1
11119,1.61957,0.58900,1.62100,1.75600,1
11120,1.64519,0.56200,1.62300,1.62600,1
11121,1.66323,0.67000,1.54000,1.60000,1
11122,2.74036,0.65900,2.71800,1.79100,1
11123,2.08078,0.76100,2.07500,1.63100,1
11124,2.10363,0.78800,2.09500,1.64100,1
11125,2.08746,0.80800,2.08200,1.62800,1
11126,1.91733,0.71700,1.57600,1.62800,1
11127,2.48382,0.60700,2.18200,1.59700,1
11128,1.63805,0.61600,1.57400,1.59700,1
11129,1.78310,0.62600,1.52500,1.61900,1
11130,1.93211,0.62200,1.48000,1.78300,1
11131,1.78833,0.58500,1.47100,1.62200,1
11132,1.78893,0.56500,1.45800,1.59700,1
11133,1.84681,0.57500,1.46500,1.67100,1
11134,1.73811,0.57700,1.42900,1.61200,1
11135,1.92490,0.55400,1.54700,1.60400,1
11136,1.94738,0.55800,1.56800,1.76400,1
11137,1.72355,0.57700,1.50800,1.60600,1
11138,1.71606,0.56600,1.41500,1.63800,1
11139,1.78445,0.57200,1.38200,1.61200,1
11140,1.99181,0.57600,1.41200,1.78100,1
11141,1.76059,0.60800,1.36900,1.63200,1
11142,1.91880,0.61300,1.48300,1.60900,1
11143,1.67504,0.57500,1.40400,1.60700,1
11144,3.30077,0.58500,1.40500,1.64700,1
11145,1.73405,0.58100,1.39200,1.57300,1
11146,1.81904,0.63700,1.42600,1.62400,1
11147,1.73901,0.63900,1.39100,1.60200,1
11148,1.94821,0.59500,1.38000,1.78000,1
11149,2.01383,0.63000,1.64100,1.59600,1
11150,1.52308,0.60900,1.38900,1.59800,1
11151,1.83500,0.60200,1.40700,1.61500,1
11152,1.76503,0.58100,1.38300,1.61600,1
11153,1.93340,0.57900,1.39100,1.75300,1
11154,1.79586,0.61500,1.37900,1.59800,1
11155,1.91791,0.63000,1.53200,1.57700,1
11156,1.68144,0.61100,1.44900,1.61200,1
11157,1.93055,0.62800,1.45100,1.77200,1
11158,1.72632,0.64400,1.41400,1.58900,1
11159,1.80001,0.63200,1.45000,1.57700,1
11160,1.82944,0.62400,1.43400,1.66600,1
11161,2.00845,0.60700,1.61700,1.60400,1
11162,1.71311,0.76800,1.58600,1.60400,1
11163,1.60408,0.72400,1.47000,1.57900,1
11164,1.72898,0.70700,1.39300,1.61800,1
11165,3.23341,0.70500,1.42400,1.58500,1
11166,2.06296,0.63000,1.63700,1.60700,1
11167,1.75286,0.64700,1.65500,1.57700,1
11168,1.53948,0.58000,1.40800,1.59600,1
11169,1.73210,0.57900,1.37400,1.57500,1
11170,1.72140,0.57700,1.31200,1.60700,1
11171,1.95198,0.56600,1.35900,1.72100,1
11172,1.93038,0.61100,1.51500,1.61600,1
11173,1.60180,0.59100,1.37900,1.59500,1
11174,1.80898,0.58100,1.33300,1.64800,1
11175,1.93035,0.61600,1.35500,1.76600,1
11176,2.01956,0.58000,1.49500,1.58400,1
11177,1.54436,0.55600,1.40300,1.60200,1
11178,1.74755,0.58100,1.33600,1.62200,1
11179,1.77366,0.55700,1.33200,1.59000,1
11180,1.76705,0.55700,1.34500,1.59000,1
11181,1.79201,0.56300,1.35500,1.59200,1
11182,1.73960,0.56500,1.32600,1.59900,1
11183,1.82381,0.55800,1.35800,1.60100,1
11184,2.08996,0.58100,1.50600,1.80000,1
11185,1.75038,0.56400,1.48900,1.59900,1
11186,1.77980,0.57600,1.53700,1.59500,1
11187,1.67375,0.59400,1.34600,1.62700,1
11188,1.83969,0.57300,1.36500,1.60900,1
11189,1.76170,0.70400,1.36600,1.59400,1
11190,1.92995,0.72400,1.37600,1.76100,1
11191,1.80716,0.65000,1.39400,1.60000,1
11192,1.78387,0.60900,1.38500,1.61400,1
11193,2.01996,0.58900,1.47000,1.76200,1
11194,1.77449,0.59900,1.45600,1.60800,1
11195,1.92907,0.58800,1.59300,1.61700,1
11196,1.63277,0.58200,1.45900,1.58800,1
11197,1.74890,0.58400,1.42400,1.61600,1
11198,1.78886,0.56100,1.46400,1.61000,1
11199,1.88153,0.58100,1.58400,1.58600,1
11200,1.61576,0.55900,1.42600,1.59700,1
11201,1.77464,0.58100,1.40000,1.60000,1
11202,1.75064,0.59000,1.37500,1.61900,1
11203,1.96580,0.61900,1.38100,1.77000,1
11204,3.23420,0.65600,1.42300,1.65700,1
11205,1.67325,0.61700,1.32700,1.59500,1
11206,1.83105,0.80700,1.35200,1.60500,1
11207,1.77456,0.76800,1.36600,1.61700,1
11208,1.96083,0.67600,1.39500,1.77800,1
11209,1.71520,0.60300,1.30000,1.62000,1
11210,1.89661,0.57500,1.35800,1.65800,1
11211,1.92838,0.60900,1.37300,1.78000,1
11212,1.73541,0.59600,1.34900,1.58100,1
11213,1.91367,0.59900,1.42500,1.61100,1
11214,1.69726,0.64300,1.40100,1.63300,1
11215,1.71544,0.58900,1.31500,1.59700,1
11216,1.95203,0.57700,1.47600,1.58700,1
11217,1.68669,0.60800,1.38400,1.61300,1
11218,1.82439,0.60400,1.40500,1.61800,1
11219,1.63011,0.62100,1.26900,1.61300,1
11220,2.00183,0.60100,1.28700,1.80100,1
11221,1.85430,0.60100,1.33500,1.59600,1
11222,1.81461,0.61800,1.39400,1.60100,1
11223,1.86177,0.66900,1.47700,1.63000,1
11224,1.66213,0.70600,1.35500,1.61100,1
11225,1.92844,0.57600,1.33200,1.74300,1
11226,1.77549,0.58100,1.33400,1.61900,1
11227,1.81169,0.56700,1.38200,1.60500,1
11228,1.92657,0.57000,1.48900,1.62200,1
11229,1.79411,0.61800,1.32400,1.78800,1
11230,1.75927,0.62000,1.35200,1.58900,1
11231,1.91565,0.61300,1.44700,1.61000,1
11232,1.68422,0.64300,1.34400,1.64700,1
11233,1.92822,0.82400,1.40700,1.64600,1
11234,1.80431,0.67600,1.44400,1.60400,1
11235,1.70138,0.62600,1.34900,1.62600,1
11236,1.82458,0.61900,1.38900,1.59200,1
11237,1.67138,1.21500,1.31800,1.59200,1
11238,1.77780,0.72100,1.32900,1.60000,1
11239,1.92196,0.68800,1.27700,1.80000,1
11240,1.77039,0.61700,1.27100,1.59400,1
11241,1.83676,0.62900,1.30100,1.62400,1
11242,1.78706,0.60300,1.31500,1.59700,1
11243,1.94400,0.66800,1.51300,1.59900,1
11244,2.25035,0.65000,1.39500,1.76500,1
11245,1.74857,0.61000,1.38000,1.59200,1
11246,1.79241,0.61300,1.35100,1.64400,1
11247,1.77999,0.58700,1.35600,1.60600,1
11248,2.41829,0.60000,1.37200,1.79200,1
11249,1.86720,0.59100,1.46500,1.59400,1
11250,1.78181,0.60700,1.47300,1.62000,1
11251,1.76693,0.59200,1.48300,1.61700,1
11252,1.84496,0.62500,1.50800,1.61400,1
11253,1.80957,0.60100,1.66200,1.60400,1
11254,1.73292,0.57000,1.55000,1.62700,1
11255,1.71642,0.57800,1.48800,1.59700,1
11256,1.76224,0.63400,1.42800,1.60400,1
11257,1.97751,0.67800,1.42200,1.78700,1
11258,1.70956,0.74100,1.33100,1.61200,1
11259,1.84942,0.60700,1.36400,1.63200,1
11260,1.75054,0.58500,1.31200,1.63200,1
11261,1.77980,0.56900,1.27600,1.62800,1
11262,2.05884,0.68300,1.39600,1.76600,1
11263,2.05478,0.69000,1.58000,1.60900,1
11264,1.80318,0.80200,1.77700,1.62100,1
11265,1.70330,0.72500,1.69100,1.62100,1
11266,1.91459,0.78500,1.58900,1.80400,1
11267,1.72489,0.70200,1.48800,1.61700,1
11268,1.78301,0.62600,1.42200,1.63100,1
11269,1.76626,0.63700,1.42400,1.61000,1
11270,1.83694,0.62100,1.47200,1.60400,1
11271,1.62243,0.66500,1.37200,1.58800,1
11272,1.75394,0.67300,1.30500,1.61200,1
11273,1.74936,0.66200,1.30900,1.59200,1
11274,1.76074,0.66400,1.30400,1.60300,1
11275,2.16617,0.86700,1.45400,1.77700,1
11276,1.81221,0.92400,1.51700,1.61000,1
11277,1.65308,0.80300,1.38200,1.62300,1
11278,1.73321,0.74500,1.40000,1.61000,1
11279,1.74034,0.68700,1.27900,1.61400,1
11280,2.08060,0.71300,1.45100,1.78400,1
11281,1.70769,0.62100,1.36700,1.62800,1
11282,1.80695,0.57100,1.38300,1.60700,1
11283,2.55184,0.56500,1.35400,1.64400,1
11284,1.80861,0.56600,2.40400,1.80100,1
11285,1.84240,0.56600,1.34100,1.60400,1
11286,1.75826,0.55700,1.29700,1.64100,1
11287,1.84394,0.56600,1.36600,1.63400,1
11288,1.95057,0.59300,1.49600,1.61800,1
11289,1.65605,0.61100,1.42500,1.60900,1
11290,1.77564,0.67100,1.37400,1.61300,1
11291,1.80811,0.58300,1.41100,1.61400,1
11292,1.70508,0.62400,1.37900,1.57300,1
11293,2.04702,0.78600,1.38000,1.81200,1
11294,1.94704,1.11000,1.51900,1.62800,1
11295,1.73372,1.02700,1.47900,1.63600,1
11296,1.96234,0.84600,1.60800,1.62400,1
11297,1.63277,0.77700,1.44400,1.62400,1
11298,1.90347,0.79200,1.48100,1.75800,1
11299,1.64709,0.68900,1.40700,1.58400,1
11300,1.79570,0.67500,1.39300,1.60000,1
11301,1.84207,0.64900,1.41200,1.64300,1
11302,1.95296,0.66000,1.39400,1.81300,1
11303,1.77228,0.62200,1.41900,1.59600,1
11304,1.74469,0.63300,1.34600,1.59800,1
11305,1.86575,0.59200,1.42500,1.64000,1
11306,1.70878,0.63400,1.36400,1.60300,1
11307,1.74097,0.63100,1.32200,1.59600,1
11308,1.82486,0.57400,1.39700,1.62300,1
11309,1.79121,0.65600,1.40300,1.60200,1
11310,1.77505,0.58200,1.41600,1.60000,1
11311,1.84138,0.63600,1.33200,1.77200,1
11312,1.81970,0.76300,1.35300,1.61300,1
11313,2.10863,0.60900,1.70300,1.59300,1
11314,1.69142,0.59900,1.68500,1.59300,1
11315,1.65656,0.57100,1.54500,1.61500,1
11316,1.88694,0.58400,1.61600,1.62600,1
11317,1.79104,0.59000,1.45500,1.77000,1
11318,1.82933,0.63600,1.47100,1.64000,1
11319,1.82351,0.56200,1.50800,1.63400,1
11320,1.67339,0.59400,1.37100,1.61500,1
11321,2.00227,0.61300,1.39600,1.78900,1
11322,1.75282,0.61000,1.35400,1.63000,1
11323,3.12116,0.58000,1.41700,1.64500,1
11324,1.74557,0.55200,1.32600,1.60700,1
11325,1.76707,0.55100,1.33700,1.59400,1
11326,1.75344,0.56800,1.28000,1.61800,1
11327,1.76539,0.55900,1.25200,1.59700,1
11328,1.73664,0.73600,1.27100,1.57500,1
11329,2.24953,0.63100,1.54000,1.79800,1
11330,1.55693,0.57900,1.38100,1.61300,1
11331,1.80518,0.58400,1.31100,1.59400,1
11332,1.74674,0.56700,1.32400,1.57400,1
11333,1.73348,0.58500,1.26100,1.60700,1
11334,1.93773,0.58800,1.31400,1.73500,1
11335,1.72597,0.56500,1.26600,1.59600,1
11336,1.80072,0.56000,1.25200,1.60700,1
11337,1.77790,0.72200,1.27400,1.61300,1
11338,1.98870,0.63600,1.31200,1.80700,1
11339,1.77874,0.56800,1.30000,1.59700,1
11340,1.75796,0.57600,1.27600,1.59000,1
11341,1.95375,0.65300,1.43700,1.63700,1
11342,1.75050,0.62600,1.38100,1.59500,1
11343,2.20524,0.59300,1.73200,1.60600,1
11344,1.89041,0.60200,1.95000,1.62700,1
11345,1.65727,0.64600,1.63600,1.62600,1
11346,1.43788,0.72100,1.42400,1.62600,1
11347,1.70459,0.65400,1.36400,1.61600,1
11348,1.99144,0.62900,1.36900,1.80500,1
11349,1.79037,0.64600,1.41700,1.61500,1
11350,1.76421,0.62000,1.36700,1.63000,1
11351,2.43481,0.59900,1.33700,1.63600,1
11352,1.94058,0.57700,1.37800,1.76700,1
11353,1.76763,0.61800,1.39000,1.58400,1
11354,1.71062,0.63900,1.29400,1.62200,1
11355,2.01511,0.95400,1.46900,1.64800,1
11356,2.07257,0.66300,1.64400,1.82000,1
11357,1.69868,0.63100,1.53200,1.62000,1
11358,1.78490,0.62500,1.50500,1.58400,1
11359,1.77621,0.71500,1.47900,1.64500,1
11360,1.76284,0.66100,1.44100,1.60400,1
11361,1.70020,0.62800,1.35000,1.60600,1
11362,2.64087,0.63200,1.38900,1.59800,1
11363,1.86259,0.61700,2.47600,1.64400,1
11364,1.75569,0.60600,1.35200,1.59400,1
11365,1.98350,0.62700,1.40000,1.78200,1
11366,1.72223,0.61800,1.36000,1.58600,1
11367,1.80585,0.61500,1.36500,1.59100,1
11368,1.80189,0.62700,1.36900,1.60800,1
11369,1.77061,0.62700,1.36400,1.61400,1
11370,1.90912,0.58100,1.47100,1.60500,1
11371,1.79625,0.60800,1.34900,1.77100,1
11372,1.72529,0.60300,1.31300,1.59200,1
11373,1.86189,0.59900,1.34200,1.63800,1
11374,2.35879,0.68100,1.47200,1.60700,1
11375,1.50298,1.15500,1.46200,1.59200,1
11376,1.66458,1.29000,1.37200,1.59200,1
11377,1.80880,1.21200,1.36300,1.62300,1
11378,1.93420,1.15000,1.46100,1.62900,1
11379,1.95591,1.26500,1.47600,1.58500,1
11380,1.62283,1.31100,1.48100,1.58500,1
11381,1.69839,1.08400,1.40600,1.62000,1
11382,1.83873,0.87900,1.50300,1.58500,1
11383,1.92204,0.87200,1.42800,1.77700,1
11384,1.76176,0.98900,1.44400,1.61400,1
11385,1.87781,0.74400,1.48100,1.59400,1
11386,1.79881,0.69700,1.47700,1.62400,1
11387,1.64232,0.65600,1.40300,1.59800,1
11388,1.77698,0.61200,1.40100,1.61300,1
11389,1.95471,0.58300,1.43800,1.75200,1
11390,1.74237,0.58200,1.41800,1.58900,1
11391,1.75811,0.59000,1.38700,1.61000,1
11392,1.74228,0.56800,1.35200,1.60100,1
11393,2.00216,0.58500,1.38900,1.79600,1
11394,1.83992,0.58100,1.41800,1.59500,1
11395,1.92577,0.54900,1.52500,1.64500,1
11396,1.60299,0.65500,1.37900,1.59300,1
11397,1.77936,0.60600,1.35800,1.60800,1
11398,1.82192,0.56900,1.46000,1.59300,1
11399,1.75433,0.55300,1.40500,1.61000,1
11400,1.69522,0.56900,1.34500,1.58800,1
11401,2.78429,0.55700,1.38300,1.58700,1
11402,1.76739,0.56600,2.58200,1.84000,1
11403,1.78234,0.56500,1.41900,1.58600,1
11404,1.87528,0.55700,1.48500,1.61200,1
11405,1.87193,0.58500,1.72200,1.60400,1
11406,1.75318,0.61800,1.67100,1.58900,1
11407,1.85419,0.58400,1.52800,1.78800,1
11408,1.82281,0.65700,1.56100,1.61600,1
11409,1.68484,0.62000,1.48900,1.61100,1
11410,1.84675,0.64600,1.48800,1.61300,1
11411,1.91160,0.64300,1.46200,1.77600,1
11412,1.93734,0.59600,1.61300,1.62600,1
11413,1.67234,0.57400,1.48600,1.60000,1
11414,1.77768,0.55200,1.46200,1.61400,1
11415,1.78632,0.54700,1.43400,1.61300,1
11416,1.78425,0.56000,1.43900,1.60800,1
11417,1.71363,0.54500,1.38400,1.60300,1
11418,1.82497,0.54500,1.42700,1.61200,1
11419,1.94740,0.57400,1.94200,1.59000,1
11420,1.70238,0.56400,1.37100,1.78000,1
11421,1.87394,0.55000,1.45900,1.60200,1
11422,1.71403,0.54300,1.41600,1.59400,1
11423,1.78973,0.52500,1.42900,1.61900,1
11424,1.75945,0.54800,1.39000,1.60300,1
11425,1.93972,0.54700,1.41400,1.75500,1
11426,1.84220,0.53900,1.47400,1.59800,1
11427,1.66063,0.55600,1.35600,1.60000,1
11428,1.80679,0.55600,1.35000,1.63500,1
11429,1.97712,0.57000,1.36600,1.77100,1
11430,1.77371,0.60000,1.33500,1.60800,1
11431,1.86592,0.59500,1.42200,1.63100,1
11432,1.61217,0.57900,1.28900,1.59700,1
11433,1.82197,0.57300,1.31600,1.61400,1
11434,1.77498,0.59400,1.35200,1.58000,1
11435,1.74879,0.66100,1.32500,1.60000,1
11436,1.73511,0.62100,1.33900,1.56300,1
11437,1.76821,0.56300,1.33700,1.60300,1
11438,1.95622,0.56200,1.35000,1.77100,1
11439,2.62625,0.57800,1.28700,1.59200,1
11440,1.71386,0.55900,2.43500,1.62500,1
11441,1.74767,0.55700,1.22000,1.59800,1
11442,1.89056,0.55700,1.32400,1.59900,1
11443,1.80110,0.55700,1.22900,1.75200,1
11444,1.82398,0.55000,1.24500,1.62200,1
11445,1.74374,0.56700,1.21700,1.58500,1
11446,1.84225,0.52400,1.24200,1.63700,1
11447,1.90603,0.56600,1.21100,1.76800,1
11448,1.84910,0.55800,1.22100,1.60400,1
11449,1.75907,0.59600,1.20500,1.61100,1
11450,1.79756,0.58100,1.21100,1.61400,1
11451,1.72097,0.62600,1.19600,1.58300,1
11452,1.84352,0.65600,1.27800,1.58700,1
11453,2.57839,0.54900,1.25600,1.60500,1
11454,1.80972,0.62100,2.39800,1.61600,1
11455,1.68642,0.66600,1.26900,1.59100,1
11456,2.06109,0.64000,1.36100,1.79700,1
11457,1.73808,0.56700,1.33600,1.59700,1
11458,1.69851,0.54600,1.26200,1.62000,1
11459,2.03263,0.53000,1.46800,1.60300,1
11460,1.71181,0.54600,1.40500,1.61500,1
11461,1.99996,0.56300,1.47200,1.77000,1
11462,2.13500,0.54000,2.06400,1.59600,1
11463,1.53958,0.55700,1.52900,1.59600,1
11464,1.58689,0.56200,1.40700,1.62200,1
11465,1.99836,0.55900,1.49800,1.77900,1
11466,1.64503,0.54400,1.34500,1.58700,1
11467,1.85272,0.53500,1.43400,1.61900,1
11468,1.83041,0.55100,1.45200,1.62200,1
11469,1.55370,0.59400,1.22100,1.60800,1
11470,1.77709,0.59000,1.18400,1.61600,1
11471,1.76110,0.55500,1.20500,1.57900,1
11472,1.76382,0.59900,1.23100,1.58900,1
11473,1.76548,0.57500,1.22700,1.58300,1
11474,1.93080,0.62200,1.18800,1.78600,1
11475,1.96894,0.52900,1.33400,1.64300,1
11476,1.65008,0.53900,1.22700,1.61900,1
11477,1.76932,0.54700,1.19300,1.62000,1
11478,2.97350,0.54600,1.19700,1.58300,1
11479,1.91930,0.59000,1.19900,1.75400,1
11480,1.82706,0.56400,1.24300,1.58500,1
11481,1.84235,0.55900,1.31500,1.59000,1
11482,1.65276,0.53500,1.20000,1.63400,1
11483,1.90650,0.56500,1.14400,1.78200,1
11484,1.84699,0.55000,1.23200,1.58700,1
11485,1.70214,0.52600,1.20400,1.59900,1
11486,1.93768,0.54500,1.35300,1.59900,1
11487,1.73171,0.52200,1.34200,1.60800,1
11488,1.76630,0.57500,1.33700,1.59400,1
11489,1.72904,0.52700,1.31300,1.58700,1
11490,1.80970,0.56700,1.32800,1.60400,1
11491,1.80369,0.59500,1.33100,1.60900,1
11492,1.93427,0.56400,1.29600,1.79900,1
11493,1.76471,0.62100,1.29700,1.60500,1
11494,1.83543,0.59100,1.30000,1.59300,1
11495,1.90470,0.55300,1.44700,1.62200,1
11496,1.67153,0.56400,1.37100,1.59500,1
11497,1.76912,0.85600,1.33600,1.61600,1
11498,1.95542,0.54100,1.37300,1.79400,1
11499,1.71794,0.55800,1.30600,1.59300,1
11500,1.81305,0.55900,1.29600,1.63900,1
11501,1.96853,0.57600,1.35000,1.76300,1
11502,1.79887,0.56200,1.36100,1.60500,1
11503,1.73333,0.54600,1.30900,1.60800,1
11504,1.92627,0.54400,1.40200,1.62500,1
11505,1.65046,0.54300,1.31000,1.58500,1
11506,1.76223,0.56600,1.27400,1.60900,1
11507,1.73872,0.54800,1.28500,1.56900,1
11508,1.86403,0.55800,1.36200,1.60000,1
11509,1.73942,0.58600,1.33600,1.60200,1
11510,1.74688,0.55700,1.33300,1.60600,1
11511,1.91617,0.56900,1.28600,1.79900,1
11512,1.83468,0.55500,1.34000,1.60700,1
11513,1.72619,0.52900,1.29500,1.64200,1
11514,1.84527,0.52700,1.29000,1.60500,1
11515,1.72596,0.55800,1.27700,1.60300,1
11516,1.92421,0.55800,1.28300,1.74300,1
11517,2.33574,0.56500,1.32800,1.60200,1
11518,2.15855,0.53900,2.07800,1.62200,1
11519,1.96993,0.56700,1.32900,1.76800,1
11520,1.72215,0.58000,1.26100,1.59200,1
11521,1.82130,0.55700,1.29700,1.61600,1
11522,1.92581,0.52900,1.31900,1.62600,1
11523,1.66580,0.53700,1.30100,1.59000,1
11524,1.70390,0.52600,1.26500,1.60000,1
11525,1.84699,0.52500,1.25300,1.57800,1
11526,1.78137,0.55500,1.26800,1.58900,1
11527,1.67268,0.54400,1.27800,1.58200,1
11528,1.79266,0.56000,1.27700,1.60300,1
11529,1.94704,0.61500,1.30000,1.77400,1
11530,1.77071,0.68000,1.30500,1.60900,1
11531,1.82250,0.60300,1.33700,1.63800,1
11532,1.76319,0.62400,1.30800,1.60700,1
11533,1.88176,0.55800,1.41100,1.61600,1
11534,1.85407,0.54900,1.34300,1.76400,1
11535,1.79788,0.57700,1.33400,1.59500,1
11536,1.78517,0.60200,1.30300,1.60500,1
11537,1.78191,0.79000,1.31200,1.60000,1
11538,2.36582,0.67100,2.36500,1.79600,1
11539,1.64139,0.61300,1.30700,1.58100,1
11540,1.69277,0.58000,1.26100,1.60400,1
11541,1.83909,0.59200,1.31600,1.62100,1
11542,1.78771,0.61600,1.32900,1.59800,1
11543,1.77931,0.59500,1.32800,1.58800,1
11544,1.84327,0.60200,1.37400,1.60600,1
11545,1.77966,0.64100,1.42600,1.62100,1
11546,1.84782,0.64400,1.51000,1.63200,1
11547,1.96122,0.62600,1.40900,1.82900,1
11548,1.93236,0.59500,1.42100,1.63100,1
11549,1.74314,0.65500,1.55900,1.60400,1
11550,1.82197,0.60300,1.57800,1.61100,1
11551,1.78507,0.56100,1.56600,1.60000,1
11552,1.96008,0.61700,1.62000,1.75600,1
11553,1.74946,0.64500,1.61400,1.59500,1
11554,1.83928,0.56900,1.62600,1.60600,1
11555,1.62518,0.57500,1.51000,1.61100,1
11556,4.46042,0.58800,1.47200,1.81800,1
11557,1.96317,0.56100,4.27700,1.71600,1
11558,1.86708,0.62200,1.63200,1.59400,1
11559,1.72509,0.59600,1.57100,1.59200,1
11560,1.75735,0.56500,1.55000,1.60900,1
11561,1.74845,0.58500,1.50600,1.60700,1
11562,1.84700,0.56500,1.53000,1.61600,1
11563,1.65874,0.56400,1.36800,1.60300,1
11564,1.92741,0.56400,1.34200,1.77900,1
11565,1.74446,0.54800,1.32000,1.59800,1
11566,1.76512,0.58800,1.29600,1.61100,1
11567,2.33935,0.55500,1.87000,1.61900,1
11568,1.93877,0.57700,1.93500,1.63300,1
11569,1.64219,0.54700,1.61900,1.77700,1
11570,1.68645,0.60700,1.70000,1.59300,1
11571,1.60964,0.58900,1.57500,1.59300,1
11572,1.85937,0.59700,1.55300,1.63800,1
11573,1.81681,0.58700,1.42700,1.78600,1
11574,1.93675,0.64600,1.56800,1.60200,1
11575,1.68183,0.62300,1.48200,1.58500,1
11576,1.73414,0.56800,1.45400,1.61000,1
11577,1.69619,0.55400,1.37400,1.61200,1
11578,1.78594,0.56100,1.35600,1.60400,1
11579,1.78744,0.55100,1.33300,1.61100,1
11580,1.72721,0.55300,1.30500,1.60500,1
11581,1.78640,0.56600,1.34800,1.60100,1
11582,1.93175,0.56400,1.31400,1.77300,1
11583,1.72880,0.54200,1.29200,1.59900,1
11584,1.73623,0.58600,1.25600,1.57700,1
11585,1.80032,0.54700,1.27700,1.62800,1
11586,1.77626,0.56300,1.28300,1.59600,1
11587,1.76735,0.54900,1.28400,1.59200,1
11588,1.89727,0.61800,1.29500,1.73800,1
11589,1.76453,0.58600,1.27800,1.60300,1
11590,1.84397,0.55500,1.41000,1.62000,1
11591,1.75103,0.56300,1.31600,1.61500,1
11592,1.94602,0.55900,1.29000,1.77900,1
11593,1.84250,0.56700,1.30500,1.62700,1
11594,1.81352,0.64500,1.33000,1.62800,1
11595,1.73857,0.71800,1.32300,1.60200,1
11596,2.56215,0.65200,1.32400,1.65700,1
11597,1.77792,0.56800,1.33900,1.59400,1
11598,1.77346,0.58900,1.35500,1.59800,1
11599,1.74976,0.58300,1.34200,1.59200,1
11600,1.99298,0.56400,1.34900,1.77100,1
11601,1.75155,0.60900,1.34200,1.59000,1
11602,1.78206,0.56800,1.38300,1.60700,1
11603,1.82698,0.57300,1.36000,1.61700,1
11604,1.69025,0.60500,1.36200,1.59200,1
11605,1.81574,0.60000,1.34700,1.59300,1
11606,1.86972,0.54900,1.31200,1.75200,1
11607,1.82344,0.57900,1.36200,1.61300,1
11608,1.75233,0.56700,1.32700,1.60000,1
11609,1.72825,0.55600,1.29600,1.59500,1
11610,2.12706,0.56000,1.44300,1.80200,1
11611,1.75104,0.58500,1.42900,1.62400,1
11612,1.82315,0.58400,1.39300,1.63400,1
11613,1.89446,0.62200,1.49400,1.60400,1
11614,1.76200,0.58300,1.50000,1.61400,1
11615,1.72608,0.56500,1.45600,1.58400,1
11616,1.72030,0.61000,1.41800,1.59700,1
11617,1.88914,0.65200,1.52400,1.60000,1
11618,1.91975,0.59000,1.70200,1.58400,1
11619,1.78600,0.67500,1.61200,1.76600,1
11620,1.69798,0.66600,1.51000,1.59600,1
11621,2.96585,0.61100,2.63800,1.64100,1
11622,1.68345,0.61000,1.67400,1.63800,1
11623,1.85588,0.58900,1.83200,1.77300,1
11624,1.57330,0.62200,1.57200,1.61300,1
11625,1.47565,0.64500,1.48700,1.61300,1
11626,1.77046,0.65400,1.43900,1.63400,1
11627,1.91606,0.65100,1.49600,1.60400,1
11628,1.88816,0.65100,1.50000,1.79200,1
11629,1.71118,0.60600,1.43700,1.58600,1
11630,1.86539,0.59300,1.50500,1.62800,1
11631,1.79981,0.59000,1.49600,1.61500,1
11632,1.78578,0.66800,1.46300,1.63700,1
11633,1.78346,0.59000,1.42600,1.62600,1
11634,2.06511,0.59900,1.72300,1.65300,1
11635,2.43396,0.59200,1.60000,1.65300,1
11636,1.91729,0.61900,1.57600,1.77500,1
11637,1.69700,0.61000,1.43800,1.61400,1
11638,1.89340,0.59600,1.52700,1.58400,1
11639,1.84566,0.64300,1.51500,1.61600,1
11640,1.68762,0.58800,1.51100,1.58300,1
11641,1.86644,0.60200,1.60400,1.61800,1
11642,2.11079,0.61400,1.71900,1.62600,1
11643,1.55791,0.67300,1.49600,1.62600,1
11644,1.69903,0.71100,1.36200,1.64900,1
11645,1.99649,0.62900,1.53000,1.63500,1
11646,2.16307,0.69300,1.78000,1.78400,1
11647,1.80430,0.64700,1.79800,1.61300,1
11648,1.88230,0.59800,1.82100,1.62900,1
11649,1.66680,0.60600,1.66200,1.62900,1
11650,1.59407,0.58700,1.55400,1.61000,1
11651,1.73273,0.57500,1.53800,1.59700,1
11652,1.80363,0.59000,1.47400,1.61600,1
11653,1.90057,0.69900,1.56700,1.62600,1
11654,1.70061,0.60000,1.48400,1.59500,1
11655,1.87940,0.63600,1.40400,1.78300,1
11656,1.83172,0.62600,1.50300,1.58900,1
11657,1.81944,0.62600,1.52600,1.59200,1
11658,1.90689,0.60400,1.66200,1.62300,1
11659,1.65961,0.67700,1.52700,1.61600,1
11660,2.78260,0.63900,1.45100,1.64400,1
11661,1.72191,0.63400,1.42400,1.60100,1
11662,1.75476,0.64500,1.35100,1.62500,1
11663,1.80378,0.62500,1.36700,1.61400,1
11664,2.11711,0.60900,1.48500,1.79700,1
11665,1.64418,0.67500,1.36500,1.60100,1
11666,1.75010,0.71500,1.30800,1.64400,1
11667,1.68270,0.76200,1.22800,1.59300,1
11668,1.78528,0.62800,1.23100,1.60600,1
11669,1.89387,0.60000,1.37800,1.59000,1
11670,1.64517,0.58600,1.25500,1.59700,1
11671,1.79922,0.62400,1.27100,1.59200,1
11672,1.85813,0.62900,1.35500,1.59500,1
11673,1.92968,0.63000,1.32600,1.77400,1
11674,1.76306,0.63200,1.33100,1.60600,1
11675,2.57530,0.59000,1.27200,1.61700,1
11676,1.73894,0.58700,1.24600,1.59800,1
11677,1.75383,0.57400,1.23100,1.59100,1
11678,2.02220,0.59900,1.26200,1.78700,1
11679,2.01773,0.81800,1.47800,1.59600,1
11680,1.76289,1.16900,1.77300,1.60300,1
11681,1.88503,1.03900,1.61600,1.60100,1
11682,1.69584,0.93100,1.67800,1.81100,1
11683,1.77788,0.78400,1.34300,1.58700,1
11684,1.86082,0.79500,1.44400,1.60400,1
11685,1.81157,0.74200,1.47700,1.61900,1
11686,2.11100,0.75900,1.82400,1.63000,1
11687,1.65600,0.81100,1.64600,1.63600,1
11688,1.63535,0.74900,1.51900,1.59000,1
11689,1.76222,0.79700,1.48500,1.61500,1
11690,1.85110,1.63500,1.37400,1.59600,1
11691,1.80253,1.11700,1.29000,1.79600,1
11692,1.74856,0.96400,1.26100,1.62000,1
11693,1.76087,0.82300,1.23000,1.62100,1
11694,1.85945,0.80500,1.27800,1.61500,1
11695,1.67067,0.77700,1.21200,1.59200,1
11696,2.08348,0.72800,1.41800,1.72500,1
11697,1.69436,0.68000,1.31900,1.60000,1
11698,1.69367,0.69900,1.20500,1.60800,1
11699,1.85071,0.64200,1.22000,1.62100,1
11700,1.91508,0.61400,1.20100,1.78600,1
11701,1.76935,0.61200,1.19800,1.61000,1
11702,1.78052,0.58500,1.19900,1.59500,1
11703,1.78248,0.56800,1.18400,1.61300,1
11704,1.78539,0.59700,1.17800,1.61700,1
11705,1.91246,0.58600,1.32000,1.58100,1
11706,1.68313,0.62200,1.24900,1.59000,1
11707,1.75274,0.63400,1.22500,1.62600,1
11708,1.92158,0.57100,1.37000,1.58500,1
11709,1.91928,0.64900,1.41600,1.75600,1
11710,1.73030,0.63200,1.35100,1.60400,1
11711,1.79789,0.62700,1.35100,1.62200,1
11712,1.90917,0.59300,1.50100,1.60600,1
11713,1.73833,0.58500,1.46900,1.58200,1
11714,2.62374,0.60400,1.52600,1.63000,1
11715,1.58530,0.68100,1.34400,1.61600,1
11716,1.79836,0.61400,1.31300,1.60800,1
11717,1.73268,0.56800,1.23500,1.63200,1
11718,1.89432,0.60900,1.19700,1.77900,1
11719,1.78668,0.57400,1.20200,1.59200,1
11720,1.75771,0.57100,1.19000,1.62900,1
11721,1.77792,0.54400,1.19200,1.59700,1
11722,1.87472,0.54200,1.25000,1.60700,1
11723,1.68319,0.60000,1.19600,1.60800,1
11724,1.77917,0.56900,1.14000,1.60900,1
11725,1.86712,0.61900,1.25900,1.57900,1
11726,1.69969,0.55900,1.25300,1.60300,1
11727,2.04110,0.57900,1.26400,1.80800,1
11728,2.53852,0.55700,2.04100,1.58600,1
11729,1.97534,0.57100,1.97400,1.63400,1
11730,1.83897,0.62800,1.82500,1.65700,1
11731,1.77349,0.64400,1.75600,1.63700,1
11732,1.62779,0.60000,1.63000,1.63700,1
11733,1.87013,0.58200,1.78300,1.65300,1
11734,1.76208,0.61700,1.62900,1.61700,1
11735,1.75915,0.60400,1.59500,1.64200,1
11736,2.02169,0.64000,1.63700,1.78800,1
11737,1.77466,0.98200,1.59500,1.60200,1
11738,1.71344,0.91500,1.53500,1.61600,1
11739,2.12260,0.78700,1.88900,1.64000,1
11740,1.45445,0.74100,1.45400,1.64000,1
11741,1.68901,0.69700,1.44400,1.59900,1
11742,1.78605,0.67500,1.41700,1.63600,1
11743,1.77999,0.71600,1.43700,1.61000,1
11744,1.87189,0.70600,1.52900,1.61400,1
11745,1.91377,0.70700,1.61300,1.77500,1
11746,1.77234,0.68700,1.50400,1.61200,1
11747,1.77176,0.68000,1.42300,1.64200,1
11748,1.89384,0.76800,1.41200,1.64200,1
11749,1.73046,1.09000,1.39100,1.60900,1
11750,1.72179,0.92000,1.31400,1.62300,1
11751,1.93887,0.84000,1.27400,1.81100,1
11752,1.75198,0.82300,1.25700,1.59900,1
11753,3.47196,0.70800,1.70600,1.64700,1
11754,1.63690,0.71300,1.40900,1.60500,1
11755,1.66591,0.69600,1.37900,1.61500,1
11756,1.86802,0.68600,1.40700,1.63300,1
11757,1.70485,0.72200,1.34500,1.61200,1
11758,1.61513,0.61300,1.16900,1.60900,1
11759,1.83802,0.59700,1.24600,1.57400,1
11760,1.74528,0.59400,1.22700,1.58900,1
11761,1.77369,0.57900,1.20000,1.58100,1
11762,1.74329,0.61700,1.18800,1.60300,1
11763,1.94382,0.62100,1.19000,1.78700,1
11764,3.01559,0.55700,1.20100,1.64200,1
11765,1.88852,0.54000,1.26000,1.62200,1
11766,1.71671,0.55800,1.26300,1.60200,1
11767,1.72714,0.59100,1.21000,1.60500,1
11768,1.92681,0.59800,1.19900,1.76000,1
11769,1.88299,0.64700,1.34400,1.60000,1
11770,1.89623,0.64300,1.43500,1.60700,1
11771,1.70227,0.66400,1.43300,1.57600,1
11772,2.03541,0.62400,1.47600,1.80200,1
11773,1.62586,0.59200,1.33700,1.60500,1
11774,1.80557,0.60700,1.28300,1.62400,1
11775,1.77441,0.57500,1.28800,1.61100,1
11776,1.88573,0.87400,1.39300,1.57200,1
11777,1.72951,1.08000,1.38400,1.61600,1
11778,1.81951,0.98100,1.36500,1.62800,1
11779,1.76244,0.84600,1.40200,1.60600,1
11780,1.73408,0.73200,1.34100,1.62200,1
11781,1.94254,0.64400,1.35100,1.77800,1
11782,1.65159,0.62900,1.26400,1.59700,1
11783,1.76092,0.62800,1.20100,1.62000,1
11784,1.77101,0.58700,1.17100,1.61100,1
11785,1.72554,0.74200,1.15400,1.60700,1
11786,1.96462,0.55300,1.16100,1.75400,1
11787,1.77889,0.60400,1.19700,1.60100,1
11788,1.82946,0.58600,1.22200,1.60300,1
11789,1.72533,0.55400,1.18000,1.63300,1
11790,1.99305,0.57500,1.19200,1.77100,1
11791,1.77289,0.60600,1.18300,1.61900,1
11792,2.92809,0.56800,1.23300,1.68400,1
11793,1.70912,0.62100,1.24800,1.58800,1
11794,1.82586,0.75800,1.27700,1.59500,1
11795,1.73785,0.69300,1.27700,1.59700,1
11796,1.75747,0.64800,1.17400,1.61900,1
11797,2.07690,0.68200,1.45700,1.61900,1
11798,1.76259,0.65200,1.43600,1.62500,1
11799,1.79957,0.69900,1.27500,1.80600,1
11800,1.76122,0.67600,1.20400,1.60100,1
11801,1.81813,0.65000,1.21900,1.60200,1
11802,1.93800,0.95300,1.35500,1.62400,1
11803,1.82618,0.90400,1.48600,1.59600,1
11804,1.74203,0.79000,1.32900,1.76500,1
11805,1.70558,0.76200,1.24400,1.58500,1
11806,1.73011,0.71000,1.21200,1.63400,1
11807,1.85942,0.68800,1.21300,1.60500,1
11808,1.96753,0.75000,1.22800,1.80700,1
11809,1.91206,0.68800,1.36600,1.59300,1
11810,1.83209,0.66000,1.44900,1.61300,1
11811,1.70854,0.69700,1.38200,1.62900,1
11812,1.79377,0.61500,1.37400,1.60400,1
11813,1.79767,0.87400,1.42300,1.60900,1
11814,1.71502,0.73200,1.36800,1.61000,1
11815,1.79831,0.93100,1.39400,1.59600,1
11816,1.59841,1.14600,1.19200,1.61800,1
11817,2.03788,0.94000,1.21000,1.79400,1
11818,1.71355,0.94600,1.18800,1.59600,1
11819,1.81405,0.76500,1.18300,1.62400,1
11820,1.80225,0.72200,1.19600,1.59800,1
11821,1.75404,0.70200,1.22500,1.58400,1
11822,1.78680,0.66400,1.18400,1.61600,1
11823,1.96842,0.68100,1.22200,1.76100,1
11824,1.74089,0.66800,1.21100,1.60200,1
11825,1.75450,0.65100,1.17500,1.62300,1
11826,1.97589,0.63000,1.19000,1.79500,1
11827,1.79396,0.61300,1.24000,1.57500,1
11828,1.79037,0.57900,1.24700,1.60700,1
11829,1.84529,0.65800,1.25200,1.62500,1
11830,1.72773,0.67600,1.20400,1.61800,1
11831,2.60232,0.75600,1.40500,1.63200,1
11832,1.63419,0.75600,1.30000,1.62600,1
11833,1.79475,0.69200,1.35800,1.59500,1
11834,1.85724,0.68900,1.46600,1.59600,1
11835,1.71234,0.64400,1.24100,1.76900,1
11836,1.76058,0.60000,1.19500,1.58700,1
11837,1.79774,0.56600,1.20200,1.58500,1
11838,1.76926,0.55600,1.17900,1.62300,1
11839,1.79554,0.57600,1.21300,1.62100,1
11840,1.94938,0.55000,1.35700,1.60900,1
11841,1.78849,0.61800,1.23500,1.76100,1
11842,1.80221,0.63100,1.22800,1.59300,1
11843,1.86970,0.62000,1.37100,1.61400,1
11844,1.77044,0.63900,1.22500,1.76600,1
11845,1.83305,0.55500,1.23100,1.60100,1
11846,1.75957,0.68000,1.22500,1.60000,1
11847,1.94662,0.69100,1.35700,1.62400,1
11848,1.63395,0.66800,1.23900,1.63500,1
11849,1.87671,0.64500,1.29500,1.62100,1
11850,1.76229,0.69200,1.30100,1.60600,1
11851,1.72810,0.64700,1.24400,1.60000,1
11852,1.81499,0.64100,1.29800,1.58900,1
11853,1.73340,0.66300,1.29800,1.57500,1
11854,1.93815,0.64600,1.30900,1.77200,1
11855,1.80883,0.66400,1.38100,1.58100,1
11856,1.74445,0.57900,1.31900,1.61200,1
11857,1.76705,0.58700,1.32700,1.59400,1
11858,1.76793,0.57800,1.33700,1.62200,1
11859,2.07014,0.59300,1.46600,1.75200,1
11860,1.67058,0.75100,1.36200,1.60800,1
11861,1.89049,0.65600,1.38700,1.60100,1
11862,1.66659,0.70400,1.29500,1.59900,1
11863,1.92696,0.57900,1.22500,1.81000,1
11864,1.81577,0.55400,1.40000,1.57700,1
11865,1.70511,0.60200,1.22000,1.59900,1
11866,1.82256,0.57000,1.25900,1.61200,1
11867,2.32217,0.57400,1.29400,1.60500,1
11868,1.68505,0.69900,2.03600,1.65100,1
11869,2.47895,0.56200,1.18600,1.58400,1
11870,1.71695,0.56300,2.38900,1.63200,1
11871,1.67931,0.57800,1.22600,1.57000,1
11872,2.03096,0.57800,1.28700,1.76300,1
11873,1.83701,0.71500,1.34000,1.60600,1
11874,1.77791,0.64600,1.33200,1.62500,1
11875,1.74979,0.60700,1.34800,1.59900,1
11876,1.89641,0.59400,1.35000,1.61300,1
11877,1.79164,0.66100,1.31100,1.76200,1
11878,1.80663,0.61300,1.29100,1.62400,1
11879,1.77593,0.55900,1.27100,1.62800,1
11880,1.78613,0.60100,1.28000,1.58800,1
11881,1.99682,0.64000,1.33100,1.79300,1
11882,1.71053,0.66300,1.29600,1.58500,1
11883,1.79481,0.64100,1.31000,1.59900,1
11884,1.77142,0.63800,1.31100,1.60700,1
11885,1.78790,0.67700,1.36200,1.59600,1
11886,1.78261,0.56500,1.36100,1.61200,1
11887,1.79762,0.55900,1.37300,1.58600,1
11888,1.74355,0.65200,1.35300,1.58500,1
11889,1.80057,0.56100,1.41000,1.60900,1
11890,1.70569,0.58000,1.33600,1.58800,1
11891,1.92456,0.60100,1.31000,1.78400,1
11892,1.81215,0.59800,1.33700,1.59200,1
11893,1.78786,0.54700,1.32700,1.59100,1
11894,1.77408,0.59200,1.32400,1.60500,1
11895,1.77071,0.58300,1.30000,1.60100,1
11896,1.99831,0.55500,1.33900,1.79400,1
11897,1.80394,0.55200,1.40800,1.60000,1
11898,1.76379,0.62100,1.37800,1.60000,1
11899,1.70187,0.56700,1.30500,1.61900,1
11900,2.04867,0.65200,1.38100,1.78400,1
11901,1.73273,0.63600,1.36200,1.59800,1
11902,1.74605,0.63300,1.30600,1.61000,1
11903,1.74687,0.68300,1.28600,1.61900,1
11904,1.92374,0.65800,1.42000,1.61100,1
11905,1.65450,0.55400,1.30700,1.61100,1
11906,1.70357,0.57300,1.24100,1.60500,1
11907,1.79124,0.56200,1.25400,1.58400,1
11908,3.10619,0.56100,1.25900,1.60500,1
11909,1.88980,0.61400,1.28100,1.59500,1
11910,1.79420,0.63800,1.29700,1.62200,1
11911,1.79467,0.65900,1.33400,1.60700,1
11912,2.04581,0.67600,1.57400,1.60000,1
11913,1.67735,0.60400,1.33500,1.78300,1
11914,1.86547,0.60500,1.41500,1.61500,1
11915,1.74263,0.58800,1.35800,1.62000,1
11916,1.79064,0.60900,1.35000,1.63200,1
11917,1.74043,0.57500,1.34800,1.60500,1
11918,1.96267,0.59300,1.37000,1.78000,1
11919,1.75426,0.59300,1.26700,1.64900,1
11920,1.70233,0.61900,1.22300,1.60400,1
11921,1.76688,0.62200,1.23100,1.58100,1
11922,1.85879,0.60700,1.32400,1.59300,1
11923,1.65265,0.56200,1.21900,1.59100,1
11924,1.76339,0.57500,1.18400,1.59300,1
11925,1.81655,0.64300,1.27000,1.57400,1
11926,1.78717,0.61100,1.33400,1.59900,1
11927,1.92265,0.58100,1.28700,1.79500,1
11928,1.80431,0.56900,1.28900,1.60100,1
11929,1.79631,0.58500,1.31800,1.60300,1
11930,1.68927,0.59600,1.27500,1.58300,1
11931,1.70412,0.56400,1.17800,1.59400,1
11932,1.92957,0.59800,1.15200,1.77200,1
11933,1.79071,0.58000,1.19600,1.57800,1
11934,1.88613,0.59400,1.29900,1.63100,1
11935,1.83924,0.60900,1.35400,1.61000,1
11936,2.04078,0.58100,1.44400,1.79600,1
11937,1.72378,0.54400,1.41600,1.60400,1
11938,1.78529,0.59200,1.30500,1.61600,1
11939,1.66355,0.62700,1.24700,1.59900,1
11940,1.82247,0.59000,1.24800,1.58400,1
11941,1.79543,0.60900,1.27800,1.62100,1
11942,1.71770,0.61200,1.24900,1.57500,1
11943,1.79963,0.60200,1.26000,1.58700,1
11944,1.74849,0.63700,1.24700,1.59500,1
11945,1.90970,0.64600,1.22700,1.77100,1
11946,1.76796,0.64200,1.23300,1.58400,1
11947,2.28076,0.64400,1.33900,1.60600,1
11948,1.78586,0.64300,1.99500,1.63900,1
11949,1.75881,0.60300,1.26800,1.57800,1
11950,1.94940,0.54000,1.26800,1.75000,1
11951,1.84204,0.54200,1.34600,1.61000,1
11952,1.86236,0.55700,1.43300,1.60000,1
11953,1.69844,0.60800,1.40300,1.56000,1
11954,1.91506,0.61600,1.32500,1.78300,1
11955,1.77945,0.60500,1.32800,1.60900,1
11956,1.91212,0.57600,1.41000,1.61700,1
11957,1.68247,0.61400,1.30800,1.62600,1
11958,1.81371,0.89900,1.30700,1.60800,1
11959,1.69811,0.68900,1.21300,1.62300,1
11960,1.74753,0.64500,1.17500,1.61200,1
11961,1.79383,0.63900,1.19300,1.58100,1
11962,1.83366,0.64300,1.22300,1.60400,1
11963,1.77519,0.66400,1.23100,1.60900,1
11964,2.06027,0.69300,1.34600,1.77900,1
11965,1.62975,0.59400,1.20200,1.61900,1
11966,1.89928,0.55900,1.32400,1.60200,1
11967,1.68587,0.58800,1.23300,1.61600,1
11968,2.07401,0.59900,1.39000,1.76800,1
11969,1.68029,0.59700,1.31600,1.60400,1
11970,2.85094,0.58800,1.29700,1.56200,1
11971,2.28761,0.56600,2.78300,1.68700,1
11972,1.90028,0.62500,1.31900,1.77600,1
11973,1.72368,0.59300,1.30100,1.56500,1
11974,1.86835,0.58400,1.35500,1.64000,1
11975,1.67622,0.56800,1.24800,1.60900,1
11976,1.73982,0.57700,1.20800,1.59200,1
11977,1.75236,0.55500,1.20700,1.60000,1
11978,1.78307,0.56400,1.20700,1.59800,1
11979,1.91925,0.55100,1.29300,1.62100,1
11980,1.77281,0.58200,1.30000,1.59100,1
11981,2.06834,0.65600,1.41600,1.78500,1
11982,1.75812,0.64600,1.41900,1.59300,1
11983,1.66847,0.60800,1.26700,1.64300,1
11984,1.75148,0.64300,1.24100,1.58300,1
11985,1.70759,0.63800,1.20300,1.57100,1
11986,2.41692,0.66500,1.27600,1.75400,1
11987,1.66965,0.57500,1.88600,1.62800,1
11988,1.77174,0.69100,1.22400,1.58600,1
11989,1.72921,0.67900,1.17600,1.60400,1
11990,1.98637,0.63000,1.19800,1.80600,1
11991,1.77791,0.62800,1.20700,1.60800,1
11992,1.89667,0.66000,1.29000,1.63800,1
11993,1.69944,0.67000,1.21400,1.60800,1
11994,1.81043,0.66600,1.21000,1.61100,1
11995,1.80403,0.59900,1.25500,1.60300,1
11996,1.77945,0.63400,1.22900,1.60700,1
11997,1.84566,0.66600,1.29900,1.59600,1
11998,1.67801,0.66600,1.20800,1.63900,1
11999,1.94913,0.65400,1.20200,1.77300,1
12000,1.77351,0.61100,1.18900,1.60300,1
12001,1.86844,0.67000,1.30200,1.61100,1
12002,1.78837,0.56600,1.30600,1.59600,1
12003,1.75977,0.58000,1.32000,1.60300,1
12004,2.04105,0.59500,1.37200,1.74900,1
12005,1.59539,0.60200,1.25500,1.61300,1
12006,1.82327,0.56600,1.20900,1.61200,1
12007,1.81933,0.60600,1.19800,1.65100,1
12008,1.73686,0.56800,1.21500,1.59700,1
12009,1.97718,0.57200,1.22100,1.79100,1
12010,1.76802,0.53400,1.22900,1.60700,1
12011,1.76335,0.56000,1.18500,1.59600,1
12012,1.87680,0.65400,1.29400,1.58300,1
12013,1.92195,0.55900,1.46100,1.61200,1
12014,1.96113,0.56000,1.75100,1.59800,1
12015,1.73928,0.58800,1.67700,1.61100,1
12016,1.88768,0.61700,1.78700,1.59000,1
12017,1.63901,0.56400,1.63600,1.62900,1
12018,2.00911,0.58600,1.64600,1.80100,1
12019,1.71510,0.56000,1.60600,1.59600,1
12020,1.83186,0.61600,1.56200,1.65900,1
12021,1.72989,0.65900,1.57500,1.60400,1
12022,2.00890,0.65600,1.68200,1.64300,1
12023,1.65412,0.57200,1.48100,1.74700,1
12024,1.78859,0.54800,1.46700,1.57900,1
12025,3.21826,0.55000,1.37000,1.65400,1
12026,1.87612,0.58500,1.34900,1.78100,1
12027,1.71360,0.53800,1.22600,1.60600,1
12028,1.83401,0.55500,1.25400,1.62900,1
12029,1.72596,0.54100,1.18000,1.60200,1
12030,1.73782,0.63900,1.17200,1.59700,1
12031,1.88346,0.62200,1.29600,1.61400,1
12032,1.98637,0.54700,1.56300,1.61100,1
12033,1.72532,0.55400,1.53000,1.56500,1
12034,1.79301,0.59500,1.52200,1.60700,1
12035,1.87476,0.62100,1.49000,1.79800,1
12036,1.73589,0.57100,1.40700,1.59300,1
12037,1.74130,0.56700,1.35900,1.62100,1
12038,1.69411,0.56200,1.26000,1.60900,1
12039,1.76245,0.55300,1.30400,1.59700,1
12040,1.93102,0.55300,1.30700,1.74400,1
12041,1.74319,0.54600,1.26800,1.59700,1
12042,1.75570,0.54000,1.28000,1.57300,1
12043,1.75259,0.57300,1.28800,1.59800,1
12044,1.68012,0.56600,1.20600,1.58500,1
12045,1.94669,0.56600,1.21500,1.77900,1
12046,1.81902,0.53600,1.20600,1.60800,1
12047,1.90421,0.56700,1.32800,1.63700,1
12048,1.65876,0.56100,1.25200,1.60000,1
12049,1.79437,0.53700,1.25200,1.59100,1
12050,1.76568,0.54800,1.24200,1.60400,1
12051,1.82896,0.54700,1.26500,1.60200,1
12052,1.73196,0.63500,1.26700,1.58800,1
12053,1.73781,0.61400,1.22300,1.61000,1
12054,2.11462,0.85900,1.30100,1.78300,1
12055,1.76119,0.97300,1.38600,1.58800,1
12056,1.73308,0.77700,1.31600,1.61300,1
12057,1.82812,0.66500,1.39300,1.59900,1
12058,1.72919,0.64300,1.32200,1.60200,1
12059,1.84712,0.60100,1.25000,1.75100,1
12060,1.79280,0.62000,1.29000,1.58000,1
12061,1.80720,0.61700,1.27900,1.60200,1
12062,2.00843,0.66000,1.55500,1.60900,1
12063,1.70126,0.65400,1.34800,1.78400,1
12064,2.94540,0.68400,1.32900,1.63200,1
12065,1.81770,0.65500,1.36400,1.61300,1
12066,1.73887,0.65000,1.31200,1.60300,1
12067,1.74829,0.64000,1.32400,1.58600,1
12068,1.71251,0.57100,1.23900,1.57100,1
12069,1.92425,0.60200,1.39200,1.60200,1
12070,1.63333,0.55200,1.24500,1.62600,1
12071,1.75937,0.55500,1.22700,1.60300,1
12072,1.93807,0.56600,1.20700,1.77500,1
12073,2.29907,0.56000,1.20500,1.61500,1
12074,2.18442,0.58300,2.02600,1.67400,1
12075,1.84167,0.54300,1.29300,1.60600,1
12076,1.85836,0.54200,1.24800,1.73300,1
12077,1.78678,0.53200,1.22700,1.61100,1
12078,1.78756,0.59200,1.23700,1.59300,1
12079,1.75552,0.58200,1.21600,1.59700,1
12080,1.97355,0.59200,1.35900,1.78700,1
12081,1.74395,0.56500,1.22600,1.60900,1
12082,1.75758,0.53400,1.22200,1.58600,1
12083,1.73757,0.54000,1.23700,1.57800,1
12084,1.86091,0.55000,1.34800,1.57300,1
12085,1.75276,0.52400,1.31800,1.60100,1
12086,1.74862,0.58300,1.31400,1.59300,1
12087,1.74555,0.58600,1.29200,1.60300,1
12088,1.69489,0.55700,1.18000,1.59600,1
12089,1.82368,0.55300,1.27800,1.59700,1
12090,1.94794,0.57300,1.26700,1.75700,1
12091,1.75226,0.55200,1.24400,1.61900,1
12092,1.80584,0.55600,1.22400,1.61000,1
12093,1.85044,0.56400,1.26500,1.60400,1
12094,1.73700,0.63500,1.26100,1.58500,1
12095,1.95060,0.64700,1.30400,1.74300,1
12096,1.73862,0.62900,1.28200,1.58700,1
12097,1.81618,0.65800,1.25300,1.63800,1
12098,1.72364,0.67100,1.22900,1.59400,1
12099,1.98794,0.67400,1.23000,1.79600,1
12100,1.75870,0.62700,1.24800,1.60600,1
12101,1.90324,0.63400,1.20800,1.77500,1
12102,1.76446,0.63900,1.20700,1.60100,1
12103,2.51940,0.66500,1.15100,1.57800,1
12104,1.78749,0.68100,2.41400,1.61500,1
12105,1.90791,0.71500,1.24600,1.61400,1
12106,1.82045,0.69900,1.30800,1.59500,1
12107,1.82668,0.83200,1.38900,1.60700,1
12108,1.93048,0.58400,1.34100,1.79600,1
12109,1.85376,0.59200,1.39100,1.60100,1
12110,1.76387,0.55800,1.33700,1.64400,1
12111,1.74849,0.62300,1.34100,1.59600,1
12112,1.82833,0.60800,1.40100,1.58600,1
12113,1.99782,0.56600,1.45700,1.76400,1
12114,1.73017,0.62000,1.43100,1.60500,1
12115,1.74949,0.58900,1.32900,1.63400,1
12116,1.89833,0.55900,1.33500,1.76700,1
12117,1.96086,0.57900,1.32400,1.76300,1
12118,1.77569,0.56000,1.33100,1.61400,1
12119,1.85025,0.58900,1.34900,1.65900,1
12120,1.71012,0.57700,1.24800,1.59500,1
12121,1.77242,0.56900,1.20700,1.62800,1
12122,1.71396,0.55500,1.20900,1.59100,1
12123,1.72112,0.54800,1.17000,1.59500,1
12124,1.74905,0.57700,1.16400,1.59300,1
12125,1.73106,0.54800,1.15600,1.59800,1
12126,2.06327,0.58400,1.29500,1.76800,1
12127,1.67399,0.54200,1.20200,1.58100,1
12128,1.88252,0.53200,1.18300,1.62300,1
12129,1.77415,0.56700,1.16500,1.61500,1
12130,1.84769,0.55300,1.24900,1.60900,1
12131,1.86714,0.53400,1.17800,1.76400,1
12132,1.91034,0.59000,1.34100,1.58900,1
12133,1.67455,0.59700,1.27400,1.60800,1
12134,1.70314,0.57400,1.17500,1.59900,1
12135,2.00959,0.60600,1.20900,1.79700,1
12136,1.79284,0.57400,1.19600,1.60900,1
12137,1.84638,0.58300,1.28800,1.61000,1
12138,2.00364,0.58200,1.49200,1.61400,1
12139,1.50297,0.60600,1.36100,1.59100,1
12140,1.94748,0.58600,1.40900,1.59900,1
12141,1.68561,0.56800,1.33000,1.61600,1
12142,1.65697,0.55000,1.21100,1.60800,1
12143,2.41556,0.55000,1.29400,1.57600,1
12144,1.76709,0.53700,2.13400,1.63900,1
12145,1.74951,0.63800,1.31700,1.59100,1
12146,1.75580,0.55700,1.28100,1.60400,1
12147,1.71345,0.55700,1.22100,1.59100,1
12148,1.81061,0.53600,1.26100,1.60000,1
12149,1.82230,0.54800,1.18000,1.74000,1
12150,1.76127,0.53100,1.19300,1.58100,1
12151,1.79605,0.52900,1.18000,1.59200,1
12152,1.76993,0.56000,1.16200,1.64000,1
12153,2.00253,0.56300,1.23900,1.57900,1
12154,1.69147,0.57300,1.18700,1.58400,1
12155,1.80136,0.57500,1.18800,1.60900,1
12156,1.90211,0.57500,1.32300,1.63200,1
12157,1.71986,0.55900,1.23200,1.62900,1
12158,1.82737,0.62900,1.28600,1.57900,1
12159,1.70842,0.53000,1.28000,1.57400,1
12160,1.60403,0.52900,1.15600,1.57300,1
12161,1.83878,0.52900,1.20900,1.58100,1
12162,1.80924,0.55700,1.23300,1.61800,1
12163,1.95626,0.58900,1.20500,1.82300,1
12164,1.86069,0.64400,1.27800,1.60000,1
12165,1.72002,0.67200,1.24900,1.58000,1
12166,1.74745,0.70300,1.25700,1.58100,1
12167,1.79883,0.60800,1.26800,1.62000,1
12168,2.11201,0.61600,1.46000,1.77400,1
12169,1.80016,0.62700,1.47500,1.62500,1
12170,1.73138,0.60200,1.42400,1.60100,1
12171,1.70556,0.63400,1.34000,1.61500,1
12172,1.92188,0.57500,1.30500,1.78300,1
12173,1.78678,0.56600,1.31800,1.60200,1
12174,1.90174,0.57400,1.38100,1.64000,1
12175,1.79940,0.58200,1.36900,1.62200,1
12176,2.68854,0.64200,1.27800,1.61000,1
12177,1.89810,0.63700,2.70300,1.65100,1
12178,1.76083,0.57500,1.29800,1.58600,1
12179,1.88668,0.57900,1.37900,1.60700,1
12180,1.69582,0.59000,1.30400,1.63100,1
12181,1.98653,0.66800,1.32500,1.77500,1
12182,2.17528,0.57200,1.30100,1.62100,1
12183,1.68765,0.59900,1.85900,1.67700,1
12184,1.81715,0.58900,1.23600,1.59000,1
12185,1.92957,0.60900,1.26500,1.76300,1
12186,1.76245,0.59800,1.25500,1.60300,1
12187,1.77670,0.54500,1.21800,1.59200,1
12188,1.74538,0.52400,1.21100,1.60500,1
12189,1.84046,0.58200,1.25900,1.61500,1
12190,1.97907,0.64400,1.26100,1.80900,1
12191,1.75054,0.59900,1.22300,1.56600,1
12192,1.80215,0.65800,1.29300,1.63400,1
12193,1.71818,0.63300,1.26600,1.59000,1
12194,1.78084,0.62000,1.26800,1.58500,1
12195,1.79814,0.62000,1.30000,1.59700,1
12196,1.85794,0.62000,1.41000,1.58000,1
12197,1.64113,0.60500,1.28800,1.57800,1
12198,1.77948,0.57900,1.26800,1.59500,1
12199,1.96431,0.63200,1.31600,1.76300,1
12200,1.77582,0.60000,1.30800,1.62700,1
12201,1.77582,0.63500,1.30500,1.62300,1
12202,1.81254,0.61000,1.29600,1.61200,1
12203,1.85598,0.63400,1.40100,1.58100,1
12204,1.89973,0.63000,1.39900,1.76900,1
12205,1.76298,0.58900,1.37400,1.59500,1
12206,1.70769,0.59000,1.28400,1.61200,1
12207,1.71567,0.57400,1.22200,1.60200,1
12208,2.01744,0.59800,1.27600,1.78100,1
12209,1.86192,0.60200,1.37400,1.58900,1
12210,1.80378,0.55600,1.38100,1.61800,1
12211,1.64244,0.57100,1.25100,1.58300,1
12212,1.77206,0.55900,1.24700,1.60000,1
12213,1.70673,0.53100,1.20900,1.57700,1
12214,1.93487,0.55200,1.35700,1.58100,1
12215,1.65683,0.52200,1.26300,1.60300,1
12216,1.91038,0.53700,1.37600,1.60500,1
12217,1.67118,0.51800,1.26800,1.60200,1
12218,1.96685,0.57400,1.25600,1.80000,1
12219,1.74659,0.55900,1.22300,1.60800,1
12220,2.68268,0.54000,1.28900,1.59800,1
12221,1.75011,0.52600,2.41200,1.62000,1
12222,1.92368,0.51400,1.29000,1.73100,1
12223,1.83301,0.53800,1.32400,1.59200,1
12224,1.83723,0.58300,1.40700,1.60600,1
12225,1.70742,0.57000,1.36000,1.61200,1
12226,1.91436,0.58400,1.23500,1.79100,1
12227,1.79495,0.61000,1.24400,1.61200,1
12228,1.77533,0.63500,1.22800,1.60200,1
12229,1.78464,0.57300,1.23400,1.61400,1
12230,1.99156,0.52600,1.42900,1.60200,1
12231,2.09578,0.65900,1.90500,1.63100,1
12232,1.72654,0.60600,1.70700,1.57900,1
12233,1.56455,0.66100,1.56300,1.57900,1
12234,1.86584,0.67100,1.60800,1.60300,1
12235,1.85323,0.63900,1.51300,1.78900,1
12236,1.79097,0.61000,1.50600,1.59400,1
12237,1.78475,0.64600,1.48400,1.66100,1
12238,1.80980,0.57800,1.48600,1.59700,1
12239,1.70972,0.56700,1.44500,1.58200,1
12240,1.93205,0.56600,1.44200,1.74000,1
12241,1.74204,0.55200,1.37700,1.62800,1
12242,1.95519,0.55400,1.49500,1.58800,1
12243,1.68649,0.67100,1.42800,1.61100,1
12244,1.97192,0.57400,1.41000,1.63000,1
12245,1.78906,0.56100,1.42900,1.59300,1
12246,1.77664,0.60700,1.50800,1.60600,1
12247,1.80141,0.58100,1.43000,1.59900,1
12248,1.81407,0.64600,1.43900,1.63200,1
12249,1.71439,0.63700,1.40500,1.59000,1
12250,2.06519,0.59700,1.68600,1.61400,1
12251,2.00405,0.63500,1.98800,1.59400,1
12252,1.68387,0.60400,1.65900,1.57800,1
12253,1.52153,0.58500,1.53100,1.57800,1
12254,1.84735,0.57300,1.51200,1.61700,1
12255,1.78278,0.53300,1.53600,1.61700,1
12256,1.98398,0.57200,1.67000,1.63900,1
12257,1.67699,0.66300,1.59500,1.60300,1
12258,1.94028,0.61000,1.54800,1.76800,1
12259,2.32280,0.60900,1.49600,1.58100,1
12260,2.01040,0.63800,2.43200,1.64800,1
12261,1.87135,0.70300,1.54900,1.64200,1
12262,1.98016,0.61200,1.56000,1.79100,1
12263,1.74386,0.62800,1.54700,1.59400,1
12264,1.76381,0.68700,1.50100,1.62600,1
12265,1.84041,0.67900,1.48300,1.61000,1
12266,1.87709,0.58900,1.91200,1.57800,1
12267,1.69500,0.58300,1.55500,1.60600,1
12268,1.78214,0.63100,1.60100,1.59100,1
12269,1.71214,0.64800,1.49500,1.61300,1
12270,1.83724,0.65800,1.50500,1.63800,1
12271,1.76190,0.64400,1.52400,1.58300,1
12272,2.07155,0.60100,1.59500,1.79400,1
12273,1.80961,0.61000,1.63500,1.60700,1
12274,1.77286,0.70300,1.73900,1.62700,1
12275,1.69771,0.62700,1.54500,1.60700,1
12276,1.96397,0.65900,1.56300,1.76600,1
12277,1.64532,0.63100,1.42400,1.58300,1
12278,1.93859,0.64200,1.52800,1.64200,1
12279,2.47771,0.64500,1.70000,1.60000,1
12280,1.95158,0.64200,2.29700,1.65800,1
12281,1.92318,0.63000,1.59900,1.60400,1
12282,1.71435,0.65000,1.53400,1.60100,1
12283,1.68683,0.62600,1.42200,1.60800,1
12284,1.72510,0.71700,1.38300,1.59400,1
12285,1.79613,0.63500,1.38600,1.60700,1
12286,1.77238,0.58000,1.41100,1.58500,1
12287,1.65432,0.55600,1.23300,1.60400,1
12288,1.97319,0.63100,1.48400,1.58200,1
12289,1.62520,0.61200,1.30100,1.61800,1
12290,2.08380,0.59300,1.36900,1.82500,1
12291,1.82737,0.59900,1.37000,1.63300,1
12292,2.05837,0.60700,1.51100,1.62800,1
12293,1.64357,0.68400,1.53100,1.60900,1
12294,1.83234,0.72100,1.41500,1.75700,1
12295,1.83225,0.70200,1.48300,1.62100,1
12296,1.87396,0.72900,1.55800,1.60900,1
12297,2.83949,0.72600,2.61700,1.63100,1
12298,2.65196,0.74900,1.61900,1.63100,1
12299,1.96688,0.74100,2.75700,1.63000,1
12300,1.80533,0.68800,1.48800,1.61100,1
12301,1.73433,0.64800,1.41800,1.60900,1
12302,1.84432,0.63800,1.46100,1.59800,1
12303,1.77407,0.68100,1.48500,1.61600,1
12304,1.82911,0.66900,1.47600,1.65200,1
12305,1.73270,0.65300,1.40400,1.61800,1
12306,1.99092,0.61200,1.60000,1.60900,1
12307,1.85059,0.62700,1.57800,1.80200,1
12308,1.81566,0.61000,1.50000,1.61000,1
12309,1.72724,0.64700,1.41000,1.65700,1
12310,1.77482,0.61800,1.40200,1.61000,1
12311,1.82404,0.64600,1.42400,1.60000,1
12312,1.97887,0.66000,1.43300,1.77700,1
12313,1.72174,0.78600,1.43000,1.58600,1
12314,1.73980,0.61400,1.39300,1.62900,1
12315,1.78105,0.62700,1.41800,1.57000,1
12316,2.04378,0.62000,1.46600,1.80100,1
12317,1.80275,0.69100,1.50700,1.61500,1
12318,1.82356,0.67800,1.45700,1.65800,1
12319,1.73066,0.79800,1.40900,1.61500,1
12320,1.79292,0.65600,1.39200,1.62600,1
12321,1.79310,0.66700,1.40700,1.59900,1
12322,1.79688,0.66000,1.43400,1.61100,1
12323,1.78388,0.65900,1.41900,1.61800,1
12324,1.72257,0.64700,1.37700,1.59100,1
12325,1.91513,0.61800,1.32100,1.78000,1
12326,2.00242,0.65900,1.54500,1.61700,1
12327,1.73959,0.69500,1.58500,1.59400,1
12328,1.70347,0.69400,1.49000,1.60500,1
12329,1.77876,0.63300,1.48800,1.59200,1
12330,1.88191,0.60700,1.40800,1.76200,1
12331,1.71306,0.65800,1.29500,1.59500,1
12332,1.76605,0.71100,1.31800,1.62800,1
12333,1.79735,0.70800,1.30000,1.59800,1
12334,2.02467,1.05900,1.37700,1.79100,1
12335,1.72698,0.97700,1.33100,1.61800,1
12336,1.76352,0.72600,1.32400,1.60400,1
12337,3.34857,0.69500,1.45300,1.64500,1
12338,1.64898,0.77000,1.39900,1.59100,1
12339,1.82154,0.80100,1.39200,1.62900,1
12340,1.74750,0.78400,1.34100,1.60400,1
12341,1.78254,0.70400,1.34100,1.60000,1
12342,1.82516,0.72600,1.39300,1.61000,1
12343,1.94758,0.77600,1.36500,1.78400,1
12344,1.83870,0.84000,1.45400,1.62500,1
12345,1.86190,0.78100,1.42400,1.64400,1
12346,1.67882,0.89800,1.37500,1.59200,1
12347,1.83004,0.78600,1.39800,1.62300,1
12348,1.85287,0.73400,1.32100,1.77600,1
12349,1.77210,0.72100,1.33700,1.59500,1
12350,1.81718,0.68300,1.33600,1.60200,1
12351,1.85626,0.73300,1.43800,1.59400,1
12352,2.03714,0.73800,1.56200,1.77900,1
12353,1.70272,0.72900,1.53400,1.58000,1
12354,1.79691,0.74500,1.51600,1.59900,1
12355,1.75728,0.69800,1.46000,1.62800,1
12356,1.90936,0.74300,1.55600,1.58400,1
12357,1.72563,0.78600,1.53000,1.60500,1
12358,1.60829,0.88400,1.36800,1.61700,1
12359,1.81833,0.69900,1.42300,1.58500,1
12360,1.77428,0.67600,1.41000,1.61000,1
12361,1.91908,0.72200,1.37900,1.77100,1
12362,1.77907,0.63000,1.36400,1.62200,1
12363,1.77896,0.61800,1.36100,1.59500,1
12364,1.82579,0.57700,1.41600,1.61700,1
12365,1.76770,0.59400,1.40400,1.59600,1
12366,1.81808,0.66300,1.28800,1.74100,1
12367,1.75477,0.58900,1.28000,1.58500,1
12368,1.95564,0.59100,1.41400,1.64400,1
12369,2.13752,0.64100,1.83500,1.62800,1
12370,1.83250,0.67300,1.69900,1.80100,1
12371,1.74255,0.61100,1.63200,1.60200,1
12372,1.88809,0.67800,1.69000,1.62700,1
12373,1.66370,0.77700,1.58400,1.60200,1
12374,1.85118,0.79600,1.60600,1.62200,1
12375,1.68551,0.75300,1.55800,1.57800,1
12376,3.11745,0.70800,1.63900,1.63400,1
12377,1.62886,0.65700,1.52400,1.56600,1
12378,1.77535,0.60300,1.42800,1.60300,1
12379,1.95917,0.61800,1.43300,1.78400,1
12380,1.74265,0.59900,1.38300,1.61300,1
12381,1.75127,0.56000,1.36700,1.61900,1
12382,2.45219,0.53600,1.55100,1.59700,1
12383,1.88456,0.65800,2.21300,1.62700,1
12384,1.77362,0.80200,1.37100,1.59500,1
12385,1.71368,0.55900,1.32300,1.61200,1
12386,1.89304,0.54600,1.41500,1.63000,1
12387,1.85909,0.57100,1.48500,1.63800,1
12388,1.88887,0.56800,1.45700,1.76500,1
12389,1.80220,0.59000,1.48700,1.58600,1
12390,1.78809,0.53800,1.48800,1.62000,1
12391,1.68664,0.54100,1.44300,1.60400,1
12392,1.78505,0.53900,1.47200,1.58600,1
12393,1.68405,0.54900,1.38600,1.62500,1
12394,1.72674,0.55800,1.27500,1.60000,1
12395,1.75048,0.54800,1.20600,1.61900,1
12396,1.79859,0.54800,1.21800,1.63000,1
12397,1.91593,0.54800,1.19800,1.78200,1
12398,1.77866,0.55000,1.21200,1.61000,1
12399,1.77187,0.56600,1.15400,1.63000,1
12400,1.79893,0.55100,1.17600,1.60700,1
12401,1.79388,0.54300,1.18100,1.61300,1
12402,1.93076,0.54700,1.19000,1.76800,1
12403,1.76251,0.53800,1.18500,1.60900,1
12404,1.74612,0.52900,1.18600,1.59200,1
12405,1.89634,0.53600,1.28300,1.60400,1
12406,1.91410,0.75700,1.26000,1.77900,1
12407,1.73915,0.71800,1.25800,1.60900,1
12408,1.82659,0.71300,1.29300,1.62100,1
12409,1.93093,0.67000,1.43000,1.59500,1
12410,1.61947,0.74600,1.30700,1.58700,1
12411,1.80553,0.69400,1.33100,1.61100,1
12412,1.82409,0.74500,1.31500,1.63800,1
12413,1.81634,0.67700,1.36200,1.60200,1
12414,1.69780,0.61800,1.35000,1.60600,1
12415,2.46290,0.54500,1.38200,1.61400,1
12416,1.75835,0.54600,2.12700,1.84000,1
12417,1.67462,0.55000,1.24400,1.60500,1
12418,1.86146,0.55400,1.29900,1.60100,1
12419,1.81250,0.54600,1.36700,1.59300,1
12420,1.90546,0.55900,1.33700,1.78000,1
12421,1.81405,0.57900,1.35000,1.61700,1
12422,1.74926,0.61000,1.32300,1.59800,1
12423,1.76322,0.55600,1.31300,1.60500,1
12424,1.95003,0.54800,1.28300,1.80300,1
12425,1.81666,0.57200,1.31500,1.59100,1
12426,1.81915,0.63000,1.35200,1.61000,1
12427,1.77753,0.67500,1.35800,1.60800,1
12428,1.82636,0.65900,1.40900,1.62500,1
12429,1.79941,0.64600,1.40100,1.59400,1
12430,2.86202,0.65400,2.74600,1.60400,1
12431,1.27475,0.64600,1.26800,1.64600,1
12432,1.23881,0.69000,1.23400,1.64600,1
12433,1.74350,0.63400,1.36700,1.56800,1
12434,1.75974,0.62400,1.25700,1.75000,1
12435,1.72145,0.58700,1.19600,1.60700,1
12436,1.76778,0.54200,1.21300,1.61700,1
12437,1.84728,0.54500,1.27500,1.57500,1
12438,1.71220,0.58000,1.26300,1.59000,1
12439,1.86631,0.58600,1.18500,1.73800,1
12440,1.80818,0.54900,1.19800,1.61300,1
12441,1.78553,0.53700,1.23100,1.59200,1
12442,1.75122,0.57400,1.20300,1.60400,1
12443,1.95750,0.59300,1.21700,1.77200,1
12444,1.80318,0.58400,1.25800,1.60200,1
12445,1.70960,0.55000,1.21100,1.59400,1
12446,1.72286,0.54500,1.18300,1.58400,1
12447,1.85653,0.58000,1.26800,1.58500,1
12448,1.75684,0.63400,1.23500,1.61200,1
12449,1.70964,0.60500,1.18000,1.61500,1
12450,1.90486,0.57100,1.30600,1.57900,1
12451,1.63986,0.55400,1.20000,1.61400,1
12452,2.08284,0.54800,1.30200,1.78700,1
12453,1.74321,0.54700,1.28500,1.59700,1
12454,2.24352,0.53500,1.17200,1.64200,1
12455,1.86106,0.55900,1.29800,1.59600,1
12456,1.86162,0.56900,1.40400,1.59600,1
12457,1.81689,0.87400,1.30600,1.76000,1
12458,1.75017,0.81500,1.31000,1.59900,1
12459,1.77469,0.58400,1.26700,1.61200,1
12460,1.75510,0.58400,1.24700,1.59700,1
12461,2.14281,0.56400,1.42200,1.79700,1
12462,1.70657,0.61600,1.33000,1.61300,1
12463,1.71265,0.55200,1.30400,1.61400,1
12464,1.83179,0.55400,1.32600,1.59700,1
12465,1.73818,0.61500,1.30100,1.60800,1
12466,1.88307,0.62500,1.39200,1.61600,1
12467,1.70685,0.59000,1.32200,1.60400,1
12468,1.75192,0.58000,1.26600,1.60400,1
12469,1.67232,0.53800,1.19500,1.60900,1
12470,1.83853,0.53000,1.22900,1.59800,1
12471,1.86906,0.61800,1.14900,1.80900,1
12472,1.78959,0.61300,1.14100,1.62800,1
12473,1.82944,0.57000,1.20600,1.58000,1
12474,1.74474,0.54700,1.21200,1.61400,1
12475,1.90654,0.55800,1.17500,1.75000,1
12476,1.89615,0.55200,1.26400,1.60800,1
12477,1.74736,0.52600,1.22200,1.61000,1
12478,1.73266,0.70000,1.19600,1.59400,1
12479,1.73670,0.64300,1.17000,1.58500,1
12480,2.00370,0.65000,1.20600,1.77500,1
12481,1.74271,0.64400,1.18900,1.58900,1
12482,1.76922,0.62900,1.20600,1.62300,1
12483,1.77816,0.62100,1.21600,1.57700,1
12484,1.77812,0.61700,1.22000,1.60400,1
12485,2.35977,0.65300,1.26700,1.59700,1
12486,2.20306,0.60400,2.10600,1.60600,1
12487,1.78275,0.56700,1.27400,1.60800,1
12488,1.77527,0.59800,1.27000,1.61100,1
12489,1.96229,0.60000,1.29600,1.74700,1
12490,1.72418,0.55800,1.23000,1.63900,1
12491,1.83359,0.57200,1.26700,1.59200,1
12492,1.82391,0.63300,1.32600,1.60200,1
12493,3.06915,0.55000,1.30100,1.77200,1
12494,1.74834,0.57300,1.31000,1.59200,1
12495,1.70448,0.57700,1.24100,1.61700,1
12496,1.80156,0.60500,1.29600,1.57800,1
12497,1.95506,0.59300,1.29500,1.77400,1
12498,1.74465,0.59100,1.28400,1.59000,1
12499,1.85278,0.57000,1.35400,1.61600,1
12500,1.64195,0.53300,1.23500,1.58000,1
12501,1.77712,0.53600,1.26600,1.57800,1
12502,1.81491,0.58800,1.26100,1.61400,1
12503,1.77537,0.67400,1.28600,1.61000,1
12504,1.74404,0.61100,1.26300,1.59400,1
12505,1.78975,0.61500,1.27400,1.60400,1
12506,1.99314,0.61700,1.31400,1.76400,1
12507,1.67990,0.62300,1.25900,1.57200,1
12508,1.87775,0.55900,1.35700,1.59600,1
12509,1.73182,0.53000,1.32400,1.60000,1
12510,1.72912,0.53800,1.27200,1.59100,1
12511,1.99074,0.54600,1.31700,1.77200,1
12512,1.76957,0.55700,1.31000,1.60800,1
12513,1.76918,0.56100,1.27100,1.61600,1
12514,1.80235,0.54100,1.32500,1.59800,1
12515,1.94740,0.52900,1.34700,1.76700,1
12516,1.70919,0.54200,1.26400,1.60900,1
12517,1.90502,0.56300,1.33200,1.61700,1
12518,1.76115,0.57100,1.32000,1.60300,1
12519,1.86383,0.59700,1.41100,1.60600,1
12520,1.80794,0.61000,1.49500,1.61600,1
12521,1.76955,0.55100,1.50100,1.60200,1
12522,1.74762,0.56100,1.44100,1.63600,1
12523,1.83710,0.55100,1.47200,1.59900,1
12524,1.63405,0.54800,1.29500,1.63000,1
12525,2.03444,0.54500,1.35100,1.80700,1
12526,1.74206,0.56300,1.29600,1.61500,1
12527,1.82870,0.52000,1.28400,1.64000,1
12528,1.79146,0.54000,1.30100,1.60400,1
12529,1.66117,0.58800,1.22800,1.58100,1
12530,1.96620,0.56800,1.23200,1.76500,1
12531,1.71791,0.59300,1.17400,1.59500,1
12532,2.31768,0.61000,1.21600,1.63200,1
12533,1.67112,0.54900,1.91400,1.61400,1
12534,1.76879,0.57500,1.18900,1.57400,1
12535,1.76496,0.54700,1.21800,1.57100,1
12536,1.73092,0.53800,1.20000,1.60500,1
12537,1.75990,0.53800,1.19100,1.58600,1
12538,1.86047,0.54000,1.27800,1.57900,1
12539,1.73196,0.56100,1.26200,1.60300,1
12540,1.72900,0.58800,1.17500,1.60600,1
12541,1.76412,0.62900,1.16800,1.62000,1
12542,1.80821,0.55200,1.21500,1.61200,1
12543,1.95223,0.58000,1.18600,1.79700,1
12544,1.78005,0.54100,1.18300,1.59400,1
12545,1.82908,0.53500,1.22100,1.60000,1
12546,1.74207,0.55700,1.21500,1.58800,1
12547,1.67071,0.54200,1.13300,1.56900,1
12548,1.94944,0.55900,1.14400,1.75000,1
12549,1.78662,0.57700,1.19700,1.58600,1
12550,1.71729,0.56800,1.15700,1.57900,1
12551,1.86428,0.58300,1.23600,1.58700,1
12552,1.84523,0.59600,1.15200,1.78600,1
12553,1.80103,0.57600,1.16600,1.60400,1
12554,1.81691,0.56100,1.15300,1.62600,1
12555,1.73558,0.68000,1.16500,1.58400,1
12556,1.73815,0.68300,1.15600,1.59000,1
12557,1.88681,0.68700,1.30100,1.58800,1
12558,1.82994,0.71900,1.31800,1.61600,1
12559,1.68623,0.70900,1.20900,1.62200,1
12560,1.91794,0.63600,1.32900,1.59500,1
12561,2.19734,0.58000,1.99300,1.59100,1
12562,1.41350,0.60200,1.29900,1.81100,1
12563,1.78099,0.56600,1.23600,1.59300,1
12564,1.81320,0.66200,1.26500,1.62900,1
12565,1.75069,0.61400,1.28700,1.57500,1
12566,1.83259,0.56700,1.36500,1.60100,1
12567,1.81858,0.58300,1.20700,1.76200,1
12568,1.79332,0.59500,1.23000,1.59000,1
12569,1.75501,0.54600,1.18400,1.61200,1
12570,1.79143,0.53900,1.18000,1.60200,1
12571,2.38512,0.59800,1.18200,1.78800,1
12572,1.75815,0.57500,1.16800,1.57100,1
12573,1.92980,0.56000,1.31400,1.65700,1
12574,1.62560,0.56300,1.17600,1.59000,1
12575,1.80617,0.55200,1.18800,1.61700,1
12576,1.75355,0.60000,1.16000,1.59800,1
12577,1.75292,0.61400,1.17100,1.58200,1
12578,1.71930,0.60900,1.14100,1.58300,1
12579,1.80793,0.65400,1.15200,1.56300,1
12580,1.90608,0.86000,1.15200,1.77900,1
12581,1.82102,0.57600,1.20400,1.59900,1
12582,1.87292,0.59200,1.22900,1.64300,1
12583,1.80044,0.68200,1.21000,1.63700,1
12584,1.73927,0.59100,1.17100,1.59300,1
12585,1.90468,0.62000,1.16300,1.75500,1
12586,1.72887,0.60300,1.15100,1.58200,1
12587,1.82815,0.54800,1.22900,1.59800,1
12588,1.74383,0.55900,1.20900,1.59400,1
12589,2.49341,0.56700,1.31400,1.80600,1
12590,1.71922,0.55700,1.35100,1.58300,1
12591,1.77739,0.61600,1.29400,1.65100,1
12592,1.74438,0.53700,1.25100,1.59400,1
12593,1.91411,0.53800,1.39800,1.59400,1
12594,1.74654,0.55500,1.39500,1.61100,1
12595,1.75551,0.56900,1.34200,1.61900,1
12596,1.71780,0.64100,1.26300,1.61900,1
12597,1.71299,0.61800,1.21100,1.62000,1
12598,1.93751,0.59800,1.18400,1.77900,1
12599,1.87159,0.62000,1.28500,1.59700,1
12600,1.69549,0.56500,1.20200,1.60800,1
12601,1.83420,0.57700,1.25100,1.59900,1
12602,1.72079,0.59300,1.26500,1.59000,1
12603,2.05747,0.65700,1.38300,1.74000,1
12604,1.71371,0.72200,1.32600,1.60700,1
12605,1.79014,0.58300,1.31700,1.62500,1
12606,1.73007,0.62300,1.26900,1.61200,1
12607,1.99121,0.63200,1.32600,1.78800,1
12608,1.86644,0.56900,1.41600,1.58300,1
12609,1.69761,0.59000,1.34700,1.63700,1
12610,3.12886,0.66400,1.33500,1.60200,1
12611,1.88163,0.59000,1.39200,1.59100,1
12612,1.58424,0.62300,1.24500,1.62900,1
12613,1.88004,0.58300,1.31800,1.60700,1
12614,1.85212,0.61100,1.41100,1.59800,1
12615,1.63859,0.60700,1.30200,1.62000,1
12616,1.91214,0.56700,1.22000,1.79800,1
12617,1.79232,0.52000,1.19400,1.59200,1
12618,1.76516,0.67600,1.19300,1.60500,1
12619,1.76323,0.67600,1.19400,1.60000,1
12620,1.76719,0.69000,1.19900,1.60400,1
12621,2.06928,0.67800,1.36000,1.73900,1
12622,1.68104,0.66000,1.24700,1.61400,1
12623,1.80815,0.66700,1.21500,1.63900,1
12624,1.78218,0.68200,1.21800,1.61500,1
12625,1.93366,0.67400,1.20900,1.77100,1
12626,1.79231,0.57200,1.20600,1.61700,1
12627,1.83726,0.57700,1.21900,1.63400,1
12628,1.71467,0.60000,1.18600,1.59800,1
12629,1.77937,0.59200,1.17600,1.62800,1
12630,1.87781,0.57100,1.28100,1.60200,1
12631,1.80522,0.61200,1.28400,1.61700,1
12632,1.68812,0.61300,1.21700,1.59600,1
12633,1.79105,0.58100,1.22800,1.60000,1
12634,2.04074,0.56800,1.30300,1.80400,1
12635,1.64275,0.55200,1.20500,1.60100,1
12636,1.86056,0.54900,1.25900,1.61600,1
12637,1.70087,0.53300,1.19600,1.60100,1
12638,1.74341,0.54000,1.17300,1.58200,1
12639,1.88213,0.56000,1.16300,1.74400,1
12640,1.94179,0.55600,1.29900,1.61000,1
12641,1.72359,0.54500,1.23400,1.61900,1
12642,1.90680,0.54900,1.37000,1.59900,1
12643,1.84155,0.57900,1.27700,1.78300,1
12644,1.75493,0.56000,1.21200,1.60100,1
12645,1.82570,0.65700,1.23400,1.61700,1
12646,1.70125,0.67600,1.21200,1.59000,1
12647,1.96209,0.63300,1.32300,1.58800,1
12648,2.72278,0.67400,1.50600,1.63000,1
12649,1.82820,0.60000,2.49000,1.63000,1
12650,1.74972,0.56700,1.24600,1.61900,1
12651,1.75739,0.58100,1.24800,1.59500,1
12652,10.60643,0.59600,1.28200,1.61300,1
12653,2.13402,0.66700,10.55000,1.60300,1
12654,1.72970,0.73500,1.29400,1.63900,1
12655,1.76694,0.66700,1.28500,1.62700,1
12656,1.88457,0.65700,1.24700,1.76200,1
12657,1.84012,0.56700,1.28400,1.59100,1
12658,1.74743,0.57300,1.25000,1.61000,1
12659,1.75822,0.52000,1.26900,1.58600,1
12660,1.79751,0.52300,1.31000,1.58100,1
12661,1.76677,0.53500,1.28400,1.58400,1
12662,1.74312,0.58000,1.25900,1.61500,1
12663,1.77533,0.57600,1.27300,1.59000,1
12664,1.74786,0.60300,1.21500,1.59200,1
12665,1.72300,0.59400,1.23300,1.58400,1
12666,2.03951,0.57700,1.31400,1.78900,1
12667,1.76187,0.56900,1.27900,1.60400,1
12668,1.82218,0.53400,1.31500,1.64500,1
12669,1.76656,0.54100,1.28800,1.60900,1
12670,1.70395,0.52600,1.23200,1.61100,1
12671,1.91419,0.51800,1.21700,1.74800,1
12672,1.82473,0.58700,1.25700,1.62000,1
12673,1.91851,0.60300,1.37200,1.64300,1
12674,1.66694,0.56300,1.26700,1.59500,1
12675,1.96118,0.53400,1.27800,1.79800,1
12676,1.73001,0.52200,1.22700,1.62500,1
12677,1.85229,0.52100,1.23500,1.62100,1
12678,1.84033,0.54300,1.29100,1.61500,1
12679,1.71595,0.53100,1.25700,1.57900,1
12680,1.86086,0.52500,1.33100,1.60800,1
12681,1.71369,0.58200,1.23700,1.59400,1
12682,1.76492,0.64500,1.19900,1.61000,1
12683,1.74954,0.64400,1.21000,1.59600,1
12684,1.97132,0.64300,1.21900,1.79400,1
12685,1.71064,0.62200,1.17000,1.58400,1
12686,1.77991,0.64800,1.16900,1.59300,1
12687,2.50294,0.65900,1.23900,1.59200,1
12688,1.67315,0.65300,2.17300,1.64200,1
12689,1.72395,0.68800,1.19300,1.59300,1
12690,1.78887,0.66300,1.20800,1.60100,1
12691,1.72018,0.66600,1.15700,1.60800,1
12692,2.90405,0.65400,1.19500,1.61200,1
12693,1.92242,0.65100,1.19200,1.79400,1
12694,1.80596,0.62800,1.17500,1.58900,1
12695,1.78650,0.64200,1.19800,1.60100,1
12696,1.79567,0.61100,1.24700,1.59300,1
12697,1.74119,0.61300,1.15900,1.60500,1
12698,1.76577,0.80000,1.20500,1.58900,1
12699,1.73487,0.57900,1.19500,1.57300,1
12700,1.85799,0.57900,1.28800,1.59600,1
12701,1.67876,0.62700,1.20100,1.59800,1
12702,2.01347,0.61000,1.24500,1.77900,1
12703,1.99334,0.56600,1.44300,1.60600,1
12704,2.34400,0.66800,2.20800,1.58800,1
12705,2.35349,0.59000,2.32700,1.63100,1
12706,2.12621,0.67700,2.13500,1.81200,1
12707,1.79803,0.68400,1.78500,1.62300,1
12708,1.70854,0.59800,1.69300,1.66100,1
12709,1.59305,0.62400,1.58600,1.60400,1
12710,10.42336,0.63700,1.59100,1.60400,1
12711,2.18766,0.85100,10.77500,1.59900,1
12712,1.65199,0.80900,1.62400,1.59900,1
12713,1.59735,0.68700,1.43000,1.60900,1
12714,1.72725,0.66700,1.36100,1.58900,1
12715,1.90435,0.61700,1.29200,1.77500,1
12716,1.86497,0.62600,1.39300,1.60400,1
12717,1.74427,0.63700,1.33700,1.61000,1
12718,2.43609,0.63100,1.97900,1.61700,1
12719,1.80610,0.62500,1.78600,1.74400,1
12720,1.71585,0.63700,1.70900,1.57200,1
12721,1.72460,0.71100,1.71700,1.61300,1
12722,1.59890,0.66300,1.59400,1.61300,1
12723,1.76310,0.72900,1.58000,1.61100,1
12724,1.91883,0.64900,1.68900,1.79600,1
12725,1.78102,0.73400,1.43000,1.61000,1
12726,2.85712,1.17700,1.40900,1.66100,1
12727,1.99700,1.14600,2.88000,1.66100,1
12728,1.89811,0.95100,1.47300,1.61600,1
12729,1.94054,0.83700,1.67000,1.58700,1
12730,1.59302,0.80400,1.49900,1.61400,1
12731,1.73597,0.69100,1.44400,1.59800,1
12732,2.06160,0.70100,1.70100,1.59600,1
12733,1.99333,0.66900,1.84900,1.77300,1
12734,1.77666,0.66500,1.77600,1.61500,1
12735,1.66535,0.68300,1.65600,1.62200,1
12736,1.69584,0.64700,1.53900,1.62000,1
12737,1.95024,0.63200,1.53300,1.74900,1
12738,1.71558,0.61900,1.42300,1.61800,1
12739,1.85480,0.64500,1.47200,1.59600,1
12740,1.73039,0.60800,1.43100,1.62000,1
12741,1.71248,0.64200,1.32600,1.62600,1
12742,1.94359,0.72400,1.31400,1.78500,1
12743,1.76154,0.64000,1.28100,1.60000,1
12744,2.06401,0.66800,1.22900,1.65300,1
12745,1.56947,1.01800,1.27600,1.59400,1
12746,1.71316,1.04300,1.26000,1.59900,1
12747,1.81057,0.73400,1.30900,1.59800,1
12748,1.84573,0.63800,1.33500,1.61400,1
12749,1.77470,0.61000,1.30800,1.62800,1
12750,1.85200,0.68500,1.36300,1.59200,1
12751,1.93881,0.63600,1.38500,1.60200,1
12752,1.85686,1.24800,1.40700,1.62000,1
12753,1.72831,1.25600,1.32400,1.62000,1
12754,1.86373,0.94700,1.42700,1.60200,1
12755,2.43388,0.68300,2.42600,1.79500,1
12756,1.84509,0.67000,1.84300,1.57600,1
12757,1.89752,0.62900,1.89800,1.66500,1
12758,1.78694,0.59200,1.77300,1.62900,1
12759,2.26716,0.65100,2.25100,1.82800,1
12760,1.69697,0.66000,1.69200,1.61900,1
12761,1.72244,0.63200,1.70400,1.64600,1
12762,1.53894,0.68300,1.53300,1.62200,1
12763,1.52140,0.60600,1.48100,1.62200,1
12764,1.74933,0.60200,1.50900,1.59200,1
12765,2.68588,0.68400,1.50300,1.59200,1
12766,1.99408,0.63400,2.68000,1.64800,1
12767,1.69741,0.64900,1.49400,1.59200,1
12768,1.78122,0.59600,1.47200,1.60500,1
12769,1.93808,0.61700,1.48000,1.76800,1
12770,2.07313,0.80300,1.58300,1.61100,1
12771,1.57148,0.63400,1.49300,1.60900,1
12772,1.97518,0.61100,1.68500,1.61300,1
12773,10.47443,0.62300,1.42900,1.61800,1
12774,2.45644,0.63900,11.20100,1.60900,1
12775,1.82753,0.82900,1.82300,1.60300,1
12776,1.69543,0.71700,1.68800,1.59400,1
12777,1.54643,0.87400,1.54700,1.59400,1
12778,1.64990,0.70800,1.47400,1.60500,1
12779,1.91865,0.65200,1.57600,1.61300,1
12780,1.62155,0.66900,1.41800,1.61000,1
12781,1.92257,0.65700,1.43700,1.63100,1
12782,1.84182,0.64800,1.40600,1.78400,1
12783,1.67939,0.63100,1.29500,1.58100,1
12784,1.75835,0.61800,1.27300,1.63000,1
12785,1.82327,0.67600,1.26300,1.59300,1
12786,1.73146,0.67700,1.24500,1.59300,1
12787,1.97702,0.63900,1.30000,1.77000,1
12788,1.74527,0.61600,1.27100,1.60300,1
12789,1.72214,0.60600,1.20600,1.60100,1
12790,1.78908,0.61400,1.25300,1.58700,1
12791,1.92330,0.63800,1.22300,1.79400,1
12792,1.78064,0.61100,1.22200,1.60900,1
12793,1.99170,0.61500,1.39300,1.61100,1
12794,2.61366,0.61100,1.43000,1.63400,1
12795,1.96717,0.63500,2.60400,1.63400,1
12796,1.62939,0.66900,1.28500,1.60500,1
12797,1.71894,0.64400,1.23400,1.60300,1
12798,1.84151,0.61300,1.24900,1.60300,1
12799,1.70769,0.66200,1.20200,1.61200,1
12800,2.02914,0.65900,1.24500,1.80500,1
12801,1.93476,0.63400,1.38300,1.59100,1
12802,2.38458,0.66300,1.98200,1.61100,1
12803,1.95666,0.65100,1.94700,1.62900,1
12804,2.47124,0.58600,1.65100,1.62900,1
12805,2.05509,0.57700,2.64700,1.78400,1
12806,1.85610,0.63200,1.75900,1.61700,1
12807,1.67767,0.66500,1.66700,1.58800,1
12808,1.86088,0.58500,1.53300,1.79700,1
12809,1.73639,0.61500,1.52400,1.57000,1
12810,1.93191,0.69400,1.62200,1.63200,1
12811,1.67928,0.63100,1.56400,1.59600,1
12812,1.83010,0.66400,1.63200,1.60400,1
12813,1.80258,0.66700,1.64000,1.59800,1
12814,1.68909,0.61200,1.55300,1.59800,1
12815,1.92868,0.66200,1.66800,1.60700,1
12816,1.83053,0.68200,1.69700,1.61900,1
12817,2.86751,0.69500,2.43600,1.79900,1
12818,1.66808,0.70100,1.60400,1.60000,1
12819,1.70538,0.69900,1.43000,1.64700,1
12820,1.79686,0.63700,1.38200,1.61700,1
12821,2.00393,0.64400,1.63000,1.61100,1
12822,1.97633,0.69600,1.62300,1.78000,1
12823,1.69890,0.77100,1.55100,1.61500,1
12824,1.79218,0.69000,1.48500,1.64300,1
12825,1.70362,0.71200,1.41500,1.61900,1
12826,1.82346,0.63800,1.47000,1.57800,1
12827,1.87500,0.63700,1.31800,1.80800,1
12828,1.87702,0.67800,1.37600,1.63400,1
12829,1.88502,0.66700,1.49900,1.60300,1
12830,2.20652,0.63600,2.03200,1.59800,1
12831,1.96828,0.83200,1.97200,1.64300,1
12832,1.82852,0.80500,1.81500,1.65000,1
12833,1.87818,0.79300,1.86600,1.64400,1
12834,1.66230,0.80200,1.65500,1.80300,1
12835,1.64001,0.84800,1.56400,1.61600,1
12836,1.87363,1.09800,1.68700,1.61600,1
12837,1.84377,1.07300,1.74400,1.60900,1
12838,1.71563,0.82200,1.69700,1.60900,1
12839,1.78888,0.76200,1.68100,1.60900,1
12840,2.00591,0.78600,1.74000,1.61200,1
12841,1.66613,0.86800,1.61500,1.61200,1
12842,1.81864,0.93400,1.59900,1.63400,1
12843,1.77991,0.84000,1.56000,1.60400,1
12844,3.00960,0.85400,1.74600,1.85500,1
12845,1.76123,1.01400,1.69900,1.62900,1
12846,1.65441,1.01600,1.54300,1.62900,1
12847,1.85694,0.88400,1.63500,1.59700,1
12848,1.68305,0.87200,1.55900,1.60300,1
12849,1.70615,1.03100,1.47500,1.61100,1
12850,1.73992,0.90200,1.40800,1.59900,1
12851,1.92169,0.94200,1.60700,1.60900,1
12852,1.83050,1.01900,1.61300,1.61700,1
12853,1.82459,1.04800,1.47100,1.79800,1
12854,1.76502,0.92400,1.43800,1.60700,1
12855,1.92761,0.94700,1.59300,1.62000,1
12856,1.70695,1.05300,1.50500,1.61000,1
12857,1.75802,0.95500,1.45300,1.62600,1
12858,2.00211,0.90600,1.49600,1.78100,1
12859,1.86613,0.90000,1.59100,1.61000,1
12860,1.68200,0.95600,1.44100,1.62100,1
12861,1.75000,0.91800,1.39700,1.61300,1
12862,2.02669,0.91100,1.46200,1.77500,1
12863,1.87108,0.91600,1.54300,1.63200,1
12864,1.77706,0.86900,1.40100,1.62400,1
12865,1.76591,0.82200,1.50500,1.58600,1
12866,1.73733,0.91500,1.46500,1.61700,1
12867,1.88848,0.94800,1.54400,1.61600,1
12868,1.74325,0.90900,1.50400,1.61100,1
12869,1.79591,0.86200,1.49600,1.59500,1
12870,1.76090,0.94300,1.46400,1.63200,1
12871,2.16210,1.04800,1.69100,1.80200,1
12872,1.70170,0.98000,1.60400,1.59400,1
12873,1.68435,0.87200,1.51300,1.59100,1
12874,1.87137,0.83800,1.54600,1.63400,1
12875,1.76884,0.90200,1.55300,1.60600,1
12876,2.15737,0.86500,1.89000,1.60200,1
12877,1.75887,0.84400,1.73400,1.61500,1
12878,1.62975,0.88100,1.62100,1.61500,1
12879,1.79605,0.86800,1.62500,1.60600,1
12880,1.83906,0.82700,1.50500,1.77500,1
12881,1.72166,0.77200,1.47700,1.58400,1
12882,1.86193,0.80400,1.49500,1.64600,1
12883,2.85393,0.81900,1.63200,1.66700,1
12884,1.79092,0.74600,1.64500,1.62300,1
12885,1.75412,0.77100,1.63300,1.61300,1
12886,1.71824,0.76400,1.54500,1.60000,1
12887,1.87855,0.73800,1.59500,1.61600,1
12888,1.81400,0.86800,1.67400,1.60500,1
12889,1.88134,0.88600,1.52100,1.83400,1
12890,1.71284,0.77100,1.44000,1.62100,1
12891,2.13639,0.77600,1.47600,1.61000,1
12892,1.53585,0.89900,1.50600,1.61000,1
12893,1.91753,0.78000,1.57300,1.61800,1
12894,1.97045,0.81400,1.68700,1.76800,1
12895,1.78113,0.74200,1.65100,1.61000,1
12896,1.67918,0.75400,1.54600,1.62200,1
12897,3.04416,0.74900,1.82700,1.82200,1
12898,3.30834,0.78100,1.91500,1.63700,1
12899,1.84220,0.86500,1.83900,1.61400,1
12900,1.78961,0.80700,1.78200,1.59600,1
12901,1.80344,0.74000,1.79300,1.62500,1
12902,1.86456,0.74800,1.85400,1.63500,1
12903,1.82431,0.74300,1.79500,1.60100,1
12904,1.52776,0.78100,1.51900,1.62300,1
12905,1.43422,0.81300,1.43700,1.62300,1
12906,1.93098,0.81000,1.50800,1.78300,1
12907,1.94448,0.72500,1.62800,1.60300,1
12908,1.95259,0.80700,1.71200,1.62100,1
12909,1.42622,0.83200,1.41700,1.61800,1
12910,1.93949,0.76000,1.55000,1.62900,1
12911,1.81029,0.84000,1.42200,1.78700,1
12912,1.73020,0.74300,1.37000,1.59700,1
12913,1.92584,0.76900,1.45600,1.62100,1
12914,1.81749,0.90000,1.58100,1.59300,1
12915,1.96811,0.92200,1.56200,1.79200,1
12916,1.79288,0.84200,1.59200,1.62100,1
12917,1.83716,0.84100,1.61300,1.58000,1
12918,1.68177,0.77500,1.52200,1.58500,1
12919,1.80734,0.72200,1.56600,1.60900,1
12920,1.73634,0.66700,1.53200,1.60000,1
12921,1.80463,0.72800,1.53100,1.61200,1
12922,1.83620,0.75000,1.60100,1.60400,1
12923,3.35087,0.76200,1.59500,1.66800,1
12924,1.94077,0.81300,1.60500,1.80700,1
12925,1.75952,0.77300,1.63500,1.57600,1
12926,1.84328,0.74400,1.65500,1.65600,1
12927,1.80508,0.83900,1.65600,1.63000,1
12928,2.14115,0.79200,1.77700,1.65200,1
12929,1.71824,0.83800,1.70700,1.65200,1
12930,1.84631,0.86300,1.72100,1.68100,1
12931,1.66953,0.84900,1.65600,1.68100,1
12932,1.77241,0.79700,1.57000,1.58000,1
12933,1.95491,0.85600,1.55000,1.82100,1
12934,1.83997,0.88000,1.60400,1.58700,1
12935,1.84182,0.79300,1.63800,1.63700,1
12936,1.70039,0.72900,1.55000,1.61600,1
12937,1.86684,0.70800,1.64700,1.60300,1
12938,1.77191,0.78200,1.65400,1.61600,1
12939,1.77747,0.78000,1.60400,1.62700,1
12940,1.74486,0.71500,1.59600,1.60100,1
12941,1.79921,0.72100,1.56500,1.60200,1
12942,2.16379,0.93400,1.80600,1.80500,1
12943,1.74066,0.83800,1.74600,1.61600,1
12944,1.97085,0.73700,1.89700,1.62800,1
12945,1.67330,0.77200,1.66400,1.62800,1
12946,1.75686,0.81200,1.57600,1.79000,1
12947,1.91449,0.76300,1.53400,1.63200,1
12948,1.55899,0.91600,1.38000,1.62400,1
12949,1.86860,0.82500,1.45400,1.63100,1
12950,1.94104,0.78500,1.58200,1.61700,1
12951,1.78154,0.82200,1.40100,1.80300,1
12952,1.82840,0.76500,1.42600,1.59600,1
12953,1.94270,0.80500,1.54700,1.66100,1
12954,1.61486,0.85200,1.39700,1.59200,1
12955,1.75347,0.85100,1.36300,1.62000,1
12956,1.88194,0.81700,1.43900,1.63500,1
12957,1.75285,0.82200,1.43500,1.59100,1
12958,1.73026,0.81900,1.32200,1.64000,1
12959,2.02622,0.76900,1.47700,1.64000,1
12960,1.98831,0.81700,1.49400,1.79700,1
12961,1.63973,0.90000,1.41300,1.59600,1
12962,2.40546,0.78600,1.32000,1.61200,1
12963,2.24924,0.70700,2.37900,1.60100,1
12964,2.00925,0.84500,1.48600,1.74700,1
12965,1.65577,0.86700,1.37000,1.61000,1
12966,1.92364,0.83000,1.48500,1.61800,1
12967,1.72839,0.85800,1.41100,1.65100,1
12968,1.81273,0.87800,1.45600,1.59800,1
12969,1.92718,0.82000,1.40000,1.79700,1
12970,1.78276,0.76500,1.37600,1.62400,1
12971,1.91476,0.78700,1.45200,1.62700,1
12972,1.64306,0.84600,1.35600,1.59100,1
12973,1.94473,0.86600,1.57400,1.60400,1
12974,1.80494,0.89300,1.59200,1.59400,1
12975,1.75260,0.95200,1.60600,1.61600,1
12976,1.82004,0.92800,1.60400,1.61000,1
12977,1.79735,0.82400,1.57500,1.63700,1
12978,1.91094,0.83200,1.54500,1.80700,1
12979,1.75181,0.88200,1.46500,1.62800,1
12980,1.75047,0.76200,1.39100,1.63000,1
12981,1.73530,0.77000,1.36800,1.59800,1
12982,1.90642,0.78400,1.48900,1.59800,1
12983,1.83386,0.81100,1.39900,1.78400,1
12984,1.74928,0.75200,1.33400,1.61200,1
12985,1.82123,0.72700,1.36900,1.61300,1
12986,1.74908,0.71900,1.32800,1.61800,1
12987,1.93235,0.68500,1.34200,1.75800,1
12988,1.80259,0.68900,1.40200,1.58400,1
12989,1.84745,0.72100,1.42600,1.62700,1
12990,1.83173,0.77900,1.50200,1.61600,1
12991,1.64713,0.67400,1.36700,1.62700,1
12992,1.76815,0.70400,1.30800,1.60400,1
12993,1.74773,0.64700,1.27300,1.60800,1
12994,1.82639,0.64400,1.31100,1.59500,1
12995,1.79917,0.64100,1.31200,1.60800,1
12996,1.95209,0.65700,1.27700,1.78800,1
12997,1.78957,0.70000,1.30800,1.60900,1
12998,1.79957,0.71200,1.33800,1.62000,1
12999,1.76140,0.70600,1.26800,1.60600,1
13000,1.78895,0.67400,1.30500,1.59200,1
13001,3.16310,0.72200,1.31000,1.77800,1
13002,2.14941,0.67200,2.21500,1.64100,1
13003,1.73236,0.74500,1.18500,1.60500,1
13004,2.04534,0.70200,1.29400,1.60400,1
13005,1.67378,0.64300,1.20600,1.60400,1
13006,1.76771,0.62800,1.16200,1.58600,1
13007,1.81559,0.61300,1.19000,1.63500,1
13008,1.71461,0.66000,1.14200,1.57800,1
13009,1.88460,0.63700,1.26000,1.60100,1
13010,1.69363,0.58400,1.20100,1.59700,1
13011,1.84363,0.58300,1.27300,1.58000,1
13012,1.63242,0.58400,1.14900,1.59100,1
13013,1.79942,0.60200,1.15600,1.59700,1
13014,1.97775,0.65400,1.28400,1.79400,1
13015,1.79274,0.62100,1.15600,1.62200,1
13016,1.79556,0.65000,1.16700,1.62700,1
13017,1.78692,0.71400,1.14600,1.61200,1
13018,1.91357,0.61700,1.17500,1.59200,1
13019,1.89779,0.58300,1.33800,1.57800,1
13020,1.85823,0.56000,1.44700,1.61500,1
13021,1.73565,0.58300,1.38000,1.61700,1
13022,1.79526,0.57500,1.40200,1.60100,1
13023,2.02169,0.63000,1.45300,1.79100,1
13024,1.75061,0.59600,1.42000,1.60000,1
13025,1.73027,0.64700,1.35300,1.59800,1
13026,1.68639,0.62600,1.18600,1.59100,1
13027,1.66752,0.62200,1.15200,1.56900,1
13028,1.74576,0.60400,1.15300,1.58000,1
13029,1.88675,0.57500,1.28200,1.57200,1
13030,1.88903,0.54300,1.43000,1.61100,1
13031,1.76761,0.59400,1.39300,1.62400,1
13032,1.92880,0.66200,1.38400,1.78400,1
13033,1.85636,0.61900,1.46400,1.60700,1
13034,1.73055,0.59000,1.33800,1.64500,1
13035,1.73531,0.64900,1.31600,1.62900,1
13036,1.84470,0.64000,1.36400,1.61700,1
13037,1.95043,0.56100,1.38900,1.74800,1
13038,1.67835,0.61000,1.30300,1.61100,1
13039,2.41352,0.58800,1.26200,1.66100,1
13040,1.71630,0.56300,2.10300,1.67300,1
13041,1.76339,0.65100,1.28900,1.60300,1
13042,1.88148,0.72100,1.19700,1.81800,1
13043,1.95661,0.67900,1.37100,1.60600,1
13044,1.66494,0.63300,1.28000,1.61300,1
13045,1.71610,0.61400,1.19100,1.61700,1
13046,1.72993,0.58100,1.16100,1.58300,1
13047,1.86690,0.58300,1.24200,1.60400,1
13048,1.68755,0.58300,1.18500,1.60300,1
13049,1.81013,0.55600,1.21300,1.59400,1
13050,1.75437,0.64000,1.19200,1.59500,1
13051,2.19327,0.71300,1.38600,1.80500,1
13052,1.81413,0.73000,1.39900,1.61700,1
13053,1.78974,0.70600,1.40100,1.62700,1
13054,1.78616,0.66200,1.45000,1.60600,1
13055,1.91132,0.60600,1.43700,1.75500,1
13056,1.66998,0.61300,1.33200,1.59100,1
13057,1.88455,0.58200,1.36600,1.61900,1
13058,1.78633,0.56900,1.37300,1.60700,1
13059,1.84324,0.56400,1.42900,1.61000,1
13060,1.96192,0.57100,1.37200,1.81000,1
13061,1.75453,0.62800,1.29100,1.61300,1
13062,1.86513,0.64800,1.43100,1.61300,1
13063,1.77209,0.60300,1.43700,1.60600,1
13064,1.83249,0.54000,1.45500,1.63000,1
13065,1.63266,0.56600,1.34100,1.58800,1
13066,1.68020,0.57700,1.23500,1.58900,1
13067,1.80817,0.58300,1.26100,1.61300,1
13068,1.82282,0.56600,1.35200,1.58100,1
13069,1.86487,0.57500,1.26700,1.77500,1
13070,1.71428,0.56400,1.21500,1.61000,1
13071,1.79388,0.55000,1.18400,1.63100,1
13072,1.83909,0.62300,1.23700,1.60000,1
13073,1.72000,0.63700,1.22200,1.62800,1
13074,1.97880,0.54600,1.25000,1.74400,1
13075,1.83330,0.53700,1.30400,1.59700,1
13076,1.85387,0.55000,1.35700,1.63200,1
13077,2.50332,0.58100,1.26900,1.60000,1
13078,1.76058,0.61300,2.41400,1.80900,1
13079,1.74997,0.58800,1.23800,1.57100,1
13080,1.86523,0.58100,1.25800,1.64800,1
13081,1.73009,0.56200,1.22200,1.60200,1
13082,1.75490,0.54300,1.17700,1.59900,1
13083,1.76792,0.57100,1.16400,1.61400,1
13084,1.90753,0.61500,1.31300,1.57700,1
13085,1.62107,0.60400,1.15200,1.62100,1
13086,2.00128,0.57600,1.38800,1.58700,1
13087,1.76139,0.64600,1.23300,1.77500,1
13088,1.80994,0.62700,1.25300,1.59800,1
13089,1.80256,0.60800,1.23400,1.64900,1
13090,1.72060,0.61600,1.19900,1.58300,1
13091,1.94811,0.58500,1.22400,1.59600,1
13092,1.73134,0.57200,1.20100,1.60200,1
13093,1.70828,0.62300,1.13200,1.60100,1
13094,1.82726,0.67800,1.15700,1.62100,1
13095,1.76829,0.64600,1.13000,1.61600,1
13096,1.95001,0.64100,1.13100,1.79200,1
13097,1.89370,0.63900,1.22400,1.61300,1
13098,1.78615,0.63000,1.17000,1.62300,1
13099,1.72697,0.66500,1.22800,1.59200,1
13100,1.72234,0.66400,1.16400,1.58600,1
13101,1.85871,0.64000,1.27300,1.59300,1
13102,1.79580,0.65100,1.30300,1.61000,1
13103,1.68928,0.70500,1.20200,1.59800,1
13104,2.99575,0.69600,1.15300,1.61200,1
13105,2.04744,0.69900,1.28000,1.76200,1
13106,1.81107,0.58000,1.34700,1.62500,1
13107,1.91053,0.61700,1.49400,1.60600,1
13108,1.86805,0.61800,1.55600,1.61700,1
13109,2.05709,0.63400,1.88300,1.60100,1
13110,1.68720,0.62200,1.67400,1.60100,1
13111,1.59273,0.59400,1.47900,1.59500,1
13112,1.76436,0.66300,1.39800,1.62500,1
13113,1.65616,0.62600,1.29800,1.60800,1
13114,1.90454,0.59800,1.21300,1.77400,1
13115,1.78852,0.56700,1.21400,1.59000,1
13116,2.26677,0.60900,1.22700,1.62200,1
13117,2.07220,0.57800,1.90600,1.60700,1
13118,1.83448,0.58600,1.27400,1.58600,1
13119,1.81970,0.58200,1.31200,1.58100,1
13120,1.72832,0.61000,1.28500,1.61600,1
13121,1.91302,0.57500,1.40100,1.60000,1
13122,1.60501,0.62500,1.27100,1.59800,1
13123,2.16022,0.64600,1.46400,1.78300,1
13124,1.69871,0.66500,1.40600,1.59800,1
13125,1.74286,0.67200,1.36900,1.59300,1
13126,1.69802,0.67300,1.23200,1.60100,1
13127,1.77846,0.77700,1.24500,1.61500,1
13128,2.02067,0.83100,1.31700,1.75500,1
13129,1.74036,0.78800,1.33500,1.58800,1
13130,1.89734,0.73600,1.41100,1.62100,1
13131,1.77597,0.72200,1.40500,1.61300,1
13132,1.98099,0.78200,1.40600,1.78400,1
13133,1.90947,0.69300,1.54700,1.60200,1
13134,1.59386,0.75400,1.32000,1.64000,1
13135,1.69080,0.73400,1.25500,1.60300,1
13136,1.86110,0.64500,1.30700,1.60900,1
13137,1.80126,0.66200,1.34700,1.61100,1
13138,1.74995,0.68800,1.33900,1.62100,1
13139,1.68008,0.63700,1.22900,1.60900,1
13140,1.75913,0.69100,1.25300,1.59200,1
13141,1.99587,0.60800,1.22500,1.79900,1
13142,2.10704,0.63000,1.55600,1.62500,1
13143,1.62848,0.73200,1.42000,1.60800,1
13144,1.91137,0.70400,1.55500,1.65400,1
13145,1.65490,0.63100,1.45500,1.61000,1
13146,2.09619,0.61600,1.59000,1.76100,1
13147,1.71062,0.59400,1.53000,1.59300,1
13148,1.92334,0.60200,1.63000,1.64000,1
13149,1.58299,0.60600,1.46400,1.59000,1
13150,1.99593,0.58600,1.49200,1.81200,1
13151,1.76587,0.60200,1.49000,1.60000,1
13152,1.91744,0.58200,1.58700,1.63400,1
13153,1.71054,0.64000,1.48800,1.60800,1
13154,1.64174,0.69700,1.35100,1.59000,1
13155,3.40312,0.72300,1.39800,1.62300,1
13156,1.62025,0.69800,1.34600,1.57600,1
13157,1.68918,0.66500,1.27500,1.57500,1
13158,1.80297,0.67800,1.32700,1.57800,1
13159,1.91069,0.66600,1.26100,1.79200,1
13160,1.95380,0.64400,1.39800,1.64400,1
13161,1.82445,0.70000,1.42200,1.61000,1
13162,2.18660,0.68300,2.07600,1.60200,1
13163,2.39201,0.61200,2.36900,1.61500,1
13164,1.73906,0.65200,1.72500,1.66700,1
13165,1.58653,0.71800,1.57900,1.67500,1
13166,1.54092,0.71800,1.53600,1.67500,1
13167,1.62244,0.69700,1.47500,1.58900,1
13168,1.93817,0.72000,1.46600,1.77700,1
13169,1.84105,0.71700,1.47400,1.60500,1
13170,1.75264,0.70300,1.46600,1.61600,1
13171,1.78894,0.64500,1.47500,1.61800,1
13172,1.86122,0.63900,1.57000,1.61900,1
13173,1.73042,0.69000,1.51700,1.62000,1
13174,1.84534,0.63900,1.62700,1.60800,1
13175,1.58663,0.65800,1.47900,1.58500,1
13176,1.91240,0.58600,1.54900,1.60700,1
13177,1.99378,0.64400,1.57200,1.81800,1
13178,1.70952,0.64800,1.51900,1.58500,1
13179,1.74583,0.61500,1.46400,1.58400,1
13180,1.74381,0.65900,1.46500,1.59600,1
13181,1.67106,0.60500,1.38200,1.59500,1
13182,1.96798,0.58200,1.39500,1.78000,1
13183,1.69852,0.56500,1.33000,1.62400,1
13184,1.80050,0.59000,1.30900,1.61900,1
13185,1.86717,0.59600,1.38100,1.62600,1
13186,1.89152,0.57000,1.32400,1.77700,1
13187,1.84237,0.56600,1.39300,1.61700,1
13188,1.74261,0.59200,1.33600,1.63100,1
13189,1.77581,0.60500,1.36100,1.58800,1
13190,1.82167,0.58800,1.39900,1.61800,1
13191,1.73729,0.58100,1.38500,1.59900,1
13192,1.77051,0.58400,1.34300,1.62000,1
13193,1.77921,0.54300,1.33600,1.60000,1
13194,2.46301,0.58100,1.40500,1.61400,1
13195,2.38987,0.54000,2.25800,1.76100,1
13196,1.73988,0.55700,1.37500,1.60400,1
13197,1.90089,0.59900,1.26400,1.60800,1
13198,1.69772,1.03000,1.28200,1.59200,1
13199,1.82079,1.00400,1.36200,1.61100,1
13200,1.96814,1.09800,1.32600,1.58700,1
13201,1.77714,1.50700,1.36000,1.58700,1
13202,1.82966,1.19000,1.40000,1.62900,1
13203,1.79431,0.73000,1.42000,1.61900,1
13204,1.97590,0.74700,1.42000,1.77800,1
13205,1.76778,0.71300,1.41200,1.63600,1
13206,1.82786,0.72900,1.44500,1.62900,1
13207,3.20056,0.67400,1.47000,1.63000,1
13208,1.78556,0.63800,1.52100,1.59000,1
13209,1.69649,0.63000,1.45000,1.59900,1
13210,1.83287,0.59700,1.53900,1.60700,1
13211,1.71312,0.66100,1.47700,1.60700,1
13212,1.74902,0.64200,1.42800,1.62000,1
13213,1.99747,0.61500,1.44300,1.79600,1
13214,1.90608,0.61000,1.52000,1.59000,1
13215,1.65227,0.62200,1.40300,1.64300,1
13216,1.81386,0.61900,1.44100,1.60800,1
13217,1.91123,0.64400,1.44900,1.75000,1
13218,1.85391,0.62300,1.53900,1.60800,1
13219,1.72818,0.59500,1.41600,1.62700,1
13220,1.83546,0.58200,1.44900,1.63500,1
13221,1.88203,0.64700,1.54000,1.63500,1
13222,1.91321,0.76500,1.47700,1.79500,1
13223,1.72843,0.69200,1.44400,1.62100,1
13224,1.83783,0.61900,1.45100,1.62300,1
13225,1.76224,0.70000,1.45200,1.60300,1
13226,1.77243,0.63300,1.41100,1.63000,1
13227,1.83310,0.63200,1.46700,1.61100,1
13228,1.77886,0.62400,1.46700,1.62300,1
13229,1.78051,0.62900,1.41400,1.63300,1
13230,1.80981,0.61700,1.46100,1.60900,1
13231,1.97064,0.61300,1.63100,1.81100,1
13232,1.83514,0.58600,1.44600,1.61300,1
13233,1.74218,0.63300,1.43100,1.62700,1
13234,2.51061,0.60700,1.41300,1.65200,1
13235,1.91105,0.64000,1.40000,1.78900,1
13236,1.78465,0.63300,1.40500,1.62900,1
13237,1.79363,0.64600,1.36600,1.63900,1
13238,1.92482,0.58300,1.48400,1.62000,1
13239,1.66864,0.61900,1.36800,1.63200,1
13240,1.89178,0.65500,1.35200,1.75000,1
13241,1.80144,0.59900,1.35100,1.62200,1
13242,1.82125,0.64000,1.37000,1.62000,1
13243,1.76734,0.57500,1.34800,1.63100,1
13244,1.84625,0.56700,1.42400,1.62200,1
13245,1.72709,0.56800,1.34400,1.61800,1
13246,1.80016,0.57600,1.37000,1.59700,1
13247,1.85027,0.59700,1.44400,1.60800,1
13248,1.80653,0.71600,1.46300,1.60900,1
13249,2.14529,0.77900,1.60800,1.82200,1
13250,1.63818,0.69600,1.51800,1.60500,1
13251,1.84963,0.83500,1.42200,1.65100,1
13252,1.60269,0.67900,1.33100,1.62900,1
13253,1.95349,0.66700,1.33500,1.77000,1
13254,1.72534,0.89900,1.25800,1.61100,1
13255,1.69104,1.04000,1.15000,1.59200,1
13256,1.94496,0.86400,1.26200,1.65200,1
13257,1.81371,0.78500,1.33900,1.60500,1
13258,1.93332,0.74500,1.37300,1.76100,1
13259,1.83415,0.64600,1.42800,1.61000,1
13260,1.94453,0.65100,1.55800,1.65200,1
13261,1.55219,0.68000,1.33100,1.60000,1
13262,1.73261,0.77900,1.22200,1.63600,1
13263,1.77029,0.69300,1.22800,1.60100,1
13264,1.72374,0.63400,1.17500,1.60100,1
13265,1.79472,0.67000,1.17500,1.60400,1
13266,1.75116,0.66300,1.17300,1.57400,1
13267,2.13159,0.61300,1.34300,1.79200,1
13268,1.74344,0.63500,1.34900,1.61300,1
13269,1.76345,0.68600,1.29100,1.59500,1
13270,1.80185,0.63600,1.36800,1.59900,1
13271,1.77887,0.59900,1.37600,1.60500,1
13272,1.83080,0.61700,1.26800,1.77400,1
13273,3.23125,0.60200,1.31700,1.65200,1
13274,1.82454,0.61700,1.38200,1.60300,1
13275,1.79087,0.60100,1.39900,1.59400,1
13276,1.83101,0.66500,1.31500,1.76700,1
13277,1.79288,0.64100,1.33600,1.61000,1
13278,1.86043,0.65600,1.41200,1.61400,1
13279,1.72315,0.57000,1.30600,1.60100,1
13280,1.68741,0.61500,1.25700,1.59900,1
13281,1.79515,0.64600,1.30100,1.58100,1
13282,1.71181,0.62300,1.25700,1.59800,1
13283,1.76267,0.65000,1.24200,1.60300,1
13284,1.78342,0.63200,1.29400,1.59500,1
13285,2.02232,0.60200,1.30500,1.81500,1
13286,1.71989,0.60100,1.22800,1.61300,1
13287,1.75767,0.63700,1.20000,1.61500,1
13288,1.95110,0.59000,1.37600,1.60100,1
13289,1.93123,0.56300,1.50900,1.63000,1
13290,1.73466,0.57200,1.34000,1.78500,1
13291,1.93410,0.58300,1.40500,1.61000,1
13292,1.66350,0.58400,1.29600,1.62900,1
13293,1.80121,0.56400,1.29700,1.60900,1
13294,2.21353,0.66300,1.54500,1.77400,1
13295,2.82876,0.74600,2.71900,1.69300,1
13296,2.01689,1.81200,2.03100,1.64000,1
13297,1.96496,1.21800,1.98500,1.63800,1
13298,1.86016,0.87000,1.85100,1.65500,1
13299,1.80556,0.89100,1.80400,1.66000,1
13300,1.93641,0.82900,1.92800,1.67600,1
13301,1.87102,1.03800,1.79700,1.61000,1
13302,1.42388,1.38200,1.45900,1.61000,1
13303,1.54916,0.96200,1.38600,1.82800,1
13304,1.81188,0.82000,1.42500,1.60400,1
13305,1.73071,0.72200,1.36600,1.60800,1
13306,1.82802,0.77600,1.43700,1.59300,1
13307,1.83614,0.69000,1.36100,1.74900,1
13308,1.87250,0.66500,1.40800,1.61200,1
13309,1.72946,0.68100,1.33700,1.59900,1
13310,2.28817,0.61500,1.40400,1.63800,1
13311,2.18093,0.62800,2.05400,1.59100,1
13312,2.97421,0.62800,1.38400,1.82700,1
13313,1.65192,0.59400,1.32800,1.60300,1
13314,1.79437,0.59500,1.32100,1.61400,1
13315,1.66684,0.56500,1.20700,1.62000,1
13316,1.82231,0.54500,1.19600,1.60500,1
13317,1.90897,0.62100,1.30300,1.59600,1
13318,1.79985,0.69400,1.34900,1.62300,1
13319,1.75132,0.68500,1.31600,1.62100,1
13320,1.86508,0.67000,1.26100,1.78400,1
13321,1.76465,0.67700,1.25600,1.59600,1
13322,1.77126,0.65200,1.18500,1.60700,1
13323,1.82394,0.62800,1.24400,1.58700,1
13324,1.84698,0.66700,1.33000,1.60700,1
13325,1.82888,0.65800,1.22200,1.76100,1
13326,1.81121,0.70500,1.28300,1.59000,1
13327,1.74643,0.65000,1.27000,1.61100,1
13328,1.82062,0.65200,1.34500,1.59300,1
13329,1.88516,0.61100,1.20400,1.80700,1
13330,1.78872,0.57400,1.16600,1.62500,1
13331,1.87261,0.61300,1.26400,1.61500,1
13332,1.71101,0.60800,1.22200,1.61600,1
13333,1.77725,0.57800,1.23900,1.58900,1
13334,1.72064,0.58100,1.19500,1.59400,1
13335,1.75297,0.55400,1.19500,1.58800,1
13336,1.74949,0.56000,1.17000,1.58800,1
13337,1.77102,0.57900,1.15400,1.57600,1
13338,1.94624,0.63800,1.18900,1.60500,1
13339,1.91261,0.68800,1.32900,1.57800,1
13340,1.66702,0.60700,1.19400,1.60000,1
13341,1.74753,0.57700,1.17100,1.63100,1
13342,1.76940,0.59300,1.21400,1.59400,1
13343,1.97384,0.63000,1.21700,1.77800,1
13344,1.85682,0.59800,1.30100,1.59200,1
13345,1.67155,0.60000,1.23400,1.60500,1
13346,1.77680,0.60700,1.21300,1.63600,1
13347,1.74206,0.61500,1.18600,1.61300,1
13348,1.94774,0.57900,1.18100,1.77800,1
13349,1.76316,0.56500,1.16800,1.61200,1
13350,2.47778,0.56100,1.22100,1.63800,1
13351,1.63086,0.57400,2.06500,1.61700,1
13352,1.85700,0.57000,1.30900,1.59100,1
13353,1.67201,0.56400,1.22700,1.60300,1
13354,1.75520,0.55400,1.18300,1.59800,1
13355,1.77003,0.57700,1.18200,1.59900,1
13356,1.78794,0.59700,1.19300,1.60900,1
13357,1.95065,0.61200,1.21200,1.77900,1
13358,1.79073,0.57700,1.19100,1.60200,1
13359,1.79880,0.55600,1.15600,1.64000,1
13360,1.83257,0.60100,1.21100,1.60300,1
13361,1.90891,0.63100,1.22100,1.74600,1
13362,1.80872,0.63300,1.23700,1.61800,1
13363,1.76437,0.67300,1.26200,1.58400,1
13364,1.88336,0.68300,1.38700,1.59300,1
13365,1.78800,0.58000,1.39100,1.61900,1
13366,2.04935,0.67700,1.38600,1.79000,1
13367,1.69043,0.55800,1.40900,1.59200,1
13368,1.72764,0.58500,1.33500,1.61400,1
13369,1.71456,0.62500,1.32500,1.61000,1
13370,1.80562,0.57700,1.26300,1.63300,1
13371,1.71347,0.56000,1.21400,1.58400,1
13372,1.75493,0.63200,1.19400,1.61500,1
13373,1.80795,0.63100,1.23600,1.60100,1
13374,1.83853,0.65900,1.31500,1.62400,1
13375,1.96048,0.63700,1.28200,1.80000,1
13376,1.78211,0.65500,1.29700,1.61300,1
13377,1.79682,0.64500,1.31100,1.60400,1
13378,1.78077,0.59000,1.28900,1.60600,1
13379,1.72448,0.55800,1.22900,1.60700,1
13380,1.95213,0.56200,1.22500,1.79000,1
13381,1.71836,0.56000,1.18300,1.60500,1
13382,1.77203,0.54300,1.16000,1.61300,1
13383,1.88409,0.59000,1.32000,1.59500,1
13384,1.77028,0.58600,1.27900,1.61700,1
13385,2.02326,0.61800,1.33000,1.80600,1
13386,1.78357,0.63300,1.29800,1.61400,1
13387,1.76489,0.63300,1.26200,1.60400,1
13388,1.88972,0.61500,1.36100,1.60800,1
13389,3.07673,0.66000,1.36500,1.64700,1
13390,1.71990,0.64600,1.42300,1.60200,1
13391,1.73326,0.64500,1.32200,1.62600,1
13392,1.70528,0.60000,1.22200,1.62100,1
13393,1.91561,0.64300,1.19000,1.78600,1
13394,1.86594,0.55500,1.28300,1.59300,1
13395,1.71247,0.56400,1.19500,1.63000,1
13396,1.76099,0.60300,1.18300,1.59300,1
13397,1.82059,0.62300,1.24300,1.60300,1
13398,1.89692,0.61000,1.20600,1.74400,1
13399,1.81073,0.59500,1.24600,1.62700,1
13400,1.86525,0.59000,1.27300,1.64700,1
13401,1.74846,0.60300,1.18500,1.59800,1
13402,1.91350,0.86800,1.21700,1.75300,1
13403,1.75776,0.66500,1.19400,1.58600,1
13404,1.84489,0.64300,1.25700,1.58900,1
13405,2.33220,0.63800,1.84300,1.63200,1
13406,1.74831,0.87100,1.73700,1.63200,1
13407,1.59674,0.92900,1.60400,1.62300,1
13408,1.69445,0.81100,1.55500,1.61500,1
13409,1.56379,0.71100,1.36300,1.58600,1
13410,1.85646,0.68200,1.40700,1.61500,1
13411,1.76425,0.69400,1.41100,1.59900,1
13412,1.97282,0.66500,1.42500,1.78700,1
13413,2.02733,0.69700,1.63100,1.65300,1
13414,2.31417,0.68000,1.40200,1.64100,1
13415,1.75767,0.65000,1.40000,1.61100,1
13416,1.90714,0.66300,1.36700,1.76300,1
13417,1.77494,0.72900,1.35900,1.60500,1
13418,1.87484,0.66100,1.43200,1.64000,1
13419,1.79176,0.59900,1.46500,1.60700,1
13420,1.68302,0.64500,1.20300,1.77700,1
13421,1.78844,0.59900,1.20900,1.58000,1
13422,1.72950,0.58400,1.15200,1.62300,1
13423,1.77214,0.59200,1.13200,1.58300,1
13424,1.85147,0.58400,1.20400,1.63100,1
13425,1.82934,0.54900,1.25400,1.59300,1
13426,1.71872,0.54800,1.19800,1.61700,1
13427,1.78782,0.52600,1.18600,1.59000,1
13428,2.38108,0.66100,1.23800,1.60600,1
13429,1.62498,0.60100,1.98000,1.62100,1
13430,1.79967,0.61000,1.21800,1.59000,1
13431,1.86871,0.60200,1.25400,1.61100,1
13432,1.74434,0.63500,1.26100,1.59000,1
13433,1.81173,0.66000,1.31200,1.58900,1
13434,2.00994,0.67800,1.38300,1.76700,1
13435,1.73462,0.66700,1.38000,1.60900,1
13436,1.88719,0.70700,1.50000,1.60700,1
13437,1.65194,0.64500,1.38200,1.60500,1
13438,1.88161,0.61100,1.48300,1.60900,1
13439,1.97002,0.60600,1.47500,1.79100,1
13440,1.87354,0.64500,1.38300,1.80100,1
13441,1.75166,0.60900,1.34700,1.60400,1
13442,1.66493,0.61200,1.23100,1.60300,1
13443,1.73872,0.59700,1.21500,1.58100,1
13444,2.00681,0.59200,1.43400,1.60700,1
13445,1.80700,0.62800,1.50300,1.61800,1
13446,1.74721,0.60900,1.41600,1.60600,1
13447,1.85292,0.60400,1.47800,1.61500,1
13448,1.99799,0.66600,1.50700,1.80900,1
13449,1.64577,0.62500,1.35800,1.60400,1
13450,1.79025,0.59300,1.40800,1.61600,1
13451,1.87745,0.58400,1.48200,1.58900,1
13452,1.88001,0.61300,1.43100,1.77000,1
13453,1.93353,0.81500,1.47200,1.64300,1
13454,1.85906,1.07300,1.57400,1.61700,1
13455,1.54686,0.79100,1.37300,1.59400,1
13456,1.99940,0.75300,1.44400,1.75600,1
13457,1.91708,0.73600,1.44500,1.76000,1
13458,1.87677,0.68600,1.52000,1.63600,1
13459,1.71754,0.61700,1.49100,1.59800,1
13460,1.76757,0.60900,1.46100,1.59500,1
13461,1.63032,0.60300,1.32700,1.61400,1
13462,1.72733,0.60400,1.20700,1.60000,1
13463,1.71276,0.63600,1.17100,1.57200,1
13464,1.79638,0.63600,1.21900,1.60000,1
13465,1.88048,0.77900,1.28700,1.59000,1
13466,2.01664,1.03700,1.36700,1.79200,1
13467,2.47383,0.94600,1.35700,1.65200,1
13468,1.80071,0.85900,2.34500,1.65200,1
13469,1.80127,0.96200,1.40400,1.59800,1
13470,2.30238,0.93400,1.91300,1.77100,1
13471,1.77577,0.86100,1.78100,1.77100,1
13472,1.69480,0.78900,1.67400,1.62900,1
13473,1.75089,0.75200,1.64800,1.60600,1
13474,1.52427,0.71300,1.40000,1.60600,1
13475,1.93221,0.72700,1.33500,1.81600,1
13476,1.72775,0.73100,1.27600,1.59700,1
13477,1.74258,0.61800,1.24500,1.61300,1
13478,1.78303,0.66700,1.24700,1.59300,1
13479,1.79231,0.64300,1.29600,1.59200,1
13480,1.81454,0.64200,1.29600,1.63800,1
13481,1.78742,0.62100,1.31100,1.59200,1
13482,1.80780,0.60900,1.49400,1.61900,1
13483,1.82784,0.58900,1.35600,1.60400,1
13484,1.88205,0.57200,1.29300,1.78000,1
13485,1.77043,0.56700,1.32600,1.59300,1
13486,1.77886,0.57000,1.34600,1.60700,1
13487,1.73151,0.55100,1.29600,1.60500,1
13488,1.85886,0.59400,1.36100,1.60300,1
13489,1.85874,0.61600,1.30200,1.74400,1
13490,1.68254,0.66000,1.23700,1.61200,1
13491,1.75646,0.56700,1.18500,1.59700,1
13492,1.88030,0.55500,1.20200,1.64000,1
13493,1.95888,0.68300,1.25800,1.76400,1
13494,1.70580,0.60900,1.20500,1.61400,1
13495,1.88019,0.56400,1.31800,1.64100,1
13496,1.78193,0.60800,1.30600,1.59200,1
13497,1.69649,0.59400,1.25600,1.58000,1
13498,1.77416,0.56200,1.23800,1.60200,1
13499,1.78448,0.54800,1.25200,1.60800,1
13500,1.73827,0.57400,1.22000,1.57200,1
13501,1.87882,0.58800,1.33300,1.60300,1
13502,1.77992,0.62600,1.36800,1.61200,1
13503,1.96690,0.61700,1.36300,1.77900,1
13504,1.77146,0.58700,1.36700,1.61000,1
13505,1.78601,0.58200,1.30700,1.65000,1
13506,2.31394,0.66200,1.26300,1.63200,1
13507,1.86858,0.67400,1.21500,1.76200,1
13508,1.81403,0.61100,1.29000,1.58700,1
13509,1.83430,0.57700,1.32200,1.59200,1
13510,1.75097,0.65100,1.28000,1.61900,1
13511,1.69978,0.62500,1.16800,1.62100,1
13512,1.94623,0.58300,1.16800,1.81300,1
13513,1.76363,0.55200,1.14700,1.61900,1
13514,1.76096,0.52800,1.13700,1.58900,1
13515,1.81787,0.53800,1.18100,1.58800,1
13516,1.76399,0.55800,1.16800,1.59700,1
13517,3.07468,0.51900,1.16000,1.64700,1
13518,1.72873,0.55600,1.16800,1.58300,1
13519,1.79490,0.55500,1.18400,1.60700,1
13520,1.98457,0.58500,1.21300,1.77800,1
13521,1.74423,0.58000,1.17900,1.59800,1
13522,1.80569,0.55500,1.21900,1.60100,1
13523,1.71351,0.58400,1.15900,1.59900,1
13524,1.80452,0.60400,1.20300,1.60500,1
13525,2.01273,0.59700,1.27600,1.77500,1
13526,1.80144,0.55500,1.32600,1.61900,1
13527,1.79533,0.54700,1.32100,1.61800,1
13528,1.92342,0.54800,1.43800,1.59900,1
13529,1.92307,0.61400,1.43200,1.79000,1
13530,1.81389,0.59700,1.45500,1.61500,1
13531,1.73544,0.56400,1.44500,1.58900,1
13532,1.75290,0.56800,1.42500,1.62600,1
13533,1.70991,0.56100,1.33300,1.60900,1
13534,1.70768,0.56600,1.29000,1.59300,1
13535,1.80270,0.55800,1.32000,1.59200,1
13536,1.86500,0.79600,1.41800,1.57600,1
13537,1.76044,0.57300,1.43900,1.60700,1
13538,1.87548,0.58100,1.52100,1.62800,1
13539,1.94285,0.54000,1.44000,1.80300,1
13540,1.90474,0.55200,1.51000,1.62700,1
13541,1.54498,0.63400,1.30200,1.60600,1
13542,1.70185,0.65800,1.18700,1.60700,1
13543,1.79285,0.57500,1.21200,1.60000,1
13544,1.91171,0.63600,1.18900,1.77700,1
13545,2.27315,0.60500,1.21100,1.60400,1
13546,1.91541,0.58000,2.19700,1.62100,1
13547,2.00831,0.59200,1.26200,1.59000,1
13548,1.71756,0.60800,1.18900,1.60800,1
13549,1.96745,0.56000,1.34400,1.62500,1
13550,1.71829,0.64300,1.40000,1.60800,1
13551,1.75109,0.66400,1.27700,1.60800,1
13552,1.77829,1.14200,1.29200,1.58600,1
13553,1.76010,0.82300,1.26100,1.60300,1
13554,1.74039,0.73200,1.24300,1.60300,1
13555,1.75234,0.68700,1.26000,1.58400,1
13556,1.73692,0.63800,1.23000,1.59100,1
13557,2.08149,0.66200,1.32900,1.77700,1
13558,1.64172,0.64700,1.17600,1.60900,1
13559,1.80162,0.65100,1.21400,1.61800,1
13560,1.75034,0.61700,1.19900,1.60900,1
13561,1.91882,0.61200,1.17800,1.58100,1
13562,1.79327,0.68100,1.19300,1.62100,1
13563,1.86388,0.60700,1.24800,1.60900,1
13564,1.75433,0.58200,1.26300,1.64100,1
13565,1.89746,0.57800,1.33100,1.59900,1
13566,2.06644,0.59400,1.47400,1.80500,1
13567,1.70899,0.62500,1.37000,1.60300,1
13568,1.81850,0.57200,1.35100,1.63200,1
13569,1.86616,0.58800,1.32400,1.62500,1
13570,1.75049,1.07000,1.30500,1.59600,1
13571,1.72467,1.00400,1.29600,1.61700,1
13572,1.78242,0.81700,1.31400,1.60200,1
13573,1.75758,0.71600,1.27400,1.61900,1
13574,1.77928,0.65700,1.29700,1.59900,1
13575,1.97856,0.62500,1.35400,1.77100,1
13576,1.83626,0.61100,1.40300,1.61900,1
13577,1.78513,0.63600,1.44500,1.61700,1
13578,1.75917,0.61400,1.32800,1.62000,1
13579,1.76343,0.58900,1.30900,1.58900,1
13580,2.18140,0.63100,1.52900,1.76300,1
13581,1.88770,0.64400,1.84400,1.61100,1
13582,1.65945,0.61100,1.62900,1.60500,1
13583,1.85049,0.55700,1.58700,1.58800,1
13584,2.30596,0.59100,1.47900,1.78900,1
13585,2.42434,0.58400,2.14900,1.61000,1
13586,1.84757,0.62000,1.60000,1.60600,1
13587,1.73660,0.61100,1.53900,1.60700,1
13588,1.82254,0.62100,1.64500,1.60900,1
13589,1.59740,0.60100,1.44100,1.59000,1
13590,1.74104,0.54300,1.36200,1.63400,1
13591,1.70254,0.56500,1.28000,1.59000,1
13592,1.85096,0.57500,1.35000,1.61900,1
13593,1.89016,0.56100,1.24300,1.79800,1
13594,1.86059,0.53700,1.31500,1.60700,1
13595,1.70052,0.56600,1.23200,1.62100,1
13596,1.69532,0.62800,1.17900,1.57800,1
13597,1.80401,0.60600,1.21100,1.56700,1
13598,1.89092,0.59100,1.17800,1.75400,1
13599,1.80459,0.63600,1.20500,1.58600,1
13600,1.78163,0.58800,1.23600,1.59500,1
13601,1.76212,0.55500,1.22400,1.61100,1
13602,1.96235,0.56400,1.18800,1.79400,1
13603,1.73742,0.57400,1.19300,1.59700,1
13604,1.93073,0.55400,1.27800,1.63600,1
13605,1.63036,0.66400,1.19500,1.58600,1
13606,1.79796,0.61800,1.16600,1.63300,1
13607,1.74460,0.57100,1.20100,1.59900,1
13608,1.77340,0.55300,1.17700,1.60800,1
13609,1.77647,0.56800,1.17500,1.59200,1
13610,1.76114,0.57700,1.15000,1.59300,1
13611,1.99458,0.60300,1.18800,1.80800,1
13612,1.77641,0.57400,1.21100,1.58900,1
13613,1.71627,0.58100,1.19200,1.58000,1
13614,1.78757,0.55800,1.20300,1.60700,1
13615,1.73466,0.56900,1.17600,1.59500,1
13616,2.06792,0.56400,1.31000,1.77500,1
13617,1.75210,0.58900,1.31800,1.61300,1
13618,1.67114,0.58900,1.21900,1.58300,1
13619,1.71851,0.57700,1.14900,1.60400,1
13620,3.22557,0.57500,1.43300,1.65300,1
13621,1.62133,0.62600,1.33200,1.61500,1
13622,1.83652,0.68200,1.33300,1.62900,1
13623,2.97058,0.63600,1.28800,1.62400,1
13624,1.69724,0.65400,1.22900,1.55700,1
13625,1.79473,0.61500,1.24300,1.59300,1
13626,1.84698,0.64400,1.31500,1.62100,1
13627,1.74485,0.64200,1.32100,1.58700,1
13628,1.89539,0.63400,1.42000,1.62100,1
13629,1.89677,0.63300,1.30900,1.81600,1
13630,1.76590,0.64500,1.24100,1.63400,1
13631,1.72509,0.60800,1.22900,1.61100,1
13632,1.75457,0.57800,1.22400,1.59400,1
13633,1.82924,0.55800,1.27300,1.62100,1
13634,2.06365,0.56500,1.46200,1.73300,1
13635,1.86332,0.55500,1.52100,1.64400,1
13636,1.67910,0.57700,1.40500,1.60300,1
13637,1.76778,0.59800,1.34400,1.63200,1
13638,1.90966,0.62200,1.28900,1.79200,1
13639,1.74363,0.60100,1.24000,1.58900,1
13640,1.94080,0.62800,1.42300,1.62200,1
13641,1.53588,0.59200,1.17600,1.59400,1
13642,1.76706,0.58600,1.17700,1.59900,1
13643,1.71759,0.55900,1.14000,1.58900,1
13644,1.85424,0.61900,1.19300,1.59000,1
13645,1.73884,0.61100,1.20700,1.59300,1
13646,1.78881,0.64200,1.22100,1.59900,1
13647,1.91889,0.61900,1.20500,1.76400,1
13648,1.83345,0.60800,1.20700,1.61600,1
13649,1.68120,0.85200,1.16500,1.60100,1
13650,1.83893,0.58700,1.19200,1.60900,1
13651,1.76372,0.67400,1.19400,1.60300,1
13652,1.98386,0.65800,1.20300,1.78900,1
13653,1.77373,0.64000,1.19500,1.61900,1
13654,1.75487,0.68600,1.19000,1.63000,1
13655,1.94039,0.62400,1.33100,1.61000,1
13656,2.00997,0.65400,1.45300,1.77200,1
13657,1.58969,0.63400,1.26400,1.59400,1
13658,1.71700,0.64700,1.16600,1.60600,1
13659,1.75885,0.61800,1.20200,1.58600,1
13660,1.75396,0.57400,1.17300,1.59300,1
13661,1.82084,0.54700,1.20800,1.62000,1
13662,2.37814,0.62800,1.29700,1.61500,1
13663,1.74011,0.63100,1.21600,1.61000,1
13664,1.81536,0.61500,1.23600,1.59600,1
13665,2.01449,0.63000,1.31000,1.82100,1
13666,1.75035,0.57900,1.29400,1.58600,1
13667,1.76997,0.63300,1.24300,1.61400,1
13668,1.74395,0.64000,1.21700,1.59000,1
13669,1.74398,0.66300,1.20900,1.59000,1
13670,1.95631,0.63100,1.23200,1.75600,1
13671,1.76942,0.63900,1.23600,1.59800,1
13672,1.82263,0.64000,1.28200,1.61100,1
13673,1.76910,0.61200,1.28500,1.59400,1
13674,2.06845,0.60400,1.36100,1.79700,1
13675,1.66703,0.71700,1.31100,1.59100,1
13676,1.72688,0.65900,1.25700,1.60800,1
13677,1.72084,0.59600,1.18800,1.59000,1
13678,1.73770,0.57600,1.16700,1.57600,1
13679,1.82932,0.53700,1.22000,1.61300,1
13680,1.71798,0.56600,1.18800,1.57700,1
13681,1.86979,0.58700,1.29300,1.58900,1
13682,1.66432,0.56000,1.19800,1.60400,1
13683,1.76613,0.55200,1.15900,1.58900,1
13684,2.01177,0.55600,1.22400,1.80700,1
13685,1.74054,0.55700,1.17900,1.59200,1
13686,1.74295,0.58400,1.16400,1.60400,1
13687,1.76380,0.56700,1.16600,1.60400,1
13688,1.96725,0.53100,1.21000,1.61400,1
13689,1.78495,0.57500,1.20100,1.61500,1
13690,1.90494,0.62900,1.27800,1.60000,1
13691,1.78408,0.61200,1.29500,1.62900,1
13692,1.81107,0.61500,1.26800,1.59800,1
13693,1.86224,0.79100,1.25100,1.78900,1
13694,1.67961,0.65200,1.19100,1.57600,1
13695,1.81230,0.58000,1.22700,1.61400,1
13696,1.86025,0.56900,1.30900,1.61300,1
13697,1.83682,0.55500,1.33200,1.61600,1
13698,1.76396,0.60700,1.33100,1.61200,1
13699,1.81660,0.58100,1.33700,1.62200,1
13700,2.44494,0.62000,1.27800,1.61200,1
13701,1.75245,0.55600,2.28100,1.65800,1
13702,1.94421,0.60400,1.27100,1.75700,1
13703,1.77328,0.59400,1.27400,1.58600,1
13704,1.83783,0.57300,1.30800,1.62600,1
13705,1.73040,0.61100,1.26800,1.58900,1
13706,1.73177,0.63200,1.24000,1.59700,1
13707,2.01759,0.65100,1.28900,1.77200,1
13708,1.73753,0.62500,1.23600,1.59800,1
13709,1.71971,0.60900,1.18900,1.61300,1
13710,1.86312,0.58700,1.25600,1.59900,1
13711,2.01432,0.63700,1.35200,1.77400,1
13712,1.74871,0.66700,1.35500,1.61200,1
13713,1.84065,0.67000,1.33200,1.64700,1
13714,1.78818,0.67500,1.33100,1.61000,1
13715,1.77870,0.65600,1.33700,1.63900,1
13716,1.65576,0.65300,1.20700,1.60400,1
13717,1.73269,0.62800,1.20700,1.56700,1
13718,1.77338,0.60900,1.17900,1.59700,1
13719,1.75864,0.58000,1.18800,1.58200,1
13720,1.96824,0.65600,1.19500,1.80300,1
13721,1.86402,0.67500,1.28800,1.58500,1
13722,1.83363,0.64100,1.39700,1.62100,1
13723,2.34657,0.67300,1.34700,1.60100,1
13724,2.14240,0.61800,2.14500,1.63500,1
13725,2.06564,0.65400,1.40300,1.73100,1
13726,1.84553,0.56700,1.49400,1.61200,1
13727,1.74059,0.56600,1.43000,1.59000,1
13728,1.73443,0.64600,1.39600,1.63100,1
13729,2.01084,0.64000,1.48700,1.77700,1
13730,1.63110,0.64300,1.38800,1.59000,1
13731,1.77324,0.55500,1.35200,1.64000,1
13732,1.95302,0.55900,1.51600,1.62000,1
13733,1.53974,0.58700,1.25700,1.60900,1
13734,1.77097,0.58900,1.20900,1.61300,1
13735,1.71887,0.62300,1.17400,1.59400,1
13736,1.78952,0.58000,1.18300,1.60800,1
13737,1.79194,0.54100,1.23200,1.59300,1
13738,2.00858,0.58000,1.27100,1.80100,1
13739,2.46258,0.60800,1.27200,1.59200,1
13740,2.10175,0.55500,2.13800,1.66100,1
13741,1.88683,0.57600,1.30300,1.60300,1
13742,1.69764,0.58400,1.24200,1.60300,1
13743,1.97560,0.56500,1.26700,1.77600,1
13744,1.83437,0.64500,1.31200,1.61000,1
13745,1.71506,0.62400,1.22900,1.59600,1
13746,1.76054,0.61200,1.23900,1.60400,1
13747,2.11317,0.65300,1.34600,1.80100,1
13748,1.82825,0.62200,1.36800,1.61700,1
13749,1.62216,0.56700,1.24000,1.62200,1
13750,2.37578,0.61200,1.83100,1.61000,1
13751,1.76155,0.63200,1.76000,1.60300,1
13752,1.61972,0.58300,1.62200,1.60200,1
13753,1.34530,0.56500,1.32200,1.60200,1
13754,1.81077,0.58100,1.31400,1.60700,1
13755,1.70589,0.55000,1.24300,1.60100,1
13756,1.95424,0.58300,1.21800,1.80000,1
13757,1.80447,0.55600,1.26600,1.58400,1
13758,1.70747,0.58900,1.23700,1.61700,1
13759,1.75284,0.62700,1.19800,1.61700,1
13760,1.78066,0.71200,1.20400,1.57900,1
13761,1.92847,0.59400,1.21500,1.76600,1
13762,1.71139,0.58200,1.21000,1.57200,1
13763,1.78969,0.55400,1.24200,1.59400,1
13764,1.80528,0.55200,1.30900,1.59000,1
13765,2.16229,0.56200,1.45800,1.79400,1
13766,1.72135,0.73400,1.44900,1.60400,1
13767,1.84131,0.66700,1.46000,1.64400,1
13768,1.71712,0.62300,1.41400,1.59200,1
13769,1.77949,0.63200,1.39400,1.61000,1
13770,1.72282,0.65000,1.31100,1.61300,1
13771,1.79832,0.60700,1.33200,1.59200,1
13772,1.89548,0.58200,1.47000,1.59300,1
13773,1.70148,0.60800,1.44400,1.59100,1
13774,2.06942,0.64600,1.51100,1.80300,1
13775,1.74119,0.71800,1.53900,1.60600,1
13776,1.87401,0.66800,1.49900,1.64000,1
13777,2.27705,0.64700,1.96900,1.60800,1
13778,2.07638,0.74000,2.07100,1.65600,1
13779,2.88402,0.66600,1.47200,1.65600,1
13780,1.81083,0.64300,3.04600,1.64100,1
13781,1.81473,0.71600,1.44200,1.58700,1
13782,1.69430,0.68400,1.34500,1.60900,1
13783,1.92819,0.66700,1.31300,1.77700,1
13784,1.71813,0.63900,1.24900,1.58200,1
13785,1.81737,0.68500,1.26200,1.63400,1
13786,1.92463,0.66800,1.38400,1.62600,1
13787,1.80518,0.76300,1.43300,1.63100,1
13788,2.15006,0.82100,1.93300,1.61700,1
13789,1.73450,0.65200,1.73800,1.59500,1
13790,1.71577,0.63300,1.69800,1.59500,1
13791,1.79283,0.69700,1.72500,1.62000,1
13792,1.81011,0.70400,1.54500,1.82700,1
13793,1.85152,0.61900,1.54500,1.62100,1
13794,1.72686,0.73700,1.46600,1.62400,1
13795,1.84349,0.63300,1.49100,1.62600,1
13796,1.66884,0.62900,1.39400,1.59600,1
13797,1.95412,0.63900,1.39100,1.76800,1
13798,1.80010,0.62000,1.38300,1.59700,1
13799,2.10685,0.60100,1.72600,1.59600,1
13800,1.79285,0.62000,1.70800,1.59600,1
13801,1.92997,1.21700,1.68300,1.58500,1
13802,1.62424,0.96900,1.54300,1.58500,1
13803,1.86909,0.90900,1.63000,1.64100,1
13804,1.98809,0.80000,1.76500,1.59800,1
13805,1.67430,0.69700,1.67800,1.59800,1
13806,1.78573,0.64700,1.73600,1.60900,1
13807,1.61289,0.62800,1.55700,1.59900,1
13808,1.79030,0.67100,1.51600,1.63300,1
13809,1.68891,0.74000,1.39100,1.59300,1
13810,2.06173,0.69100,1.50100,1.61800,1
13811,1.92786,0.64700,1.74500,1.59500,1
13812,1.69331,0.61200,1.59900,1.63800,1
13813,1.75863,0.69100,1.54600,1.61800,1
13814,1.77468,0.68700,1.54900,1.61200,1
13815,1.87392,0.71600,1.46000,1.76000,1
13816,1.86131,0.66300,1.52200,1.61300,1
13817,1.76341,0.65100,1.46200,1.62700,1
13818,2.48644,0.95400,1.43800,1.62700,1
13819,2.44168,0.67600,1.87300,1.69900,1
13820,1.74494,0.66800,1.43900,1.62000,1
13821,1.77557,0.66600,1.37100,1.60300,1
13822,1.75448,0.69100,1.35800,1.59400,1
13823,1.77888,0.61100,1.30900,1.59400,1
13824,1.71533,0.64300,1.23100,1.61900,1
13825,2.53928,0.61200,1.99400,1.63000,1
13826,1.35372,0.60100,1.33100,1.63000,1
13827,3.35070,0.62500,1.55300,1.61100,1
13828,2.00993,0.64100,1.99900,1.61700,1
13829,1.77164,0.64700,1.77300,1.63000,1
13830,1.70120,0.59600,1.68500,1.61500,1
13831,1.64978,0.66600,1.60600,1.63000,1
13832,1.88567,0.65800,1.58600,1.75300,1
13833,1.73840,0.63800,1.62600,1.59000,1
13834,1.80344,0.58300,1.52600,1.63500,1
13835,1.98371,0.65800,1.64500,1.62300,1
13836,1.90873,1.23200,1.54500,1.79000,1
13837,1.81783,1.13400,1.45600,1.60000,1
13838,1.76976,0.97400,1.63600,1.61200,1
13839,1.63876,0.90100,1.62900,1.61200,1
13840,1.77084,0.83100,1.47200,1.61200,1
13841,1.84034,0.75000,1.55500,1.59700,1
13842,1.64206,0.78200,1.45200,1.62000,1
13843,1.69790,0.73900,1.37400,1.60600,1
13844,1.78919,0.68200,1.33700,1.60300,1
13845,1.70413,0.99500,1.25100,1.60700,1
13846,2.03460,0.86500,1.30600,1.81900,1
13847,2.10960,0.89100,1.46300,1.58500,1
13848,1.83457,0.99800,1.73900,1.62000,1
13849,1.70800,0.91700,1.69900,1.62000,1
13850,1.82573,0.85500,1.56600,1.77700,1
13851,1.90657,0.75700,1.62400,1.61300,1
13852,1.82641,0.76500,1.67700,1.61700,1
13853,1.48210,0.67300,1.34700,1.61900,1
13854,1.77784,0.71600,1.32300,1.60900,1
13855,1.98840,0.71500,1.38500,1.77900,1
13856,1.84044,0.74100,1.40800,1.60800,1
13857,2.57713,0.73900,1.43000,1.62400,1
13858,1.87735,0.67800,2.45900,1.64000,1
13859,1.68441,0.74700,1.33000,1.59400,1
13860,1.72782,0.76100,1.26000,1.61100,1
13861,1.82314,0.74500,1.32500,1.57400,1
13862,1.71249,0.66600,1.27900,1.61800,1
13863,2.04661,0.65500,1.29700,1.80700,1
13864,1.77185,0.73500,1.30100,1.60000,1
13865,1.78647,0.73400,1.34600,1.61700,1
13866,1.79685,0.73100,1.35900,1.62100,1
13867,1.81984,0.71000,1.38400,1.61000,1
13868,1.90613,0.68800,1.35400,1.78100,1
13869,1.87590,0.69100,1.41000,1.61700,1
13870,1.84355,0.72600,1.42500,1.63800,1
13871,1.68133,1.17400,1.33500,1.60300,1
13872,1.90183,0.95400,1.30400,1.79300,1
13873,1.74269,0.80000,1.25900,1.59500,1
13874,1.87810,0.76400,1.31700,1.62700,1
13875,1.85257,0.77900,1.37300,1.60600,1
13876,1.80259,0.66600,1.44300,1.60700,1
13877,1.81511,0.63800,1.38000,1.62400,1
13878,1.70475,0.63500,1.31000,1.61800,1
13879,1.74895,0.59200,1.29400,1.59900,1
13880,1.78409,0.62000,1.29500,1.60900,1
13881,1.81300,0.62200,1.29300,1.60300,1
13882,1.96159,0.64400,1.27900,1.80300,1
13883,1.72284,0.64700,1.25800,1.58100,1
13884,1.78553,0.62900,1.27000,1.62500,1
13885,1.73669,0.65400,1.22700,1.58800,1
13886,1.75554,0.62500,1.21400,1.60200,1
13887,1.93564,0.61400,1.20300,1.76700,1
13888,1.77945,0.59100,1.19400,1.61500,1
13889,1.75484,0.58600,1.19000,1.59500,1
13890,1.78313,0.57800,1.23100,1.57600,1
13891,1.92385,0.59400,1.25000,1.77100,1
13892,1.73743,0.58900,1.17400,1.60200,1
13893,1.80305,0.60100,1.17000,1.61900,1
13894,1.73197,0.58200,1.16400,1.58100,1
13895,1.78428,0.65200,1.17900,1.59000,1
13896,3.62566,0.60200,1.90400,1.57900,1
13897,1.40031,0.65300,1.38200,1.57900,1
13898,1.67832,0.60400,1.41100,1.60400,1
13899,1.65564,0.62100,1.29100,1.61000,1
13900,1.97306,0.78500,1.19500,1.80600,1
13901,1.72580,1.09800,1.14400,1.61400,1
13902,1.73298,0.93000,1.14800,1.60700,1
13903,1.74886,0.78500,1.11100,1.59000,1
13904,1.97390,0.80100,1.14800,1.76600,1
13905,1.75544,0.75800,1.15600,1.60600,1
13906,1.76726,0.73700,1.13900,1.60700,1
13907,1.83607,0.73800,1.16300,1.58000,1
13908,1.77296,0.76000,1.26700,1.59500,1
13909,1.92634,0.62600,1.23600,1.78400,1
13910,1.74482,0.57500,1.21200,1.59800,1
13911,1.79555,0.58700,1.21200,1.62500,1
13912,1.83337,0.57800,1.27600,1.58600,1
13913,1.86334,0.61300,1.36800,1.59300,1
13914,1.80040,0.60900,1.34500,1.64200,1
13915,1.82083,0.57100,1.37800,1.62600,1
13916,1.91173,0.57200,1.50300,1.59800,1
13917,1.64940,0.58000,1.40100,1.61300,1
13918,1.89525,0.63400,1.34500,1.77300,1
13919,1.79602,0.67500,1.33700,1.62300,1
13920,1.77321,0.68000,1.31200,1.64400,1
13921,1.84315,0.74200,1.37200,1.61200,1
13922,1.80696,0.67900,1.36800,1.58800,1
13923,2.17685,0.67200,1.67700,1.77700,1
13924,1.79748,0.69000,1.79200,1.58600,1
13925,1.54744,0.61900,1.52200,1.61100,1
13926,1.56537,0.63200,1.26200,1.64600,1
13927,2.03801,0.60300,1.27200,1.80200,1
13928,1.79795,0.63900,1.31700,1.60600,1
13929,1.73705,0.61500,1.28400,1.60500,1
13930,2.47592,0.56900,1.29100,1.64900,1
13931,1.72153,0.56000,1.27900,1.59000,1
13932,1.76643,0.55500,1.24900,1.59000,1
13933,1.87566,0.57700,1.33500,1.59000,1
13934,1.74481,0.58700,1.36200,1.59100,1
13935,1.62115,0.55800,1.26000,1.57200,1
13936,2.60073,0.56900,1.24300,1.79900,1
13937,1.74782,0.54200,1.23100,1.60800,1
13938,1.85395,0.58300,1.24800,1.65700,1
13939,1.73148,0.55100,1.23300,1.58400,1
13940,1.83206,0.55400,1.25300,1.61100,1
13941,1.93514,0.64400,1.33300,1.74100,1
13942,1.77887,0.63200,1.29500,1.62300,1
13943,1.79183,0.63000,1.34900,1.59800,1
13944,1.74037,0.62800,1.30400,1.60800,1
13945,2.15974,0.62000,1.49800,1.77500,1
13946,1.51901,0.66100,1.24300,1.61300,1
13947,1.79271,0.58100,1.21300,1.65000,1
13948,1.88329,0.57600,1.28200,1.61400,1
13949,1.76193,0.59400,1.30100,1.59300,1
13950,1.89806,0.58000,1.39400,1.58600,1
13951,1.78550,0.58800,1.46100,1.61700,1
13952,1.89416,0.60500,1.53300,1.62500,1
13953,1.87239,0.58400,1.52400,1.60000,1
13954,1.68587,0.56700,1.48300,1.79200,1
13955,1.71922,0.58900,1.28100,1.58400,1
13956,1.72319,0.56000,1.24000,1.59700,1
13957,1.92057,0.55300,1.37800,1.59300,1
13958,1.65131,0.57800,1.28100,1.59800,1
13959,1.89187,0.58500,1.28900,1.72200,1
13960,1.81327,0.57200,1.31500,1.60200,1
13961,1.75822,0.56700,1.30200,1.62600,1
13962,2.07530,0.57700,1.56900,1.59800,1
13963,1.58332,0.62800,1.29900,1.60700,1
13964,1.92602,0.62800,1.33000,1.81300,1
13965,2.00105,0.56100,1.43600,1.63500,1
13966,1.76088,0.59200,1.32500,1.59300,1
13967,1.69503,0.54600,1.38300,1.61100,1
13968,1.79259,0.60300,1.44000,1.61800,1
13969,1.72603,0.60000,1.39900,1.59900,1
13970,1.76229,0.59900,1.39700,1.61000,1
13971,1.75951,0.59300,1.40200,1.59000,1
13972,1.79396,0.58600,1.42400,1.61200,1
13973,1.93436,0.71700,1.32500,1.80900,1
13974,1.68167,1.07800,1.23400,1.60900,1
13975,2.52439,0.81300,1.33300,1.66800,1
13976,1.80713,0.75800,2.30800,1.66800,1
13977,1.99800,0.62400,1.42700,1.77000,1
13978,1.71893,0.60700,1.33200,1.60900,1
13979,1.84937,0.60300,1.35700,1.62500,1
13980,1.71823,0.64600,1.30000,1.59400,1
13981,1.69923,0.72500,1.26800,1.60700,1
13982,1.93327,0.60400,1.23400,1.77600,1
13983,1.80049,0.59800,1.25900,1.64700,1
13984,1.79081,0.57500,1.24300,1.61300,1
13985,1.77088,0.56900,1.20200,1.61000,1
13986,1.82076,0.60200,1.26600,1.63100,1
13987,1.85325,0.58000,1.34100,1.59800,1
13988,1.79802,0.55900,1.36600,1.61200,1
13989,1.67738,0.57000,1.25000,1.61500,1
13990,1.75688,0.56200,1.19800,1.60600,1
13991,2.05900,0.66600,1.32200,1.79800,1
13992,1.80077,0.64900,1.32800,1.60000,1
13993,1.70904,0.64900,1.28700,1.62000,1
13994,1.80781,0.66200,1.27200,1.60800,1
13995,1.72811,0.62200,1.24200,1.59100,1
13996,1.99683,0.65000,1.30800,1.77900,1
13997,1.79723,0.62100,1.29200,1.61700,1
13998,1.78415,0.62000,1.28400,1.58300,1
13999,1.69164,0.61400,1.30000,1.57200,1
14000,1.91874,0.59400,1.21900,1.78300,1
14001,1.77846,0.57000,1.21700,1.59400,1
14002,1.81367,0.56500,1.21600,1.62700,1
14003,1.77525,0.58700,1.26800,1.59100,1
14004,1.72885,0.60400,1.25400,1.57700,1
14005,1.76062,0.56800,1.21600,1.59600,1
14006,1.84814,0.61400,1.23400,1.60400,1
14007,1.79378,0.71500,1.31300,1.62500,1
14008,1.65310,0.58100,1.13600,1.61600,1
14009,1.99762,0.59200,1.16500,1.77500,1
14010,1.76385,0.60700,1.15700,1.59800,1
14011,1.76409,0.64200,1.16100,1.60600,1
14012,1.76848,0.67500,1.14300,1.59700,1
14013,2.40785,0.70100,1.23300,1.60500,1
14014,2.01354,0.62000,2.40800,1.77500,1
14015,1.61957,0.73400,1.34600,1.60100,1
14016,1.67981,0.64100,1.19700,1.61200,1
14017,1.98171,0.58300,1.39300,1.57500,1
14018,2.40883,0.63000,2.07100,1.60700,1
14019,1.62124,0.65800,1.61800,1.60700,1
14020,1.63681,0.71600,1.63600,1.58400,1
14021,1.56226,0.65700,1.46400,1.57900,1
14022,1.89188,0.64100,1.57300,1.60300,1
14023,1.61058,0.59500,1.37300,1.61400,1
14024,1.68461,0.64900,1.26000,1.60900,1
14025,1.73701,0.62500,1.23300,1.57700,1
14026,1.72409,0.66500,1.21000,1.58000,1
14027,1.77832,0.66500,1.21600,1.60200,1
14028,1.98509,0.67500,1.22500,1.83800,1
14029,1.88593,0.57900,1.22300,1.62200,1
14030,1.80225,0.60400,1.30800,1.59700,1
14031,1.73449,0.58400,1.31200,1.59000,1
14032,2.02533,0.58800,1.39000,1.76000,1
14033,3.03711,0.57500,1.31800,1.60300,1
14034,1.81634,0.57100,1.39100,1.59000,1
14035,1.94094,0.59400,1.56500,1.59100,1
14036,1.77569,0.65600,1.36600,1.81100,1
14037,1.75563,0.62800,1.37500,1.60600,1
14038,1.96127,0.61500,1.51600,1.63600,1
14039,1.62531,0.59800,1.41000,1.57300,1
14040,1.78686,0.65900,1.40800,1.63100,1
14041,1.71088,0.66100,1.35900,1.61600,1
14042,1.88786,0.81300,1.41400,1.60200,1
14043,1.63311,0.55700,1.31800,1.58800,1
14044,1.72735,0.62800,1.25100,1.62200,1
14045,1.88853,0.60000,1.21200,1.78300,1
14046,1.78166,0.57500,1.20900,1.60600,1
14047,1.83962,0.56500,1.26100,1.60400,1
14048,1.74114,0.57400,1.22900,1.58700,1
14049,1.79164,0.59600,1.26500,1.60300,1
14050,1.94713,0.63000,1.32800,1.73900,1
14051,1.90025,0.68300,1.42400,1.59200,1
14052,2.50645,0.72400,1.45600,1.59800,1
14053,1.89196,0.60100,2.41600,1.65300,1
14054,1.90068,0.66700,1.55400,1.80000,1
14055,1.73298,0.67300,1.34800,1.59900,1
14056,1.69745,0.65900,1.22400,1.62500,1
14057,1.76466,0.64900,1.18100,1.60100,1
14058,1.77090,0.73200,1.13800,1.63100,1
14059,1.76977,0.65400,1.14500,1.58300,1
14060,1.77680,0.61500,1.12400,1.61700,1
14061,1.74335,0.59700,1.12100,1.59500,1
14062,1.77294,0.58700,1.15400,1.59300,1
14063,1.96017,0.58700,1.13800,1.79100,1
14064,1.77523,0.59700,1.18300,1.57400,1
14065,1.81759,0.59700,1.21200,1.59100,1
14066,1.89075,0.63000,1.32300,1.62100,1
14067,1.83699,0.60100,1.37900,1.61500,1
14068,1.84474,0.61200,1.32500,1.75400,1
14069,1.84172,0.62900,1.37300,1.58900,1
14070,1.74806,0.60000,1.33900,1.62400,1
14071,1.72943,0.60300,1.27900,1.58500,1
14072,1.80836,0.63200,1.30400,1.59900,1
14073,2.02620,0.76900,1.31500,1.81800,1
14074,1.78631,0.61200,1.29800,1.63900,1
14075,1.82985,0.58000,1.31100,1.64500,1
14076,1.69111,0.57400,1.21600,1.61300,1
14077,1.74873,0.57800,1.20500,1.58300,1
14078,1.74294,0.56900,1.19400,1.60100,1
14079,1.78025,0.55800,1.18300,1.59100,1
14080,1.73837,0.62600,1.19300,1.56500,1
14081,1.74776,0.55900,1.18600,1.58300,1
14082,1.99969,0.55400,1.23900,1.80100,1
14083,1.74323,0.54200,1.18900,1.58200,1
14084,1.79709,0.53400,1.20600,1.61000,1
14085,1.73941,0.58500,1.21400,1.58300,1
14086,1.88380,0.54600,1.35700,1.58600,1
14087,1.88626,0.60500,1.33100,1.75400,1
14088,1.80188,0.70400,1.34300,1.63500,1
14089,1.82953,0.64400,1.38700,1.61300,1
14090,2.54424,0.65000,1.38000,1.61200,1
14091,1.80771,0.61600,2.37900,1.79500,1
14092,1.71289,0.64300,1.28800,1.61300,1
14093,1.73179,0.61900,1.24000,1.58600,1
14094,1.77299,0.61100,1.24400,1.60100,1
14095,1.82078,0.62100,1.31500,1.60400,1
14096,1.66146,0.57400,1.21300,1.58300,1
14097,1.77760,0.54300,1.22200,1.60900,1
14098,1.76645,0.54800,1.17600,1.58300,1
14099,1.83312,0.61100,1.24800,1.63200,1
14100,1.98445,0.63500,1.23600,1.81500,1
14101,1.77794,0.61100,1.23700,1.60900,1
14102,1.76528,0.57500,1.20100,1.62700,1
14103,1.75828,0.55700,1.18400,1.58500,1
14104,1.80110,0.53800,1.20300,1.58400,1
14105,1.88890,0.58400,1.19700,1.74900,1
14106,1.81595,0.56700,1.22100,1.60500,1
14107,1.69884,0.55500,1.15000,1.59100,1
14108,1.81126,0.53700,1.18100,1.59200,1
14109,2.13396,0.54100,1.33700,1.80500,1
14110,1.63297,0.56900,1.17200,1.60300,1
14111,1.81838,0.59000,1.17600,1.62800,1
14112,1.78371,0.58000,1.17000,1.63100,1
14113,1.84134,0.53700,1.23000,1.60100,1
14114,1.70556,0.53500,1.17400,1.61000,1
14115,1.75297,0.52900,1.17600,1.57600,1
14116,1.74388,0.56700,1.18000,1.56900,1
14117,1.79567,0.53900,1.18500,1.57200,1
14118,1.95728,0.54600,1.18900,1.78600,1
14119,1.78380,0.62700,1.19400,1.59000,1
14120,1.79591,0.55700,1.23100,1.60000,1
14121,1.77382,0.53700,1.27700,1.58900,1
14122,1.74702,0.56500,1.22600,1.60600,1
14123,1.97253,0.55200,1.24300,1.77600,1
14124,1.70770,0.59200,1.16600,1.59500,1
14125,1.80509,0.56000,1.17600,1.63200,1
14126,1.87141,0.63700,1.31200,1.58300,1
14127,1.72975,0.60800,1.30500,1.59000,1
14128,2.50587,0.59100,1.27400,1.80900,1
14129,1.75291,0.56400,2.03600,1.66700,1
14130,1.84051,0.54900,1.34300,1.61200,1
14131,1.74446,0.57900,1.30500,1.61500,1
14132,1.82463,0.53400,1.34000,1.62000,1
14133,1.71246,0.55200,1.29500,1.58700,1
14134,1.78844,0.55200,1.25600,1.63800,1
14135,1.82660,0.52900,1.32100,1.59900,1
14136,2.71472,0.54000,1.30800,1.63300,1
14137,1.76029,0.58100,1.35400,1.57900,1
14138,1.81049,0.54000,1.41200,1.62400,1
14139,1.78844,0.52900,1.42900,1.61000,1
14140,1.68963,0.55500,1.31500,1.60600,1
14141,1.88759,0.58100,1.27900,1.75900,1
14142,1.87976,0.57500,1.35700,1.59700,1
14143,1.70592,0.58700,1.27000,1.61400,1
14144,1.71790,0.63900,1.22500,1.59200,1
14145,2.06951,0.61500,1.34300,1.79000,1
14146,1.82595,0.59900,1.39900,1.60700,1
14147,1.59091,0.59600,1.22300,1.62100,1
14148,1.75661,0.57000,1.19300,1.60000,1
14149,1.77836,0.58900,1.21600,1.59800,1
14150,1.81265,0.60300,1.24100,1.59100,1
14151,1.89239,0.68800,1.43300,1.60400,1
14152,1.61946,0.65300,1.27100,1.60200,1
14153,1.75987,0.58800,1.22400,1.61400,1
14154,1.76710,0.58000,1.22700,1.60300,1
14155,1.95359,0.58600,1.22400,1.79000,1
14156,1.83143,0.57700,1.20200,1.59300,1
14157,1.80725,0.69000,1.26400,1.61800,1
14158,1.83204,0.70400,1.28300,1.59800,1
14159,1.97627,1.13800,1.26800,1.77100,1
14160,1.72554,1.34700,1.31300,1.59000,1
14161,1.70595,0.66100,1.22400,1.60900,1
14162,1.76730,0.63600,1.20100,1.58500,1
14163,1.72427,0.69200,1.19900,1.60500,1
14164,2.00367,0.66700,1.23800,1.82000,1
14165,1.79746,0.63200,1.21400,1.61600,1
14166,2.01701,0.58900,1.43300,1.60900,1
14167,1.69437,0.56800,1.38100,1.60700,1
14168,3.73380,0.59700,1.88900,1.60700,1
14169,1.42012,0.63300,1.42000,1.60700,1
14170,1.58674,0.55600,1.39800,1.57400,1
14171,1.85178,0.58700,1.48300,1.61600,1
14172,1.86199,0.59600,1.36100,1.77800,1
14173,1.69468,0.83200,1.34900,1.57600,1
14174,1.89230,0.64200,1.46600,1.60500,1
14175,1.71113,0.61200,1.43000,1.56900,1
14176,1.76383,0.55500,1.35000,1.63500,1
14177,1.88065,0.55800,1.36600,1.75300,1
14178,1.87150,0.56300,1.36200,1.58800,1
14179,1.67808,0.68500,1.27200,1.63200,1
14180,1.79557,0.68700,1.30200,1.60400,1
14181,1.73427,0.66400,1.24700,1.61400,1
14182,1.94428,0.67200,1.23000,1.81600,1
14183,1.78473,0.64200,1.22700,1.59400,1
14184,1.77819,0.64200,1.26100,1.56900,1
14185,2.15216,0.62500,1.63000,1.58800,1
14186,1.61431,0.72000,1.49900,1.58800,1
14187,1.57714,0.64700,1.33200,1.59500,1
14188,1.69948,0.60200,1.24800,1.58800,1
14189,1.80212,0.57000,1.27400,1.58700,1
14190,1.78287,0.65300,1.31300,1.58000,1
14191,1.94438,0.63200,1.32200,1.77800,1
14192,1.83518,0.61700,1.41600,1.60300,1
14193,2.41240,0.58300,2.17600,1.59100,1
14194,2.47675,0.62600,2.50500,1.81700,1
14195,1.63001,0.63000,1.63200,1.65100,1
14196,1.37286,0.59600,1.34700,1.64300,1
14197,1.37133,0.68600,1.26400,1.64300,1
14198,1.81596,0.60500,1.29600,1.59500,1
14199,1.74416,0.57200,1.24500,1.61000,1
14200,1.94701,0.57600,1.20500,1.79500,1
14201,2.01066,0.54100,1.39500,1.61000,1
14202,1.63498,0.61400,1.27900,1.61200,1
14203,1.69268,0.58500,1.19500,1.56400,1
14204,1.79120,0.59000,1.20300,1.60200,1
14205,1.82192,0.61700,1.20900,1.61000,1
14206,1.76224,0.64900,1.19700,1.59700,1
14207,2.99232,0.66100,1.23300,1.60400,1
14208,1.93496,0.62100,1.20800,1.75100,1
14209,1.78986,0.56300,1.20500,1.60200,1
14210,1.78042,0.58800,1.22400,1.61700,1
14211,1.74766,0.57800,1.18600,1.59900,1
14212,1.84218,0.59200,1.28500,1.59100,1
14213,1.93340,0.57900,1.33500,1.71800,1
14214,1.80707,0.65300,1.31100,1.60400,1
14215,1.73734,0.64000,1.28800,1.62300,1
14216,1.81811,0.61500,1.35300,1.58600,1
14217,1.71013,0.60500,1.29200,1.61600,1
14218,2.15376,0.61900,1.44800,1.79700,1
14219,1.74303,0.60700,1.41700,1.63400,1
14220,1.77851,0.59800,1.38900,1.61200,1
14221,1.71384,0.58200,1.31800,1.62500,1
14222,1.77629,0.55700,1.31500,1.60400,1
14223,1.79398,0.54800,1.33900,1.60600,1
14224,1.79426,0.56600,1.34600,1.61300,1
14225,1.61293,0.63000,1.18500,1.61000,1
14226,1.76315,0.56600,1.14200,1.60200,1
14227,2.30146,0.57200,1.45600,1.80200,1
14228,2.29761,0.56100,2.09600,1.64800,1
14229,1.48464,0.56300,1.48600,1.61300,1
14230,1.44972,0.55200,1.29100,1.61300,1
14231,1.88903,0.63700,1.32200,1.74700,1
14232,1.71354,0.58100,1.27600,1.59300,1
14233,1.80713,0.54800,1.28400,1.60700,1
14234,1.77421,0.53500,1.27100,1.61300,1
14235,1.83059,0.56800,1.30500,1.59000,1
14236,2.05770,0.69000,1.40800,1.78400,1
14237,1.75094,0.73800,1.44700,1.60300,1
14238,1.97498,0.67000,1.58500,1.63900,1
14239,2.22668,0.65100,1.85700,1.62200,1
14240,2.60189,0.59900,2.20500,1.59100,1
14241,1.77200,0.61400,1.75200,1.58600,1
14242,1.72121,0.60200,1.65300,1.58600,1
14243,1.70267,0.58200,1.56800,1.60900,1
14244,2.07887,0.61900,1.69700,1.59200,1
14245,1.65067,0.65000,1.57100,1.59200,1
14246,2.19604,0.57400,1.60200,1.64700,1
14247,2.57694,0.60600,2.19300,1.58900,1
14248,1.65857,0.65100,1.63500,1.58900,1
14249,1.89437,0.58900,1.54000,1.77300,1
14250,1.77247,0.58200,1.48500,1.64200,1
14251,1.90132,0.64100,1.54100,1.62700,1
14252,1.65810,0.59100,1.43800,1.58200,1
14253,2.19104,0.63300,1.69600,1.61100,1
14254,1.53562,0.64900,1.44100,1.61100,1
14255,1.69005,0.66100,1.29900,1.64900,1
14256,1.74827,0.59800,1.27700,1.58700,1
14257,1.85581,0.61100,1.32500,1.61700,1
14258,1.75691,0.60200,1.32400,1.60500,1
14259,1.87138,0.58500,1.39000,1.62500,1
14260,1.66957,0.57700,1.32800,1.58900,1
14261,1.77174,0.59500,1.29800,1.59400,1
14262,1.92189,0.64600,1.28100,1.79400,1
14263,1.90731,0.57100,1.41800,1.58400,1
14264,1.71487,0.57000,1.37400,1.60600,1
14265,1.78889,0.55800,1.42500,1.59700,1
14266,1.70404,0.61200,1.29800,1.61300,1
14267,1.95493,0.62100,1.37600,1.74800,1
14268,1.88702,0.64900,1.49000,1.60000,1
14269,1.68860,0.65800,1.36800,1.60700,1
14270,1.67868,0.56100,1.27200,1.58100,1
14271,1.75205,0.56800,1.26000,1.59700,1
14272,2.12178,0.60400,1.40200,1.80200,1
14273,1.91482,0.55400,1.46000,1.62200,1
14274,1.46921,0.62100,1.21200,1.58100,1
14275,1.80528,0.66300,1.21700,1.60100,1
14276,1.70756,0.60600,1.17500,1.59400,1
14277,1.79515,0.64300,1.23100,1.59900,1
14278,1.78118,0.61500,1.21400,1.58600,1
14279,1.71800,0.61800,1.17000,1.59700,1
14280,1.85962,0.61100,1.26700,1.57300,1
14281,1.90265,0.61500,1.23700,1.79600,1
14282,1.74789,0.61200,1.22200,1.58200,1
14283,1.77749,0.62600,1.23500,1.62600,1
14284,1.74753,0.57000,1.16800,1.59700,1
14285,2.28231,0.55000,1.36300,1.61500,1
14286,1.81656,0.57900,1.93500,1.76900,1
14287,1.73198,0.57300,1.33800,1.61800,1
14288,1.86851,0.61800,1.45800,1.59100,1
14289,1.77850,0.60200,1.48000,1.59800,1
14290,1.67017,0.61000,1.17900,1.76800,1
14291,1.97513,0.58000,1.38000,1.60300,1
14292,1.71452,0.64900,1.32200,1.64000,1
14293,1.74830,0.66800,1.25900,1.60000,1
14294,1.82692,0.66500,1.33300,1.62300,1
14295,1.86023,0.66000,1.41300,1.59800,1
14296,1.64097,0.64100,1.25400,1.62700,1
14297,1.98966,0.56600,1.41800,1.62700,1
14298,1.97982,0.66200,1.77200,1.61900,1
14299,1.66608,0.63500,1.35400,1.80800,1
14300,1.73287,0.58300,1.27600,1.62100,1
14301,1.71298,0.60400,1.22700,1.59200,1
14302,1.86635,0.58100,1.31800,1.60000,1
14303,1.73667,0.56200,1.30500,1.59000,1
14304,1.94185,0.58600,1.21400,1.78400,1
14305,1.73876,0.68900,1.19800,1.59800,1
14306,1.78952,0.74100,1.21200,1.61700,1
14307,1.70387,0.65500,1.14500,1.57800,1
14308,1.93991,0.67200,1.18100,1.56500,1
14309,1.77227,0.68100,1.17800,1.61800,1
14310,1.88811,0.69200,1.25200,1.62800,1
14311,1.78558,1.03900,1.20900,1.60400,1
14312,1.77955,1.13200,1.24000,1.59200,1
14313,1.74534,0.84400,1.23200,1.62200,1
14314,1.76244,0.74100,1.20100,1.61700,1
14315,1.74158,0.67600,1.18500,1.59500,1
14316,1.85327,0.66100,1.25800,1.58300,1
14317,1.71782,0.69900,1.25500,1.59400,1
14318,1.96101,0.64600,1.22000,1.79900,1
14319,1.80792,0.62300,1.26800,1.57900,1
14320,1.81336,0.62100,1.31400,1.59000,1
14321,1.70116,0.58500,1.21900,1.63500,1
14322,1.82553,0.64300,1.28100,1.60500,1
14323,1.89905,0.61800,1.22600,1.78000,1
14324,2.36760,0.59900,1.18400,1.64600,1
14325,1.80716,0.82100,1.18300,1.59200,1
14326,1.74004,1.04900,1.18000,1.59300,1
14327,1.92375,0.87700,1.17900,1.78700,1
14328,1.95058,0.80000,1.34500,1.59700,1
14329,1.69745,0.78100,1.26200,1.60000,1
14330,1.78103,0.70400,1.26800,1.62500,1
14331,1.80505,0.67300,1.28500,1.59600,1
14332,1.71792,0.63300,1.25900,1.59200,1
14333,1.82808,0.62800,1.30300,1.58900,1
14334,1.76398,0.62300,1.30000,1.61300,1
14335,1.76902,0.64500,1.34000,1.60000,1
14336,1.83698,0.66600,1.19300,1.77800,1
14337,1.76115,0.64100,1.20200,1.58700,1
14338,2.10231,0.63000,1.49200,1.61900,1
14339,1.45146,0.58800,1.23300,1.60600,1
14340,1.95988,0.63900,1.18900,1.77200,1
14341,1.83076,0.60700,1.23600,1.60500,1
14342,1.77563,0.58800,1.21400,1.63800,1
14343,2.44215,0.67200,1.22000,1.62200,1
14344,1.77054,0.61000,1.20000,1.60300,1
14345,2.05088,0.64600,1.32900,1.77600,1
14346,1.72057,0.59900,1.25500,1.57300,1
14347,1.84901,0.66200,1.31900,1.62400,1
14348,1.98269,0.65000,1.54800,1.59700,1
14349,1.52952,0.63600,1.28100,1.59800,1
14350,1.70231,0.58200,1.21600,1.59100,1
14351,1.84784,0.58100,1.27400,1.62300,1
14352,1.78046,0.56100,1.28100,1.61800,1
14353,1.70979,0.55900,1.22200,1.59600,1
14354,2.03152,0.58100,1.26100,1.80700,1
14355,1.70281,0.56500,1.20500,1.59100,1
14356,1.79279,0.54800,1.19700,1.62300,1
14357,1.93511,0.57200,1.31000,1.62400,1
14358,1.72515,0.55500,1.31700,1.59700,1
14359,1.88577,0.54900,1.29900,1.73500,1
14360,1.86061,0.55200,1.31600,1.60700,1
14361,1.74469,0.58500,1.29500,1.59800,1
14362,1.74764,0.57700,1.23000,1.61600,1
14363,2.65913,0.60000,1.28300,1.79300,1
14364,1.77782,0.63800,2.14300,1.65600,1
14365,1.74958,0.63600,1.25800,1.62400,1
14366,1.78934,0.68700,1.25000,1.62500,1
14367,1.76568,0.63800,1.23500,1.60300,1
14368,1.81332,0.64700,1.30200,1.59100,1
14369,1.71634,0.62900,1.24900,1.59100,1
14370,1.84142,0.58400,1.26800,1.61100,1
14371,1.74562,0.61800,1.21100,1.61300,1
14372,1.89125,0.61400,1.17900,1.77600,1
14373,1.75564,0.55600,1.19200,1.56600,1
14374,1.81882,0.56100,1.21500,1.62500,1
14375,1.82706,0.58800,1.29400,1.58500,1
14376,1.66576,0.57700,1.20100,1.61400,1
14377,1.91805,0.54500,1.19300,1.75200,1
14378,1.81376,0.54500,1.21300,1.60500,1
14379,1.90281,0.55200,1.34600,1.61300,1
14380,1.70728,0.62100,1.28900,1.59300,1
14381,1.99191,0.57000,1.34100,1.76200,1
14382,1.62240,0.65300,1.21300,1.59700,1
14383,1.97111,0.58600,1.39700,1.57800,1
14384,1.64398,0.62000,1.26400,1.60800,1
14385,1.70903,0.58400,1.20300,1.59100,1
14386,1.84277,0.57000,1.23400,1.58300,1
14387,1.84416,0.56700,1.33200,1.60900,1
14388,1.70765,0.61000,1.25900,1.58400,1
14389,1.75178,0.60800,1.24700,1.60100,1
14390,1.79361,0.54700,1.25800,1.60800,1
14391,1.92304,0.55600,1.22700,1.79300,1
14392,1.88278,0.54800,1.28700,1.62800,1
14393,1.78829,0.65200,1.34600,1.58400,1
14394,1.86893,0.69000,1.39200,1.61600,1
14395,1.88362,0.64400,1.36900,1.74300,1
14396,1.70617,0.63700,1.28400,1.61700,1
14397,1.83761,0.65700,1.28900,1.63200,1
14398,1.74857,0.62700,1.28200,1.59900,1
14399,1.71023,0.64100,1.24500,1.58200,1
14400,1.92435,0.69300,1.22200,1.77200,1
14401,1.79993,0.61700,1.23900,1.59200,1
14402,2.72911,0.62500,1.24500,1.65200,1
14403,1.82925,0.65800,1.34700,1.60000,1
14404,1.77042,0.63700,1.32400,1.61100,1
14405,1.73310,0.56300,1.32000,1.58200,1
14406,1.83157,0.64000,1.37700,1.59800,1
14407,1.70728,0.59500,1.33400,1.60400,1
14408,1.88153,0.60400,1.27500,1.78100,1
14409,1.77803,0.58400,1.21800,1.58900,1
14410,1.81578,0.59700,1.23800,1.62100,1
14411,1.84140,0.61700,1.34600,1.58900,1
14412,1.74423,0.59300,1.34900,1.58800,1
14413,1.81910,0.58600,1.23800,1.74700,1
14414,1.71600,0.54900,1.18100,1.60000,1
14415,1.90442,0.53900,1.25900,1.61300,1
14416,1.71314,0.61700,1.21700,1.59400,1
14417,1.79386,0.59000,1.22000,1.61500,1
14418,1.99343,0.56600,1.24700,1.81400,1
14419,1.78706,0.54500,1.21000,1.61500,1
14420,1.82394,0.60000,1.31200,1.60900,1
14421,1.68003,0.65000,1.20400,1.59100,1
14422,1.80202,0.59500,1.21900,1.61300,1
14423,1.79529,0.57100,1.23700,1.60200,1
14424,1.74009,0.65600,1.24400,1.57500,1
14425,1.72394,0.64200,1.23500,1.58400,1
14426,1.79487,0.61600,1.24700,1.60200,1
14427,2.03512,0.64300,1.33700,1.77500,1
14428,1.70774,0.58400,1.28200,1.61900,1
14429,1.89154,0.55700,1.33300,1.63000,1
14430,1.80711,0.58700,1.38900,1.61000,1
14431,1.76394,0.60200,1.36000,1.61700,1
14432,1.95625,0.60400,1.33000,1.78300,1
14433,1.91977,0.60900,1.43400,1.60400,1
14434,1.78390,0.69600,1.44400,1.59000,1
14435,1.76924,0.66400,1.42300,1.64800,1
14436,2.06632,0.66600,1.52100,1.79900,1
14437,1.93318,0.61600,1.84800,1.60700,1
14438,1.63403,0.61700,1.56100,1.64800,1
14439,1.87732,0.64400,1.61600,1.62700,1
14440,1.76140,0.64500,1.51800,1.61800,1
14441,3.23335,0.60000,1.42300,1.68000,1
14442,1.71422,0.59200,1.37900,1.57500,1
14443,1.74585,0.61200,1.38400,1.60200,1
14444,1.75529,0.55600,1.31200,1.61300,1
14445,1.93330,0.60000,1.34800,1.78100,1
14446,2.33233,0.57600,1.43600,1.62900,1
14447,2.39159,0.57700,2.21500,1.63100,1
14448,1.69800,0.70600,1.49300,1.58000,1
14449,2.05685,0.68900,1.69000,1.74700,1
14450,1.64245,0.66500,1.41000,1.61300,1
14451,1.63120,0.60100,1.28400,1.62100,1
14452,1.76931,0.57200,1.25200,1.60700,1
14453,2.07224,0.61100,1.23700,1.79800,1
14454,1.65149,0.70200,1.23400,1.57500,1
14455,1.78910,0.66900,1.22000,1.63100,1
14456,1.76947,0.93400,1.22400,1.60900,1
14457,1.86558,0.65900,1.32100,1.60700,1
14458,1.72976,0.73700,1.29300,1.61000,1
14459,1.77906,0.70700,1.26400,1.59900,1
14460,1.72662,0.71100,1.22500,1.59800,1
14461,1.73559,1.06400,1.19800,1.60800,1
14462,1.95040,0.82600,1.19500,1.76600,1
14463,1.75836,0.66400,1.20500,1.60500,1
14464,1.87992,0.59800,1.23800,1.63700,1
14465,1.76759,0.63600,1.24900,1.59400,1
14466,1.79931,0.65300,1.26800,1.61000,1
14467,2.05264,0.90500,1.29900,1.75900,1
14468,10.50705,0.92800,1.31200,1.61600,1
14469,2.34014,0.83300,10.90900,1.59000,1
14470,1.84351,0.78100,1.84500,1.62000,1
14471,1.62719,0.73300,1.62400,1.62000,1
14472,1.73397,0.68400,1.55700,1.61500,1
14473,1.73161,0.69400,1.48000,1.63300,1
14474,1.78340,0.65000,1.48900,1.62000,1
14475,1.74994,0.63400,1.43000,1.61100,1
14476,1.92589,0.59700,1.38700,1.79500,1
14477,1.88508,0.58800,1.48000,1.61500,1
14478,1.94976,0.57300,1.67200,1.62100,1
14479,1.97986,0.59700,1.96900,1.62300,1
14480,2.49664,0.58200,1.33800,1.62300,1
14481,1.89055,0.57400,2.68400,1.65100,1
14482,1.89927,0.60700,1.55500,1.64300,1
14483,1.79191,0.71200,1.60700,1.61300,1
14484,1.85922,0.62100,1.45500,1.80800,1
14485,1.96443,0.58200,1.56700,1.62900,1
14486,1.85944,1.01000,1.65600,1.59700,1
14487,1.62207,0.98000,1.53300,1.59700,1
14488,1.78320,0.78600,1.50000,1.60900,1
14489,1.82973,0.73300,1.55600,1.60600,1
14490,1.63140,0.66200,1.44200,1.59900,1
14491,1.87687,0.61400,1.55600,1.60300,1
14492,1.82565,0.63900,1.63600,1.60400,1
14493,1.74699,0.60000,1.62900,1.58500,1
14494,1.95708,0.60200,1.59500,1.80100,1
14495,1.85818,0.54800,1.66200,1.58900,1
14496,1.64873,0.65900,1.52700,1.64000,1
14497,1.92567,0.65700,1.52100,1.75400,1
14498,1.72702,0.58100,1.46000,1.60400,1
14499,1.71745,0.68700,1.41200,1.58300,1
14500,1.92398,0.68300,1.57200,1.60000,1
14501,1.58675,0.68900,1.39900,1.61000,1
14502,1.70507,0.66500,1.33000,1.58700,1
14503,1.94978,0.63400,1.31500,1.77700,1
14504,1.78269,0.58500,1.32000,1.61100,1
14505,1.74725,0.58400,1.28300,1.60900,1
14506,2.22142,0.86400,1.71300,1.61200,1
14507,1.66930,0.56900,1.66100,1.61200,1
14508,1.58626,0.54700,1.50900,1.60700,1
14509,1.79914,0.55000,1.51800,1.60800,1
14510,1.77035,0.56300,1.48000,1.62400,1
14511,1.84142,0.53700,1.51400,1.61900,1
14512,1.94062,0.58600,1.50800,1.79300,1
14513,1.74584,0.55800,1.44900,1.62000,1
14514,1.89178,0.60700,1.49900,1.65400,1
14515,1.66048,0.65400,1.39100,1.59600,1
14516,1.90608,0.65800,1.39100,1.76000,1
14517,1.79297,0.69000,1.38300,1.60800,1
14518,1.80283,0.62300,1.37400,1.60000,1
14519,1.78963,0.65500,1.37500,1.63400,1
14520,2.44150,0.63300,1.32600,1.65200,1
14521,1.95127,0.64400,1.35000,1.77000,1
14522,1.75317,0.65000,1.33200,1.61700,1
14523,1.85341,0.55600,1.39100,1.62900,1
14524,1.83707,0.54700,1.46200,1.60300,1
14525,1.75934,0.62000,1.40900,1.62300,1
14526,2.09511,0.61000,1.72000,1.60300,1
14527,1.57151,0.57200,1.56600,1.60300,1
14528,1.86283,0.66900,1.59800,1.60200,1
14529,1.67434,0.94800,1.57700,1.60200,1
14530,1.91382,0.61800,1.48500,1.80500,1
14531,1.79928,0.62800,1.48800,1.62600,1
14532,1.84904,0.57500,1.52200,1.66800,1
14533,1.78420,0.58100,1.47200,1.62700,1
14534,2.00968,0.55400,1.54400,1.78200,1
14535,1.77798,0.56900,1.50000,1.63000,1
14536,1.88537,0.61300,1.64400,1.59100,1
14537,1.83720,0.65100,1.67100,1.65200,1
14538,1.57531,0.64300,1.47500,1.60400,1
14539,1.92508,0.58000,1.34900,1.77500,1
14540,1.70274,0.61000,1.27600,1.61700,1
14541,1.71109,0.62700,1.24300,1.59500,1
14542,1.70843,0.58200,1.17800,1.58400,1
14543,1.87451,0.56900,1.30100,1.60400,1
14544,1.82968,0.57100,1.36400,1.61000,1
14545,1.78144,0.59000,1.35200,1.59000,1
14546,1.86446,0.58200,1.50400,1.58900,1
14547,1.73337,0.60800,1.45500,1.62300,1
14548,1.89833,0.65300,1.39100,1.78000,1
14549,2.40784,0.58800,1.34500,1.61600,1
14550,1.86337,0.61700,2.29300,1.67000,1
14551,1.87318,0.61200,1.41700,1.58800,1
14552,1.85648,0.58400,1.36300,1.74800,1
14553,1.77256,0.64900,1.40200,1.60700,1
14554,1.81874,0.58500,1.40800,1.59400,1
14555,1.75487,0.55400,1.38700,1.65600,1
14556,1.78187,0.62500,1.38900,1.60200,1
14557,1.94265,0.60000,1.32600,1.78300,1
14558,1.79519,0.68400,1.34900,1.62000,1
14559,2.63386,0.64900,1.60700,1.61500,1
14560,1.94055,0.61000,2.41200,1.64800,1
14561,1.77329,0.58000,1.40800,1.57800,1
14562,1.75259,0.59200,1.37700,1.59400,1
14563,1.86928,0.54700,1.43000,1.63200,1
14564,1.74148,0.57800,1.41400,1.60900,1
14565,1.77165,0.56200,1.44000,1.60400,1
14566,1.90301,0.61900,1.37600,1.80000,1
14567,1.85124,0.61400,1.39400,1.62500,1
14568,1.79259,0.65100,1.42000,1.62200,1
14569,1.90580,0.59700,1.39800,1.60300,1
14570,2.14973,0.55200,1.74800,1.61700,1
14571,1.79214,0.56300,1.78200,1.61800,1
14572,1.60126,0.54400,1.59700,1.61800,1
14573,1.65890,0.54800,1.50400,1.62600,1
14574,1.73768,0.57000,1.41500,1.60700,1
14575,2.14391,0.58200,1.52900,1.77400,1
14576,1.60438,0.73600,1.41900,1.62400,1
14577,1.85481,0.62700,1.48200,1.61100,1
14578,1.74308,0.64100,1.38300,1.62800,1
14579,1.77592,0.55200,1.36700,1.61200,1
14580,1.81569,0.55100,1.39900,1.60100,1
14581,1.75327,0.56000,1.36700,1.60800,1
14582,1.83865,0.54800,1.40000,1.63000,1
14583,1.76169,0.57200,1.36600,1.60800,1
14584,1.92414,0.63100,1.36000,1.76400,1
14585,1.75035,0.58100,1.32200,1.59800,1
14586,1.80179,0.57600,1.34200,1.62400,1
14587,1.76118,0.59300,1.31400,1.58700,1
14588,1.96123,0.63800,1.33800,1.74800,1
14589,1.67798,0.57900,1.26200,1.60300,1
14590,1.84080,0.59300,1.30600,1.60500,1
14591,1.77030,0.56700,1.28500,1.62200,1
14592,1.83809,0.57800,1.34300,1.59900,1
14593,1.91186,0.55600,1.45900,1.61600,1
14594,1.94191,0.56900,1.44000,1.80000,1
14595,1.73488,0.56700,1.33900,1.60600,1
14596,1.72941,0.58600,1.26600,1.60300,1
14597,1.76322,0.61700,1.26000,1.60900,1
14598,2.77350,0.60900,2.14300,1.61800,1
14599,2.12218,0.57500,2.16200,1.61900,1
14600,1.70605,0.55900,1.67600,1.56000,1
14601,1.67482,0.53900,1.49300,1.60000,1
14602,1.83557,0.55900,1.35600,1.79800,1
14603,1.71233,0.52600,1.26400,1.59900,1
14604,1.75182,0.57600,1.23200,1.58700,1
14605,1.76046,0.56800,1.23400,1.60100,1
14606,1.88445,0.54900,1.18300,1.74100,1
14607,1.92553,0.54700,1.32200,1.60500,1
14608,1.77423,0.64700,1.32500,1.60000,1
14609,1.66662,0.63100,1.22400,1.60100,1
14610,1.83455,0.66700,1.24700,1.61700,1
14611,1.73378,0.69000,1.21600,1.59900,1
14612,2.05745,0.87400,1.30800,1.76900,1
14613,1.71911,0.63900,1.26700,1.62500,1
14614,1.82220,0.56600,1.33000,1.60100,1
14615,1.75437,0.57400,1.31000,1.57600,1
14616,1.74592,0.55300,1.28100,1.59500,1
14617,1.82567,0.56000,1.35000,1.58500,1
14618,1.70577,0.57900,1.30400,1.58000,1
14619,1.70524,0.86600,1.25000,1.57800,1
14620,1.74597,0.65700,1.22300,1.58500,1
14621,1.96280,0.64100,1.25500,1.77000,1
14622,1.78688,0.65500,1.31100,1.59400,1
14623,1.88547,0.64500,1.39000,1.63300,1
14624,1.75211,0.61500,1.18700,1.73800,1
14625,1.83687,0.60000,1.23700,1.58800,1
14626,1.73654,0.57800,1.21800,1.58400,1
14627,1.77176,0.55700,1.19800,1.63700,1
14628,1.76814,0.56400,1.21700,1.58900,1
14629,1.79822,0.56800,1.20500,1.62300,1
14630,1.95974,0.58700,1.17900,1.79600,1
14631,1.80964,0.57200,1.24000,1.57400,1
14632,1.77906,0.64400,1.22900,1.62900,1
14633,1.79002,0.54900,1.23600,1.60300,1
14634,1.79610,0.56000,1.24600,1.59400,1
14635,1.78886,0.55400,1.25000,1.60200,1
14636,1.79249,0.51700,1.26200,1.59200,1
14637,3.13060,0.64400,1.26400,1.63400,1
14638,1.89136,0.63700,1.27500,1.79000,1
14639,1.75598,0.61600,1.25200,1.58300,1
14640,1.95015,0.58000,1.36500,1.66300,1
14641,1.67562,0.56000,1.30400,1.59200,1
14642,2.02455,0.55600,1.37700,1.78600,1
14643,1.81932,0.55500,1.38600,1.61400,1
14644,1.79780,0.53800,1.33800,1.60100,1
14645,1.56988,0.61400,1.24000,1.61000,1
14646,1.87532,0.58200,1.34700,1.58300,1
14647,1.82994,0.56000,1.39600,1.62700,1
14648,2.07368,0.56800,1.52000,1.79600,1
14649,1.60421,0.59100,1.29200,1.58900,1
14650,1.66388,0.59900,1.21000,1.61800,1
14651,1.77562,0.56700,1.21400,1.60500,1
14652,2.39359,0.56400,1.31900,1.61300,1
14653,2.22969,0.55400,2.12000,1.67200,1
14654,1.80813,0.53000,1.28200,1.60200,1
14655,1.69749,0.63900,1.24600,1.61000,1
14656,1.91722,0.68500,1.23200,1.78100,1
14657,1.76743,0.64500,1.21800,1.60500,1
14658,1.87118,0.64800,1.26500,1.62800,1
14659,1.74529,0.65600,1.23800,1.61300,1
14660,1.92402,0.60700,1.20000,1.76900,1
14661,1.73158,0.64300,1.20500,1.58900,1
14662,1.80904,0.67300,1.21200,1.62800,1
14663,1.79084,0.65700,1.22000,1.60900,1
14664,1.80860,0.64200,1.22700,1.61000,1
14665,1.92783,0.67800,1.36600,1.61100,1
14666,1.88601,0.70900,1.33000,1.78800,1
14667,2.00296,0.99200,1.45600,1.61500,1
14668,1.72058,1.36700,1.46200,1.61500,1
14669,1.76710,1.05000,1.41700,1.63300,1
14670,1.79349,0.89500,1.39900,1.63100,1
14671,1.79382,0.82100,1.40100,1.60700,1
14672,1.79965,0.81200,1.41000,1.59900,1
14673,1.76516,0.81100,1.39700,1.60700,1
14674,1.82021,0.79300,1.43400,1.59800,1
14675,1.96353,0.72900,1.43200,1.80100,1
14676,3.63479,0.72900,1.71000,1.64500,1
14677,1.57811,0.67500,1.38700,1.73600,1
14678,1.77548,0.61000,1.38100,1.60900,1
14679,1.82274,0.60600,1.40900,1.61600,1
14680,1.80472,0.79600,1.40500,1.61800,1
14681,1.74895,0.63700,1.37000,1.61200,1
14682,1.72406,0.64400,1.33400,1.59100,1
14683,1.91116,0.60600,1.26300,1.78200,1
14684,1.82827,0.59000,1.33100,1.57700,1
14685,1.69767,0.60900,1.29900,1.61100,1
14686,1.77569,0.60200,1.28500,1.60300,1
14687,1.85143,0.57200,1.29100,1.62400,1
14688,1.72994,1.09400,1.25100,1.60100,1
14689,1.75704,0.93100,1.25300,1.60400,1
14690,1.88149,1.00900,1.34400,1.61700,1
14691,1.78852,0.75900,1.36400,1.63100,1
14692,1.67772,0.68400,1.28100,1.59900,1
14693,1.96695,0.61100,1.23400,1.81500,1
14694,1.74166,0.59500,1.22600,1.58700,1
14695,1.79398,0.58600,1.22900,1.59300,1
14696,1.91775,0.56000,1.22800,1.76200,1
14697,1.77755,0.57800,1.23100,1.58100,1
14698,1.92696,0.60700,1.33500,1.65200,1
14699,1.86467,0.61100,1.43400,1.60700,1
14700,1.85942,0.65100,1.45300,1.62200,1
14701,1.66625,0.66700,1.40700,1.60500,1
14702,1.97628,0.61700,1.42700,1.79100,1
14703,1.81905,0.58900,1.44600,1.64000,1
14704,1.72856,0.61800,1.37300,1.59100,1
14705,1.76441,0.61200,1.36000,1.60200,1
14706,1.81534,0.63400,1.36500,1.60700,1
14707,1.77829,0.61800,1.37500,1.60700,1
14708,1.79325,0.60300,1.37500,1.61200,1
14709,1.75470,0.56900,1.35700,1.60500,1
14710,1.77755,0.56400,1.34600,1.59100,1
14711,1.97608,0.61000,1.35500,1.81000,1
14712,1.85993,0.57100,1.45400,1.59400,1
14713,1.70612,0.56700,1.40700,1.62100,1
14714,1.94277,0.64800,1.36600,1.76400,1
14715,3.20106,0.71300,1.36800,1.62300,1
14716,1.75119,0.68300,1.33000,1.61900,1
14717,1.77141,0.70300,1.33300,1.60500,1
14718,1.83521,0.67200,1.41900,1.58900,1
14719,1.88321,0.56600,1.32000,1.78300,1
14720,1.74679,0.58400,1.31400,1.60200,1
14721,1.85168,0.56300,1.36100,1.60000,1
14722,1.75454,0.55200,1.35400,1.58600,1
14723,1.79211,0.56800,1.39100,1.60900,1
14724,1.70752,0.58400,1.33100,1.59500,1
14725,1.74267,0.59200,1.30600,1.60700,1
14726,1.84208,0.55100,1.35500,1.61600,1
14727,2.15312,0.58900,1.66100,1.60400,1
14728,2.39965,0.61700,2.43700,1.63100,1
14729,1.44558,0.61300,1.43600,1.59000,1
14730,1.39098,0.63100,1.38300,1.59000,1
14731,1.79521,0.56200,1.42200,1.59800,1
14732,1.85885,0.58000,1.33800,1.78000,1
14733,1.79914,0.57500,1.35900,1.59800,1
14734,1.87445,0.59900,1.44500,1.59900,1
14735,1.66727,0.59900,1.32000,1.63000,1
14736,1.87112,0.57200,1.36800,1.62000,1
14737,1.73208,0.66300,1.32800,1.60900,1
14738,1.94907,0.56000,1.30900,1.76600,1
14739,1.78278,0.59000,1.26900,1.60600,1
14740,1.76995,0.62700,1.28700,1.59800,1
14741,1.78046,0.59300,1.29600,1.58000,1
14742,1.88877,0.58000,1.41100,1.59500,1
14743,1.89862,0.64400,1.51800,1.62600,1
14744,1.84734,0.62000,1.78700,1.59500,1
14745,2.32571,0.58600,2.21100,1.64100,1
14746,1.75216,0.58900,1.74100,1.79800,1
14747,1.55560,0.57900,1.53900,1.60400,1
14748,1.53093,0.74200,1.44000,1.60400,1
14749,1.85852,1.06000,1.45700,1.62600,1
14750,1.82678,0.87100,1.36900,1.76500,1
14751,1.74832,0.75700,1.37400,1.58900,1
14752,1.86909,0.70300,1.48100,1.59500,1
14753,1.65949,0.69700,1.36300,1.58400,1
14754,2.68142,0.73500,1.51800,1.63400,1
14755,1.71220,0.59200,1.52300,1.59200,1
14756,2.91095,0.61600,1.69400,1.82500,1
14757,1.59189,0.57600,1.47300,1.64600,1
14758,1.78544,0.54800,1.48000,1.60700,1
14759,1.70794,0.54900,1.36200,1.60100,1
14760,1.77744,0.56200,1.32700,1.62900,1
14761,1.83606,0.56600,1.38900,1.60100,1
14762,1.70754,0.56300,1.32400,1.60200,1
14763,1.75138,0.54300,1.27600,1.62800,1
14764,1.98734,0.54600,1.33500,1.80200,1
14765,1.79058,0.55300,1.31800,1.60000,1
14766,1.79967,0.54700,1.33200,1.59400,1
14767,1.76672,0.54000,1.30000,1.60200,1
14768,1.91113,0.56200,1.31800,1.73000,1
14769,2.01914,0.56500,1.51100,1.59700,1
14770,1.47185,0.59900,1.33500,1.61200,1
14771,1.75138,0.59100,1.20400,1.59500,1
14772,1.88069,0.56800,1.28600,1.60100,1
14773,1.63026,0.60000,1.14300,1.62400,1
14774,1.96351,0.61300,1.17900,1.80400,1
14775,1.83288,0.55700,1.18600,1.59900,1
14776,1.71671,0.57700,1.15400,1.60200,1
14777,1.76562,0.59800,1.16400,1.57300,1
14778,1.79271,0.56400,1.20100,1.57500,1
14779,1.75192,0.55200,1.20400,1.60400,1
14780,1.79310,0.64900,1.23600,1.58300,1
14781,1.73507,0.55600,1.21600,1.58700,1
14782,1.79578,0.54100,1.21900,1.60700,1
14783,1.95795,0.53000,1.21600,1.80100,1
14784,1.73290,0.52700,1.19800,1.58900,1
14785,1.80553,0.52700,1.16200,1.64500,1
14786,1.94360,0.53400,1.17600,1.75800,1
14787,1.79017,0.54000,1.17200,1.60200,1
14788,1.74513,0.69200,1.16800,1.59800,1
14789,1.76286,0.63900,1.17800,1.60800,1
14790,1.81574,0.68600,1.18500,1.61800,1
14791,1.79007,0.67000,1.17600,1.61900,1
14792,2.02940,0.69900,1.26600,1.79100,1
14793,2.60424,0.61700,1.35000,1.60300,1
14794,1.76130,0.67800,2.29200,1.67200,1
14795,1.86097,0.66300,1.24900,1.61600,1
14796,1.90258,0.68800,1.20900,1.78700,1
14797,1.80387,0.69700,1.24200,1.58800,1
14798,1.74749,0.66800,1.22600,1.60100,1
14799,1.74495,0.66100,1.23700,1.57500,1
14800,2.29802,0.85800,1.36500,1.77900,1
14801,1.50155,1.22900,1.29800,1.77900,1
14802,1.85713,0.89300,1.34800,1.64700,1
14803,2.01511,0.83100,1.55000,1.65700,1
14804,1.85244,0.72100,1.52500,1.77400,1
14805,1.70220,0.66900,1.42300,1.60600,1
14806,1.74819,0.69500,1.37900,1.61500,1
14807,1.75880,0.68700,1.37700,1.61700,1
14808,1.80469,0.64000,1.38200,1.60300,1
14809,1.96172,0.63600,1.38200,1.78600,1
14810,2.09980,0.63800,1.49800,1.78100,1
14811,1.63955,0.63300,1.40300,1.61400,1
14812,1.79184,0.62700,1.36700,1.64000,1
14813,1.77966,0.59900,1.36800,1.58500,1
14814,1.75237,0.62700,1.33300,1.61200,1
14815,1.86370,0.60600,1.40200,1.60100,1
14816,1.76776,0.66900,1.42400,1.60700,1
14817,1.81426,0.58500,1.43400,1.61200,1
14818,1.73148,0.59600,1.44000,1.58700,1
14819,1.90755,0.58900,1.34800,1.78600,1
14820,1.75870,0.63400,1.32500,1.59900,1
14821,2.25372,0.77200,1.79100,1.61900,1
14822,10.37051,0.68500,1.38600,1.61900,1
14823,2.10498,0.64100,10.83400,1.77900,1
14824,2.21498,0.91100,1.34900,1.62100,1
14825,1.80447,0.87700,1.34000,1.63600,1
14826,1.70601,0.86500,1.29800,1.62900,1
14827,1.78279,0.77000,1.28900,1.60000,1
14828,1.75278,0.69500,1.27400,1.59300,1
14829,1.78104,0.64200,1.26500,1.61300,1
14830,1.79562,0.64500,1.30200,1.61000,1
14831,1.78934,0.60800,1.30700,1.61800,1
14832,1.95861,0.58500,1.27100,1.78700,1
14833,2.93215,0.63100,1.23400,1.64100,1
14834,1.75794,0.60500,1.24600,1.58700,1
14835,1.93948,0.58600,1.25200,1.76200,1
14836,1.80227,0.56100,1.25400,1.61100,1
14837,1.83692,0.55400,1.28800,1.63000,1
14838,2.45627,0.55400,1.97400,1.62600,1
14839,2.25990,0.54200,2.25100,1.65600,1
14840,1.73542,0.55500,1.73500,1.85500,1
14841,1.63955,0.56200,1.63200,1.61700,1
14842,1.57930,0.56800,1.56800,1.61700,1
14843,1.82422,0.56600,1.68700,1.59300,1
14844,1.58421,0.58800,1.52200,1.60300,1
14845,1.73874,0.60600,1.46400,1.61800,1
14846,2.06251,0.56800,1.51600,1.61500,1
14847,1.55235,0.63400,1.48200,1.60100,1
14848,1.86048,0.56000,1.60400,1.60900,1
14849,1.69092,0.57800,1.54000,1.60700,1
14850,1.98642,0.63400,1.57800,1.79700,1
14851,1.75208,0.64600,1.55000,1.59400,1
14852,1.72068,0.55700,1.38000,1.63600,1
14853,1.99426,0.54800,1.42300,1.76700,1
14854,1.79770,0.55900,1.45100,1.61400,1
14855,1.70415,0.65900,1.38300,1.62400,1
14856,1.74683,0.62800,1.30000,1.60400,1
14857,1.80772,0.62000,1.31100,1.61200,1
14858,1.94229,0.63200,1.43500,1.62700,1
14859,3.07864,0.57500,1.35500,1.78600,1
14860,1.96732,0.57700,1.56200,1.60800,1
14861,1.67566,0.63400,1.46700,1.61200,1
14862,1.78633,0.60900,1.36800,1.63100,1
14863,1.91640,0.66900,1.48500,1.62000,1
14864,1.72070,0.79100,1.47000,1.61300,1
14865,1.77575,0.60700,1.44600,1.60300,1
14866,1.70255,0.61900,1.36400,1.62300,1
14867,2.12242,0.61500,1.52300,1.76300,1
14868,1.98624,0.70700,1.87100,1.61800,1
14869,1.60046,0.65000,1.60100,1.65100,1
14870,1.63326,0.61800,1.36700,1.62400,1
14871,1.97254,0.60500,1.38200,1.75400,1
14872,2.33676,0.60200,1.27700,1.62100,1
14873,1.99005,0.57200,2.40600,1.62000,1
14874,1.79031,0.68000,1.34400,1.61900,1
14875,1.75562,0.60300,1.37500,1.61900,1
14876,2.06876,0.60500,1.66000,1.76900,1
14877,1.82832,0.62900,1.54700,1.60000,1
14878,2.11187,0.67600,1.87400,1.61500,1
14879,1.68926,1.20300,1.72200,1.61500,1
14880,1.70399,1.00900,1.58600,1.58300,1
14881,1.76092,0.97000,1.52700,1.61500,1
14882,2.03884,0.92100,1.50100,1.61900,1
14883,1.59846,1.50200,1.46500,1.59200,1
14884,1.77317,1.12800,1.59900,1.59200,1
14885,1.81444,0.79900,1.48300,1.77800,1
14886,1.75768,0.84600,1.46100,1.59100,1
14887,1.75054,0.75100,1.41400,1.58900,1
14888,1.75905,0.73800,1.40800,1.61200,1
14889,1.92862,0.78000,1.40800,1.74800,1
14890,1.91849,0.68100,1.56300,1.59700,1
14891,1.72498,0.63900,1.45100,1.61500,1
14892,1.89556,0.68400,1.44400,1.64700,1
14893,1.74077,1.26400,1.44500,1.64700,1
14894,2.12353,0.69400,1.59500,1.81100,1
14895,1.92052,0.74600,1.70100,1.60700,1
14896,1.54217,0.70700,1.45900,1.63800,1
14897,1.74948,0.62300,1.35200,1.62800,1
14898,1.88322,0.74500,1.36400,1.61600,1
14899,1.77095,1.12200,1.37300,1.62100,1
14900,2.45225,0.96000,1.93200,1.61900,1
14901,1.86983,0.87300,1.88500,1.65400,1
14902,1.80245,0.84900,1.80000,1.65400,1
14903,1.79173,0.79700,1.78400,1.79700,1
14904,1.44373,0.73300,1.45400,1.79700,1
14905,1.63969,0.67800,1.33700,1.61200,1
14906,1.64884,0.65600,1.24700,1.63100,1
14907,2.21581,0.62900,1.48200,1.78200,1
14908,1.50796,0.71400,1.28600,1.60100,1
14909,1.80325,0.72700,1.32400,1.58800,1
14910,1.90802,0.67300,1.41600,1.61800,1
14911,2.71975,0.65700,1.30500,1.62400,1
14912,2.46117,0.68300,2.83400,1.81800,1
14913,1.75830,0.87700,1.50200,1.61800,1
14914,2.43560,0.87800,2.10400,1.65900,1
14915,1.93596,0.80900,1.96700,1.66400,1
14916,1.73563,0.97300,1.75200,1.65700,1
14917,1.61310,1.05200,1.61300,1.66300,1
14918,1.71966,0.76500,1.72000,1.66300,1
14919,1.76834,0.79000,1.75600,1.63200,1
14920,1.73294,0.77700,1.72700,1.63200,1
14921,1.72477,0.75100,1.42900,1.81400,1
14922,1.74984,0.76100,1.40700,1.59400,1
14923,1.73560,0.69100,1.36600,1.59100,1
14924,1.93904,0.63400,1.56000,1.58400,1
14925,1.88631,0.64500,1.47200,1.75400,1
14926,1.62248,0.63000,1.29700,1.63100,1
14927,2.00779,0.58900,1.39600,1.65100,1
14928,1.77605,0.66400,1.40800,1.62200,1
14929,1.82236,0.75200,1.42700,1.59900,1
14930,2.02283,0.74000,1.47900,1.76700,1
14931,1.93926,0.65200,1.69100,1.59600,1
14932,1.84536,0.69900,1.83200,1.62600,1
14933,1.67074,0.68200,1.65900,1.62600,1
14934,1.68904,0.68700,1.52000,1.57100,1
14935,1.86188,0.63700,1.65600,1.61800,1
14936,1.78989,0.59200,1.60000,1.63100,1
14937,1.71042,0.58900,1.54100,1.59100,1
14938,1.80304,0.62400,1.51900,1.63200,1
14939,1.97227,0.59500,1.56800,1.81200,1
14940,1.73876,0.62100,1.47700,1.62100,1
14941,1.76359,0.62600,1.44200,1.61900,1
14942,1.89518,0.60000,1.59700,1.59700,1
14943,1.76970,0.60400,1.45500,1.76300,1
14944,1.84077,0.57600,1.47200,1.62000,1
14945,1.68072,0.56100,1.36000,1.62800,1
14946,1.74118,0.56100,1.26800,1.61300,1
14947,1.87845,0.60700,1.38300,1.60700,1
14948,1.68159,0.58600,1.28700,1.61600,1
14949,2.06640,0.60000,1.37300,1.77900,1
14950,2.27919,0.60600,1.30300,1.62100,1
14951,2.24519,0.58500,2.18600,1.66800,1
14952,1.70686,0.58200,1.21100,1.59600,1
14953,1.80247,0.57400,1.24600,1.59500,1
14954,1.85319,0.74700,1.29400,1.63100,1
14955,1.91933,0.66500,1.47700,1.57800,1
14956,1.66049,0.65700,1.33700,1.62200,1
14957,1.92181,0.59600,1.31100,1.78000,1
14958,1.82255,0.59800,1.34600,1.60800,1
14959,1.74238,0.56700,1.32500,1.58900,1
14960,1.71161,0.55400,1.23600,1.62400,1
14961,1.94281,0.55000,1.20100,1.79500,1
14962,3.05607,0.54000,1.18700,1.63000,1
14963,1.75574,0.63800,1.18600,1.64000,1
14964,1.84876,0.95300,1.22000,1.59700,1
14965,1.73339,1.08800,1.24300,1.61600,1
14966,1.92301,0.74300,1.21100,1.78600,1
14967,1.77644,0.63800,1.21400,1.58300,1
14968,1.88596,0.61600,1.32600,1.61200,1
14969,1.73612,0.57500,1.29600,1.59400,1
14970,1.78820,0.61500,1.31200,1.59400,1
14971,1.79483,0.56400,1.34000,1.60300,1
14972,1.75140,0.75200,1.32200,1.61700,1
14973,1.79160,0.75400,1.28800,1.59900,1
14974,1.72138,0.94700,1.23400,1.62900,1
14975,2.06463,0.75400,1.30700,1.80300,1
14976,1.77879,0.67400,1.32600,1.59600,1
14977,1.79067,0.65600,1.29800,1.61400,1
14978,1.91955,0.92700,1.30700,1.75900,1
14979,1.69295,0.80400,1.26700,1.58900,1
14980,1.80883,0.70400,1.32200,1.58000,1
14981,1.92126,0.68200,1.41900,1.64100,1
14982,1.68220,0.71600,1.30200,1.61000,1
14983,1.73703,0.69500,1.27200,1.61400,1
14984,1.94241,0.65700,1.27500,1.78300,1
14985,1.71673,0.62300,1.21900,1.58800,1
14986,1.95839,0.63700,1.36200,1.61900,1
14987,1.89572,0.69200,1.50500,1.61900,1
14988,1.87331,0.75400,1.58400,1.63000,1
14989,3.37221,0.86900,1.78400,1.62100,1
14990,1.73569,0.94000,1.57100,1.59500,1
14991,1.89830,0.82400,1.65100,1.62100,1
14992,2.11079,0.77200,1.82600,1.80200,1
14993,1.70722,0.76700,1.65100,1.58800,1
14994,1.92777,0.96800,1.76900,1.59600,1
14995,1.67704,0.85000,1.68500,1.59600,1
14996,1.96307,0.74400,1.73800,1.79300,1
14997,1.57043,0.68800,1.49700,1.61200,1
14998,1.84361,0.71200,1.54300,1.58400,1
14999,1.83939,0.79600,1.77500,1.63300,1
15000,1.73314,0.80400,1.51800,1.62600,1
15001,2.02453,0.85000,1.58100,1.77400,1
15002,1.76234,0.85300,1.48600,1.61600,1
15003,1.80332,0.86300,1.50900,1.59900,1
15004,1.70426,0.77500,1.45700,1.59100,1
15005,1.74381,0.82900,1.45400,1.60900,1
15006,1.83608,0.93400,1.44500,1.60500,1
15007,1.81195,0.97800,1.50800,1.61500,1
15008,1.76803,0.84000,1.53000,1.59100,1
15009,1.76625,0.82900,1.49600,1.61100,1
15010,1.97506,0.82500,1.70900,1.61300,1
15011,2.00566,0.78800,1.87300,1.60500,1
15012,1.69424,0.76200,1.69200,1.60500,1
15013,1.64498,0.75500,1.50300,1.67000,1
15014,1.94576,0.74500,1.46800,1.78100,1
15015,1.80222,0.73800,1.49100,1.60900,1
15016,1.76735,0.75300,1.46200,1.62500,1
15017,1.74144,0.76800,1.41500,1.62100,1
15018,1.82142,0.72200,1.46700,1.60000,1
15019,1.85364,0.63500,1.52400,1.61000,1
15020,1.83614,0.61000,1.37000,1.79600,1
15021,1.94345,0.65700,1.52800,1.60100,1
15022,1.58293,0.65600,1.33800,1.61200,1
15023,1.80148,0.59300,1.32300,1.62000,1
15024,1.78376,0.58200,1.32200,1.59200,1
15025,1.73479,0.56300,1.29300,1.58600,1
15026,1.96701,0.55200,1.47000,1.62000,1
15027,1.76231,0.59800,1.45900,1.60300,1
15028,2.56678,0.67600,1.48600,1.60700,1
15029,2.12871,0.71400,2.64500,1.83700,1
15030,1.82286,0.66700,1.51400,1.58500,1
15031,1.68463,0.70800,1.45700,1.62400,1
15032,2.29438,0.73000,1.88900,1.61100,1
15033,1.71232,0.60600,1.70000,1.61100,1
15034,1.59610,0.57100,1.58100,1.61100,1
15035,1.74017,0.63500,1.51600,1.61900,1
15036,1.93892,0.58500,1.64700,1.61500,1
15037,1.67780,0.62400,1.58400,1.58300,1
15038,1.84801,0.60200,1.44200,1.79100,1
15039,2.01865,0.64200,1.63400,1.62100,1
15040,1.56395,0.61800,1.42800,1.63200,1
15041,1.75315,0.58200,1.40100,1.58800,1
15042,1.81261,0.57100,1.42700,1.61300,1
15043,1.88050,0.57600,1.49600,1.63700,1
15044,1.75011,0.56000,1.49000,1.58500,1
15045,1.79603,0.56800,1.49400,1.61000,1
15046,1.76672,0.60900,1.52500,1.60500,1
15047,1.89122,0.57400,1.45600,1.77000,1
15048,1.69177,0.57900,1.34700,1.60600,1
15049,1.79729,0.55800,1.35700,1.60100,1
15050,1.86023,0.62500,1.31900,1.58400,1
15051,1.77432,0.55300,1.31500,1.60400,1
15052,1.72528,0.53900,1.24000,1.61600,1
15053,1.76902,0.56800,1.24100,1.63200,1
15054,1.74452,0.55700,1.20300,1.58600,1
15055,1.91864,0.55200,1.36800,1.59500,1
15056,2.03001,0.54300,1.41400,1.77800,1
15057,1.79984,0.62200,1.49000,1.59800,1
15058,1.78394,0.66600,1.47400,1.62400,1
15059,1.85994,0.63600,1.53800,1.61400,1
15060,1.92701,0.61600,1.80400,1.60600,1
15061,1.68154,0.67400,1.66300,1.60600,1
15062,1.75746,0.75900,1.62000,1.61100,1
15063,1.73767,0.77100,1.57600,1.61000,1
15064,1.72919,0.76500,1.54000,1.58500,1
15065,3.50925,0.79600,1.57900,1.83000,1
15066,1.83071,0.74500,1.56900,1.58800,1
15067,2.59976,0.83200,1.61000,1.61000,1
15068,1.86868,0.75000,2.53800,1.79000,1
15069,1.82583,0.73500,1.49900,1.58000,1
15070,1.76695,0.72900,1.42600,1.62400,1
15071,1.93427,0.75600,1.55500,1.66500,1
15072,1.76078,0.73100,1.48400,1.63500,1
15073,1.83652,0.68900,1.32500,1.77500,1
15074,1.79677,0.63000,1.34300,1.58700,1
15075,1.96298,0.64900,1.52000,1.61800,1
15076,1.71826,0.65900,1.47200,1.58100,1
15077,1.63080,0.66200,1.32700,1.60700,1
15078,1.74644,0.64400,1.29100,1.58900,1
15079,1.78888,0.81700,1.30000,1.59600,1
15080,1.80206,0.77500,1.32600,1.61000,1
15081,1.85364,0.77900,1.37600,1.60800,1
15082,1.72991,0.84500,1.38800,1.60000,1
15083,1.94785,0.73900,1.34700,1.81300,1
15084,1.79268,0.68100,1.31300,1.62200,1
15085,1.75847,0.63000,1.31900,1.58600,1
15086,1.96590,0.61000,1.33400,1.77200,1
15087,1.81426,0.63200,1.36000,1.59700,1
15088,1.82573,0.71700,1.41500,1.59000,1
15089,1.80314,0.69000,1.43600,1.65500,1
15090,1.79945,0.64000,1.41800,1.61400,1
15091,1.86247,0.61600,1.44400,1.61000,1
15092,1.99469,0.99700,1.50400,1.78400,1
15093,1.76665,1.07900,1.45300,1.59400,1
15094,1.80325,0.84600,1.49600,1.64200,1
15095,1.97384,0.81800,1.69000,1.58400,1
15096,1.83448,0.76600,1.57300,1.62200,1
15097,1.56626,1.14000,1.53200,1.62200,1
15098,1.72298,0.74000,1.50500,1.61000,1
15099,1.81633,0.69000,1.50100,1.63000,1
15100,1.84524,0.71200,1.59600,1.60900,1
15101,1.81894,0.60900,1.45500,1.77700,1
15102,1.75138,0.58100,1.43400,1.61000,1
15103,1.71053,0.66900,1.31300,1.65500,1
15104,1.96142,0.68500,1.32700,1.77000,1
15105,1.74747,0.65900,1.28700,1.60900,1
15106,2.39741,0.65900,1.34300,1.59500,1
15107,1.82925,0.62600,2.21000,1.63600,1
15108,1.82521,0.63600,1.30100,1.61000,1
15109,2.06163,0.64000,1.30200,1.59800,1
15110,1.73703,1.19900,1.29600,1.81500,1
15111,1.79975,0.96800,1.29800,1.61000,1
15112,1.73629,0.85300,1.29000,1.60000,1
15113,1.79365,0.75400,1.29100,1.58600,1
15114,1.76133,0.81600,1.28300,1.60600,1
15115,1.83082,0.70100,1.35100,1.58900,1
15116,1.74640,0.67000,1.33100,1.60800,1
15117,1.78732,0.65700,1.34500,1.60500,1
15118,1.87555,0.66700,1.38100,1.60900,1
15119,1.89252,0.80500,1.36900,1.79700,1
15120,1.81170,0.75300,1.39800,1.62300,1
15121,1.73226,0.86800,1.29800,1.62400,1
15122,1.91384,0.75700,1.32000,1.76000,1
15123,1.74607,0.72500,1.30500,1.61200,1
15124,1.76608,0.65700,1.27600,1.61400,1
15125,1.77808,0.61900,1.28300,1.60400,1
15126,1.78148,0.65400,1.29800,1.59900,1
15127,1.75787,0.61400,1.30100,1.60000,1
15128,2.03205,0.61400,1.34100,1.79200,1
15129,1.74643,0.61400,1.34700,1.58800,1
15130,1.78865,0.60800,1.34200,1.62100,1
15131,1.85015,0.59600,1.41300,1.58200,1
15132,1.81509,0.61200,1.46100,1.60700,1
15133,1.60338,0.63300,1.35800,1.57600,1
15134,1.76726,0.58000,1.32400,1.61100,1
15135,1.77398,0.60700,1.34900,1.61200,1
15136,1.79146,0.60500,1.36800,1.59700,1
15137,1.79453,0.63400,1.38900,1.61800,1
15138,2.11120,0.95600,1.38800,1.82000,1
15139,1.76057,1.18500,1.37600,1.62000,1
15140,1.86349,0.94200,1.42500,1.60400,1
15141,2.01091,0.94800,1.57500,1.77300,1
15142,1.77584,0.88600,1.52300,1.62500,1
15143,1.84854,0.84200,1.59100,1.61400,1
15144,1.67305,0.84000,1.46800,1.63800,1
15145,1.96615,0.84000,1.66800,1.62500,1
15146,2.78697,0.75000,1.60100,1.61500,1
15147,1.70947,1.16200,1.57100,1.61500,1
15148,1.72929,0.85000,1.49500,1.59600,1
15149,2.02074,0.97100,1.67600,1.63000,1
15150,1.63760,0.82800,1.57800,1.62700,1
15151,1.83841,0.77000,1.61300,1.59400,1
15152,1.86147,0.71500,1.77900,1.60400,1
15153,1.72844,0.70800,1.64100,1.63600,1
15154,1.71384,0.68900,1.54700,1.61900,1
15155,2.07927,0.89400,1.62800,1.80800,1
15156,1.72788,0.80400,1.56100,1.59600,1
15157,1.88474,0.71700,1.51500,1.66000,1
15158,1.71225,0.80500,1.50300,1.63400,1
15159,1.88173,0.66200,1.50100,1.76800,1
15160,1.73427,0.62700,1.43400,1.62400,1
15161,1.80307,0.58500,1.40900,1.62600,1
15162,1.78490,0.57000,1.41200,1.64300,1
15163,1.77056,0.56900,1.38700,1.59600,1
15164,1.99285,0.59700,1.42500,1.78700,1
15165,1.83694,0.60100,1.44900,1.62100,1
15166,1.69002,0.58100,1.40100,1.58000,1
15167,1.71550,0.58400,1.33700,1.61800,1
15168,2.35232,0.56400,1.35800,1.60900,1
15169,2.49798,0.58500,2.31400,1.65100,1
15170,1.67314,0.55000,1.38400,1.61000,1
15171,1.81157,0.56300,1.36800,1.62600,1
15172,1.79026,0.60400,1.45800,1.59300,1
15173,2.29773,0.74700,1.86900,1.63900,1
15174,1.70062,0.63700,1.69700,1.63900,1
15175,1.69865,0.58600,1.58900,1.62500,1
15176,1.88550,0.58300,1.44200,1.77800,1
15177,1.75000,1.31300,1.38500,1.61900,1
15178,1.74544,0.96100,1.37800,1.60500,1
15179,1.84902,0.82000,1.44000,1.61700,1
15180,1.73746,0.78100,1.40300,1.60600,1
15181,1.78399,0.72800,1.35300,1.59800,1
15182,1.91647,0.74400,1.34300,1.80200,1
15183,1.93141,0.81500,1.50500,1.60600,1
15184,1.65964,0.73500,1.32100,1.65700,1
15185,1.74493,0.68500,1.31500,1.61500,1
15186,2.58204,0.66100,1.25400,1.62000,1
15187,1.75400,0.65000,1.25300,1.58800,1
15188,1.81932,0.69300,1.30900,1.60900,1
15189,1.83851,0.72200,1.40400,1.59200,1
15190,1.74153,0.71200,1.37800,1.60800,1
15191,1.94407,0.72000,1.35800,1.79400,1
15192,2.14475,0.70700,1.79000,1.60000,1
15193,1.67531,0.62600,1.67600,1.61800,1
15194,1.70350,0.59500,1.60100,1.58100,1
15195,1.85931,0.60100,1.50900,1.76000,1
15196,1.68669,0.59300,1.38300,1.59500,1
15197,1.76371,0.58100,1.36400,1.61500,1
15198,1.78988,0.58100,1.34400,1.58500,1
15199,1.78124,0.64000,1.35200,1.60000,1
15200,1.87506,0.75200,1.28200,1.77200,1
15201,1.92003,0.61300,1.38300,1.63800,1
15202,1.78930,0.62600,1.39200,1.62300,1
15203,1.68125,0.65100,1.33700,1.59200,1
15204,1.83720,0.63800,1.38900,1.59400,1
15205,1.74110,0.60700,1.33700,1.60600,1
15206,1.85033,0.60400,1.41000,1.61300,1
15207,1.76926,0.56500,1.37800,1.61900,1
15208,1.80725,0.57400,1.37500,1.60600,1
15209,2.08691,0.98200,1.49000,1.79500,1
15210,1.69388,0.94900,1.41800,1.60300,1
15211,1.72404,0.88300,1.36600,1.60800,1
15212,1.81423,0.73800,1.37000,1.61500,1
15213,1.84642,0.70500,1.30200,1.75700,1
15214,1.75584,0.65400,1.23900,1.58600,1
15215,1.80713,0.64100,1.27800,1.61200,1
15216,1.78957,0.65200,1.27200,1.63100,1
15217,1.77452,0.59700,1.22500,1.61600,1
15218,1.76348,0.60900,1.24500,1.58500,1
15219,1.98304,0.59400,1.25200,1.81000,1
15220,1.83780,0.57500,1.28000,1.62200,1
15221,1.77680,0.59000,1.25700,1.60600,1
15222,1.87700,0.66900,1.36400,1.61700,1
15223,1.66553,0.63200,1.24300,1.59700,1
15224,1.77908,0.59100,1.23400,1.60000,1
15225,2.66322,0.74300,1.40500,1.61900,1
15226,1.83416,0.64900,1.50300,1.62200,1
15227,2.00161,0.61900,1.57900,1.77500,1
15228,1.80237,0.62300,1.55000,1.61400,1
15229,1.73342,0.60400,1.52100,1.61900,1
15230,1.63701,0.60400,1.37300,1.60500,1
15231,1.96229,0.59500,1.39100,1.78400,1
15232,1.66884,0.59200,1.26700,1.60300,1
15233,1.78268,0.61100,1.25800,1.59800,1
15234,1.75469,0.60800,1.24100,1.61300,1
15235,1.86167,0.62600,1.26300,1.57500,1
15236,1.64568,0.97500,1.26400,1.59200,1
15237,1.99810,0.66300,1.27900,1.80200,1
15238,2.32063,0.61000,2.02500,1.60500,1
15239,1.84669,0.58000,1.82700,1.61000,1
15240,1.65000,0.56000,1.64900,1.61000,1
15241,1.70736,0.56500,1.69800,1.62400,1
15242,1.64838,0.55300,1.58900,1.61200,1
15243,1.75578,0.59000,1.54700,1.61500,1
15244,1.81591,0.58300,1.54000,1.61100,1
15245,1.70190,0.65400,1.51500,1.59200,1
15246,2.13559,0.62400,1.65500,1.78900,1
15247,1.97568,0.61800,1.70000,1.63200,1
15248,1.62787,1.24700,1.68100,1.63200,1
15249,1.62457,1.07700,1.53000,1.60300,1
15250,1.91984,0.85100,1.47200,1.78400,1
15251,1.70149,0.75600,1.34600,1.61600,1
15252,1.80293,0.72400,1.38500,1.62500,1
15253,1.80030,0.70400,1.38000,1.62700,1
15254,1.82259,0.68700,1.40600,1.59600,1
15255,1.88407,0.72000,1.31500,1.79100,1
15256,1.80019,0.76200,1.33300,1.60200,1
15257,1.71331,0.72400,1.28400,1.59300,1
15258,1.85727,0.71100,1.38400,1.59900,1
15259,1.72687,0.72900,1.34600,1.59200,1
15260,1.77223,0.70100,1.30000,1.61000,1
15261,1.83738,0.71400,1.33000,1.63500,1
15262,1.77408,0.66400,1.32600,1.61600,1
15263,1.76779,0.69800,1.30300,1.61000,1
15264,2.86230,0.67600,1.39600,1.80300,1
15265,1.71071,0.74200,1.33200,1.58400,1
15266,1.85872,0.71600,1.37000,1.63800,1
15267,1.81331,0.77100,1.41400,1.61200,1
15268,1.97651,0.75200,1.46500,1.75700,1
15269,1.71239,0.72100,1.38300,1.62700,1
15270,1.87409,0.73600,1.44500,1.63100,1
15271,1.68398,0.70800,1.29600,1.61600,1
15272,3.35325,0.70000,1.32000,1.61600,1
15273,1.78050,0.71500,1.37200,1.61800,1
15274,1.81766,0.65400,1.37700,1.64100,1
15275,1.78430,0.68600,1.36500,1.60700,1
15276,1.70718,0.76800,1.31400,1.59400,1
15277,1.79264,0.69300,1.31200,1.61200,1
15278,1.79305,0.66100,1.33100,1.60200,1
15279,1.91645,0.67000,1.47700,1.59700,1
15280,1.87550,0.65900,1.68100,1.60400,1
15281,1.80926,0.66600,1.50500,1.78500,1
15282,1.73315,0.65800,1.40800,1.63300,1
15283,1.93054,0.73100,1.47400,1.61500,1
15284,1.72155,0.76600,1.41900,1.63100,1
15285,1.94887,0.69000,1.43000,1.75300,1
15286,1.79692,0.68300,1.50000,1.59400,1
15287,1.68453,0.67700,1.42900,1.58400,1
15288,1.79661,0.63300,1.44700,1.63600,1
15289,1.65806,0.60500,1.30100,1.60000,1
15290,1.76549,0.61500,1.27600,1.61700,1
15291,1.97816,0.60800,1.28600,1.76800,1
15292,1.77583,0.59800,1.26100,1.63000,1
15293,2.01337,0.58400,1.49400,1.59700,1
15294,1.82861,0.64100,1.57200,1.62100,1
15295,1.52746,0.64900,1.27700,1.61200,1
15296,1.81705,0.58000,1.30400,1.59100,1
15297,1.69673,0.59800,1.26300,1.59100,1
15298,1.86476,0.57200,1.24800,1.60800,1
15299,1.73901,1.19400,1.22400,1.58000,1
15300,1.95560,1.22300,1.23400,1.78700,1
15301,1.79060,1.11000,1.22200,1.58800,1
15302,1.88671,0.98000,1.34300,1.62600,1
15303,4.55608,1.01700,1.98000,1.61800,1
15304,1.51873,0.88600,1.49800,1.63600,1
15305,1.49409,0.73800,1.41500,1.63600,1
15306,1.78066,0.73000,1.42500,1.61900,1
15307,1.78768,0.65200,1.37500,1.60200,1
15308,1.99015,0.65300,1.45500,1.79400,1
15309,1.78671,0.65900,1.39400,1.61000,1
15310,1.80193,0.64600,1.39300,1.65500,1
15311,1.85432,0.60300,1.37900,1.61000,1
15312,1.79400,1.26400,1.36700,1.64500,1
15313,1.77194,1.24000,1.37000,1.63200,1
15314,1.75444,1.14400,1.38200,1.59000,1
15315,1.83033,0.98900,1.39500,1.60000,1
15316,1.74229,1.01200,1.37700,1.60500,1
15317,2.04233,0.94900,1.45600,1.76900,1
15318,1.70305,0.95000,1.40900,1.59600,1
15319,1.84910,0.96400,1.44800,1.63600,1
15320,1.66962,0.85500,1.38200,1.60200,1
15321,1.98346,0.65900,1.38600,1.75700,1
15322,1.79872,0.67400,1.37300,1.59400,1
15323,1.81445,1.13700,1.41300,1.61800,1
15324,1.72845,1.14000,1.36100,1.62300,1
15325,1.86710,1.08400,1.45000,1.60500,1
15326,2.33721,1.14800,1.85900,1.63400,1
15327,1.91984,1.33200,1.89200,1.83800,1
15328,1.59864,1.26500,1.62700,1.83800,1
15329,1.67959,0.95200,1.50300,1.60700,1
15330,1.81107,0.83800,1.50400,1.59800,1
15331,1.67463,0.90800,1.40500,1.60600,1
15332,1.78856,0.78800,1.40200,1.62400,1
15333,1.73686,0.76700,1.32300,1.60100,1
15334,1.76358,0.71900,1.30600,1.60800,1
15335,1.92440,0.68200,1.29100,1.79000,1
15336,1.92504,0.64500,1.38800,1.62700,1
15337,1.82981,0.65000,1.44500,1.62100,1
15338,1.69344,0.59200,1.37000,1.60300,1
15339,1.84402,0.55300,1.31700,1.73600,1
15340,1.77751,0.58500,1.29700,1.58700,1
15341,1.79098,0.56300,1.29700,1.60600,1
15342,3.12271,0.59900,1.31600,1.64200,1
15343,2.06178,0.56200,1.25800,1.93600,1
15344,1.75669,0.58100,1.23100,1.60300,1
15345,1.79799,0.67500,1.20700,1.60300,1
15346,1.79254,0.72000,1.17700,1.61200,1
15347,1.75831,0.87500,1.18600,1.60100,1
15348,1.77495,0.73600,1.16400,1.61200,1
15349,1.79250,0.58100,1.17200,1.60500,1
15350,1.78710,0.55900,1.19900,1.59200,1
15351,1.84936,0.57200,1.28500,1.58600,1
15352,1.80813,0.58200,1.32700,1.61300,1
15353,1.87425,0.58700,1.22800,1.79300,1
15354,1.76867,0.54900,1.22900,1.58100,1
15355,1.76599,0.56200,1.19100,1.60800,1
15356,1.74327,0.60600,1.19500,1.60200,1
15357,1.99472,0.55300,1.21100,1.80300,1
15358,1.80471,0.53500,1.22600,1.58800,1
15359,1.89572,0.58400,1.34600,1.64400,1
15360,1.76851,0.59400,1.33400,1.59000,1
15361,1.82594,0.58200,1.39000,1.59100,1
15362,1.83334,0.61200,1.25300,1.79500,1
15363,1.79882,0.62600,1.25500,1.61900,1
15364,1.80895,0.58800,1.22700,1.64500,1
15365,1.77623,0.59700,1.22800,1.59400,1
15366,1.75027,0.59300,1.18800,1.62000,1
15367,1.76195,0.59900,1.20400,1.58700,1
15368,1.76716,0.57900,1.18900,1.58800,1
15369,1.80465,0.56700,1.16300,1.62800,1
15370,1.85748,0.55200,1.23200,1.63100,1
15371,1.94254,0.57500,1.21600,1.78600,1
15372,1.92186,0.57100,1.34100,1.60300,1
15373,1.65941,0.62000,1.21100,1.62800,1
15374,1.74316,0.58200,1.18200,1.58400,1
15375,2.52312,0.62500,1.26300,1.74700,1
15376,1.63819,0.62300,1.99200,1.63100,1
15377,1.78192,0.61000,1.20300,1.59100,1
15378,1.80789,0.55000,1.23600,1.60500,1
15379,1.76196,0.57200,1.22500,1.61200,1
15380,1.93457,0.58200,1.19600,1.79700,1
15381,2.37619,0.56000,1.20700,1.61400,1
15382,1.74045,0.55400,1.17300,1.60500,1
15383,1.94431,0.60100,1.31700,1.60300,1
15384,1.68007,0.71300,1.29600,1.60100,1
15385,1.75427,0.64600,1.29300,1.58900,1
15386,1.84209,0.58200,1.34500,1.59200,1
15387,1.74233,0.60800,1.31000,1.58900,1
15388,1.83586,0.58300,1.35200,1.60500,1
15389,1.88526,1.13300,1.31000,1.78400,1
15390,1.88089,0.87600,1.46600,1.59400,1
15391,1.68234,0.76900,1.31100,1.62900,1
15392,1.69413,0.66700,1.21300,1.61500,1
15393,1.93256,0.69600,1.20800,1.74800,1
15394,2.10375,0.65900,1.55900,1.58500,1
15395,1.76363,0.65200,1.56100,1.65600,1
15396,1.70442,0.66300,1.46300,1.60600,1
15397,2.08839,0.85500,1.78800,1.62600,1
15398,1.83718,0.83800,1.72400,1.79800,1
15399,1.70736,0.74300,1.60100,1.59100,1
15400,1.69805,0.73400,1.50700,1.60900,1
15401,1.82104,0.63500,1.50100,1.62500,1
15402,1.74121,0.64000,1.46500,1.62500,1
15403,1.78961,0.60900,1.42000,1.61700,1
15404,1.77263,0.64200,1.43600,1.60700,1
15405,1.82729,0.62000,1.48200,1.60800,1
15406,1.77415,0.61000,1.44700,1.63700,1
15407,1.87143,0.59900,1.36400,1.77800,1
15408,1.78689,0.61100,1.35400,1.60400,1
15409,1.83646,0.79800,1.45600,1.60100,1
15410,1.71193,0.63500,1.38400,1.57200,1
15411,1.96019,0.60000,1.36000,1.77600,1
15412,1.76550,0.88400,1.33200,1.59300,1
15413,1.76265,0.83000,1.34500,1.63500,1
15414,1.77214,0.71500,1.32600,1.62400,1
15415,1.80241,0.64200,1.33500,1.58600,1
15416,1.70990,0.60500,1.27500,1.61000,1
15417,1.94337,0.60900,1.26100,1.78400,1
15418,2.00965,0.60600,1.42900,1.60200,1
15419,1.73947,0.59000,1.36700,1.65500,1
15420,3.10557,0.65600,1.29800,1.65100,1
15421,1.73594,0.61300,1.31600,1.59200,1
15422,1.76476,0.59200,1.25500,1.61400,1
15423,1.82967,0.59900,1.25600,1.63700,1
15424,1.78268,0.59700,1.30800,1.58700,1
15425,1.95110,0.57600,1.25900,1.79000,1
15426,1.77766,0.60000,1.31700,1.58900,1
15427,2.08522,0.63100,1.64800,1.63300,1
15428,1.56739,0.66200,1.36400,1.61900,1
15429,1.91936,0.65500,1.33900,1.76100,1
15430,1.67311,0.63900,1.21400,1.62200,1
15431,1.78889,0.61100,1.21200,1.60000,1
15432,1.84535,0.62500,1.27900,1.60400,1
15433,1.86168,0.63700,1.38900,1.59900,1
15434,1.89644,0.65800,1.36300,1.78100,1
15435,1.73007,0.67300,1.35100,1.55900,1
15436,1.73413,0.64100,1.36100,1.58500,1
15437,1.72569,0.62500,1.29900,1.60100,1
15438,1.86699,0.62300,1.32900,1.59700,1
15439,1.76764,1.08600,1.34000,1.62400,1
15440,1.71494,0.90900,1.31200,1.58400,1
15441,1.77352,0.84700,1.31700,1.60700,1
15442,1.90125,0.77100,1.42800,1.59900,1
15443,1.71033,0.73200,1.36700,1.62000,1
15444,1.94092,0.71300,1.32400,1.78100,1
15445,1.87422,0.72300,1.39500,1.60500,1
15446,1.77265,0.69600,1.34300,1.62100,1
15447,1.67858,0.71400,1.31800,1.60500,1
15448,2.00667,0.66000,1.33900,1.76100,1
15449,1.91278,0.74100,1.48700,1.61600,1
15450,1.94437,0.71500,1.65800,1.60400,1
15451,1.51442,0.65400,1.42500,1.61000,1
15452,1.79392,0.99500,1.39000,1.61400,1
15453,2.03525,0.67600,1.50200,1.78600,1
15454,2.08513,0.69700,1.81600,1.66000,1
15455,1.68906,0.65800,1.66500,1.62000,1
15456,1.73615,0.69300,1.63000,1.62000,1
15457,1.62077,0.63600,1.51600,1.57800,1
15458,1.69253,0.66100,1.42600,1.61300,1
15459,2.32729,0.64700,1.48500,1.61100,1
15460,2.29014,0.62000,2.10600,1.68100,1
15461,1.96071,0.59900,1.33400,1.81400,1
15462,1.80471,0.68600,1.33900,1.60800,1
15463,1.76083,0.67100,1.28900,1.64000,1
15464,1.76602,0.66500,1.25700,1.61400,1
15465,1.88925,0.67700,1.26400,1.76100,1
15466,1.75870,0.67400,1.27100,1.58200,1
15467,1.83458,0.63700,1.29900,1.59800,1
15468,1.78830,0.72600,1.28200,1.62500,1
15469,1.72224,0.69600,1.26300,1.58700,1
15470,1.86850,0.97800,1.31100,1.61800,1
15471,2.14873,0.86300,1.42300,1.79900,1
15472,1.56233,1.04200,1.21700,1.64400,1
15473,1.72278,0.80800,1.17100,1.59600,1
15474,1.80598,0.76800,1.22100,1.60200,1
15475,1.73745,0.71900,1.17800,1.59500,1
15476,1.75398,0.70700,1.16400,1.59200,1
15477,2.01529,0.63100,1.41000,1.57900,1
15478,1.70881,0.62000,1.36800,1.62600,1
15479,2.98439,0.58300,1.37500,1.63000,1
15480,1.76296,0.59300,1.40400,1.59700,1
15481,1.87516,0.55900,1.47700,1.58200,1
15482,2.07252,0.54900,1.82800,1.62400,1
15483,1.76240,0.59000,1.63400,1.75600,1
15484,1.70098,0.57300,1.52900,1.62000,1
15485,1.79124,0.54000,1.50500,1.62200,1
15486,1.61156,0.64700,1.34000,1.59900,1
15487,1.82238,0.60900,1.38800,1.60200,1
15488,1.86614,0.66100,1.27300,1.78800,1
15489,1.79816,0.59800,1.31200,1.60200,1
15490,1.72784,0.60900,1.24500,1.64700,1
15491,1.77466,0.67300,1.24700,1.59700,1
15492,1.73328,0.66700,1.21600,1.59100,1
15493,1.77011,0.66900,1.23200,1.58400,1
15494,1.71104,0.62300,1.18200,1.59800,1
15495,1.84790,0.54500,1.25400,1.58600,1
15496,1.82297,0.69400,1.27100,1.59800,1
15497,1.85007,0.90300,1.34200,1.60700,1
15498,2.14000,0.78000,1.61500,1.77500,1
15499,2.45772,0.67000,1.63600,1.59300,1
15500,2.30677,0.58000,2.37300,1.60100,1
15501,2.37884,0.58300,1.95600,1.58600,1
15502,1.75174,0.58500,1.73400,1.61800,1
15503,1.41334,0.68700,1.42900,1.61800,1
15504,1.53286,0.57600,1.33800,1.59900,1
15505,1.80893,0.58600,1.30600,1.61700,1
15506,1.88523,0.61200,1.25200,1.77800,1
15507,1.71357,0.61800,1.23200,1.58800,1
15508,1.79797,0.57300,1.23000,1.59900,1
15509,1.88684,0.58200,1.33100,1.60600,1
15510,1.72128,0.57900,1.27900,1.61400,1
15511,1.68688,0.57000,1.21700,1.59200,1
15512,1.77486,0.54400,1.19600,1.59300,1
15513,1.74978,0.61400,1.19200,1.59800,1
15514,1.74468,0.58000,1.18500,1.58900,1
15515,1.76961,0.58000,1.18700,1.59900,1
15516,1.98597,0.64600,1.17800,1.81100,1
15517,1.79765,0.56400,1.19400,1.60700,1
15518,1.80280,0.60000,1.25800,1.59700,1
15519,2.03119,0.60200,1.37000,1.75000,1
15520,1.91520,0.59400,1.60400,1.62100,1
15521,1.82653,0.61500,1.61700,1.58600,1
15522,1.70856,0.58100,1.54600,1.61900,1
15523,1.79616,0.59500,1.53900,1.63000,1
15524,1.69111,0.62300,1.43400,1.58800,1
15525,2.04297,0.61700,1.56100,1.81300,1
15526,1.72799,0.57200,1.44500,1.59000,1
15527,1.74921,0.58700,1.41700,1.63400,1
15528,1.74382,0.59600,1.39900,1.58700,1
15529,1.97620,0.60700,1.54500,1.59500,1
15530,1.69132,0.93300,1.37600,1.62500,1
15531,1.79551,1.01100,1.40600,1.62400,1
15532,1.79620,0.80400,1.37600,1.62100,1
15533,1.74462,0.76800,1.38900,1.61500,1
15534,1.90705,0.71000,1.32800,1.81600,1
15535,1.86234,0.71400,1.42400,1.59800,1
15536,1.98304,0.64300,1.58400,1.64100,1
15537,1.73925,0.62400,1.51700,1.61600,1
15538,3.20403,0.59800,1.44800,1.79700,1
15539,1.69209,0.59500,1.28500,1.63300,1
15540,1.76002,0.67200,1.28700,1.60000,1
15541,1.70548,0.64700,1.20600,1.59800,1
15542,2.02320,0.76700,1.23600,1.79500,1
15543,1.72886,1.06600,1.24300,1.58800,1
15544,1.83749,0.90700,1.30200,1.61600,1
15545,1.70805,0.75800,1.31100,1.58200,1
15546,1.88656,0.69800,1.37600,1.60900,1
15547,1.65797,0.70500,1.31400,1.59700,1
15548,1.90302,0.62900,1.37300,1.62300,1
15549,1.73067,0.63600,1.37900,1.58600,1
15550,1.92850,0.60900,1.51000,1.59800,1
15551,1.55502,0.66300,1.28900,1.59300,1
15552,2.00446,0.58300,1.31700,1.79300,1
15553,1.77264,0.59800,1.28100,1.61000,1
15554,1.77838,0.58900,1.26700,1.60300,1
15555,2.08788,0.56800,1.45100,1.74100,1
15556,1.84114,0.56200,1.54900,1.61500,1
15557,1.68331,0.59500,1.47700,1.56400,1
15558,1.97402,0.55500,1.58800,1.60100,1
15559,1.90627,0.64300,1.91600,1.59800,1
15560,1.49249,0.61200,1.49500,1.59800,1
15561,2.28002,0.57600,1.88500,1.61500,1
15562,1.73689,1.17400,1.76400,1.61600,1
15563,1.68088,0.91400,1.67300,1.61600,1
15564,1.71673,0.83400,1.60100,1.60800,1
15565,1.77398,0.77400,1.60500,1.61800,1
15566,1.71257,0.79000,1.59200,1.60100,1
15567,1.73168,0.76800,1.50600,1.59400,1
15568,1.78977,0.67700,1.49700,1.62200,1
15569,1.71206,0.67200,1.41700,1.59300,1
15570,2.00893,0.63500,1.46600,1.79200,1
15571,1.83474,0.70000,1.51800,1.61900,1
15572,1.85807,0.65100,1.58500,1.62700,1
15573,1.66979,0.67000,1.47800,1.61100,1
15574,2.03412,0.64300,1.52000,1.77000,1
15575,1.69834,0.65600,1.45000,1.60700,1
15576,1.87058,0.64400,1.54400,1.58800,1
15577,2.15278,0.64000,1.51500,1.61300,1
15578,2.59955,0.59200,2.41100,1.67000,1
15579,1.79188,0.65700,1.52200,1.82200,1
15580,1.82877,0.67900,1.50900,1.63200,1
15581,1.74541,0.66400,1.44500,1.62000,1
15582,3.02521,0.68000,1.42400,1.65900,1
15583,1.68817,0.67000,1.36100,1.59200,1
15584,1.79670,0.66900,1.29900,1.62600,1
15585,1.70163,0.67300,1.22000,1.60900,1
15586,1.83054,0.67300,1.21900,1.62900,1
15587,1.95410,0.67100,1.20500,1.80000,1
15588,1.76469,0.63100,1.19900,1.56900,1
15589,1.83106,0.66800,1.22600,1.64200,1
15590,1.82756,0.66500,1.31100,1.57900,1
15591,1.91761,0.65600,1.29600,1.78400,1
15592,1.87445,0.81400,1.24700,1.62500,1
15593,1.69515,1.00200,1.18000,1.61700,1
15594,1.76082,0.82100,1.18900,1.58900,1
15595,1.76447,0.72300,1.16500,1.60000,1
15596,2.10734,0.75600,1.37300,1.78400,1
15597,1.78816,0.72400,1.32300,1.62800,1
15598,1.72100,0.63500,1.27300,1.61000,1
15599,1.72924,0.67200,1.25200,1.58000,1
15600,1.82203,0.60600,1.29900,1.61000,1
15601,1.72805,0.61400,1.26100,1.59600,1
15602,1.81394,0.58100,1.29500,1.59100,1
15603,1.65607,0.63600,1.20400,1.59100,1
15604,1.76282,0.61000,1.21600,1.59200,1
15605,1.77685,0.60200,1.19700,1.59600,1
15606,1.99820,0.55800,1.23600,1.81400,1
15607,1.80849,0.53100,1.24000,1.62600,1
15608,1.73347,0.53700,1.17200,1.60400,1
15609,2.06602,0.55200,1.32700,1.74800,1
15610,1.73907,0.58800,1.31800,1.60400,1
15611,1.68791,0.55800,1.21800,1.61300,1
15612,1.80987,0.55300,1.22200,1.62600,1
15613,1.74134,0.57700,1.20200,1.58200,1
15614,1.73435,0.56600,1.18600,1.59000,1
15615,2.00086,0.58600,1.20200,1.79300,1
15616,2.63609,0.56700,1.19200,1.62300,1
15617,1.73634,0.62400,1.15700,1.60700,1
15618,1.79575,0.60400,1.21300,1.58700,1
15619,1.72642,0.56400,1.19500,1.58000,1
15620,1.74144,0.55300,1.18200,1.57300,1
15621,1.81744,0.57200,1.21400,1.60300,1
15622,1.70717,0.61000,1.16400,1.59500,1
15623,1.95317,0.57400,1.18700,1.58500,1
15624,1.76163,0.56700,1.15400,1.58600,1
15625,1.82718,0.59300,1.17600,1.61200,1
15626,1.76457,0.73500,1.20300,1.58300,1
15627,1.97531,0.90300,1.24800,1.73900,1
15628,1.82960,0.93500,1.38800,1.61700,1
15629,1.65419,0.73000,1.22900,1.59500,1
15630,1.89384,0.67100,1.28500,1.61100,1
15631,1.64158,0.63400,1.19000,1.60100,1
15632,1.77345,0.60000,1.18800,1.58500,1
15633,1.91556,0.60900,1.17200,1.78000,1
15634,1.92283,0.61400,1.32500,1.57200,1
15635,1.77003,0.78800,1.24600,1.62300,1
15636,1.71465,1.01600,1.22000,1.59500,1
15637,1.90832,0.77900,1.36100,1.59600,1
15638,1.66534,0.70400,1.26200,1.61000,1
15639,1.81270,0.66700,1.25600,1.61500,1
15640,1.87106,0.71700,1.31900,1.61500,1
15641,1.70327,0.72000,1.28300,1.59400,1
15642,1.88979,0.67500,1.20900,1.78900,1
15643,1.71260,0.61100,1.17200,1.57200,1
15644,1.84524,0.58300,1.20700,1.62800,1
15645,1.85219,0.61800,1.27800,1.61000,1
15646,1.88415,0.60700,1.27300,1.75300,1
15647,1.87278,0.63900,1.35600,1.60200,1
15648,1.74701,0.59900,1.31500,1.62500,1
15649,1.84297,0.58400,1.38400,1.60400,1
15650,1.75939,0.58100,1.35400,1.60200,1
15651,2.00734,0.64200,1.42500,1.77700,1
15652,1.76534,0.64600,1.39900,1.62000,1
15653,1.78044,0.61300,1.39700,1.61800,1
15654,2.30522,0.59700,1.49100,1.62800,1
15655,1.77485,0.59900,1.95800,1.61700,1
15656,1.83002,0.62400,1.31500,1.60000,1
15657,1.73402,0.60500,1.29600,1.59500,1
15658,1.80548,0.60500,1.33900,1.60200,1
15659,1.83073,0.60700,1.38000,1.60000,1
15660,1.88520,0.84500,1.25000,1.80500,1
15661,1.72835,1.15100,1.20400,1.61300,1
15662,1.77391,0.89400,1.21800,1.61000,1
15663,1.70556,0.78400,1.15600,1.58000,1
15664,1.99441,0.73800,1.20100,1.77500,1
15665,1.89194,0.75500,1.36700,1.59700,1
15666,1.59881,0.73000,1.18700,1.64000,1
15667,1.83258,0.70600,1.21500,1.58300,1
15668,1.74874,0.63200,1.20200,1.60400,1
15669,1.96431,0.68100,1.22100,1.78900,1
15670,1.82170,0.66200,1.24000,1.60700,1
15671,1.75373,0.61300,1.20200,1.63900,1
15672,1.78366,0.61500,1.21100,1.61400,1
15673,1.77542,0.58400,1.21200,1.59200,1
15674,1.82423,0.56000,1.22400,1.60200,1
15675,1.72061,0.55300,1.19900,1.60000,1
15676,1.76222,0.55100,1.20100,1.61200,1
15677,1.76471,0.54000,1.16500,1.61100,1
15678,2.06377,0.54700,1.24800,1.64400,1
15679,1.75888,0.57800,1.24500,1.59700,1
15680,2.38077,0.54300,1.84800,1.60200,1
15681,1.70056,0.60500,1.69500,1.60200,1
15682,1.71572,0.61600,1.58200,1.79100,1
15683,1.89360,0.70400,1.69100,1.58000,1
15684,1.58577,0.69000,1.52100,1.58000,1
15685,3.17683,0.73800,1.47800,1.65700,1
15686,2.01884,0.66600,1.68400,1.63300,1
15687,1.77662,0.66000,1.49800,1.79200,1
15688,1.84703,0.69800,1.50800,1.61000,1
15689,1.78033,0.68700,1.45800,1.66000,1
15690,1.78331,0.66300,1.47800,1.62900,1
15691,1.77986,0.67500,1.51300,1.58100,1
15692,1.84323,0.56500,1.60900,1.61700,1
15693,2.36826,0.59000,1.52700,1.60300,1
15694,2.12010,0.55400,2.58300,1.57900,1
15695,10.33941,0.56500,1.52800,1.57900,1
15696,2.18398,0.66500,10.74600,1.79700,1
15697,1.74196,0.59900,1.62300,1.61500,1
15698,1.69858,0.59300,1.46100,1.58700,1
15699,1.79456,0.59000,1.50700,1.59300,1
15700,1.92656,0.65300,1.47800,1.79000,1
15701,1.83470,0.64700,1.50200,1.59900,1
15702,1.73338,0.67200,1.41000,1.63800,1
15703,1.94833,0.65500,1.55000,1.61400,1
15704,1.67863,0.61400,1.48400,1.60000,1
15705,1.87860,0.58800,1.52900,1.61900,1
15706,1.68781,0.56100,1.42600,1.61800,1
15707,1.78400,0.55200,1.43900,1.60400,1
15708,1.86727,0.57400,1.47900,1.60700,1
15709,2.50075,0.59400,2.07100,1.60000,1
15710,2.16288,0.58300,2.14600,1.61800,1
15711,2.06440,0.56500,2.05800,1.61500,1
15712,2.03154,0.56200,2.02500,1.78000,1
15713,1.86527,0.55500,1.86300,1.65700,1
15714,1.71048,0.55900,1.70400,1.68300,1
15715,1.56638,0.58100,1.55000,1.62100,1
15716,1.38327,0.59800,1.38200,1.62100,1
15717,1.75888,0.67300,1.48100,1.60400,1
15718,2.08691,0.62400,1.61200,1.79800,1
15719,1.55694,0.57900,1.48700,1.57600,1
15720,1.82685,0.59500,1.42600,1.66900,1
15721,1.71754,0.60900,1.34300,1.60300,1
15722,1.85957,0.60300,1.40200,1.59800,1
15723,1.67145,0.59800,1.31400,1.59500,1
15724,1.80429,0.63300,1.37800,1.60300,1
15725,1.81091,0.58500,1.35800,1.60700,1
15726,1.64960,0.64800,1.24200,1.61300,1
15727,2.08056,0.61000,1.30900,1.79800,1
15728,1.65927,0.61300,1.21900,1.61000,1
15729,1.83178,0.58600,1.24500,1.63500,1
15730,1.74693,0.62500,1.21300,1.59200,1
15731,1.94477,0.56200,1.21000,1.78200,1
15732,1.88322,0.57500,1.29300,1.61700,1
15733,2.20513,0.67100,1.22800,1.65900,1
15734,1.72107,0.53800,1.21100,1.58000,1
15735,1.76633,0.54700,1.17300,1.59500,1
15736,2.09206,0.66100,1.31600,1.77900,1
15737,1.61197,0.60000,1.19000,1.58000,1
15738,2.14750,0.54500,1.52600,1.62900,1
15739,1.74728,0.58500,1.50500,1.63200,1
15740,1.78756,0.60500,1.49300,1.63800,1
15741,1.77714,0.62300,1.46900,1.62000,1
15742,1.79640,0.56800,1.45200,1.59600,1
15743,1.78545,0.60600,1.47000,1.63500,1
15744,1.90346,0.57000,1.59000,1.61900,1
15745,1.86071,0.56000,1.52500,1.80200,1
15746,1.66603,0.55900,1.36600,1.58300,1
15747,1.80566,0.54800,1.39000,1.59200,1
15748,1.85781,0.54900,1.44200,1.61700,1
15749,1.79099,0.55000,1.29000,1.75100,1
15750,1.71608,0.58200,1.21900,1.60900,1
15751,1.79002,0.55300,1.22700,1.59100,1
15752,1.73105,0.52300,1.18700,1.58600,1
15753,1.77972,0.54500,1.16700,1.61700,1
15754,1.99708,0.54100,1.19700,1.60600,1
15755,1.74801,0.55800,1.16700,1.61200,1
15756,1.87393,0.55800,1.19500,1.62600,1
15757,1.80917,0.62700,1.28500,1.59300,1
15758,1.67886,0.67600,1.21800,1.58800,1
15759,1.74698,0.68100,1.21100,1.57700,1
15760,1.75319,0.61300,1.19600,1.60400,1
15761,1.75921,0.60400,1.18200,1.58500,1
15762,1.79424,0.61500,1.19200,1.58800,1
15763,1.77478,0.61800,1.17800,1.60600,1
15764,1.97018,0.63200,1.19900,1.78700,1
15765,1.71025,0.55100,1.17600,1.58700,1
15766,1.80274,0.53400,1.16500,1.63600,1
15767,1.92024,0.55400,1.17900,1.59400,1
15768,1.77299,0.57800,1.17200,1.59900,1
15769,1.83117,0.56100,1.24000,1.59200,1
15770,1.93237,0.53200,1.38000,1.62700,1
15771,1.87049,0.59100,1.52900,1.61600,1
15772,3.11623,0.57200,1.44900,1.62700,1
15773,1.99029,0.61000,1.73700,1.59900,1
15774,1.80740,0.80300,1.60300,1.59900,1
15775,1.72377,1.01900,1.54000,1.59900,1
15776,1.68959,0.83200,1.46600,1.60600,1
15777,1.70937,0.69700,1.40800,1.62300,1
15778,1.73802,0.59600,1.33800,1.61900,1
15779,1.71915,0.56400,1.27700,1.59900,1
15780,1.80890,0.56600,1.30100,1.60000,1
15781,1.66843,0.62600,1.22400,1.59800,1
15782,2.04533,0.61900,1.28200,1.80200,1
15783,1.81543,0.57000,1.32900,1.59400,1
15784,1.74266,0.59900,1.26500,1.63300,1
15785,1.98205,0.61500,1.31800,1.75500,1
15786,1.79062,0.56400,1.36300,1.60300,1
15787,1.74232,0.58800,1.30400,1.60400,1
15788,1.75455,0.63500,1.24300,1.62500,1
15789,2.80528,0.65300,1.19200,1.61800,1
15790,2.07617,0.62000,1.33300,1.77400,1
15791,1.60641,0.60900,1.17100,1.60900,1
15792,1.85967,0.55800,1.21200,1.59600,1
15793,1.93907,0.62700,1.36500,1.61100,1
15794,1.75163,0.64500,1.37600,1.62300,1
15795,1.82354,0.59500,1.42700,1.59500,1
15796,1.92230,0.62100,1.59700,1.62000,1
15797,1.81406,0.59200,1.62900,1.61000,1
15798,1.62643,0.60600,1.49000,1.59100,1
15799,2.01013,0.59400,1.52300,1.78400,1
15800,1.73959,0.55900,1.50300,1.60400,1
15801,1.84243,0.53900,1.51600,1.63000,1
15802,1.69185,0.58100,1.42100,1.61600,1
15803,1.99253,0.58700,1.42200,1.77500,1
15804,1.72646,0.59100,1.38000,1.61500,1
15805,1.77576,0.59000,1.33700,1.60600,1
15806,1.82343,0.60100,1.38400,1.61000,1
15807,1.79520,0.60500,1.39100,1.60300,1
15808,1.72007,0.66300,1.36700,1.59800,1
15809,2.29892,0.83900,1.70800,1.63600,1
15810,1.64102,1.16100,1.54400,1.63600,1
15811,2.30130,0.82800,1.47000,1.59600,1
15812,1.90699,0.71200,2.32600,1.62200,1
15813,1.81928,0.78000,1.43200,1.61000,1
15814,1.74651,0.73000,1.39900,1.60000,1
15815,1.76178,0.66900,1.35700,1.61300,1
15816,1.71590,0.64100,1.27700,1.60900,1
15817,2.02738,0.64500,1.33000,1.81500,1
15818,1.77443,0.65700,1.32700,1.60200,1
15819,1.69470,0.68600,1.29000,1.58700,1
15820,2.20501,0.68100,1.70300,1.62300,1
15821,1.57686,0.61900,1.33800,1.76200,1
15822,1.90080,0.59100,1.45400,1.60400,1
15823,1.98422,0.67000,1.81100,1.59900,1
15824,1.83926,0.72300,1.78000,1.61700,1
15825,1.70787,0.76800,1.70100,1.62400,1
15826,1.93344,0.77000,1.65900,1.78900,1
15827,1.84068,0.71600,1.62500,1.62300,1
15828,1.71235,0.76100,1.58900,1.63700,1
15829,1.75608,0.74900,1.57900,1.59100,1
15830,1.87668,0.72300,1.60200,1.62200,1
15831,1.67882,0.70200,1.54200,1.59000,1
15832,1.82919,0.75300,1.50800,1.59200,1
15833,1.68262,0.65700,1.52400,1.61400,1
15834,1.77989,0.59900,1.42500,1.63000,1
15835,1.79333,0.58700,1.38800,1.61300,1
15836,1.91140,0.57000,1.37600,1.76600,1
15837,1.79683,0.57300,1.33500,1.60900,1
15838,1.77081,0.58100,1.34400,1.60700,1
15839,1.78784,0.58000,1.38400,1.59700,1
15840,1.89359,0.57800,1.30200,1.74500,1
15841,1.88700,0.58600,1.43000,1.61300,1
15842,1.59850,0.59200,1.23200,1.63000,1
15843,1.76163,0.57300,1.19300,1.61300,1
15844,1.70340,0.60300,1.14300,1.56200,1
15845,2.08534,0.58600,1.25600,1.82200,1
15846,1.77063,0.60100,1.28600,1.58400,1
15847,1.71915,0.58600,1.20600,1.60300,1
15848,1.82167,0.58100,1.23600,1.60700,1
15849,1.79533,0.58700,1.25800,1.58300,1
15850,3.08521,0.57700,1.21800,1.64100,1
15851,1.76716,0.66200,1.20900,1.59600,1
15852,1.86119,1.09400,1.28100,1.59700,1
15853,1.92231,0.90800,1.25800,1.80800,1
15854,1.89631,0.79700,1.35800,1.61500,1
15855,1.81637,0.74400,1.44500,1.59800,1
15856,1.84390,0.69300,1.46300,1.61600,1
15857,1.94755,0.68900,1.49100,1.74300,1
15858,1.75311,0.64500,1.44300,1.61600,1
15859,1.92255,0.64900,1.50400,1.61000,1
15860,1.64441,0.66700,1.46900,1.60800,1
15861,1.90574,0.60500,1.46600,1.60200,1
15862,1.79127,0.64300,1.64300,1.61300,1
15863,1.82552,0.62000,1.47500,1.78900,1
15864,1.79534,0.63700,1.44700,1.62900,1
15865,1.67496,0.68900,1.37600,1.59100,1
15866,1.89943,0.59900,1.51900,1.59900,1
15867,2.06905,0.71300,1.88500,1.61400,1
15868,1.75005,0.70400,1.74600,1.60900,1
15869,1.66267,0.62600,1.65600,1.60900,1
15870,1.71990,0.67400,1.58400,1.61600,1
15871,1.84365,0.64200,1.65500,1.59000,1
15872,1.86406,0.63500,1.53300,1.79100,1
15873,1.80181,0.61100,1.52200,1.58000,1
15874,1.81082,0.72500,1.62600,1.64800,1
15875,1.92945,0.65200,1.51400,1.75100,1
15876,1.80251,0.67500,1.53300,1.61500,1
15877,1.74226,0.64700,1.48000,1.59600,1
15878,1.83974,0.57500,1.49900,1.65600,1
15879,1.70710,0.58300,1.40800,1.61300,1
15880,1.87488,0.57600,1.48900,1.61200,1
15881,1.90802,0.60700,1.43500,1.76700,1
15882,1.97635,0.57400,1.63900,1.63300,1
15883,1.66449,0.56900,1.51900,1.61700,1
15884,1.76287,0.55400,1.48000,1.59100,1
15885,1.74379,0.62700,1.43100,1.62500,1
15886,1.77210,0.66500,1.42000,1.59100,1
15887,2.07869,0.66700,1.73400,1.59900,1
15888,1.61925,0.60300,1.54500,1.59900,1
15889,2.56584,0.65400,1.54900,1.61800,1
15890,2.04522,0.67000,2.59800,1.82400,1
15891,1.68572,0.67800,1.54300,1.58100,1
15892,3.44420,0.66600,1.59500,1.67700,1
15893,1.67168,0.61600,1.54600,1.58000,1
15894,1.77890,0.59300,1.53400,1.60300,1
15895,1.92359,0.55600,1.56600,1.67600,1
15896,1.71113,0.70300,1.53400,1.60100,1
15897,1.73539,0.58500,1.48000,1.60800,1
15898,1.91387,0.57800,1.42500,1.78800,1
15899,1.78347,0.55300,1.43700,1.61200,1
15900,1.83877,0.54700,1.45100,1.62800,1
15901,1.78068,0.55100,1.46100,1.61700,1
15902,1.77593,0.54800,1.42400,1.61900,1
15903,1.78920,0.55300,1.43300,1.61300,1
15904,1.80173,0.59800,1.47100,1.59600,1
15905,1.84233,0.55500,1.52000,1.61700,1
15906,1.78810,0.58500,1.50000,1.60200,1
15907,1.92874,0.58800,1.45200,1.78800,1
15908,1.75699,0.58100,1.43700,1.61200,1
15909,1.79567,0.55700,1.44800,1.61200,1
15910,1.77572,0.54700,1.45400,1.59900,1
15911,1.93886,0.54600,1.45200,1.75300,1
15912,1.77560,0.57400,1.45700,1.60800,1
15913,1.77168,0.57000,1.42700,1.61000,1
15914,1.82268,0.58100,1.44700,1.62400,1
15915,1.82721,0.58500,1.49000,1.59600,1
15916,1.97404,0.60400,1.46200,1.81700,1
15917,1.84974,0.64400,1.55500,1.60900,1
15918,2.41796,0.58900,2.41500,1.60900,1
15919,2.01152,0.58900,2.00600,1.66200,1
15920,1.93465,0.56700,1.93100,1.63000,1
15921,1.96699,0.56300,1.96200,1.64300,1
15922,1.99821,0.55900,1.98100,1.62000,1
15923,2.00543,0.61900,2.01400,1.61600,1
15924,1.95619,0.63900,1.93500,1.79700,1
15925,1.63551,0.65900,1.63200,1.62200,1
15926,1.44546,0.64300,1.45900,1.62200,1
15927,1.60036,0.59900,1.40300,1.61100,1
15928,2.79570,0.60800,1.45800,1.60100,1
15929,2.04083,0.65400,2.79400,1.79100,1
15930,1.89241,0.71400,1.57500,1.61400,1
15931,1.70846,0.78600,1.50000,1.61200,1
15932,1.86664,0.73400,1.59800,1.59400,1
15933,1.99760,0.79100,1.89900,1.61400,1
15934,1.69630,0.77500,1.49600,1.82900,1
15935,1.85631,0.77200,1.52300,1.62900,1
15936,1.74650,0.74200,1.45800,1.61300,1
15937,1.76475,0.67300,1.42500,1.60500,1
15938,1.82747,0.61900,1.45700,1.61400,1
15939,1.84979,0.59600,1.45300,1.61300,1
15940,1.82852,0.72200,1.50200,1.60400,1
15941,1.64269,0.66100,1.41000,1.57000,1
15942,1.86511,0.65000,1.45900,1.61600,1
15943,2.03711,0.69800,1.51500,1.79000,1
15944,1.72774,0.66500,1.41600,1.60800,1
15945,1.84416,0.63800,1.50700,1.61800,1
15946,1.83171,0.60200,1.42200,1.74600,1
15947,1.76885,0.62400,1.39800,1.60300,1
15948,1.69392,0.62900,1.31200,1.60400,1
15949,1.68879,0.66100,1.19900,1.61300,1
15950,1.75054,0.65200,1.19100,1.58600,1
15951,1.79847,0.71800,1.23500,1.58800,1
15952,1.93712,0.64500,1.22400,1.78200,1
15953,1.84981,0.59800,1.26800,1.58600,1
15954,1.83396,0.64400,1.33800,1.60200,1
15955,1.82154,0.64900,1.41800,1.60900,1
15956,1.82818,0.59000,1.41900,1.62200,1
15957,1.61095,0.64200,1.24300,1.60800,1
15958,1.84385,0.69300,1.32600,1.61600,1
15959,1.80388,0.62600,1.32000,1.60800,1
15960,1.89072,0.59200,1.37900,1.60900,1
15961,2.00449,0.65800,1.41500,1.83300,1
15962,1.83012,0.60700,1.46800,1.60000,1
15963,1.69684,0.62700,1.35900,1.62700,1
15964,1.82888,0.59700,1.40400,1.60900,1
15965,1.92276,0.56400,1.39700,1.75600,1
15966,2.05683,0.57600,1.69300,1.61100,1
15967,2.79462,0.59900,1.35600,1.65400,1
15968,1.67471,0.64400,1.25600,1.60000,1
15969,1.78566,0.62600,1.22300,1.63100,1
15970,2.05915,0.60500,1.24900,1.87600,1
15971,1.78114,0.59000,1.27100,1.60900,1
15972,1.73829,0.64100,1.23900,1.59500,1
15973,1.79104,0.63100,1.24500,1.58400,1
15974,1.75856,0.59600,1.23400,1.59700,1
15975,1.83702,0.57600,1.27100,1.61000,1
15976,1.72845,0.57800,1.24800,1.61200,1
15977,1.77058,0.54700,1.22300,1.60300,1
15978,1.78143,0.58100,1.25200,1.59400,1
15979,2.04943,0.59300,1.38200,1.75700,1
15980,1.71338,0.56900,1.30900,1.59300,1
15981,1.99267,0.60900,1.39600,1.75600,1
15982,1.69365,0.63800,1.30600,1.60500,1
15983,1.96140,0.57800,1.31500,1.74900,1
15984,1.71728,0.57100,1.23400,1.61200,1
15985,2.00069,0.60000,1.39200,1.63700,1
15986,1.72614,0.62600,1.34500,1.58700,1
15987,1.72860,0.68500,1.30900,1.62200,1
15988,1.94381,0.64800,1.25400,1.80100,1
15989,1.88575,0.58300,1.38100,1.59400,1
15990,1.73268,0.58300,1.32300,1.62200,1
15991,1.83561,0.57200,1.39800,1.61400,1
15992,1.75731,0.55400,1.36000,1.63600,1
15993,1.79077,0.56100,1.38500,1.61400,1
15994,1.72245,0.54200,1.33300,1.59500,1
15995,3.07765,0.55400,1.35700,1.61100,1
15996,2.43597,0.60600,1.84300,1.58500,1
15997,2.03371,0.67400,2.03100,1.64900,1
15998,1.88216,0.63400,1.87700,1.64100,1
15999,1.73914,0.67000,1.73700,1.73700,1
16000,1.92045,0.61100,1.90100,1.59400,1
16001,1.60702,0.66000,1.61000,1.67000,1
16002,1.76477,0.63000,1.75500,1.58800,1
16003,1.57979,0.61000,1.57900,1.59300,1
16004,1.63313,0.56300,1.57700,1.59300,1
16005,1.77381,0.63300,1.35700,1.78200,1
16006,2.43778,0.58800,1.27600,1.60000,1
16007,1.71699,0.55000,2.24800,1.67800,1
16008,1.72264,0.53800,1.26300,1.56700,1
16009,1.72055,0.60100,1.21300,1.60200,1
16010,1.86172,0.55800,1.32000,1.59700,1
16011,1.70479,0.53900,1.25700,1.60200,1
16012,1.76829,0.56100,1.22000,1.60900,1
16013,1.76574,0.58200,1.23400,1.60900,1
16014,1.79300,0.59300,1.21100,1.63200,1
16015,1.94010,0.61000,1.19000,1.79100,1
16016,1.84045,0.58500,1.20800,1.63700,1
16017,2.00095,0.57500,1.42500,1.60200,1
16018,1.92568,0.59600,1.46200,1.78500,1
16019,1.65952,0.54400,1.35800,1.58200,1
16020,1.73036,0.55500,1.26600,1.58700,1
16021,1.78365,0.56500,1.27800,1.62100,1
16022,1.71835,0.55000,1.24500,1.60300,1
16023,1.74885,0.57600,1.22500,1.56600,1
16024,1.95038,0.59300,1.21100,1.81800,1
16025,1.88318,0.57000,1.23600,1.58800,1
16026,1.79191,0.66700,1.29500,1.61500,1
16027,1.76230,0.63200,1.24100,1.60400,1
16028,1.75503,0.53600,1.24200,1.59600,1
16029,1.71564,0.53100,1.20800,1.58000,1
16030,1.80451,0.53300,1.23700,1.59200,1
16031,1.85638,0.52500,1.35100,1.58000,1
16032,1.65937,0.54600,1.23100,1.59700,1
16033,1.93593,0.57900,1.21300,1.77800,1
16034,1.92048,0.55600,1.33100,1.63600,1
16035,1.72147,0.60600,1.29400,1.60900,1
16036,1.74878,0.62000,1.24700,1.59900,1
16037,1.95928,0.54400,1.31400,1.74400,1
16038,1.70883,0.53200,1.29100,1.58800,1
16039,1.94511,0.53500,1.41700,1.62600,1
16040,1.66170,0.52800,1.25400,1.60200,1
16041,1.75364,0.58400,1.23900,1.59200,1
16042,1.94257,0.57100,1.26000,1.76200,1
16043,1.72569,0.52700,1.23000,1.60300,1
16044,1.79353,0.53800,1.25100,1.61200,1
16045,2.46684,0.53400,1.25900,1.64600,1
16046,1.77115,0.62700,1.32400,1.59500,1
16047,1.73995,0.65900,1.31400,1.59100,1
16048,1.81431,0.66000,1.38000,1.59200,1
16049,1.83152,0.58100,1.40200,1.60200,1
16050,2.18908,0.59700,1.82400,1.60800,1
16051,1.57916,0.56900,1.58200,1.79400,1
16052,1.53841,0.56400,1.25800,1.57400,1
16053,1.74685,0.56300,1.24700,1.59700,1
16054,1.79140,0.59600,1.23200,1.60400,1
16055,2.00561,0.61100,1.36200,1.73000,1
16056,1.76273,0.57900,1.38200,1.61200,1
16057,1.71806,0.55300,1.32500,1.59700,1
16058,1.72321,0.58100,1.27500,1.59600,1
16059,1.76034,0.63200,1.22500,1.61100,1
16060,1.94951,0.63100,1.20200,1.80200,1
16061,1.79745,0.61300,1.23100,1.58500,1
16062,1.81371,0.59500,1.33200,1.61000,1
16063,1.77637,0.57100,1.32500,1.59700,1
16064,1.74104,0.61900,1.31400,1.58400,1
16065,2.35227,0.61500,2.05500,1.59900,1
16066,1.85659,0.57600,1.85200,1.62300,1
16067,1.80381,0.57200,1.79000,1.59900,1
16068,1.67478,0.57100,1.65900,1.63100,1
16069,10.36895,0.65000,1.56100,1.63100,1
16070,2.26605,0.60000,10.86600,1.82400,1
16071,1.63642,0.63100,1.48500,1.60900,1
16072,1.76983,0.69600,1.45200,1.61200,1
16073,2.02997,0.73600,1.63900,1.58400,1
16074,1.98068,0.73400,1.74500,1.78900,1
16075,1.83255,0.74800,1.70600,1.63500,1
16076,1.64655,0.64800,1.53200,1.65300,1
16077,1.85333,0.77000,1.59800,1.61700,1
16078,1.83840,0.76500,1.64000,1.60800,1
16079,2.04619,1.05700,1.79100,1.63100,1
16080,1.66813,1.23900,1.70400,1.59900,1
16081,1.75905,1.09800,1.73200,1.59900,1
16082,1.73393,0.94200,1.67900,1.59900,1
16083,1.89144,0.93900,1.62400,1.78200,1
16084,3.07428,0.89700,1.65100,1.61100,1
16085,2.15020,0.81500,3.21600,1.66500,1
16086,2.00883,0.79300,1.67300,1.74200,1
16087,1.96437,0.78800,1.94400,1.62800,1
16088,1.88092,0.72400,1.88300,1.63500,1
16089,1.60799,0.70600,1.58500,1.60400,1
16090,1.49616,0.70900,1.45000,1.60400,1
16091,1.81140,0.73100,1.47600,1.62400,1
16092,1.87627,0.65100,1.33300,1.81100,1
16093,1.81050,0.68300,1.32900,1.65000,1
16094,1.77074,0.67200,1.33900,1.60200,1
16095,1.79257,0.72300,1.35100,1.58900,1
16096,1.84669,0.69800,1.42300,1.60700,1
16097,1.77871,0.72600,1.46100,1.59200,1
16098,3.16172,0.67000,1.37600,1.61000,1
16099,1.76638,0.60500,1.37700,1.59700,1
16100,1.92461,0.58900,1.35900,1.79300,1
16101,1.80579,0.65100,1.35300,1.62300,1
16102,1.82090,0.65800,1.34700,1.60200,1
16103,1.91470,0.63000,1.35600,1.75000,1
16104,1.82062,0.65600,1.35300,1.60700,1
16105,1.88496,0.61300,1.46400,1.60500,1
16106,1.71781,0.58500,1.41700,1.61300,1
16107,1.70000,0.68600,1.32400,1.61700,1
16108,1.77749,0.60500,1.29700,1.60300,1
16109,1.96457,0.64400,1.25500,1.81400,1
16110,1.90988,0.62000,1.31100,1.62500,1
16111,1.78239,0.66700,1.33900,1.64000,1
16112,1.74936,0.91700,1.24700,1.59800,1
16113,1.81292,0.99100,1.28300,1.62400,1
16114,1.70836,0.82000,1.24000,1.61500,1
16115,1.80635,0.71600,1.26700,1.59000,1
16116,1.72081,0.68100,1.22000,1.59700,1
16117,1.80446,0.65000,1.25700,1.59800,1
16118,1.88519,0.65800,1.18700,1.79000,1
16119,1.84817,0.61700,1.22300,1.57700,1
16120,1.77205,0.59100,1.21800,1.63200,1
16121,1.78893,0.64800,1.31700,1.61000,1
16122,2.30356,0.71900,1.75400,1.59200,1
16123,2.56767,0.63600,1.69500,1.59200,1
16124,1.96737,0.70000,2.62400,1.67300,1
16125,1.98368,0.75100,1.73400,1.60400,1
16126,1.63583,0.67300,1.37100,1.79100,1
16127,1.73670,0.58100,1.33600,1.60200,1
16128,1.77965,0.55800,1.28600,1.61900,1
16129,1.82441,0.53400,1.36500,1.58900,1
16130,1.84144,0.55200,1.41500,1.61500,1
16131,1.68326,0.56000,1.30500,1.60300,1
16132,1.87169,0.62500,1.36500,1.62100,1
16133,1.67740,0.59600,1.28200,1.60000,1
16134,1.78818,0.62200,1.25800,1.63200,1
16135,1.80285,0.57800,1.26100,1.58200,1
16136,1.85234,0.63000,1.19200,1.75200,1
16137,1.86425,0.66200,1.23700,1.60700,1
16138,1.76443,0.68600,1.24700,1.62800,1
16139,1.89228,0.65600,1.24100,1.74500,1
16140,1.77978,0.63400,1.25300,1.58400,1
16141,1.77340,0.62800,1.27000,1.59500,1
16142,1.71487,0.60800,1.18200,1.60600,1
16143,1.75372,0.55200,1.17000,1.59300,1
16144,1.76970,0.55400,1.16500,1.60300,1
