"../../../Engine/Content/Functions/Engine_MaterialFunctions02/Utility/BreakOutFloat3Components.uasset" 0
"../../../Engine/Content/Functions/Engine_MaterialFunctions02/Utility/BreakOutFloat3Components.uexp" 1
"../../../Engine/Content/Functions/Engine_MaterialFunctions02/Math/Transform3x3Matrix.uexp" 2
"../../../Engine/Content/Functions/Engine_MaterialFunctions02/Math/Transform3x3Matrix.uasset" 3
"../../../Engine/Content/Functions/Engine_MaterialFunctions02/Utility/MakeFloat3.uasset" 4
"../../../Engine/Content/Functions/Engine_MaterialFunctions02/Utility/MakeFloat3.uexp" 5
"../../../Engine/Content/Functions/Engine_MaterialFunctions02/SplitComponents.uexp" 6
"../../../Engine/Content/Functions/Engine_MaterialFunctions02/SplitComponents.uasset" 7
"../../../Engine/Content/VREditor/SnapGrid/SnapGridMaterial.uexp" 8
"../../../Engine/Content/VREditor/SnapGrid/SnapGridMaterial.uasset" 9
"../../../Engine/Content/VREditor/SnapGrid/SnapGridPlaneMesh.uexp" 10
"../../../Engine/Content/VREditor/SnapGrid/SnapGridPlaneMesh.uasset" 11
"../../../Engine/Content/VREditor/Sounds/UI/Drop_Item_From_ContentBrowser.ubulk" 12
"../../../Engine/Content/VREditor/Sounds/UI/Drop_Item_From_ContentBrowser.uexp" 13
"../../../Engine/Content/VREditor/Sounds/UI/Drop_Item_From_ContentBrowser.uasset" 14
"../../../Engine/Content/VREditor/Sounds/UI/Gizmo_Handle_Clicked.uasset" 15
"../../../Engine/Content/VREditor/Sounds/UI/Gizmo_Handle_Clicked.ubulk" 16
"../../../Engine/Content/VREditor/Sounds/UI/Gizmo_Handle_Clicked.uexp" 17
"../../../Engine/Content/VREditor/Sounds/UI/Object_PickUp.ubulk" 18
"../../../Engine/Content/VREditor/Sounds/UI/Object_PickUp.uexp" 19
"../../../Engine/Content/VREditor/Sounds/UI/Object_PickUp.uasset" 20
"../../../Engine/Content/VREditor/Sounds/UI/Object_Snaps_To_Another_Actor.ubulk" 21
"../../../Engine/Content/VREditor/Sounds/UI/Object_Snaps_To_Another_Actor.uasset" 22
"../../../Engine/Content/VREditor/Sounds/UI/Object_Snaps_To_Another_Actor.uexp" 23
"../../../Engine/Content/VREditor/Sounds/UI/Object_Snaps_To_Grid.uexp" 24
"../../../Engine/Content/VREditor/Sounds/UI/Object_Snaps_To_Grid.uasset" 25
"../../../Engine/Content/VREditor/Sounds/UI/Object_Snaps_To_Grid.ubulk" 26
"../../../Engine/Content/VREditor/Sounds/UI/Scaling_Down.uexp" 27
"../../../Engine/Content/VREditor/Sounds/UI/Scaling_Down.uasset" 28
"../../../Engine/Content/VREditor/Sounds/UI/Scaling_Down.ubulk" 29
"../../../Engine/Content/VREditor/Sounds/UI/Scaling_Up.uexp" 30
"../../../Engine/Content/VREditor/Sounds/UI/Scaling_Up.ubulk" 31
"../../../Engine/Content/VREditor/Sounds/UI/Scaling_Up.uasset" 32
"../../../Engine/Content/VREditor/Sounds/UI/Selection_Changes.ubulk" 33
"../../../Engine/Content/VREditor/Sounds/UI/Selection_Changes.uexp" 34
"../../../Engine/Content/VREditor/Sounds/UI/Selection_Changes.uasset" 35
"../../../Engine/Content/VREditor/LaserPointer/VR_LaserPower_01.ubulk" 36
"../../../Engine/Content/VREditor/LaserPointer/VR_LaserPower_01.uexp" 37
"../../../Engine/Content/VREditor/LaserPointer/VR_LaserPower_01.uasset" 38
"../../../Engine/Content/VREditor/TransformGizmo/TransformGizmoMaterial.uasset" 39
"../../../Engine/Content/VREditor/TransformGizmo/TransformGizmoMaterial.uexp" 40
"../../../Engine/Content/VREditor/TransformGizmo/TranslucentTransformGizmoMaterial.uexp" 41
"../../../Engine/Content/VREditor/TransformGizmo/TranslucentTransformGizmoMaterial.uasset" 42
"../../../Engine/Content/VREditor/TransformGizmo/PlaneTranslationHandle.uasset" 43
"../../../Engine/Content/VREditor/TransformGizmo/PlaneTranslationHandle.uexp" 44
"../../../Engine/Content/VREditor/TransformGizmo/RotationHandleFull.uexp" 45
"../../../Engine/Content/VREditor/TransformGizmo/RotationHandleFull.uasset" 46
"../../../Engine/Content/VREditor/TransformGizmo/RotationHandleIndicator.uasset" 47
"../../../Engine/Content/VREditor/TransformGizmo/RotationHandleIndicator.uexp" 48
"../../../Engine/Content/VREditor/TransformGizmo/RotationHandleQuarter.uasset" 49
"../../../Engine/Content/VREditor/TransformGizmo/RotationHandleQuarter.uexp" 50
"../../../Engine/Content/VREditor/TransformGizmo/StartRotationHandleIndicator.uexp" 51
"../../../Engine/Content/VREditor/TransformGizmo/StartRotationHandleIndicator.uasset" 52
"../../../Engine/Content/VREditor/TransformGizmo/TranslucentTransformGizmoMaterial_Inst.uasset" 53
"../../../Engine/Content/VREditor/TransformGizmo/TranslucentTransformGizmoMaterial_Inst.uexp" 54
"../../../Engine/Content/VREditor/TransformGizmo/TransformGizmoFreeRotation.uasset" 55
"../../../Engine/Content/VREditor/TransformGizmo/TransformGizmoFreeRotation.uexp" 56
"../../../Engine/Content/VREditor/TransformGizmo/TransformGizmoMaterial_Inst.uexp" 57
"../../../Engine/Content/VREditor/TransformGizmo/TransformGizmoMaterial_Inst.uasset" 58
"../../../Engine/Content/VREditor/TransformGizmo/TranslateArrowHandle.uasset" 59
"../../../Engine/Content/VREditor/TransformGizmo/TranslateArrowHandle.uexp" 60
"../../../Engine/Content/VREditor/TransformGizmo/UniformScaleHandle.uexp" 61
"../../../Engine/Content/VREditor/TransformGizmo/UniformScaleHandle.uasset" 62
"../../../Engine/Content/Functions/Engine_MaterialFunctions02/Utility/BreakOutFloat2Components.uasset" 63
"../../../Engine/Content/Functions/Engine_MaterialFunctions02/Utility/BreakOutFloat2Components.uexp" 64
"../../../Engine/Content/Functions/Engine_MaterialFunctions02/Utility/MakeFloat2.uasset" 65
"../../../Engine/Content/Functions/Engine_MaterialFunctions02/Utility/MakeFloat2.uexp" 66
"../../../Engine/Content/Functions/Engine_MaterialFunctions02/Utility/VectorLength.uexp" 67
"../../../Engine/Content/Functions/Engine_MaterialFunctions02/Utility/VectorLength.uasset" 68
"../../../Engine/Content/EngineMaterials/BlendFunc_DefBase.uasset" 69
"../../../Engine/Content/EngineMaterials/BlendFunc_DefBase.uexp" 70
"../../../Engine/Content/EngineMaterials/BlendFunc_DefBlend.uasset" 71
"../../../Engine/Content/EngineMaterials/BlendFunc_DefBlend.uexp" 72
"../../../Engine/Content/Functions/Engine_MaterialFunctions03/Blends/Blend_Screen.uasset" 73
"../../../Engine/Content/Functions/Engine_MaterialFunctions03/Blends/Blend_Screen.uexp" 74
"../../../Engine/Content/EditorMaterials/TilingAALineIntegral.uexp" 75
"../../../Engine/Content/EditorMaterials/TilingAALineIntegral.uasset" 76
"../../../Engine/Content/EditorMaterials/TilingAALineBoxFiltered.uasset" 77
"../../../Engine/Content/EditorMaterials/TilingAALineBoxFiltered.uexp" 78
"../../../Engine/Content/Functions/Engine_MaterialFunctions03/Procedurals/ComputeFilterWidth.uexp" 79
"../../../Engine/Content/Functions/Engine_MaterialFunctions03/Procedurals/ComputeFilterWidth.uasset" 80
"../../../Engine/Content/EditorMaterials/TilingAAGrid.uexp" 81
"../../../Engine/Content/EditorMaterials/TilingAAGrid.uasset" 82
"../../../Engine/Content/Functions/Engine_MaterialFunctions02/WorldPositionOffset/V2/ObjectScale.uasset" 83
"../../../Engine/Content/Functions/Engine_MaterialFunctions02/WorldPositionOffset/V2/ObjectScale.uexp" 84
"../../../Engine/Content/EngineResources/Black_Low.uexp" 85
"../../../Engine/Content/EngineResources/Black_Low.uasset" 86
"../../../Engine/Plugins/Experimental/Landmass/Content/Landscape/BlueprintBrushes/MPC/MPC_Landscape.uasset" 87
"../../../Engine/Plugins/Experimental/Landmass/Content/Landscape/BlueprintBrushes/MPC/MPC_Landscape.uexp" 88
"../../../Engine/Plugins/Experimental/Landmass/Content/Landscape/BlueprintBrushes/MF/PointSampleLandscapeUVs.uexp" 89
"../../../Engine/Plugins/Experimental/Landmass/Content/Landscape/BlueprintBrushes/MF/PointSampleLandscapeUVs.uasset" 90
"../../../Engine/Plugins/Experimental/Landmass/Content/Landscape/OldPrototype_BP/Mats/MF/UnpackRG8Height.uasset" 91
"../../../Engine/Plugins/Experimental/Landmass/Content/Landscape/OldPrototype_BP/Mats/MF/UnpackRG8Height.uexp" 92
"../../../Engine/Content/Functions/Engine_MaterialFunctions01/ImageAdjustment/SCurve.uasset" 93
"../../../Engine/Content/Functions/Engine_MaterialFunctions01/ImageAdjustment/SCurve.uexp" 94
"../../../Engine/Content/ArtTools/RenderToTexture/Textures/T_EV_BlankWhite_01.uexp" 95
"../../../Engine/Content/ArtTools/RenderToTexture/Textures/T_EV_BlankWhite_01.uasset" 96
"../../../Engine/Plugins/Experimental/Landmass/Content/Landscape/BlueprintBrushes/MF/LandmassBrush_UVs.uexp" 97
"../../../Engine/Plugins/Experimental/Landmass/Content/Landscape/BlueprintBrushes/MF/LandmassBrush_UVs.uasset" 98
"../../../Engine/Plugins/Experimental/Landmass/Content/Landscape/BlueprintBrushes/MF/LandmassBrush_EdgeFalloff.uasset" 99
"../../../Engine/Plugins/Experimental/Landmass/Content/Landscape/BlueprintBrushes/MF/LandmassBrush_EdgeFalloff.uexp" 100
"../../../Engine/Plugins/Experimental/Landmass/Content/Landscape/BlueprintBrushes/MF/Landmass_BrushTilt.uasset" 101
"../../../Engine/Plugins/Experimental/Landmass/Content/Landscape/BlueprintBrushes/MF/Landmass_BrushTilt.uexp" 102
"../../../Engine/Plugins/Experimental/Landmass/Content/Landscape/BlueprintBrushes/MF/LandmassBrush_Noise.uasset" 103
"../../../Engine/Plugins/Experimental/Landmass/Content/Landscape/BlueprintBrushes/MF/LandmassBrush_Noise.uexp" 104
"../../../Engine/Plugins/Experimental/Landmass/Content/Landscape/BlueprintBrushes/Materials/BrushMaterials/BasicFunctions/LandmassBrush_ShapeMask.uexp" 105
"../../../Engine/Plugins/Experimental/Landmass/Content/Landscape/BlueprintBrushes/Materials/BrushMaterials/BasicFunctions/LandmassBrush_ShapeMask.uasset" 106
"../../../Engine/Plugins/Experimental/Landmass/Content/Landscape/BlueprintBrushes/Materials/Internal/BrushBounds.uexp" 107
"../../../Engine/Plugins/Experimental/Landmass/Content/Landscape/BlueprintBrushes/Materials/Internal/BrushBounds.uasset" 108
"../../../Engine/Content/Functions/Engine_MaterialFunctions02/WorldPositionOffset/ObjectScale.uasset" 109
"../../../Engine/Content/Functions/Engine_MaterialFunctions02/WorldPositionOffset/ObjectScale.uexp" 110
"../../../Engine/Plugins/Editor/SpeedTreeImporter/Content/SpeedTree9/Empty.uasset" 111
"../../../Engine/Plugins/Editor/SpeedTreeImporter/Content/SpeedTree9/Empty.uexp" 112
"../../../Engine/Plugins/Editor/SpeedTreeImporter/Content/SpeedTree9/UnpackDirection.uasset" 113
"../../../Engine/Plugins/Editor/SpeedTreeImporter/Content/SpeedTree9/UnpackDirection.uexp" 114
"../../../Engine/Plugins/Editor/SpeedTreeImporter/Content/SpeedTree9/UnpackInteger3.uasset" 115
"../../../Engine/Plugins/Editor/SpeedTreeImporter/Content/SpeedTree9/UnpackInteger3.uexp" 116
"../../../Engine/Plugins/Editor/SpeedTreeImporter/Content/SpeedTree9/game_wind_noise.uexp" 117
"../../../Engine/Plugins/Editor/SpeedTreeImporter/Content/SpeedTree9/game_wind_noise.ubulk" 118
"../../../Engine/Plugins/Editor/SpeedTreeImporter/Content/SpeedTree9/game_wind_noise.uasset" 119
"../../../Engine/Content/Functions/Engine_MaterialFunctions02/SafeNormalize.uexp" 120
"../../../Engine/Content/Functions/Engine_MaterialFunctions02/SafeNormalize.uasset" 121
"../../../Engine/Plugins/Editor/SpeedTreeImporter/Content/SpeedTree9/SpeedTreeWindMotion.uexp" 122
"../../../Engine/Plugins/Editor/SpeedTreeImporter/Content/SpeedTree9/SpeedTreeWindMotion.uasset" 123
"../../../Engine/Plugins/Editor/SpeedTreeImporter/Content/SpeedTree9/SpeedTreeBranchMotion.uasset" 124
"../../../Engine/Plugins/Editor/SpeedTreeImporter/Content/SpeedTree9/SpeedTreeBranchMotion.uexp" 125
"../../../Engine/Content/Functions/Engine_MaterialFunctions02/ObjectLocalBounds.uasset" 126
"../../../Engine/Content/Functions/Engine_MaterialFunctions02/ObjectLocalBounds.uexp" 127
"../../../Engine/Content/Functions/Engine_MaterialFunctions02/UVs/BoundingBoxBased_0-1_UVW.uasset" 128
"../../../Engine/Content/Functions/Engine_MaterialFunctions02/UVs/BoundingBoxBased_0-1_UVW.uexp" 129
"../../../Engine/Plugins/Editor/SpeedTreeImporter/Content/SpeedTree9/SpeedTreeWind.uexp" 130
"../../../Engine/Plugins/Editor/SpeedTreeImporter/Content/SpeedTree9/SpeedTreeWind.uasset" 131
"../../../Engine/Plugins/Editor/SpeedTreeImporter/Content/SpeedTree9/EmptyNormal.uexp" 132
"../../../Engine/Plugins/Editor/SpeedTreeImporter/Content/SpeedTree9/EmptyNormal.uasset" 133
"../../../Engine/Plugins/Editor/SpeedTreeImporter/Content/SpeedTree9/SpeedTreeCameraFacing.uexp" 134
"../../../Engine/Plugins/Editor/SpeedTreeImporter/Content/SpeedTree9/SpeedTreeCameraFacing.uasset" 135
"../../../Engine/Plugins/Editor/SpeedTreeImporter/Content/SpeedTree9/SpeedTreeMaster.uasset" 136
"../../../Engine/Plugins/Editor/SpeedTreeImporter/Content/SpeedTree9/SpeedTreeMaster.uexp" 137
"../../../Engine/Plugins/Editor/SpeedTreeImporter/Content/SpeedTree9/SpeedTreeBillboard.uasset" 138
"../../../Engine/Plugins/Editor/SpeedTreeImporter/Content/SpeedTree9/SpeedTreeBillboard.uexp" 139
"../../../Engine/Plugins/Editor/SpeedTreeImporter/Content/SpeedTree9/SpeedTreeBillboardMaster.uasset" 140
"../../../Engine/Plugins/Editor/SpeedTreeImporter/Content/SpeedTree9/SpeedTreeBillboardMaster.uexp" 141
"../../../Engine/Content/EngineResources/WhiteSquareTexture.uasset" 142
"../../../Engine/Content/EngineResources/WhiteSquareTexture.uexp" 143
"../../../Engine/Content/EngineMaterials/Widget3DPassThrough.uasset" 144
"../../../Engine/Content/EngineMaterials/Widget3DPassThrough.uexp" 145
"../../../Engine/Content/EngineMaterials/Widget3DPassThrough_Translucent.uasset" 146
"../../../Engine/Content/EngineMaterials/Widget3DPassThrough_Translucent.uexp" 147
"../../../Engine/Content/EngineMaterials/Widget3DPassThrough_Translucent_OneSided.uasset" 148
"../../../Engine/Content/EngineMaterials/Widget3DPassThrough_Translucent_OneSided.uexp" 149
"../../../Engine/Content/EngineMaterials/Widget3DPassThrough_Opaque.uexp" 150
"../../../Engine/Content/EngineMaterials/Widget3DPassThrough_Opaque.uasset" 151
"../../../Engine/Content/EngineMaterials/Widget3DPassThrough_Opaque_OneSided.uexp" 152
"../../../Engine/Content/EngineMaterials/Widget3DPassThrough_Opaque_OneSided.uasset" 153
"../../../Engine/Content/EngineMaterials/Widget3DPassThrough_Masked_OneSided.uexp" 154
"../../../Engine/Content/EngineMaterials/Widget3DPassThrough_Masked_OneSided.uasset" 155
"../../../Engine/Content/Functions/Engine_MaterialFunctions01/Texturing/ScaleUVsByCenter.uexp" 156
"../../../Engine/Content/Functions/Engine_MaterialFunctions01/Texturing/ScaleUVsByCenter.uasset" 157
"../../../Engine/Content/EngineMaterials/DefaultDiffuse.uexp" 158
"../../../Engine/Content/EngineMaterials/DefaultDiffuse.uasset" 159
"../../../Engine/Content/EngineMaterials/DefaultDiffuse.ubulk" 160
"../../../Engine/Content/Functions/Engine_MaterialFunctions01/Texturing/TextureCropping.uexp" 161
"../../../Engine/Content/Functions/Engine_MaterialFunctions01/Texturing/TextureCropping.uasset" 162
"../../../Engine/Content/Functions/Engine_MaterialFunctions02/ExampleContent/DebugNumberStrip.uasset" 163
"../../../Engine/Content/Functions/Engine_MaterialFunctions02/ExampleContent/DebugNumberStrip.uexp" 164
"../../../Engine/Content/Functions/Engine_MaterialFunctions01/Debug/DebugIntValues.uexp" 165
"../../../Engine/Content/Functions/Engine_MaterialFunctions01/Debug/DebugIntValues.uasset" 166
"../../../Engine/Content/Functions/Engine_MaterialFunctions02/WorldPositionOffset/LocalPosition.uexp" 167
"../../../Engine/Content/Functions/Engine_MaterialFunctions02/WorldPositionOffset/LocalPosition.uasset" 168
"../../../Engine/Content/EditorLandscapeResources/LandscapeLayerUsageMaterial.uexp" 169
"../../../Engine/Content/EditorLandscapeResources/LandscapeLayerUsageMaterial.uasset" 170
"../../../Engine/Content/EngineMaterials/Grid.uexp" 171
"../../../Engine/Content/EngineMaterials/Grid.ubulk" 172
"../../../Engine/Content/EngineMaterials/Grid.uasset" 173
"../../../Engine/Content/Functions/Engine_MaterialFunctions01/Gradient/LinearGradient.uexp" 174
"../../../Engine/Content/Functions/Engine_MaterialFunctions01/Gradient/LinearGradient.uasset" 175
"../../../Engine/Content/Functions/Engine_MaterialFunctions01/ImageAdjustment/CheapContrast.uexp" 176
"../../../Engine/Content/Functions/Engine_MaterialFunctions01/ImageAdjustment/CheapContrast.uasset" 177
"../../../Engine/Content/Functions/Engine_MaterialFunctions01/Texturing/WorldAlignedTexture.uasset" 178
"../../../Engine/Content/Functions/Engine_MaterialFunctions01/Texturing/WorldAlignedTexture.uexp" 179
"../../../Engine/Content/EditorMaterials/Dataflow/DataflowSelection.uasset" 180
"../../../Engine/Content/EditorMaterials/Dataflow/DataflowSelection.uexp" 181
"../../../Engine/Content/Functions/Engine_MaterialFunctions01/Texturing/FlattenNormal.uasset" 182
"../../../Engine/Content/Functions/Engine_MaterialFunctions01/Texturing/FlattenNormal.uexp" 183
"../../../Engine/Plugins/Interchange/Assets/Content/gltf/Textures/T_White_Linear.uexp" 184
"../../../Engine/Plugins/Interchange/Assets/Content/gltf/Textures/T_White_Linear.uasset" 185
"../../../Engine/Plugins/Interchange/Assets/Content/Utilities/New_LUT.uexp" 186
"../../../Engine/Plugins/Interchange/Assets/Content/Utilities/New_LUT.uasset" 187
"../../../Engine/Content/Functions/Engine_MaterialFunctions03/Math/RemapValueRange.uexp" 188
"../../../Engine/Content/Functions/Engine_MaterialFunctions03/Math/RemapValueRange.uasset" 189
"../../../Engine/Plugins/Interchange/Assets/Content/Functions/MF_Iridescence.uasset" 190
"../../../Engine/Plugins/Interchange/Assets/Content/Functions/MF_Iridescence.uexp" 191
"../../../Engine/Plugins/Interchange/Assets/Content/gltf/Textures/T_White_srgb.uexp" 192
"../../../Engine/Plugins/Interchange/Assets/Content/gltf/Textures/T_White_srgb.uasset" 193
"../../../Engine/Plugins/Interchange/Assets/Content/gltf/MaterialFunctions/MF_BaseColor.uexp" 194
"../../../Engine/Plugins/Interchange/Assets/Content/gltf/MaterialFunctions/MF_BaseColor.uasset" 195
"../../../Engine/Plugins/Interchange/Assets/Content/gltf/MaterialFunctions/MF_Emissive.uexp" 196
"../../../Engine/Plugins/Interchange/Assets/Content/gltf/MaterialFunctions/MF_Emissive.uasset" 197
"../../../Engine/Plugins/Interchange/Assets/Content/gltf/MaterialFunctions/MF_IOR.uexp" 198
"../../../Engine/Plugins/Interchange/Assets/Content/gltf/MaterialFunctions/MF_IOR.uasset" 199
"../../../Engine/Plugins/Interchange/Assets/Content/Functions/MF_IridescenceNoLUT.uexp" 200
"../../../Engine/Plugins/Interchange/Assets/Content/Functions/MF_IridescenceNoLUT.uasset" 201
"../../../Engine/Plugins/Interchange/Assets/Content/gltf/MaterialFunctions/MF_Iridescence.uasset" 202
"../../../Engine/Plugins/Interchange/Assets/Content/gltf/MaterialFunctions/MF_Iridescence.uexp" 203
"../../../Engine/Plugins/Interchange/Assets/Content/gltf/MaterialFunctions/MF_MetallicRoughness.uasset" 204
"../../../Engine/Plugins/Interchange/Assets/Content/gltf/MaterialFunctions/MF_MetallicRoughness.uexp" 205
"../../../Engine/Plugins/Interchange/Assets/Content/gltf/MaterialFunctions/MF_RotateNormals_TS.uasset" 206
"../../../Engine/Plugins/Interchange/Assets/Content/gltf/MaterialFunctions/MF_RotateNormals_TS.uexp" 207
"../../../Engine/Plugins/Interchange/Assets/Content/gltf/MaterialFunctions/MF_ScaleNormal.uexp" 208
"../../../Engine/Plugins/Interchange/Assets/Content/gltf/MaterialFunctions/MF_ScaleNormal.uasset" 209
"../../../Engine/Plugins/Interchange/Assets/Content/gltf/Textures/T_Generic_N.uasset" 210
"../../../Engine/Plugins/Interchange/Assets/Content/gltf/Textures/T_Generic_N.uexp" 211
"../../../Engine/Plugins/Interchange/Assets/Content/gltf/MaterialFunctions/MF_Normals.uexp" 212
"../../../Engine/Plugins/Interchange/Assets/Content/gltf/MaterialFunctions/MF_Normals.uasset" 213
"../../../Engine/Plugins/Interchange/Assets/Content/gltf/MaterialFunctions/MF_Occlusion.uexp" 214
"../../../Engine/Plugins/Interchange/Assets/Content/gltf/MaterialFunctions/MF_Occlusion.uasset" 215
"../../../Engine/Plugins/Interchange/Assets/Content/gltf/MaterialFunctions/MF_RotateV2.uexp" 216
"../../../Engine/Plugins/Interchange/Assets/Content/gltf/MaterialFunctions/MF_RotateV2.uasset" 217
"../../../Engine/Plugins/Interchange/Assets/Content/gltf/MaterialFunctions/MF_Specular.uexp" 218
"../../../Engine/Plugins/Interchange/Assets/Content/gltf/MaterialFunctions/MF_Specular.uasset" 219
"../../../Engine/Plugins/Interchange/Assets/Content/gltf/Textures/T_Anisotropy_Direction_Linear.uexp" 220
"../../../Engine/Plugins/Interchange/Assets/Content/gltf/Textures/T_Anisotropy_Direction_Linear.uasset" 221
"../../../Engine/Plugins/Interchange/Assets/Content/gltf/MaterialFunctions/MF_SpecularAnisotropy.uasset" 222
"../../../Engine/Plugins/Interchange/Assets/Content/gltf/MaterialFunctions/MF_SpecularAnisotropy.uexp" 223
"../../../Engine/Plugins/Interchange/Assets/Content/gltf/MaterialFunctions/MF_TransformUVs.uexp" 224
"../../../Engine/Plugins/Interchange/Assets/Content/gltf/MaterialFunctions/MF_TransformUVs.uasset" 225
"../../../Engine/Plugins/Interchange/Assets/Content/gltf/MaterialFunctions/MF_Clearcoat.uexp" 226
"../../../Engine/Plugins/Interchange/Assets/Content/gltf/MaterialFunctions/MF_Clearcoat.uasset" 227
"../../../Engine/Plugins/Interchange/Assets/Content/gltf/MaterialBodies/MF_ClearCoat_Body.uexp" 228
"../../../Engine/Plugins/Interchange/Assets/Content/gltf/MaterialBodies/MF_ClearCoat_Body.uasset" 229
"../../../Engine/Plugins/Interchange/Assets/Content/gltf/M_ClearCoat.uasset" 230
"../../../Engine/Plugins/Interchange/Assets/Content/gltf/M_ClearCoat.uexp" 231
"../../../Engine/Plugins/Interchange/Assets/Content/gltf/MaterialInstances/MI_ClearCoat_Opaque.uexp" 232
"../../../Engine/Plugins/Interchange/Assets/Content/gltf/MaterialInstances/MI_ClearCoat_Opaque.uasset" 233
"../../../Engine/Plugins/Interchange/Assets/Content/gltf/MaterialBodies/MF_Default_Body.uasset" 234
"../../../Engine/Plugins/Interchange/Assets/Content/gltf/MaterialBodies/MF_Default_Body.uexp" 235
"../../../Engine/Plugins/Interchange/Assets/Content/gltf/M_Default.uexp" 236
"../../../Engine/Plugins/Interchange/Assets/Content/gltf/M_Default.uasset" 237
"../../../Engine/Plugins/Interchange/Assets/Content/gltf/MaterialInstances/MI_Default_Opaque.uexp" 238
"../../../Engine/Plugins/Interchange/Assets/Content/gltf/MaterialInstances/MI_Default_Opaque.uasset" 239
"../../../Engine/Plugins/Interchange/Assets/Content/gltf/MaterialInstances/MI_Default_Opaque_DS.uasset" 240
"../../../Engine/Plugins/Interchange/Assets/Content/gltf/MaterialInstances/MI_Default_Opaque_DS.uexp" 241
"../../../Engine/Plugins/Interchange/Assets/Content/gltf/MaterialInstances/MI_ClearCoat_Mask.uexp" 242
"../../../Engine/Plugins/Interchange/Assets/Content/gltf/MaterialInstances/MI_ClearCoat_Mask.uasset" 243
"../../../Engine/Plugins/Interchange/Assets/Content/gltf/MaterialInstances/MI_ClearCoat_Blend_DS.uexp" 244
"../../../Engine/Plugins/Interchange/Assets/Content/gltf/MaterialInstances/MI_ClearCoat_Blend_DS.uasset" 245
"../../../Engine/Plugins/Interchange/Assets/Content/gltf/MaterialInstances/MI_ClearCoat_Mask_DS.uasset" 246
"../../../Engine/Plugins/Interchange/Assets/Content/gltf/MaterialInstances/MI_ClearCoat_Mask_DS.uexp" 247
"../../../Engine/Plugins/Interchange/Assets/Content/gltf/MaterialInstances/MI_ClearCoat_Opaque_DS.uexp" 248
"../../../Engine/Plugins/Interchange/Assets/Content/gltf/MaterialInstances/MI_ClearCoat_Opaque_DS.uasset" 249
"../../../Engine/Plugins/Interchange/Assets/Content/gltf/MaterialInstances/MI_ClearCoat_Blend.uasset" 250
"../../../Engine/Plugins/Interchange/Assets/Content/gltf/MaterialInstances/MI_ClearCoat_Blend.uexp" 251
"../../../Engine/Plugins/Interchange/Assets/Content/gltf/MaterialInstances/MI_Default_Blend_DS.uexp" 252
"../../../Engine/Plugins/Interchange/Assets/Content/gltf/MaterialInstances/MI_Default_Blend_DS.uasset" 253
"../../../Engine/Plugins/Interchange/Assets/Content/gltf/MaterialInstances/MI_Default_Mask.uasset" 254
"../../../Engine/Plugins/Interchange/Assets/Content/gltf/MaterialInstances/MI_Default_Mask.uexp" 255
"../../../Engine/Plugins/Interchange/Assets/Content/gltf/MaterialInstances/MI_Default_Blend.uexp" 256
"../../../Engine/Plugins/Interchange/Assets/Content/gltf/MaterialInstances/MI_Default_Blend.uasset" 257
"../../../Engine/Content/Functions/Engine_MaterialFunctions01/Opacity/CameraDepthFade.uasset" 258
"../../../Engine/Content/Functions/Engine_MaterialFunctions01/Opacity/CameraDepthFade.uexp" 259
"../../../Engine/Content/EngineMaterials/T_Default_Material_Grid_M.ubulk" 260
"../../../Engine/Content/EngineMaterials/T_Default_Material_Grid_M.uexp" 261
"../../../Engine/Content/EngineMaterials/T_Default_Material_Grid_M.uasset" 262
"../../../Engine/Content/EngineMaterials/T_Default_Material_Grid_N.ubulk" 263
"../../../Engine/Content/EngineMaterials/T_Default_Material_Grid_N.uexp" 264
"../../../Engine/Content/EngineMaterials/T_Default_Material_Grid_N.uasset" 265
"../../../Engine/Content/EngineMaterials/WorldGridMaterial.uasset" 266
"../../../Engine/Content/EngineMaterials/WorldGridMaterial.uexp" 267
"../../../Engine/Content/ArtTools/RenderToTexture/Meshes/S_1_Unit_Plane.uasset" 268
"../../../Engine/Content/ArtTools/RenderToTexture/Meshes/S_1_Unit_Plane.uexp" 269
"../../../Engine/Plugins/Experimental/Water/Content/Meshes/LakeMesh.uexp" 270
"../../../Engine/Plugins/Experimental/Water/Content/Meshes/LakeMesh.uasset" 271
"../../../Engine/Plugins/Experimental/Water/Content/Meshes/RiverMesh.uasset" 272
"../../../Engine/Plugins/Experimental/Water/Content/Meshes/RiverMesh.uexp" 273
"../../../Engine/Plugins/Experimental/Landmass/Content/Landscape/Meshes/S_SpritePlane.uexp" 274
"../../../Engine/Plugins/Experimental/Landmass/Content/Landscape/Meshes/S_SpritePlane.uasset" 275
"../../../Engine/Plugins/Media/MediaPlate/Content/SM_MediaPlateScreen.uexp" 276
"../../../Engine/Plugins/Media/MediaPlate/Content/SM_MediaPlateScreen.uasset" 277
"../../../Engine/Content/BasicShapes/Cube.uasset" 278
"../../../Engine/Content/BasicShapes/Cube.uexp" 279
"../../../Engine/Content/BasicShapes/Plane.uexp" 280
"../../../Engine/Content/BasicShapes/Plane.uasset" 281
"../../../Engine/Content/Functions/Engine_MaterialFunctions02/Utility/CameraDirectionVector.uasset" 282
"../../../Engine/Content/Functions/Engine_MaterialFunctions02/Utility/CameraDirectionVector.uexp" 283
"../../../Engine/Content/EngineMaterials/Good64x64TilingNoiseHighFreq.uexp" 284
"../../../Engine/Content/EngineMaterials/Good64x64TilingNoiseHighFreq.uasset" 285
"../../../Engine/Content/Functions/Engine_MaterialFunctions02/Texturing/ScreenAlignedPixelToPixelUVs.uexp" 286
"../../../Engine/Content/Functions/Engine_MaterialFunctions02/Texturing/ScreenAlignedPixelToPixelUVs.uasset" 287
"../../../Engine/Plugins/Interchange/Assets/Content/gltf/MaterialFunctions/MF_Fresnel_DS.uexp" 288
"../../../Engine/Plugins/Interchange/Assets/Content/gltf/MaterialFunctions/MF_Fresnel_DS.uasset" 289
"../../../Engine/Plugins/Interchange/Assets/Content/gltf/MaterialFunctions/MF_Temporal_Blur.uexp" 290
"../../../Engine/Plugins/Interchange/Assets/Content/gltf/MaterialFunctions/MF_Temporal_Blur.uasset" 291
"../../../Engine/Plugins/Interchange/Assets/Content/gltf/MaterialFunctions/MF_Transmission.uexp" 292
"../../../Engine/Plugins/Interchange/Assets/Content/gltf/MaterialFunctions/MF_Transmission.uasset" 293
"../../../Engine/Plugins/Interchange/Assets/Content/gltf/MaterialBodies/MF_Transmission_Body.uexp" 294
"../../../Engine/Plugins/Interchange/Assets/Content/gltf/MaterialBodies/MF_Transmission_Body.uasset" 295
"../../../Engine/Plugins/Interchange/Assets/Content/gltf/M_Transmission.uasset" 296
"../../../Engine/Plugins/Interchange/Assets/Content/gltf/M_Transmission.uexp" 297
"../../../Engine/Plugins/Interchange/Assets/Content/gltf/MaterialInstances/MI_Transmission.uexp" 298
"../../../Engine/Plugins/Interchange/Assets/Content/gltf/MaterialInstances/MI_Transmission.uasset" 299
"../../../Engine/Plugins/Interchange/Assets/Content/gltf/MaterialFunctions/MF_Sheen.uasset" 300
"../../../Engine/Plugins/Interchange/Assets/Content/gltf/MaterialFunctions/MF_Sheen.uexp" 301
"../../../Engine/Plugins/Interchange/Assets/Content/gltf/MaterialBodies/MF_Sheen_Body.uexp" 302
"../../../Engine/Plugins/Interchange/Assets/Content/gltf/MaterialBodies/MF_Sheen_Body.uasset" 303
"../../../Engine/Plugins/Interchange/Assets/Content/gltf/M_Sheen.uasset" 304
"../../../Engine/Plugins/Interchange/Assets/Content/gltf/M_Sheen.uexp" 305
"../../../Engine/Plugins/Interchange/Assets/Content/gltf/MaterialInstances/MI_Sheen_Opaque.uexp" 306
"../../../Engine/Plugins/Interchange/Assets/Content/gltf/MaterialInstances/MI_Sheen_Opaque.uasset" 307
"../../../Engine/Content/Functions/Engine_MaterialFunctions02/Math/AddComponents.uexp" 308
"../../../Engine/Content/Functions/Engine_MaterialFunctions02/Math/AddComponents.uasset" 309
"../../../Engine/Plugins/Interchange/Assets/Content/gltf/MaterialFunctions/MF_DiffuseSpecGloss.uexp" 310
"../../../Engine/Plugins/Interchange/Assets/Content/gltf/MaterialFunctions/MF_DiffuseSpecGloss.uasset" 311
"../../../Engine/Plugins/Interchange/Assets/Content/gltf/MaterialFunctions/MF_MaxComponentValue.uasset" 312
"../../../Engine/Plugins/Interchange/Assets/Content/gltf/MaterialFunctions/MF_MaxComponentValue.uexp" 313
"../../../Engine/Plugins/Interchange/Assets/Content/gltf/MaterialFunctions/MF_PerceivedBrightness.uasset" 314
"../../../Engine/Plugins/Interchange/Assets/Content/gltf/MaterialFunctions/MF_PerceivedBrightness.uexp" 315
"../../../Engine/Plugins/Interchange/Assets/Content/gltf/MaterialFunctions/MF_SpecGlossToMetalRoughness.uexp" 316
"../../../Engine/Plugins/Interchange/Assets/Content/gltf/MaterialFunctions/MF_SpecGlossToMetalRoughness.uasset" 317
"../../../Engine/Plugins/Interchange/Assets/Content/gltf/MaterialBodies/MF_SpecularGlossiness_Body.uasset" 318
"../../../Engine/Plugins/Interchange/Assets/Content/gltf/MaterialBodies/MF_SpecularGlossiness_Body.uexp" 319
"../../../Engine/Plugins/Interchange/Assets/Content/gltf/M_SpecularGlossiness.uasset" 320
"../../../Engine/Plugins/Interchange/Assets/Content/gltf/M_SpecularGlossiness.uexp" 321
"../../../Engine/Plugins/Interchange/Assets/Content/gltf/MaterialInstances/MI_SpecularGlossiness_Opaque.uasset" 322
"../../../Engine/Plugins/Interchange/Assets/Content/gltf/MaterialInstances/MI_SpecularGlossiness_Opaque.uexp" 323
"../../../Engine/Plugins/Interchange/Assets/Content/Functions/MX_StandardSurface.uexp" 324
"../../../Engine/Plugins/Interchange/Assets/Content/Functions/MX_StandardSurface.uasset" 325
"../../../Engine/Plugins/Interchange/Assets/Content/Functions/MX_TransmissionSurface.uasset" 326
"../../../Engine/Plugins/Interchange/Assets/Content/Functions/MX_TransmissionSurface.uexp" 327
"../../../Engine/Plugins/Interchange/Assets/Content/Functions/MX_OpenPBR_Translucent.uexp" 328
"../../../Engine/Plugins/Interchange/Assets/Content/Functions/MX_OpenPBR_Translucent.uasset" 329
"../../../Engine/Plugins/Interchange/Assets/Content/gltf/MaterialBodies/MF_Unlit_Body.uexp" 330
"../../../Engine/Plugins/Interchange/Assets/Content/gltf/MaterialBodies/MF_Unlit_Body.uasset" 331
"../../../Engine/Plugins/Interchange/Assets/Content/gltf/M_Unlit.uexp" 332
"../../../Engine/Plugins/Interchange/Assets/Content/gltf/M_Unlit.uasset" 333
"../../../Engine/Plugins/Interchange/Assets/Content/gltf/MaterialInstances/MI_Unlit_Opaque.uexp" 334
"../../../Engine/Plugins/Interchange/Assets/Content/gltf/MaterialInstances/MI_Unlit_Opaque.uasset" 335
"../../../Engine/Plugins/Interchange/Assets/Content/Functions/MX_OpenPBR_Opaque.uexp" 336
"../../../Engine/Plugins/Interchange/Assets/Content/Functions/MX_OpenPBR_Opaque.uasset" 337
"../../../Engine/Content/MapTemplates/T_UDK_Sky_CloudMask03.uexp" 338
"../../../Engine/Content/MapTemplates/T_UDK_Sky_CloudMask03.ubulk" 339
"../../../Engine/Content/MapTemplates/T_UDK_Sky_CloudMask03.uasset" 340
"../../../Engine/Content/MapTemplates/Sky/T_UDK_Sky_CloudMask01_N.ubulk" 341
"../../../Engine/Content/MapTemplates/Sky/T_UDK_Sky_CloudMask01_N.uasset" 342
"../../../Engine/Content/MapTemplates/Sky/T_UDK_Sky_CloudMask01_N.uexp" 343
"../../../Engine/Content/MapTemplates/Sky/T_Sky_Stars.uexp" 344
"../../../Engine/Content/MapTemplates/Sky/T_Sky_Stars.uasset" 345
"../../../Engine/Content/MapTemplates/Sky/T_Sky_Stars.ubulk" 346
"../../../Engine/Content/MapTemplates/Sky/M_Procedural_Sky_MASTER02.uexp" 347
"../../../Engine/Content/MapTemplates/Sky/M_Procedural_Sky_MASTER02.uasset" 348
"../../../Engine/Content/MapTemplates/Sky/M_Procedural_Sky_Daytime.uasset" 349
"../../../Engine/Content/MapTemplates/Sky/M_Procedural_Sky_Daytime.uexp" 350
"../../../Engine/Plugins/Animation/ControlRig/Content/Controls/ControlRig_Sphere_solid.uexp" 351
"../../../Engine/Plugins/Animation/ControlRig/Content/Controls/ControlRig_Sphere_solid.uasset" 352
"../../../Engine/Content/BasicShapes/Cube1.uasset" 353
"../../../Engine/Content/BasicShapes/Cube1.uexp" 354
"../../../Engine/Content/MapTemplates/Sky/M_Procedural_Sky_Afternoon.uexp" 355
"../../../Engine/Content/MapTemplates/Sky/M_Procedural_Sky_Afternoon.uasset" 356
"../../../Engine/Content/MapTemplates/Sky/M_Procedural_Sky_Morning.uasset" 357
"../../../Engine/Content/MapTemplates/Sky/M_Procedural_Sky_Morning.uexp" 358
"../../../Engine/Plugins/Interchange/Assets/Content/gltf/MaterialInstances/MI_SpecularGlossiness_Mask.uasset" 359
"../../../Engine/Plugins/Interchange/Assets/Content/gltf/MaterialInstances/MI_SpecularGlossiness_Mask.uexp" 360
"../../../Engine/Plugins/Interchange/Assets/Content/gltf/MaterialInstances/MI_Sheen_Blend_DS.uexp" 361
"../../../Engine/Plugins/Interchange/Assets/Content/gltf/MaterialInstances/MI_Sheen_Blend_DS.uasset" 362
"../../../Engine/Plugins/Interchange/Assets/Content/gltf/MaterialInstances/MI_Sheen_Mask_DS.uexp" 363
"../../../Engine/Plugins/Interchange/Assets/Content/gltf/MaterialInstances/MI_Sheen_Mask_DS.uasset" 364
"../../../Engine/Content/EngineMaterials/Widget3DPassThrough_Masked.uasset" 365
"../../../Engine/Content/EngineMaterials/Widget3DPassThrough_Masked.uexp" 366
"../../../Engine/Plugins/Interchange/Assets/Content/gltf/MaterialInstances/MI_Transmission_DS.uasset" 367
"../../../Engine/Plugins/Interchange/Assets/Content/gltf/MaterialInstances/MI_Transmission_DS.uexp" 368
"../../../Engine/Plugins/Interchange/Assets/Content/gltf/MaterialInstances/MI_Sheen_Opaque_DS.uexp" 369
"../../../Engine/Plugins/Interchange/Assets/Content/gltf/MaterialInstances/MI_Sheen_Opaque_DS.uasset" 370
"../../../Engine/Plugins/Interchange/Assets/Content/gltf/MaterialInstances/MI_Sheen_Blend.uexp" 371
"../../../Engine/Plugins/Interchange/Assets/Content/gltf/MaterialInstances/MI_Sheen_Blend.uasset" 372
"../../../Engine/Plugins/Interchange/Assets/Content/gltf/MaterialInstances/MI_Sheen_Mask.uasset" 373
"../../../Engine/Plugins/Interchange/Assets/Content/gltf/MaterialInstances/MI_Sheen_Mask.uexp" 374
"../../../Engine/Plugins/Interchange/Assets/Content/gltf/MaterialInstances/MI_Default_Mask_DS.uasset" 375
"../../../Engine/Plugins/Interchange/Assets/Content/gltf/MaterialInstances/MI_Default_Mask_DS.uexp" 376
"../../../Engine/Plugins/Interchange/Assets/Content/gltf/MaterialInstances/MI_SpecularGlossiness_Blend_DS.uexp" 377
"../../../Engine/Plugins/Interchange/Assets/Content/gltf/MaterialInstances/MI_SpecularGlossiness_Blend_DS.uasset" 378
"../../../Engine/Plugins/Interchange/Assets/Content/gltf/MaterialInstances/MI_SpecularGlossiness_Mask_DS.uexp" 379
"../../../Engine/Plugins/Interchange/Assets/Content/gltf/MaterialInstances/MI_SpecularGlossiness_Mask_DS.uasset" 380
"../../../Engine/Plugins/Interchange/Assets/Content/gltf/MaterialInstances/MI_SpecularGlossiness_Opaque_DS.uexp" 381
"../../../Engine/Plugins/Interchange/Assets/Content/gltf/MaterialInstances/MI_SpecularGlossiness_Opaque_DS.uasset" 382
"../../../Engine/Plugins/Interchange/Assets/Content/gltf/MaterialInstances/MI_SpecularGlossiness_Blend.uexp" 383
"../../../Engine/Plugins/Interchange/Assets/Content/gltf/MaterialInstances/MI_SpecularGlossiness_Blend.uasset" 384
"../../../Engine/Content/Functions/Substrate/Substrate-IOR-To-F0.uexp" 385
"../../../Engine/Content/Functions/Substrate/Substrate-IOR-To-F0.uasset" 386
"../../../Engine/Plugins/Interchange/Assets/Content/gltf/Substrate/MF_GLTFPBR.uexp" 387
"../../../Engine/Plugins/Interchange/Assets/Content/gltf/Substrate/MF_GLTFPBR.uasset" 388
"../../../Engine/Plugins/Interchange/Assets/Content/gltf/Substrate/M_GLTF.uexp" 389
"../../../Engine/Plugins/Interchange/Assets/Content/gltf/Substrate/M_GLTF.uasset" 390
"../../../Engine/Plugins/Interchange/Assets/Content/gltf/MaterialInstances/MI_Unlit_Blend_DS.uasset" 391
"../../../Engine/Plugins/Interchange/Assets/Content/gltf/MaterialInstances/MI_Unlit_Blend_DS.uexp" 392
"../../../Engine/Plugins/Interchange/Assets/Content/gltf/MaterialInstances/MI_Unlit_Mask_DS.uexp" 393
"../../../Engine/Plugins/Interchange/Assets/Content/gltf/MaterialInstances/MI_Unlit_Mask_DS.uasset" 394
"../../../Engine/Plugins/Interchange/Assets/Content/gltf/MaterialInstances/MI_Unlit_Opaque_DS.uasset" 395
"../../../Engine/Plugins/Interchange/Assets/Content/gltf/MaterialInstances/MI_Unlit_Opaque_DS.uexp" 396
"../../../Engine/Plugins/Interchange/Assets/Content/gltf/MaterialInstances/MI_Unlit_Blend.uasset" 397
"../../../Engine/Plugins/Interchange/Assets/Content/gltf/MaterialInstances/MI_Unlit_Blend.uexp" 398
"../../../Engine/Plugins/Interchange/Assets/Content/gltf/MaterialInstances/MI_Unlit_Mask.uasset" 399
"../../../Engine/Plugins/Interchange/Assets/Content/gltf/MaterialInstances/MI_Unlit_Mask.uexp" 400
"../../../Engine/Content/MapTemplates/Sky/SM_SkySphere.uexp" 401
"../../../Engine/Content/MapTemplates/Sky/SM_SkySphere.uasset" 402
"../../../Engine/Content/MapTemplates/Sky/M_Procedural_Sky_Night.uexp" 403
"../../../Engine/Content/MapTemplates/Sky/M_Procedural_Sky_Night.uasset" 404
"../../../Engine/Plugins/Animation/ControlRig/Content/Controls/ControlRig_Arrow4_3mm.uasset" 405
"../../../Engine/Plugins/Animation/ControlRig/Content/Controls/ControlRig_Arrow4_3mm.uexp" 406
"../../../Engine/Plugins/Animation/ControlRig/Content/Controls/ControlRig_Arrow4_1mm.uasset" 407
"../../../Engine/Plugins/Animation/ControlRig/Content/Controls/ControlRig_Arrow4_1mm.uexp" 408
"../../../Engine/Plugins/Animation/ControlRig/Content/Controls/ControlRig_Arrow2_solid.uexp" 409
"../../../Engine/Plugins/Animation/ControlRig/Content/Controls/ControlRig_Arrow2_solid.uasset" 410
"../../../Engine/Plugins/Animation/ControlRig/Content/Controls/ControlRig_Arrow2_3mm.uasset" 411
"../../../Engine/Plugins/Animation/ControlRig/Content/Controls/ControlRig_Arrow2_3mm.uexp" 412
"../../../Engine/Plugins/Animation/ControlRig/Content/Controls/ControlRig_Arrow2_1mm.uexp" 413
"../../../Engine/Plugins/Animation/ControlRig/Content/Controls/ControlRig_Arrow2_1mm.uasset" 414
"../../../Engine/Content/MapTemplates/Sky/SunsetAmbientCubemap.uexp" 415
"../../../Engine/Content/MapTemplates/Sky/SunsetAmbientCubemap.uasset" 416
"../../../Engine/Content/MapTemplates/Sky/DaylightAmbientCubemap.uexp" 417
"../../../Engine/Content/MapTemplates/Sky/DaylightAmbientCubemap.uasset" 418
"../../../Engine/Content/MapTemplates/Sky/M_Procedural_Sky_MASTER_UE4.uexp" 419
"../../../Engine/Content/MapTemplates/Sky/M_Procedural_Sky_MASTER_UE4.uasset" 420
"../../../Engine/Content/MapTemplates/Sky/M_Procedural_Sky_Morning_UE4.uexp" 421
"../../../Engine/Content/MapTemplates/Sky/M_Procedural_Sky_Morning_UE4.uasset" 422
"/home/morpheus/Documents/Morpheus-Produktion/Benchmarks/MorphRig/GPT-6-Astra/MorphRig/unreal/Content/Operative/Textures/M_TeamAccent_Normal.uasset" 423
"/home/morpheus/Documents/Morpheus-Produktion/Benchmarks/MorphRig/GPT-6-Astra/MorphRig/unreal/Content/Operative/Textures/M_TeamAccent_Normal.ubulk" 424
"/home/morpheus/Documents/Morpheus-Produktion/Benchmarks/MorphRig/GPT-6-Astra/MorphRig/unreal/Content/Operative/Textures/M_TeamAccent_Normal.uexp" 425
"/home/morpheus/Documents/Morpheus-Produktion/Benchmarks/MorphRig/GPT-6-Astra/MorphRig/unreal/Content/Operative/M_TeamAccent.uasset" 426
"/home/morpheus/Documents/Morpheus-Produktion/Benchmarks/MorphRig/GPT-6-Astra/MorphRig/unreal/Content/Operative/M_TeamAccent.uexp" 427
"/home/morpheus/Documents/Morpheus-Produktion/Benchmarks/MorphRig/GPT-6-Astra/MorphRig/unreal/Content/Operative/Textures/M_Alloy_BaseColor.uexp" 428
"/home/morpheus/Documents/Morpheus-Produktion/Benchmarks/MorphRig/GPT-6-Astra/MorphRig/unreal/Content/Operative/Textures/M_Alloy_BaseColor.uasset" 429
"/home/morpheus/Documents/Morpheus-Produktion/Benchmarks/MorphRig/GPT-6-Astra/MorphRig/unreal/Content/Operative/Textures/M_Alloy_BaseColor.ubulk" 430
"/home/morpheus/Documents/Morpheus-Produktion/Benchmarks/MorphRig/GPT-6-Astra/MorphRig/unreal/Content/Operative/Textures/M_Alloy_Normal.uasset" 431
"/home/morpheus/Documents/Morpheus-Produktion/Benchmarks/MorphRig/GPT-6-Astra/MorphRig/unreal/Content/Operative/Textures/M_Alloy_Normal.uexp" 432
"/home/morpheus/Documents/Morpheus-Produktion/Benchmarks/MorphRig/GPT-6-Astra/MorphRig/unreal/Content/Operative/Textures/M_Alloy_Normal.ubulk" 433
"/home/morpheus/Documents/Morpheus-Produktion/Benchmarks/MorphRig/GPT-6-Astra/MorphRig/unreal/Content/Operative/M_Alloy.uexp" 434
"/home/morpheus/Documents/Morpheus-Produktion/Benchmarks/MorphRig/GPT-6-Astra/MorphRig/unreal/Content/Operative/M_Alloy.uasset" 435
"/home/morpheus/Documents/Morpheus-Produktion/Benchmarks/MorphRig/GPT-6-Astra/MorphRig/unreal/Content/Operative/SM_Beacon.uexp" 436
"/home/morpheus/Documents/Morpheus-Produktion/Benchmarks/MorphRig/GPT-6-Astra/MorphRig/unreal/Content/Operative/SM_Beacon.uasset" 437
"../../../Engine/Plugins/Animation/ControlRig/Content/Controls/ControlRig_Box_1mm.uasset" 438
"../../../Engine/Plugins/Animation/ControlRig/Content/Controls/ControlRig_Box_1mm.uexp" 439
"../../../Engine/Plugins/Animation/ControlRig/Content/Controls/ControlRig_Arrow_solid.uexp" 440
"../../../Engine/Plugins/Animation/ControlRig/Content/Controls/ControlRig_Arrow_solid.uasset" 441
"../../../Engine/Plugins/Animation/ControlRig/Content/Controls/ControlRig_Arrow_3mm.uexp" 442
"../../../Engine/Plugins/Animation/ControlRig/Content/Controls/ControlRig_Arrow_3mm.uasset" 443
"../../../Engine/Plugins/Animation/ControlRig/Content/Controls/ControlRig_Arrow_1mm.uexp" 444
"../../../Engine/Plugins/Animation/ControlRig/Content/Controls/ControlRig_Arrow_1mm.uasset" 445
"../../../Engine/Plugins/Animation/ControlRig/Content/Controls/ControlRig_Arrow4_solid.uasset" 446
"../../../Engine/Plugins/Animation/ControlRig/Content/Controls/ControlRig_Arrow4_solid.uexp" 447
"../../../Engine/Plugins/Animation/ControlRig/Content/Controls/ControlRig_Hexagon_3mm.uexp" 448
"../../../Engine/Plugins/Animation/ControlRig/Content/Controls/ControlRig_Hexagon_3mm.uasset" 449
"../../../Engine/Plugins/Animation/ControlRig/Content/Controls/ControlRig_Hexagon_1mm.uexp" 450
"../../../Engine/Plugins/Animation/ControlRig/Content/Controls/ControlRig_Hexagon_1mm.uasset" 451
"../../../Engine/Plugins/Animation/ControlRig/Content/Controls/ControlRig_HalfCircle_solid.uexp" 452
"../../../Engine/Plugins/Animation/ControlRig/Content/Controls/ControlRig_HalfCircle_solid.uasset" 453
"../../../Engine/Plugins/Animation/ControlRig/Content/Controls/ControlRig_HalfCircle_3mm.uasset" 454
"../../../Engine/Plugins/Animation/ControlRig/Content/Controls/ControlRig_HalfCircle_3mm.uexp" 455
"../../../Engine/Plugins/Animation/ControlRig/Content/Controls/ControlRig_HalfCircle_1mm.uasset" 456
"../../../Engine/Plugins/Animation/ControlRig/Content/Controls/ControlRig_HalfCircle_1mm.uexp" 457
"../../../Engine/Plugins/Animation/ControlRig/Content/Controls/ControlRig_Diamond_solid.uexp" 458
"../../../Engine/Plugins/Animation/ControlRig/Content/Controls/ControlRig_Diamond_solid.uasset" 459
"../../../Engine/Content/EngineMaterials/DefaultMaterial.uexp" 460
"../../../Engine/Content/EngineMaterials/DefaultMaterial.uasset" 461
"../../../Engine/Content/BasicShapes/Sphere.uasset" 462
"../../../Engine/Content/BasicShapes/Sphere.uexp" 463
"../../../Engine/Content/BasicShapes/Cylinder.uexp" 464
"../../../Engine/Content/BasicShapes/Cylinder.uasset" 465
"../../../Engine/Content/BasicShapes/Cone.uexp" 466
"../../../Engine/Content/BasicShapes/Cone.uasset" 467
"../../../Engine/Content/EditorMaterials/Camera/CineMat.uasset" 468
"../../../Engine/Content/EditorMaterials/Camera/CineMat.uexp" 469
"../../../Engine/Content/EditorMaterials/Camera/MI_CineMat_Rig.uasset" 470
"../../../Engine/Content/EditorMaterials/Camera/MI_CineMat_Rig.uexp" 471
"../../../Engine/Content/EditorMeshes/Camera/SM_CraneRig_Base.uexp" 472
"../../../Engine/Content/EditorMeshes/Camera/SM_CraneRig_Base.uasset" 473
"../../../Engine/Content/EditorMeshes/Camera/SM_CraneRig_Arm.uexp" 474
"../../../Engine/Content/EditorMeshes/Camera/SM_CraneRig_Arm.uasset" 475
"../../../Engine/Content/EditorMeshes/Camera/SM_CraneRig_Mount.uasset" 476
"../../../Engine/Content/EditorMeshes/Camera/SM_CraneRig_Mount.uexp" 477
"../../../Engine/Content/EditorMeshes/Camera/SM_CraneRig_Body.uexp" 478
"../../../Engine/Content/EditorMeshes/Camera/SM_CraneRig_Body.uasset" 479
"../../../Engine/Content/EditorMeshes/Camera/SM_RailRig_Track.uasset" 480
"../../../Engine/Content/EditorMeshes/Camera/SM_RailRig_Track.uexp" 481
"../../../Engine/Content/EditorMeshes/Camera/SM_RailRig_Mount.uexp" 482
"../../../Engine/Content/EditorMeshes/Camera/SM_RailRig_Mount.uasset" 483
"../../../Engine/Plugins/Animation/ControlRig/Content/Controls/ControlRig_Wedge_1mm.uasset" 484
"../../../Engine/Plugins/Animation/ControlRig/Content/Controls/ControlRig_Wedge_1mm.uexp" 485
"../../../Engine/Content/VREditor/TransformGizmo/BoundingBoxCorner.uasset" 486
"../../../Engine/Content/VREditor/TransformGizmo/BoundingBoxCorner.uexp" 487
"../../../Engine/Content/VREditor/TransformGizmo/BoundingBoxEdge.uasset" 488
"../../../Engine/Content/VREditor/TransformGizmo/BoundingBoxEdge.uexp" 489
"../../../Engine/Plugins/2D/Paper2D/Content/PlaceholderTextures/DummySpriteTexture.uasset" 490
"../../../Engine/Plugins/2D/Paper2D/Content/PlaceholderTextures/DummySpriteTexture.ubulk" 491
"../../../Engine/Plugins/2D/Paper2D/Content/PlaceholderTextures/DummySpriteTexture.uexp" 492
"../../../Engine/Plugins/2D/Paper2D/Content/DefaultSpriteMaterial.uexp" 493
"../../../Engine/Plugins/2D/Paper2D/Content/DefaultSpriteMaterial.uasset" 494
"../../../Engine/Plugins/2D/Paper2D/Content/MaskedUnlitSpriteMaterial.uasset" 495
"../../../Engine/Plugins/2D/Paper2D/Content/MaskedUnlitSpriteMaterial.uexp" 496
"../../../Engine/Plugins/2D/Paper2D/Content/DummySprite.uexp" 497
"../../../Engine/Plugins/2D/Paper2D/Content/DummySprite.uasset" 498
"../../../Engine/Plugins/2D/Paper2D/Content/DefaultPaperTerrainMaterial.uexp" 499
"../../../Engine/Plugins/2D/Paper2D/Content/DefaultPaperTerrainMaterial.uasset" 500
"../../../Engine/Content/EditorLandscapeResources/WhiteSquareTexture.uasset" 501
"../../../Engine/Content/EditorLandscapeResources/WhiteSquareTexture.uexp" 502
"../../../Engine/Content/EditorLandscapeResources/DefaultAlphaTexture.uexp" 503
"../../../Engine/Content/EditorLandscapeResources/DefaultAlphaTexture.uasset" 504
"../../../Engine/Content/Functions/Engine_MaterialFunctions03/Math/WithinRangeFloat2.uasset" 505
"../../../Engine/Content/Functions/Engine_MaterialFunctions03/Math/WithinRangeFloat2.uexp" 506
"../../../Engine/Content/EditorLandscapeResources/SelectBrushMaterial.uexp" 507
"../../../Engine/Content/EditorLandscapeResources/SelectBrushMaterial.uasset" 508
"../../../Engine/Content/EditorLandscapeResources/SelectBrushMaterial_Selected.uasset" 509
"../../../Engine/Content/EditorLandscapeResources/SelectBrushMaterial_Selected.uexp" 510
"../../../Engine/Content/EditorLandscapeResources/ColorMaskBrushMaterial.uexp" 511
"../../../Engine/Content/EditorLandscapeResources/ColorMaskBrushMaterial.uasset" 512
"../../../Engine/Content/EditorLandscapeResources/ColorMaskBrushMaterial_MaskedRegion.uexp" 513
"../../../Engine/Content/EditorLandscapeResources/ColorMaskBrushMaterial_MaskedRegion.uasset" 514
"../../../Engine/Content/EditorMaterials/PreviewShadowIndicator.ubulk" 515
"../../../Engine/Content/EditorMaterials/PreviewShadowIndicator.uexp" 516
"../../../Engine/Content/EditorMaterials/PreviewShadowIndicator.uasset" 517
"../../../Engine/Content/EditorMaterials/PreviewShadowIndicatorMaterial.uexp" 518
"../../../Engine/Content/EditorMaterials/PreviewShadowIndicatorMaterial.uasset" 519
"../../../Engine/Content/MapTemplates/Sky/M_Procedural_Sky_MASTER022.uexp" 520
"../../../Engine/Content/MapTemplates/Sky/M_Procedural_Sky_MASTER022.uasset" 521
"../../../Engine/Plugins/Animation/ControlRig/Content/Controls/ControlRig_Square_3mm.uasset" 522
"../../../Engine/Plugins/Animation/ControlRig/Content/Controls/ControlRig_Square_3mm.uexp" 523
"../../../Engine/Plugins/Animation/ControlRig/Content/Controls/ControlRig_Wedge_3mm.uasset" 524
"../../../Engine/Plugins/Animation/ControlRig/Content/Controls/ControlRig_Wedge_3mm.uexp" 525
"../../../Engine/Plugins/Experimental/MeshModelingToolsetExp/Content/Materials/GetDisplacementVectorForDepthBias.uasset" 526
"../../../Engine/Plugins/Experimental/MeshModelingToolsetExp/Content/Materials/GetDisplacementVectorForDepthBias.uexp" 527
"../../../Engine/Content/Functions/Engine_MaterialFunctions02/Utility/FOV.uasset" 528
"../../../Engine/Content/Functions/Engine_MaterialFunctions02/Utility/FOV.uexp" 529
"../../../Engine/Content/Functions/Engine_MaterialFunctions03/Viewport/MF_OrthoWidth.uasset" 530
"../../../Engine/Content/Functions/Engine_MaterialFunctions03/Viewport/MF_OrthoWidth.uexp" 531
"../../../Engine/Plugins/Experimental/MeshModelingToolsetExp/Content/Materials/PointSetOverlaidComponentMaterial.uexp" 532
"../../../Engine/Plugins/Experimental/MeshModelingToolsetExp/Content/Materials/PointSetOverlaidComponentMaterial.uasset" 533
"../../../Engine/Content/Functions/Engine_MaterialFunctions02/Math/ProjectVectorOntoPlane.uexp" 534
"../../../Engine/Content/Functions/Engine_MaterialFunctions02/Math/ProjectVectorOntoPlane.uasset" 535
"../../../Engine/Plugins/Experimental/MeshModelingToolsetExp/Content/Materials/LineSetOverlaidComponentMaterial.uasset" 536
"../../../Engine/Plugins/Experimental/MeshModelingToolsetExp/Content/Materials/LineSetOverlaidComponentMaterial.uexp" 537
"../../../Engine/Plugins/Animation/ControlRig/Content/Controls/ControlRig_Circle_solid.uexp" 538
"../../../Engine/Plugins/Animation/ControlRig/Content/Controls/ControlRig_Circle_solid.uasset" 539
"../../../Engine/Plugins/Animation/ControlRig/Content/Controls/ControlRig_Circle_3mm.uexp" 540
"../../../Engine/Plugins/Animation/ControlRig/Content/Controls/ControlRig_Circle_3mm.uasset" 541
"../../../Engine/Plugins/Animation/ControlRig/Content/Controls/ControlRig_RoundedTriangle_1mm.uexp" 542
"../../../Engine/Plugins/Animation/ControlRig/Content/Controls/ControlRig_RoundedTriangle_1mm.uasset" 543
"../../../Engine/Plugins/Animation/ControlRig/Content/Controls/ControlRig_Diamond_3mm.uasset" 544
"../../../Engine/Plugins/Animation/ControlRig/Content/Controls/ControlRig_Diamond_3mm.uexp" 545
"/home/morpheus/Documents/Morpheus-Produktion/Benchmarks/MorphRig/GPT-6-Astra/MorphRig/unreal/Content/Operative/Textures/M_Skin_BaseColor.uasset" 546
"/home/morpheus/Documents/Morpheus-Produktion/Benchmarks/MorphRig/GPT-6-Astra/MorphRig/unreal/Content/Operative/Textures/M_Skin_BaseColor.ubulk" 547
"/home/morpheus/Documents/Morpheus-Produktion/Benchmarks/MorphRig/GPT-6-Astra/MorphRig/unreal/Content/Operative/Textures/M_Skin_BaseColor.uexp" 548
"/home/morpheus/Documents/Morpheus-Produktion/Benchmarks/MorphRig/GPT-6-Astra/MorphRig/unreal/Content/Operative/Textures/M_Skin_Normal.uexp" 549
"/home/morpheus/Documents/Morpheus-Produktion/Benchmarks/MorphRig/GPT-6-Astra/MorphRig/unreal/Content/Operative/Textures/M_Skin_Normal.uasset" 550
"/home/morpheus/Documents/Morpheus-Produktion/Benchmarks/MorphRig/GPT-6-Astra/MorphRig/unreal/Content/Operative/Textures/M_Skin_Normal.ubulk" 551
"/home/morpheus/Documents/Morpheus-Produktion/Benchmarks/MorphRig/GPT-6-Astra/MorphRig/unreal/Content/Operative/M_Skin.uasset" 552
"/home/morpheus/Documents/Morpheus-Produktion/Benchmarks/MorphRig/GPT-6-Astra/MorphRig/unreal/Content/Operative/M_Skin.uexp" 553
"/home/morpheus/Documents/Morpheus-Produktion/Benchmarks/MorphRig/GPT-6-Astra/MorphRig/unreal/Content/Operative/Textures/M_Iris_BaseColor.uasset" 554
"/home/morpheus/Documents/Morpheus-Produktion/Benchmarks/MorphRig/GPT-6-Astra/MorphRig/unreal/Content/Operative/Textures/M_Iris_BaseColor.ubulk" 555
"/home/morpheus/Documents/Morpheus-Produktion/Benchmarks/MorphRig/GPT-6-Astra/MorphRig/unreal/Content/Operative/Textures/M_Iris_BaseColor.uexp" 556
"/home/morpheus/Documents/Morpheus-Produktion/Benchmarks/MorphRig/GPT-6-Astra/MorphRig/unreal/Content/Operative/Textures/M_Iris_Normal.ubulk" 557
"/home/morpheus/Documents/Morpheus-Produktion/Benchmarks/MorphRig/GPT-6-Astra/MorphRig/unreal/Content/Operative/Textures/M_Iris_Normal.uasset" 558
"/home/morpheus/Documents/Morpheus-Produktion/Benchmarks/MorphRig/GPT-6-Astra/MorphRig/unreal/Content/Operative/Textures/M_Iris_Normal.uexp" 559
"/home/morpheus/Documents/Morpheus-Produktion/Benchmarks/MorphRig/GPT-6-Astra/MorphRig/unreal/Content/Operative/M_Iris.uasset" 560
"/home/morpheus/Documents/Morpheus-Produktion/Benchmarks/MorphRig/GPT-6-Astra/MorphRig/unreal/Content/Operative/M_Iris.uexp" 561
"/home/morpheus/Documents/Morpheus-Produktion/Benchmarks/MorphRig/GPT-6-Astra/MorphRig/unreal/Content/Operative/Textures/M_Hair_BaseColor.ubulk" 562
"/home/morpheus/Documents/Morpheus-Produktion/Benchmarks/MorphRig/GPT-6-Astra/MorphRig/unreal/Content/Operative/Textures/M_Hair_BaseColor.uasset" 563
"/home/morpheus/Documents/Morpheus-Produktion/Benchmarks/MorphRig/GPT-6-Astra/MorphRig/unreal/Content/Operative/Textures/M_Hair_BaseColor.uexp" 564
"/home/morpheus/Documents/Morpheus-Produktion/Benchmarks/MorphRig/GPT-6-Astra/MorphRig/unreal/Content/Operative/Textures/M_Hair_Normal.uasset" 565
"/home/morpheus/Documents/Morpheus-Produktion/Benchmarks/MorphRig/GPT-6-Astra/MorphRig/unreal/Content/Operative/Textures/M_Hair_Normal.ubulk" 566
"/home/morpheus/Documents/Morpheus-Produktion/Benchmarks/MorphRig/GPT-6-Astra/MorphRig/unreal/Content/Operative/Textures/M_Hair_Normal.uexp" 567
"/home/morpheus/Documents/Morpheus-Produktion/Benchmarks/MorphRig/GPT-6-Astra/MorphRig/unreal/Content/Operative/M_Hair.uasset" 568
"/home/morpheus/Documents/Morpheus-Produktion/Benchmarks/MorphRig/GPT-6-Astra/MorphRig/unreal/Content/Operative/M_Hair.uexp" 569
"/home/morpheus/Documents/Morpheus-Produktion/Benchmarks/MorphRig/GPT-6-Astra/MorphRig/unreal/Content/Operative/SK_Operative_Skeleton.uexp" 570
"/home/morpheus/Documents/Morpheus-Produktion/Benchmarks/MorphRig/GPT-6-Astra/MorphRig/unreal/Content/Operative/SK_Operative_Skeleton.uasset" 571
"/home/morpheus/Documents/Morpheus-Produktion/Benchmarks/MorphRig/GPT-6-Astra/MorphRig/unreal/Content/Operative/Textures/M_Weave_BaseColor.ubulk" 572
"/home/morpheus/Documents/Morpheus-Produktion/Benchmarks/MorphRig/GPT-6-Astra/MorphRig/unreal/Content/Operative/Textures/M_Weave_BaseColor.uexp" 573
"/home/morpheus/Documents/Morpheus-Produktion/Benchmarks/MorphRig/GPT-6-Astra/MorphRig/unreal/Content/Operative/Textures/M_Weave_BaseColor.uasset" 574
"/home/morpheus/Documents/Morpheus-Produktion/Benchmarks/MorphRig/GPT-6-Astra/MorphRig/unreal/Content/Operative/Textures/M_Weave_Normal.uexp" 575
"/home/morpheus/Documents/Morpheus-Produktion/Benchmarks/MorphRig/GPT-6-Astra/MorphRig/unreal/Content/Operative/Textures/M_Weave_Normal.uasset" 576
"/home/morpheus/Documents/Morpheus-Produktion/Benchmarks/MorphRig/GPT-6-Astra/MorphRig/unreal/Content/Operative/Textures/M_Weave_Normal.ubulk" 577
"/home/morpheus/Documents/Morpheus-Produktion/Benchmarks/MorphRig/GPT-6-Astra/MorphRig/unreal/Content/Operative/M_Weave.uasset" 578
"/home/morpheus/Documents/Morpheus-Produktion/Benchmarks/MorphRig/GPT-6-Astra/MorphRig/unreal/Content/Operative/M_Weave.uexp" 579
"/home/morpheus/Documents/Morpheus-Produktion/Benchmarks/MorphRig/GPT-6-Astra/MorphRig/unreal/Content/Operative/Textures/M_EyeWhite_BaseColor.ubulk" 580
"/home/morpheus/Documents/Morpheus-Produktion/Benchmarks/MorphRig/GPT-6-Astra/MorphRig/unreal/Content/Operative/Textures/M_EyeWhite_BaseColor.uexp" 581
"/home/morpheus/Documents/Morpheus-Produktion/Benchmarks/MorphRig/GPT-6-Astra/MorphRig/unreal/Content/Operative/Textures/M_EyeWhite_BaseColor.uasset" 582
"/home/morpheus/Documents/Morpheus-Produktion/Benchmarks/MorphRig/GPT-6-Astra/MorphRig/unreal/Content/Operative/Textures/M_EyeWhite_Normal.uasset" 583
"/home/morpheus/Documents/Morpheus-Produktion/Benchmarks/MorphRig/GPT-6-Astra/MorphRig/unreal/Content/Operative/Textures/M_EyeWhite_Normal.ubulk" 584
"/home/morpheus/Documents/Morpheus-Produktion/Benchmarks/MorphRig/GPT-6-Astra/MorphRig/unreal/Content/Operative/Textures/M_EyeWhite_Normal.uexp" 585
"/home/morpheus/Documents/Morpheus-Produktion/Benchmarks/MorphRig/GPT-6-Astra/MorphRig/unreal/Content/Operative/M_EyeWhite.uexp" 586
"/home/morpheus/Documents/Morpheus-Produktion/Benchmarks/MorphRig/GPT-6-Astra/MorphRig/unreal/Content/Operative/M_EyeWhite.uasset" 587
"/home/morpheus/Documents/Morpheus-Produktion/Benchmarks/MorphRig/GPT-6-Astra/MorphRig/unreal/Content/Operative/Textures/M_Ceramic_BaseColor.ubulk" 588
"/home/morpheus/Documents/Morpheus-Produktion/Benchmarks/MorphRig/GPT-6-Astra/MorphRig/unreal/Content/Operative/Textures/M_Ceramic_BaseColor.uasset" 589
"/home/morpheus/Documents/Morpheus-Produktion/Benchmarks/MorphRig/GPT-6-Astra/MorphRig/unreal/Content/Operative/Textures/M_Ceramic_BaseColor.uexp" 590
"/home/morpheus/Documents/Morpheus-Produktion/Benchmarks/MorphRig/GPT-6-Astra/MorphRig/unreal/Content/Operative/Textures/M_Ceramic_Normal.ubulk" 591
"/home/morpheus/Documents/Morpheus-Produktion/Benchmarks/MorphRig/GPT-6-Astra/MorphRig/unreal/Content/Operative/Textures/M_Ceramic_Normal.uasset" 592
"/home/morpheus/Documents/Morpheus-Produktion/Benchmarks/MorphRig/GPT-6-Astra/MorphRig/unreal/Content/Operative/Textures/M_Ceramic_Normal.uexp" 593
"/home/morpheus/Documents/Morpheus-Produktion/Benchmarks/MorphRig/GPT-6-Astra/MorphRig/unreal/Content/Operative/M_Ceramic.uasset" 594
"/home/morpheus/Documents/Morpheus-Produktion/Benchmarks/MorphRig/GPT-6-Astra/MorphRig/unreal/Content/Operative/M_Ceramic.uexp" 595
"/home/morpheus/Documents/Morpheus-Produktion/Benchmarks/MorphRig/GPT-6-Astra/MorphRig/unreal/Content/Operative/SK_Operative.uexp" 596
"/home/morpheus/Documents/Morpheus-Produktion/Benchmarks/MorphRig/GPT-6-Astra/MorphRig/unreal/Content/Operative/SK_Operative.uasset" 597
"../../../Engine/Plugins/Animation/ControlRig/Content/Controls/ControlRig_Diamond_1mm.uasset" 598
"../../../Engine/Plugins/Animation/ControlRig/Content/Controls/ControlRig_Diamond_1mm.uexp" 599
"../../../Engine/Plugins/Animation/ControlRig/Content/Controls/ControlRig_RoundedSquare_solid.uasset" 600
"../../../Engine/Plugins/Animation/ControlRig/Content/Controls/ControlRig_RoundedSquare_solid.uexp" 601
"../../../Engine/Plugins/Animation/ControlRig/Content/Controls/ControlRig_RoundedSquare_3mm.uexp" 602
"../../../Engine/Plugins/Animation/ControlRig/Content/Controls/ControlRig_RoundedSquare_3mm.uasset" 603
"../../../Engine/Plugins/Animation/ControlRig/Content/Controls/ControlRig_RoundedSquare_1mm.uasset" 604
"../../../Engine/Plugins/Animation/ControlRig/Content/Controls/ControlRig_RoundedSquare_1mm.uexp" 605
"../../../Engine/Plugins/Animation/ControlRig/Content/Controls/ControlRig_QuarterCircle_solid.uexp" 606
"../../../Engine/Plugins/Animation/ControlRig/Content/Controls/ControlRig_QuarterCircle_solid.uasset" 607
"../../../Engine/Plugins/Animation/ControlRig/Content/Controls/ControlRig_QuarterCircle_3mm.uexp" 608
"../../../Engine/Plugins/Animation/ControlRig/Content/Controls/ControlRig_QuarterCircle_3mm.uasset" 609
"../../../Engine/Plugins/Animation/ControlRig/Content/Controls/ControlRig_QuarterCircle_1mm.uasset" 610
"../../../Engine/Plugins/Animation/ControlRig/Content/Controls/ControlRig_QuarterCircle_1mm.uexp" 611
"../../../Engine/Plugins/Animation/ControlRig/Content/Controls/ControlRig_Pyramid_solid.uasset" 612
"../../../Engine/Plugins/Animation/ControlRig/Content/Controls/ControlRig_Pyramid_solid.uexp" 613
"../../../Engine/Plugins/Animation/ControlRig/Content/Controls/ControlRig_Pyramid_3mm.uasset" 614
"../../../Engine/Plugins/Animation/ControlRig/Content/Controls/ControlRig_Pyramid_3mm.uexp" 615
"../../../Engine/Plugins/Animation/ControlRig/Content/Controls/ControlRig_Pyramid_1mm.uasset" 616
"../../../Engine/Plugins/Animation/ControlRig/Content/Controls/ControlRig_Pyramid_1mm.uexp" 617
"../../../Engine/Plugins/Animation/ControlRig/Content/Controls/ControlRig_Octagon_solid.uexp" 618
"../../../Engine/Plugins/Animation/ControlRig/Content/Controls/ControlRig_Octagon_solid.uasset" 619
"../../../Engine/Plugins/Animation/ControlRig/Content/Controls/ControlRig_Octagon_3mm.uasset" 620
"../../../Engine/Plugins/Animation/ControlRig/Content/Controls/ControlRig_Octagon_3mm.uexp" 621
"../../../Engine/Plugins/Animation/ControlRig/Content/Controls/ControlRig_Octagon_1mm.uexp" 622
"../../../Engine/Plugins/Animation/ControlRig/Content/Controls/ControlRig_Octagon_1mm.uasset" 623
"../../../Engine/Plugins/Animation/ControlRig/Content/Controls/ControlRig_Hexagon_solid.uexp" 624
"../../../Engine/Plugins/Animation/ControlRig/Content/Controls/ControlRig_Hexagon_solid.uasset" 625
"../../../Engine/Plugins/Animation/ControlRig/Content/Controls/ControlRig_Circle_1mm.uexp" 626
"../../../Engine/Plugins/Animation/ControlRig/Content/Controls/ControlRig_Circle_1mm.uasset" 627
"../../../Engine/Plugins/Animation/ControlRig/Content/Controls/ControlRig_Box_solid.uexp" 628
"../../../Engine/Plugins/Animation/ControlRig/Content/Controls/ControlRig_Box_solid.uasset" 629
"../../../Engine/Plugins/Animation/ControlRig/Content/Controls/ControlRig_Box_3mm.uexp" 630
"../../../Engine/Plugins/Animation/ControlRig/Content/Controls/ControlRig_Box_3mm.uasset" 631
"../../../Engine/Content/Functions/Engine_MaterialFunctions02/WorldPositionOffset/ComponentPivotLocation.uexp" 632
"../../../Engine/Content/Functions/Engine_MaterialFunctions02/WorldPositionOffset/ComponentPivotLocation.uasset" 633
"../../../Engine/Content/EditorResources/S_Terrain.uexp" 634
"../../../Engine/Content/EditorResources/S_Terrain.ubulk" 635
"../../../Engine/Content/EditorResources/S_Terrain.uasset" 636
"../../../Engine/Content/Functions/Engine_MaterialFunctions02/WorldPositionOffset/Sprite.uexp" 637
"../../../Engine/Content/Functions/Engine_MaterialFunctions02/WorldPositionOffset/Sprite.uasset" 638
"../../../Engine/Plugins/Experimental/Landmass/Content/Landscape/BlueprintBrushes/Materials/Sprite/M_BrushSprite_01.uasset" 639
"../../../Engine/Plugins/Experimental/Landmass/Content/Landscape/BlueprintBrushes/Materials/Sprite/M_BrushSprite_01.uexp" 640
"../../../Engine/Content/EditorLandscapeResources/MaskBrushMaterial.uasset" 641
"../../../Engine/Content/EditorLandscapeResources/MaskBrushMaterial.uexp" 642
"../../../Engine/Content/EditorLandscapeResources/MaskBrushMaterial_MaskedRegion.uexp" 643
"../../../Engine/Content/EditorLandscapeResources/MaskBrushMaterial_MaskedRegion.uasset" 644
"../../../Engine/Plugins/Animation/ControlRig/Content/Controls/ControlRig_Square_1mm.uexp" 645
"../../../Engine/Plugins/Animation/ControlRig/Content/Controls/ControlRig_Square_1mm.uasset" 646
"../../../Engine/Plugins/Animation/ControlRig/Content/Controls/ControlRig_Sphere_3mm.uasset" 647
"../../../Engine/Plugins/Animation/ControlRig/Content/Controls/ControlRig_Sphere_3mm.uexp" 648
"../../../Engine/Plugins/Animation/ControlRig/Content/Controls/ControlRig_Sphere_1mm.uexp" 649
"../../../Engine/Plugins/Animation/ControlRig/Content/Controls/ControlRig_Sphere_1mm.uasset" 650
"../../../Engine/Plugins/Animation/ControlRig/Content/Controls/ControlRig_RoundedTriangle_solid.uexp" 651
"../../../Engine/Plugins/Animation/ControlRig/Content/Controls/ControlRig_RoundedTriangle_solid.uasset" 652
"../../../Engine/Plugins/Animation/ControlRig/Content/Controls/ControlRig_RoundedTriangle_3mm.uasset" 653
"../../../Engine/Plugins/Animation/ControlRig/Content/Controls/ControlRig_RoundedTriangle_3mm.uexp" 654
"../../../Engine/Plugins/Animation/ControlRig/Content/Controls/ControlRig_Wedge_solid.uasset" 655
"../../../Engine/Plugins/Animation/ControlRig/Content/Controls/ControlRig_Wedge_solid.uexp" 656
"../../../Engine/Plugins/Animation/ControlRig/Content/Controls/ControlRig_Triangle_solid.uexp" 657
"../../../Engine/Plugins/Animation/ControlRig/Content/Controls/ControlRig_Triangle_solid.uasset" 658
"../../../Engine/Plugins/Animation/ControlRig/Content/Controls/ControlRig_Triangle_3mm.uexp" 659
"../../../Engine/Plugins/Animation/ControlRig/Content/Controls/ControlRig_Triangle_3mm.uasset" 660
"../../../Engine/Plugins/Animation/ControlRig/Content/Controls/ControlRig_Triangle_1mm.uasset" 661
"../../../Engine/Plugins/Animation/ControlRig/Content/Controls/ControlRig_Triangle_1mm.uexp" 662
"../../../Engine/Plugins/Animation/ControlRig/Content/Controls/ControlRig_Star4_solid.uexp" 663
"../../../Engine/Plugins/Animation/ControlRig/Content/Controls/ControlRig_Star4_solid.uasset" 664
"../../../Engine/Plugins/Animation/ControlRig/Content/Controls/ControlRig_Star4_3mm.uexp" 665
"../../../Engine/Plugins/Animation/ControlRig/Content/Controls/ControlRig_Star4_3mm.uasset" 666
"../../../Engine/Plugins/Animation/ControlRig/Content/Controls/ControlRig_Star4_1mm.uasset" 667
"../../../Engine/Plugins/Animation/ControlRig/Content/Controls/ControlRig_Star4_1mm.uexp" 668
"../../../Engine/Plugins/Animation/ControlRig/Content/Controls/ControlRig_Square_solid.uasset" 669
"../../../Engine/Plugins/Animation/ControlRig/Content/Controls/ControlRig_Square_solid.uexp" 670
"../../../Engine/Plugins/2D/Paper2D/Content/OpaqueUnlitSpriteMaterial.uexp" 671
"../../../Engine/Plugins/2D/Paper2D/Content/OpaqueUnlitSpriteMaterial.uasset" 672
"../../../Engine/Content/EditorLandscapeResources/SelectBrushMaterial_SelectedRegion.uasset" 673
"../../../Engine/Content/EditorLandscapeResources/SelectBrushMaterial_SelectedRegion.uexp" 674
"../../../Engine/Content/EngineMaterials/BaseFlattenEmissiveMap.uexp" 675
"../../../Engine/Content/EngineMaterials/BaseFlattenEmissiveMap.uasset" 676
"../../../Engine/Content/EngineMaterials/BaseFlattenDiffuseMap.uexp" 677
"../../../Engine/Content/EngineMaterials/BaseFlattenDiffuseMap.uasset" 678
"../../../Engine/Content/EngineMaterials/BaseFlattenGrayscaleMap.uexp" 679
"../../../Engine/Content/EngineMaterials/BaseFlattenGrayscaleMap.uasset" 680
"../../../Engine/Content/EngineMaterials/BaseFlattenNormalMap.uexp" 681
"../../../Engine/Content/EngineMaterials/BaseFlattenNormalMap.uasset" 682
"../../../Engine/Content/EngineMaterials/BaseFlattenLinearColor.uasset" 683
"../../../Engine/Content/EngineMaterials/BaseFlattenLinearColor.uexp" 684
"../../../Engine/Content/Functions/Engine_MaterialFunctions02/PivotPainter2/Black_1x1_EXR_Texture.uasset" 685
"../../../Engine/Content/Functions/Engine_MaterialFunctions02/PivotPainter2/Black_1x1_EXR_Texture.uexp" 686
"../../../Engine/Content/EngineMaterials/FlattenMaterial.uexp" 687
"../../../Engine/Content/EngineMaterials/FlattenMaterial.uasset" 688
"../../../Engine/Content/BasicShapes/M_Cube_WorldGridMaterial_8D67460644F5AEE976EC80B26230FFEB.uasset" 689
"../../../Engine/Content/BasicShapes/M_Cube_WorldGridMaterial_8D67460644F5AEE976EC80B26230FFEB.ubulk" 690
"../../../Engine/Content/BasicShapes/M_Cube_WorldGridMaterial_8D67460644F5AEE976EC80B26230FFEB.uexp" 691
"../../../Engine/Content/EditorLandscapeResources/SplineEditorMeshMat.uexp" 692
"../../../Engine/Content/EditorLandscapeResources/SplineEditorMeshMat.uasset" 693
"../../../Engine/Content/EditorLandscapeResources/SplineEditorMesh.uasset" 694
"../../../Engine/Content/EditorLandscapeResources/SplineEditorMesh.uexp" 695
"../../../Engine/Content/EngineFonts/Faces/DroidSansFallback.ufont" 696
"../../../Engine/Content/EngineFonts/Faces/DroidSansFallback.uasset" 697
"../../../Engine/Content/EngineFonts/Faces/DroidSansFallback.uexp" 698
"../../../Engine/Content/EngineFonts/Faces/RobotoBold.uexp" 699
"../../../Engine/Content/EngineFonts/Faces/RobotoBold.uasset" 700
"../../../Engine/Content/EngineFonts/Faces/RobotoBold.ufont" 701
"../../../Engine/Content/EngineFonts/Faces/RobotoBoldItalic.ufont" 702
"../../../Engine/Content/EngineFonts/Faces/RobotoBoldItalic.uasset" 703
"../../../Engine/Content/EngineFonts/Faces/RobotoBoldItalic.uexp" 704
"../../../Engine/Content/EngineFonts/Faces/RobotoItalic.uexp" 705
"../../../Engine/Content/EngineFonts/Faces/RobotoItalic.uasset" 706
"../../../Engine/Content/EngineFonts/Faces/RobotoItalic.ufont" 707
"../../../Engine/Content/EngineFonts/Faces/RobotoLight.ufont" 708
"../../../Engine/Content/EngineFonts/Faces/RobotoLight.uasset" 709
"../../../Engine/Content/EngineFonts/Faces/RobotoLight.uexp" 710
"../../../Engine/Content/EngineFonts/Faces/RobotoRegular.uexp" 711
"../../../Engine/Content/EngineFonts/Faces/RobotoRegular.uasset" 712
"../../../Engine/Content/EngineFonts/Faces/RobotoRegular.ufont" 713
"../../../Engine/Content/EngineFonts/Roboto.uasset" 714
"../../../Engine/Content/EngineFonts/Roboto.uexp" 715
"../../../Engine/Content/VREditor/TransformGizmo/Main.uasset" 716
"../../../Engine/Content/VREditor/TransformGizmo/Main.uexp" 717
"../../../Engine/Content/VREditor/TransformGizmo/Xray.uasset" 718
"../../../Engine/Content/VREditor/TransformGizmo/Xray.uexp" 719
"../../../Engine/Content/VREditor/TransformGizmo/SM_Sequencer_Node.uasset" 720
"../../../Engine/Content/VREditor/TransformGizmo/SM_Sequencer_Node.uexp" 721
"../../../Engine/Content/Functions/Engine_MaterialFunctions02/WorldPositionOffset/CameraOffset.uexp" 722
"../../../Engine/Content/Functions/Engine_MaterialFunctions02/WorldPositionOffset/CameraOffset.uasset" 723
"../../../Engine/Content/EngineMaterials/PhAT_JointLimitMaterial.uasset" 724
"../../../Engine/Content/EngineMaterials/PhAT_JointLimitMaterial.uexp" 725
"../../../Engine/Content/EngineFonts/RobotoDistanceField.uasset" 726
"../../../Engine/Content/EngineFonts/RobotoDistanceField.uexp" 727
"../../../Engine/Content/EngineMaterials/DefaultTextMaterialOpaque.uexp" 728
"../../../Engine/Content/EngineMaterials/DefaultTextMaterialOpaque.uasset" 729
"../../../Engine/Content/EngineMaterials/DefaultDeferredDecalMaterial.uasset" 730
"../../../Engine/Content/EngineMaterials/DefaultDeferredDecalMaterial.uexp" 731
"../../../Engine/Content/EngineMaterials/DefaultPostProcessMaterial.uexp" 732
"../../../Engine/Content/EngineMaterials/DefaultPostProcessMaterial.uasset" 733
"../../../Engine/Content/EngineResources/DefaultVolumeTexture2D.uasset" 734
"../../../Engine/Content/EngineResources/DefaultVolumeTexture2D.uexp" 735
"../../../Engine/Content/EngineResources/DefaultVolumeTexture.uasset" 736
"../../../Engine/Content/EngineResources/DefaultVolumeTexture.uexp" 737
"../../../Engine/Content/EngineDebugMaterials/VolumeToRender.uasset" 738
"../../../Engine/Content/EngineDebugMaterials/VolumeToRender.uexp" 739
"../../../Engine/Content/EngineDebugMaterials/M_VolumeRenderSphereTracePP.uexp" 740
"../../../Engine/Content/EngineDebugMaterials/M_VolumeRenderSphereTracePP.uasset" 741
"../../../Engine/Content/EngineMaterials/HairDebugColor.uasset" 742
"../../../Engine/Content/EngineMaterials/HairDebugColor.uexp" 743
"../../../Engine/Content/EngineMaterials/HairColorMap.uexp" 744
"../../../Engine/Content/EngineMaterials/HairColorMap.uasset" 745
"../../../Engine/Plugins/Runtime/HairStrands/Content/Materials/HairGroupColors.uexp" 746
"../../../Engine/Plugins/Runtime/HairStrands/Content/Materials/HairGroupColors.uasset" 747
"../../../Engine/Plugins/Runtime/HairStrands/Content/Materials/HairDebugMaterial.uexp" 748
"../../../Engine/Plugins/Runtime/HairStrands/Content/Materials/HairDebugMaterial.uasset" 749
"../../../Engine/Content/EditorMaterials/Dataflow/T_CheckerBoard.uasset" 750
"../../../Engine/Content/EditorMaterials/Dataflow/T_CheckerBoard.uexp" 751
"../../../Engine/Content/EditorMaterials/Dataflow/M_Dataflow_CheckerBoard.uasset" 752
"../../../Engine/Content/EditorMaterials/Dataflow/M_Dataflow_CheckerBoard.uexp" 753
"../../../Engine/Plugins/Animation/ControlRig/Content/M_Manip.uexp" 754
"../../../Engine/Plugins/Animation/ControlRig/Content/M_Manip.uasset" 755
"../../../Engine/Content/MobileResources/HUD/VirtualJoystick_Background.uexp" 756
"../../../Engine/Content/MobileResources/HUD/VirtualJoystick_Background.uasset" 757
"../../../Engine/Content/MobileResources/HUD/VirtualJoystick_Thumb.uexp" 758
"../../../Engine/Content/MobileResources/HUD/VirtualJoystick_Thumb.uasset" 759
"../../../Engine/Content/MobileResources/HUD/DefaultVirtualJoysticks.uasset" 760
"../../../Engine/Content/MobileResources/HUD/DefaultVirtualJoysticks.uexp" 761
"../../../Engine/Plugins/Interchange/Assets/Content/Functions/MX_Surface.uexp" 762
"../../../Engine/Plugins/Interchange/Assets/Content/Functions/MX_Surface.uasset" 763
"../../../Engine/Plugins/Interchange/Assets/Content/Functions/MX_Displacement.uexp" 764
"../../../Engine/Plugins/Interchange/Assets/Content/Functions/MX_Displacement.uasset" 765
"../../../Engine/Plugins/Animation/ACLPlugin/Content/ACLAnimCurveCompressionSettings.uasset" 766
"../../../Engine/Plugins/Animation/ACLPlugin/Content/ACLAnimCurveCompressionSettings.uexp" 767
"../../../Engine/Plugins/Animation/ACLPlugin/Content/ACLAnimBoneCompressionSettings.uexp" 768
"../../../Engine/Plugins/Animation/ACLPlugin/Content/ACLAnimBoneCompressionSettings.uasset" 769
"../../../Engine/Content/Animation/DefaultVariableFrameStrippingSettings.uasset" 770
"../../../Engine/Content/Animation/DefaultVariableFrameStrippingSettings.uexp" 771
"/home/morpheus/Documents/Morpheus-Produktion/Benchmarks/MorphRig/GPT-6-Astra/MorphRig/unreal/Content/Operative/Animations/turn_r90.uasset" 772
"/home/morpheus/Documents/Morpheus-Produktion/Benchmarks/MorphRig/GPT-6-Astra/MorphRig/unreal/Content/Operative/Animations/turn_r90.uexp" 773
"/home/morpheus/Documents/Morpheus-Produktion/Benchmarks/MorphRig/GPT-6-Astra/MorphRig/unreal/Content/Operative/Animations/knockup_air.uasset" 774
"/home/morpheus/Documents/Morpheus-Produktion/Benchmarks/MorphRig/GPT-6-Astra/MorphRig/unreal/Content/Operative/Animations/knockup_air.uexp" 775
"/home/morpheus/Documents/Morpheus-Produktion/Benchmarks/MorphRig/GPT-6-Astra/MorphRig/unreal/Content/Operative/Animations/pivot_l180.uasset" 776
"/home/morpheus/Documents/Morpheus-Produktion/Benchmarks/MorphRig/GPT-6-Astra/MorphRig/unreal/Content/Operative/Animations/pivot_l180.uexp" 777
"/home/morpheus/Documents/Morpheus-Produktion/Benchmarks/MorphRig/GPT-6-Astra/MorphRig/unreal/Content/Operative/Animations/prone_front.uexp" 778
"/home/morpheus/Documents/Morpheus-Produktion/Benchmarks/MorphRig/GPT-6-Astra/MorphRig/unreal/Content/Operative/Animations/prone_front.uasset" 779
"../../../Engine/Content/EngineMaterials/Substrate/GLints/AGlintTex2dArray.uasset" 780
"../../../Engine/Content/EngineMaterials/Substrate/GLints/AGlintTex2dArray.uexp" 781
"../../../Engine/Content/EngineMaterials/Substrate/Volume/SubstrateSimpleVolumeEnvLUT3D.uexp" 782
"../../../Engine/Content/EngineMaterials/Substrate/Volume/SubstrateSimpleVolumeEnvLUT3D.uasset" 783
"../../../Engine/Content/EngineMaterials/Substrate/Volume/SubstrateSimpleVolumeLUT3D.uasset" 784
"../../../Engine/Content/EngineMaterials/Substrate/Volume/SubstrateSimpleVolumeLUT3D.uexp" 785
"../../../Engine/Content/EngineMaterials/Hair/Hair_DirectionalAlbedo.uexp" 786
"../../../Engine/Content/EngineMaterials/Hair/Hair_DirectionalAlbedo.uasset" 787
"../../../Engine/Content/EngineMaterials/Hair/Hair_DualScattering.uexp" 788
"../../../Engine/Content/EngineMaterials/Hair/Hair_DualScattering.uasset" 789
"../../../Engine/Content/EngineMaterials/Substrate/Glints2/AGlintTex2dArray2.uasset" 790
"../../../Engine/Content/EngineMaterials/Substrate/Glints2/AGlintTex2dArray2.uexp" 791
"../../../Engine/Content/EngineMaterials/DefaultCalibrationColor.uasset" 792
"../../../Engine/Content/EngineMaterials/DefaultCalibrationColor.uexp" 793
"../../../Engine/Content/EngineMaterials/PPM_DefaultCalibrationColor.uexp" 794
"../../../Engine/Content/EngineMaterials/PPM_DefaultCalibrationColor.uasset" 795
"../../../Engine/Content/EngineMaterials/DefaultCalibrationGrayscale.uasset" 796
"../../../Engine/Content/EngineMaterials/DefaultCalibrationGrayscale.uexp" 797
"../../../Engine/Content/EngineMaterials/PPM_DefaultCalibrationGrayscale.uexp" 798
"../../../Engine/Content/EngineMaterials/PPM_DefaultCalibrationGrayscale.uasset" 799
"/home/morpheus/Documents/Morpheus-Produktion/Benchmarks/MorphRig/GPT-6-Astra/MorphRig/unreal/Content/Operative/Animations/turn_l90.uasset" 800
"/home/morpheus/Documents/Morpheus-Produktion/Benchmarks/MorphRig/GPT-6-Astra/MorphRig/unreal/Content/Operative/Animations/turn_l90.uexp" 801
"/home/morpheus/Documents/Morpheus-Produktion/Benchmarks/MorphRig/GPT-6-Astra/MorphRig/unreal/Content/Operative/Animations/channel_end.uexp" 802
"/home/morpheus/Documents/Morpheus-Produktion/Benchmarks/MorphRig/GPT-6-Astra/MorphRig/unreal/Content/Operative/Animations/channel_end.uasset" 803
"/home/morpheus/Documents/Morpheus-Produktion/Benchmarks/MorphRig/GPT-6-Astra/MorphRig/unreal/Content/Operative/Animations/aim_up_center.uasset" 804
"/home/morpheus/Documents/Morpheus-Produktion/Benchmarks/MorphRig/GPT-6-Astra/MorphRig/unreal/Content/Operative/Animations/aim_up_center.uexp" 805
"/home/morpheus/Documents/Morpheus-Produktion/Benchmarks/MorphRig/GPT-6-Astra/MorphRig/unreal/Content/Operative/Animations/walk_b.uasset" 806
"/home/morpheus/Documents/Morpheus-Produktion/Benchmarks/MorphRig/GPT-6-Astra/MorphRig/unreal/Content/Operative/Animations/walk_b.uexp" 807
"/home/morpheus/Documents/Morpheus-Produktion/Benchmarks/MorphRig/GPT-6-Astra/MorphRig/unreal/Content/Operative/Animations/walk_fr.uasset" 808
"/home/morpheus/Documents/Morpheus-Produktion/Benchmarks/MorphRig/GPT-6-Astra/MorphRig/unreal/Content/Operative/Animations/walk_fr.uexp" 809
"/home/morpheus/Documents/Morpheus-Produktion/Benchmarks/MorphRig/GPT-6-Astra/MorphRig/unreal/Content/Operative/Animations/prone_back.uasset" 810
"/home/morpheus/Documents/Morpheus-Produktion/Benchmarks/MorphRig/GPT-6-Astra/MorphRig/unreal/Content/Operative/Animations/prone_back.uexp" 811
"/home/morpheus/Documents/Morpheus-Produktion/Benchmarks/MorphRig/GPT-6-Astra/MorphRig/unreal/Content/Operative/Animations/land_heavy.uexp" 812
"/home/morpheus/Documents/Morpheus-Produktion/Benchmarks/MorphRig/GPT-6-Astra/MorphRig/unreal/Content/Operative/Animations/land_heavy.uasset" 813
"/home/morpheus/Documents/Morpheus-Produktion/Benchmarks/MorphRig/GPT-6-Astra/MorphRig/unreal/Content/Operative/Animations/deploy.uasset" 814
"/home/morpheus/Documents/Morpheus-Produktion/Benchmarks/MorphRig/GPT-6-Astra/MorphRig/unreal/Content/Operative/Animations/deploy.uexp" 815
"/home/morpheus/Documents/Morpheus-Produktion/Benchmarks/MorphRig/GPT-6-Astra/MorphRig/unreal/Content/Operative/Animations/aim_level_right.uasset" 816
"/home/morpheus/Documents/Morpheus-Produktion/Benchmarks/MorphRig/GPT-6-Astra/MorphRig/unreal/Content/Operative/Animations/aim_level_right.uexp" 817
"/home/morpheus/Documents/Morpheus-Produktion/Benchmarks/MorphRig/GPT-6-Astra/MorphRig/unreal/Content/Operative/Animations/respawn.uasset" 818
"/home/morpheus/Documents/Morpheus-Produktion/Benchmarks/MorphRig/GPT-6-Astra/MorphRig/unreal/Content/Operative/Animations/respawn.uexp" 819
"/home/morpheus/Documents/Morpheus-Produktion/Benchmarks/MorphRig/GPT-6-Astra/MorphRig/unreal/Content/Operative/Animations/channel_start.uasset" 820
"/home/morpheus/Documents/Morpheus-Produktion/Benchmarks/MorphRig/GPT-6-Astra/MorphRig/unreal/Content/Operative/Animations/channel_start.uexp" 821
"/home/morpheus/Documents/Morpheus-Produktion/Benchmarks/MorphRig/GPT-6-Astra/MorphRig/unreal/Content/Operative/Animations/uplink_start.uasset" 822
"/home/morpheus/Documents/Morpheus-Produktion/Benchmarks/MorphRig/GPT-6-Astra/MorphRig/unreal/Content/Operative/Animations/uplink_start.uexp" 823
"/home/morpheus/Documents/Morpheus-Produktion/Benchmarks/MorphRig/GPT-6-Astra/MorphRig/unreal/Content/Operative/Animations/melee_1.uasset" 824
"/home/morpheus/Documents/Morpheus-Produktion/Benchmarks/MorphRig/GPT-6-Astra/MorphRig/unreal/Content/Operative/Animations/melee_1.uexp" 825
"/home/morpheus/Documents/Morpheus-Produktion/Benchmarks/MorphRig/GPT-6-Astra/MorphRig/unreal/Content/Operative/Animations/fall.uexp" 826
"/home/morpheus/Documents/Morpheus-Produktion/Benchmarks/MorphRig/GPT-6-Astra/MorphRig/unreal/Content/Operative/Animations/fall.uasset" 827
"/home/morpheus/Documents/Morpheus-Produktion/Benchmarks/MorphRig/GPT-6-Astra/MorphRig/unreal/Content/Operative/Animations/walk_l.uasset" 828
"/home/morpheus/Documents/Morpheus-Produktion/Benchmarks/MorphRig/GPT-6-Astra/MorphRig/unreal/Content/Operative/Animations/walk_l.uexp" 829
"/home/morpheus/Documents/Morpheus-Produktion/Benchmarks/MorphRig/GPT-6-Astra/MorphRig/unreal/Content/Operative/Animations/uplink_end.uasset" 830
"/home/morpheus/Documents/Morpheus-Produktion/Benchmarks/MorphRig/GPT-6-Astra/MorphRig/unreal/Content/Operative/Animations/uplink_end.uexp" 831
"/home/morpheus/Documents/Morpheus-Produktion/Benchmarks/MorphRig/GPT-6-Astra/MorphRig/unreal/Content/Operative/Animations/aim_down_left.uexp" 832
"/home/morpheus/Documents/Morpheus-Produktion/Benchmarks/MorphRig/GPT-6-Astra/MorphRig/unreal/Content/Operative/Animations/aim_down_left.uasset" 833
"/home/morpheus/Documents/Morpheus-Produktion/Benchmarks/MorphRig/GPT-6-Astra/MorphRig/unreal/Content/Operative/Animations/run_fr.uasset" 834
"/home/morpheus/Documents/Morpheus-Produktion/Benchmarks/MorphRig/GPT-6-Astra/MorphRig/unreal/Content/Operative/Animations/run_fr.uexp" 835
"/home/morpheus/Documents/Morpheus-Produktion/Benchmarks/MorphRig/GPT-6-Astra/MorphRig/unreal/Content/Operative/Animations/dash_l.uasset" 836
"/home/morpheus/Documents/Morpheus-Produktion/Benchmarks/MorphRig/GPT-6-Astra/MorphRig/unreal/Content/Operative/Animations/dash_l.uexp" 837
"/home/morpheus/Documents/Morpheus-Produktion/Benchmarks/MorphRig/GPT-6-Astra/MorphRig/unreal/Content/Operative/Animations/run_bl.uexp" 838
"/home/morpheus/Documents/Morpheus-Produktion/Benchmarks/MorphRig/GPT-6-Astra/MorphRig/unreal/Content/Operative/Animations/run_bl.uasset" 839
"/home/morpheus/Documents/Morpheus-Produktion/Benchmarks/MorphRig/GPT-6-Astra/MorphRig/unreal/Content/Operative/Animations/walk_f.uasset" 840
"/home/morpheus/Documents/Morpheus-Produktion/Benchmarks/MorphRig/GPT-6-Astra/MorphRig/unreal/Content/Operative/Animations/walk_f.uexp" 841
"/home/morpheus/Documents/Morpheus-Produktion/Benchmarks/MorphRig/GPT-6-Astra/MorphRig/unreal/Content/Operative/Animations/stop_f.uasset" 842
"/home/morpheus/Documents/Morpheus-Produktion/Benchmarks/MorphRig/GPT-6-Astra/MorphRig/unreal/Content/Operative/Animations/stop_f.uexp" 843
"/home/morpheus/Documents/Morpheus-Produktion/Benchmarks/MorphRig/GPT-6-Astra/MorphRig/unreal/Content/Operative/Animations/sleep_loop.uexp" 844
"/home/morpheus/Documents/Morpheus-Produktion/Benchmarks/MorphRig/GPT-6-Astra/MorphRig/unreal/Content/Operative/Animations/sleep_loop.uasset" 845
"/home/morpheus/Documents/Morpheus-Produktion/Benchmarks/MorphRig/GPT-6-Astra/MorphRig/unreal/Content/Operative/Animations/sleep_start.uasset" 846
"/home/morpheus/Documents/Morpheus-Produktion/Benchmarks/MorphRig/GPT-6-Astra/MorphRig/unreal/Content/Operative/Animations/sleep_start.uexp" 847
"/home/morpheus/Documents/Morpheus-Produktion/Benchmarks/MorphRig/GPT-6-Astra/MorphRig/unreal/Content/Operative/Animations/defeat.uasset" 848
"/home/morpheus/Documents/Morpheus-Produktion/Benchmarks/MorphRig/GPT-6-Astra/MorphRig/unreal/Content/Operative/Animations/defeat.uexp" 849
"/home/morpheus/Documents/Morpheus-Produktion/Benchmarks/MorphRig/GPT-6-Astra/MorphRig/unreal/Content/Operative/Animations/knockdown_front.uasset" 850
"/home/morpheus/Documents/Morpheus-Produktion/Benchmarks/MorphRig/GPT-6-Astra/MorphRig/unreal/Content/Operative/Animations/knockdown_front.uexp" 851
"/home/morpheus/Documents/Morpheus-Produktion/Benchmarks/MorphRig/GPT-6-Astra/MorphRig/unreal/Content/Operative/Animations/channel_loop.uasset" 852
"/home/morpheus/Documents/Morpheus-Produktion/Benchmarks/MorphRig/GPT-6-Astra/MorphRig/unreal/Content/Operative/Animations/channel_loop.uexp" 853
"/home/morpheus/Documents/Morpheus-Produktion/Benchmarks/MorphRig/GPT-6-Astra/MorphRig/unreal/Content/Operative/Animations/dead_back.uasset" 854
"/home/morpheus/Documents/Morpheus-Produktion/Benchmarks/MorphRig/GPT-6-Astra/MorphRig/unreal/Content/Operative/Animations/dead_back.uexp" 855
"/home/morpheus/Documents/Morpheus-Produktion/Benchmarks/MorphRig/GPT-6-Astra/MorphRig/unreal/Content/Operative/Animations/aim_level_center.uasset" 856
"/home/morpheus/Documents/Morpheus-Produktion/Benchmarks/MorphRig/GPT-6-Astra/MorphRig/unreal/Content/Operative/Animations/aim_level_center.uexp" 857
"/home/morpheus/Documents/Morpheus-Produktion/Benchmarks/MorphRig/GPT-6-Astra/MorphRig/unreal/Content/Operative/Animations/victory.uasset" 858
"/home/morpheus/Documents/Morpheus-Produktion/Benchmarks/MorphRig/GPT-6-Astra/MorphRig/unreal/Content/Operative/Animations/victory.uexp" 859
"/home/morpheus/Documents/Morpheus-Produktion/Benchmarks/MorphRig/GPT-6-Astra/MorphRig/unreal/Content/Operative/Animations/hit_l.uexp" 860
"/home/morpheus/Documents/Morpheus-Produktion/Benchmarks/MorphRig/GPT-6-Astra/MorphRig/unreal/Content/Operative/Animations/hit_l.uasset" 861
"/home/morpheus/Documents/Morpheus-Produktion/Benchmarks/MorphRig/GPT-6-Astra/MorphRig/unreal/Content/Operative/Animations/stun_start.uasset" 862
"/home/morpheus/Documents/Morpheus-Produktion/Benchmarks/MorphRig/GPT-6-Astra/MorphRig/unreal/Content/Operative/Animations/stun_start.uexp" 863
"/home/morpheus/Documents/Morpheus-Produktion/Benchmarks/MorphRig/GPT-6-Astra/MorphRig/unreal/Content/Operative/Animations/ranged_burst.uasset" 864
"/home/morpheus/Documents/Morpheus-Produktion/Benchmarks/MorphRig/GPT-6-Astra/MorphRig/unreal/Content/Operative/Animations/ranged_burst.uexp" 865
"/home/morpheus/Documents/Morpheus-Produktion/Benchmarks/MorphRig/GPT-6-Astra/MorphRig/unreal/Content/Operative/Animations/melee_3.uexp" 866
"/home/morpheus/Documents/Morpheus-Produktion/Benchmarks/MorphRig/GPT-6-Astra/MorphRig/unreal/Content/Operative/Animations/melee_3.uasset" 867
"../../../Engine/Plugins/Animation/DeformerGraph/Content/DeformerFunctions/DG_Function_LinearBlendSkin_Morph_Cloth.uexp" 868
"../../../Engine/Plugins/Animation/DeformerGraph/Content/DeformerFunctions/DG_Function_LinearBlendSkin_Morph_Cloth.uasset" 869
"../../../Engine/Plugins/Animation/DeformerGraph/Content/Deformers/DG_LinearBlendSkin_Morph_Cloth.uexp" 870
"../../../Engine/Plugins/Animation/DeformerGraph/Content/Deformers/DG_LinearBlendSkin_Morph_Cloth.uasset" 871
"../../../Engine/Plugins/Animation/DeformerGraph/Content/DeformerFunctions/DG_Function_ComputeNormalsTangents.uexp" 872
"../../../Engine/Plugins/Animation/DeformerGraph/Content/DeformerFunctions/DG_Function_ComputeNormalsTangents.uasset" 873
"../../../Engine/Plugins/Animation/DeformerGraph/Content/DeformerFunctions/DG_Function_LinearBlendSkin_Morph_Cloth_PositionOnly.uexp" 874
"../../../Engine/Plugins/Animation/DeformerGraph/Content/DeformerFunctions/DG_Function_LinearBlendSkin_Morph_Cloth_PositionOnly.uasset" 875
"../../../Engine/Plugins/Animation/DeformerGraph/Content/Deformers/DG_LinearBlendSkin_Morph_Cloth_RecomputeNormals.uasset" 876
"../../../Engine/Plugins/Animation/DeformerGraph/Content/Deformers/DG_LinearBlendSkin_Morph_Cloth_RecomputeNormals.uexp" 877
"../../../Engine/Content/EngineMaterials/InvalidLightmapSettings.uasset" 878
"../../../Engine/Content/EngineMaterials/InvalidLightmapSettings.ubulk" 879
"../../../Engine/Content/EngineMaterials/InvalidLightmapSettings.uexp" 880
"../../../Engine/Content/EngineMaterials/M_InvalidLightmapSettings.uasset" 881
"../../../Engine/Content/EngineMaterials/M_InvalidLightmapSettings.uexp" 882
"/home/morpheus/Documents/Morpheus-Produktion/Benchmarks/MorphRig/GPT-6-Astra/MorphRig/unreal/Content/Operative/Animations/aim_up_left.uexp" 883
"/home/morpheus/Documents/Morpheus-Produktion/Benchmarks/MorphRig/GPT-6-Astra/MorphRig/unreal/Content/Operative/Animations/aim_up_left.uasset" 884
"/home/morpheus/Documents/Morpheus-Produktion/Benchmarks/MorphRig/GPT-6-Astra/MorphRig/unreal/Content/Operative/Animations/walk_br.uexp" 885
"/home/morpheus/Documents/Morpheus-Produktion/Benchmarks/MorphRig/GPT-6-Astra/MorphRig/unreal/Content/Operative/Animations/walk_br.uasset" 886
"/home/morpheus/Documents/Morpheus-Produktion/Benchmarks/MorphRig/GPT-6-Astra/MorphRig/unreal/Content/Operative/Animations/stun_loop.uexp" 887
"/home/morpheus/Documents/Morpheus-Produktion/Benchmarks/MorphRig/GPT-6-Astra/MorphRig/unreal/Content/Operative/Animations/stun_loop.uasset" 888
"/home/morpheus/Documents/Morpheus-Produktion/Benchmarks/MorphRig/GPT-6-Astra/MorphRig/unreal/Content/Operative/Animations/charge_start.uasset" 889
"/home/morpheus/Documents/Morpheus-Produktion/Benchmarks/MorphRig/GPT-6-Astra/MorphRig/unreal/Content/Operative/Animations/charge_start.uexp" 890
"/home/morpheus/Documents/Morpheus-Produktion/Benchmarks/MorphRig/GPT-6-Astra/MorphRig/unreal/Content/Operative/Animations/walk_bl.uexp" 891
"/home/morpheus/Documents/Morpheus-Produktion/Benchmarks/MorphRig/GPT-6-Astra/MorphRig/unreal/Content/Operative/Animations/walk_bl.uasset" 892
"/home/morpheus/Documents/Morpheus-Produktion/Benchmarks/MorphRig/GPT-6-Astra/MorphRig/unreal/Content/Operative/Animations/dialogue.uasset" 893
"/home/morpheus/Documents/Morpheus-Produktion/Benchmarks/MorphRig/GPT-6-Astra/MorphRig/unreal/Content/Operative/Animations/dialogue.uexp" 894
"/home/morpheus/Documents/Morpheus-Produktion/Benchmarks/MorphRig/GPT-6-Astra/MorphRig/unreal/Content/Operative/Animations/death_front.uexp" 895
"/home/morpheus/Documents/Morpheus-Produktion/Benchmarks/MorphRig/GPT-6-Astra/MorphRig/unreal/Content/Operative/Animations/death_front.uasset" 896
"/home/morpheus/Documents/Morpheus-Produktion/Benchmarks/MorphRig/GPT-6-Astra/MorphRig/unreal/Content/Operative/Animations/aim_up_right.uasset" 897
"/home/morpheus/Documents/Morpheus-Produktion/Benchmarks/MorphRig/GPT-6-Astra/MorphRig/unreal/Content/Operative/Animations/aim_up_right.uexp" 898
"/home/morpheus/Documents/Morpheus-Produktion/Benchmarks/MorphRig/GPT-6-Astra/MorphRig/unreal/Content/Operative/Animations/dash_b.uasset" 899
"/home/morpheus/Documents/Morpheus-Produktion/Benchmarks/MorphRig/GPT-6-Astra/MorphRig/unreal/Content/Operative/Animations/dash_b.uexp" 900
"/home/morpheus/Documents/Morpheus-Produktion/Benchmarks/MorphRig/GPT-6-Astra/MorphRig/unreal/Content/Operative/Animations/death_back.uasset" 901
"/home/morpheus/Documents/Morpheus-Produktion/Benchmarks/MorphRig/GPT-6-Astra/MorphRig/unreal/Content/Operative/Animations/death_back.uexp" 902
"/home/morpheus/Documents/Morpheus-Produktion/Benchmarks/MorphRig/GPT-6-Astra/MorphRig/unreal/Content/Operative/Animations/run_r.uexp" 903
"/home/morpheus/Documents/Morpheus-Produktion/Benchmarks/MorphRig/GPT-6-Astra/MorphRig/unreal/Content/Operative/Animations/run_r.uasset" 904
"/home/morpheus/Documents/Morpheus-Produktion/Benchmarks/MorphRig/GPT-6-Astra/MorphRig/unreal/Content/Operative/Animations/hit_r.uasset" 905
"/home/morpheus/Documents/Morpheus-Produktion/Benchmarks/MorphRig/GPT-6-Astra/MorphRig/unreal/Content/Operative/Animations/hit_r.uexp" 906
"/home/morpheus/Documents/Morpheus-Produktion/Benchmarks/MorphRig/GPT-6-Astra/MorphRig/unreal/Content/Operative/Animations/charge_cancel.uexp" 907
"/home/morpheus/Documents/Morpheus-Produktion/Benchmarks/MorphRig/GPT-6-Astra/MorphRig/unreal/Content/Operative/Animations/charge_cancel.uasset" 908
"/home/morpheus/Documents/Morpheus-Produktion/Benchmarks/MorphRig/GPT-6-Astra/MorphRig/unreal/Content/Operative/Animations/jump_start.uexp" 909
"/home/morpheus/Documents/Morpheus-Produktion/Benchmarks/MorphRig/GPT-6-Astra/MorphRig/unreal/Content/Operative/Animations/jump_start.uasset" 910
"/home/morpheus/Documents/Morpheus-Produktion/Benchmarks/MorphRig/GPT-6-Astra/MorphRig/unreal/Content/Operative/Animations/uplink_cancel.uasset" 911
"/home/morpheus/Documents/Morpheus-Produktion/Benchmarks/MorphRig/GPT-6-Astra/MorphRig/unreal/Content/Operative/Animations/uplink_cancel.uexp" 912
"/home/morpheus/Documents/Morpheus-Produktion/Benchmarks/MorphRig/GPT-6-Astra/MorphRig/unreal/Content/Operative/Animations/melee_2.uexp" 913
"/home/morpheus/Documents/Morpheus-Produktion/Benchmarks/MorphRig/GPT-6-Astra/MorphRig/unreal/Content/Operative/Animations/melee_2.uasset" 914
"/home/morpheus/Documents/Morpheus-Produktion/Benchmarks/MorphRig/GPT-6-Astra/MorphRig/unreal/Content/Operative/Animations/pivot_r180.uasset" 915
"/home/morpheus/Documents/Morpheus-Produktion/Benchmarks/MorphRig/GPT-6-Astra/MorphRig/unreal/Content/Operative/Animations/pivot_r180.uexp" 916
"/home/morpheus/Documents/Morpheus-Produktion/Benchmarks/MorphRig/GPT-6-Astra/MorphRig/unreal/Content/Operative/Animations/uplink_loop.uasset" 917
"/home/morpheus/Documents/Morpheus-Produktion/Benchmarks/MorphRig/GPT-6-Astra/MorphRig/unreal/Content/Operative/Animations/uplink_loop.uexp" 918
"/home/morpheus/Documents/Morpheus-Produktion/Benchmarks/MorphRig/GPT-6-Astra/MorphRig/unreal/Content/Operative/Animations/sleep_end.uasset" 919
"/home/morpheus/Documents/Morpheus-Produktion/Benchmarks/MorphRig/GPT-6-Astra/MorphRig/unreal/Content/Operative/Animations/sleep_end.uexp" 920
"/home/morpheus/Documents/Morpheus-Produktion/Benchmarks/MorphRig/GPT-6-Astra/MorphRig/unreal/Content/Operative/Animations/start_f.uexp" 921
"/home/morpheus/Documents/Morpheus-Produktion/Benchmarks/MorphRig/GPT-6-Astra/MorphRig/unreal/Content/Operative/Animations/start_f.uasset" 922
"/home/morpheus/Documents/Morpheus-Produktion/Benchmarks/MorphRig/GPT-6-Astra/MorphRig/unreal/Content/Operative/Animations/hit_b.uasset" 923
"/home/morpheus/Documents/Morpheus-Produktion/Benchmarks/MorphRig/GPT-6-Astra/MorphRig/unreal/Content/Operative/Animations/hit_b.uexp" 924
"/home/morpheus/Documents/Morpheus-Produktion/Benchmarks/MorphRig/GPT-6-Astra/MorphRig/unreal/Content/Operative/Animations/idle_relaxed.uasset" 925
"/home/morpheus/Documents/Morpheus-Produktion/Benchmarks/MorphRig/GPT-6-Astra/MorphRig/unreal/Content/Operative/Animations/idle_relaxed.uexp" 926
"/home/morpheus/Documents/Morpheus-Produktion/Benchmarks/MorphRig/GPT-6-Astra/MorphRig/unreal/Content/Operative/Animations/charge_hold.uasset" 927
"/home/morpheus/Documents/Morpheus-Produktion/Benchmarks/MorphRig/GPT-6-Astra/MorphRig/unreal/Content/Operative/Animations/charge_hold.uexp" 928
"/home/morpheus/Documents/Morpheus-Produktion/Benchmarks/MorphRig/GPT-6-Astra/MorphRig/unreal/Content/Operative/Animations/aim_down_right.uexp" 929
"/home/morpheus/Documents/Morpheus-Produktion/Benchmarks/MorphRig/GPT-6-Astra/MorphRig/unreal/Content/Operative/Animations/aim_down_right.uasset" 930
"/home/morpheus/Documents/Morpheus-Produktion/Benchmarks/MorphRig/GPT-6-Astra/MorphRig/unreal/Content/Operative/Animations/walk_r.uexp" 931
"/home/morpheus/Documents/Morpheus-Produktion/Benchmarks/MorphRig/GPT-6-Astra/MorphRig/unreal/Content/Operative/Animations/walk_r.uasset" 932
"/home/morpheus/Documents/Morpheus-Produktion/Benchmarks/MorphRig/GPT-6-Astra/MorphRig/unreal/Content/Operative/Animations/getup_front.uexp" 933
"/home/morpheus/Documents/Morpheus-Produktion/Benchmarks/MorphRig/GPT-6-Astra/MorphRig/unreal/Content/Operative/Animations/getup_front.uasset" 934
"/home/morpheus/Documents/Morpheus-Produktion/Benchmarks/MorphRig/GPT-6-Astra/MorphRig/unreal/Content/Operative/Animations/getup_back.uexp" 935
"/home/morpheus/Documents/Morpheus-Produktion/Benchmarks/MorphRig/GPT-6-Astra/MorphRig/unreal/Content/Operative/Animations/getup_back.uasset" 936
"/home/morpheus/Documents/Morpheus-Produktion/Benchmarks/MorphRig/GPT-6-Astra/MorphRig/unreal/Content/Operative/Animations/knockdown_back.uasset" 937
"/home/morpheus/Documents/Morpheus-Produktion/Benchmarks/MorphRig/GPT-6-Astra/MorphRig/unreal/Content/Operative/Animations/knockdown_back.uexp" 938
"/home/morpheus/Documents/Morpheus-Produktion/Benchmarks/MorphRig/GPT-6-Astra/MorphRig/unreal/Content/Operative/Animations/blink_out.uasset" 939
"/home/morpheus/Documents/Morpheus-Produktion/Benchmarks/MorphRig/GPT-6-Astra/MorphRig/unreal/Content/Operative/Animations/blink_out.uexp" 940
"/home/morpheus/Documents/Morpheus-Produktion/Benchmarks/MorphRig/GPT-6-Astra/MorphRig/unreal/Content/Operative/Animations/jump_land.uexp" 941
"/home/morpheus/Documents/Morpheus-Produktion/Benchmarks/MorphRig/GPT-6-Astra/MorphRig/unreal/Content/Operative/Animations/jump_land.uasset" 942
"/home/morpheus/Documents/Morpheus-Produktion/Benchmarks/MorphRig/GPT-6-Astra/MorphRig/unreal/Content/Operative/Animations/run_l.uexp" 943
"/home/morpheus/Documents/Morpheus-Produktion/Benchmarks/MorphRig/GPT-6-Astra/MorphRig/unreal/Content/Operative/Animations/run_l.uasset" 944
"/home/morpheus/Documents/Morpheus-Produktion/Benchmarks/MorphRig/GPT-6-Astra/MorphRig/unreal/Content/Operative/Animations/walk_fl.uexp" 945
"/home/morpheus/Documents/Morpheus-Produktion/Benchmarks/MorphRig/GPT-6-Astra/MorphRig/unreal/Content/Operative/Animations/walk_fl.uasset" 946
"/home/morpheus/Documents/Morpheus-Produktion/Benchmarks/MorphRig/GPT-6-Astra/MorphRig/unreal/Content/Operative/Animations/jump_air.uexp" 947
"/home/morpheus/Documents/Morpheus-Produktion/Benchmarks/MorphRig/GPT-6-Astra/MorphRig/unreal/Content/Operative/Animations/jump_air.uasset" 948
"/home/morpheus/Documents/Morpheus-Produktion/Benchmarks/MorphRig/GPT-6-Astra/MorphRig/unreal/Content/Operative/Animations/dash_f.uexp" 949
"/home/morpheus/Documents/Morpheus-Produktion/Benchmarks/MorphRig/GPT-6-Astra/MorphRig/unreal/Content/Operative/Animations/dash_f.uasset" 950
"/home/morpheus/Documents/Morpheus-Produktion/Benchmarks/MorphRig/GPT-6-Astra/MorphRig/unreal/Content/Operative/Animations/reload.uexp" 951
"/home/morpheus/Documents/Morpheus-Produktion/Benchmarks/MorphRig/GPT-6-Astra/MorphRig/unreal/Content/Operative/Animations/reload.uasset" 952
"/home/morpheus/Documents/Morpheus-Produktion/Benchmarks/MorphRig/GPT-6-Astra/MorphRig/unreal/Content/Operative/Animations/blink_in.uexp" 953
"/home/morpheus/Documents/Morpheus-Produktion/Benchmarks/MorphRig/GPT-6-Astra/MorphRig/unreal/Content/Operative/Animations/blink_in.uasset" 954
"/home/morpheus/Documents/Morpheus-Produktion/Benchmarks/MorphRig/GPT-6-Astra/MorphRig/unreal/Content/Operative/Animations/run_br.uexp" 955
"/home/morpheus/Documents/Morpheus-Produktion/Benchmarks/MorphRig/GPT-6-Astra/MorphRig/unreal/Content/Operative/Animations/run_br.uasset" 956
"/home/morpheus/Documents/Morpheus-Produktion/Benchmarks/MorphRig/GPT-6-Astra/MorphRig/unreal/Content/Operative/Animations/dash_r.uasset" 957
"/home/morpheus/Documents/Morpheus-Produktion/Benchmarks/MorphRig/GPT-6-Astra/MorphRig/unreal/Content/Operative/Animations/dash_r.uexp" 958
"/home/morpheus/Documents/Morpheus-Produktion/Benchmarks/MorphRig/GPT-6-Astra/MorphRig/unreal/Content/Operative/Animations/idle_combat.uexp" 959
"/home/morpheus/Documents/Morpheus-Produktion/Benchmarks/MorphRig/GPT-6-Astra/MorphRig/unreal/Content/Operative/Animations/idle_combat.uasset" 960
"/home/morpheus/Documents/Morpheus-Produktion/Benchmarks/MorphRig/GPT-6-Astra/MorphRig/unreal/Content/Operative/Animations/greet.uexp" 961
"/home/morpheus/Documents/Morpheus-Produktion/Benchmarks/MorphRig/GPT-6-Astra/MorphRig/unreal/Content/Operative/Animations/greet.uasset" 962
"/home/morpheus/Documents/Morpheus-Produktion/Benchmarks/MorphRig/GPT-6-Astra/MorphRig/unreal/Content/Operative/Animations/sprint_f.uexp" 963
"/home/morpheus/Documents/Morpheus-Produktion/Benchmarks/MorphRig/GPT-6-Astra/MorphRig/unreal/Content/Operative/Animations/sprint_f.uasset" 964
"/home/morpheus/Documents/Morpheus-Produktion/Benchmarks/MorphRig/GPT-6-Astra/MorphRig/unreal/Content/Operative/Animations/idle_wounded.uexp" 965
"/home/morpheus/Documents/Morpheus-Produktion/Benchmarks/MorphRig/GPT-6-Astra/MorphRig/unreal/Content/Operative/Animations/idle_wounded.uasset" 966
"/home/morpheus/Documents/Morpheus-Produktion/Benchmarks/MorphRig/GPT-6-Astra/MorphRig/unreal/Content/Operative/Animations/hit_f.uasset" 967
"/home/morpheus/Documents/Morpheus-Produktion/Benchmarks/MorphRig/GPT-6-Astra/MorphRig/unreal/Content/Operative/Animations/hit_f.uexp" 968
"/home/morpheus/Documents/Morpheus-Produktion/Benchmarks/MorphRig/GPT-6-Astra/MorphRig/unreal/Content/Operative/Animations/aim_level_left.uexp" 969
"/home/morpheus/Documents/Morpheus-Produktion/Benchmarks/MorphRig/GPT-6-Astra/MorphRig/unreal/Content/Operative/Animations/aim_level_left.uasset" 970
"/home/morpheus/Documents/Morpheus-Produktion/Benchmarks/MorphRig/GPT-6-Astra/MorphRig/unreal/Content/Operative/Animations/cast_directional.uexp" 971
"/home/morpheus/Documents/Morpheus-Produktion/Benchmarks/MorphRig/GPT-6-Astra/MorphRig/unreal/Content/Operative/Animations/cast_directional.uasset" 972
"/home/morpheus/Documents/Morpheus-Produktion/Benchmarks/MorphRig/GPT-6-Astra/MorphRig/unreal/Content/Operative/Animations/knockup_start.uexp" 973
"/home/morpheus/Documents/Morpheus-Produktion/Benchmarks/MorphRig/GPT-6-Astra/MorphRig/unreal/Content/Operative/Animations/knockup_start.uasset" 974
"/home/morpheus/Documents/Morpheus-Produktion/Benchmarks/MorphRig/GPT-6-Astra/MorphRig/unreal/Content/Operative/Animations/stun_end.uexp" 975
"/home/morpheus/Documents/Morpheus-Produktion/Benchmarks/MorphRig/GPT-6-Astra/MorphRig/unreal/Content/Operative/Animations/stun_end.uasset" 976
"/home/morpheus/Documents/Morpheus-Produktion/Benchmarks/MorphRig/GPT-6-Astra/MorphRig/unreal/Content/Operative/Animations/run_f.uexp" 977
"/home/morpheus/Documents/Morpheus-Produktion/Benchmarks/MorphRig/GPT-6-Astra/MorphRig/unreal/Content/Operative/Animations/run_f.uasset" 978
"/home/morpheus/Documents/Morpheus-Produktion/Benchmarks/MorphRig/GPT-6-Astra/MorphRig/unreal/Content/Operative/Animations/ranged_fire.uexp" 979
"/home/morpheus/Documents/Morpheus-Produktion/Benchmarks/MorphRig/GPT-6-Astra/MorphRig/unreal/Content/Operative/Animations/ranged_fire.uasset" 980
"/home/morpheus/Documents/Morpheus-Produktion/Benchmarks/MorphRig/GPT-6-Astra/MorphRig/unreal/Content/Operative/Animations/knockback.uexp" 981
"/home/morpheus/Documents/Morpheus-Produktion/Benchmarks/MorphRig/GPT-6-Astra/MorphRig/unreal/Content/Operative/Animations/knockback.uasset" 982
"/home/morpheus/Documents/Morpheus-Produktion/Benchmarks/MorphRig/GPT-6-Astra/MorphRig/unreal/Content/Operative/Animations/cast_self.uasset" 983
"/home/morpheus/Documents/Morpheus-Produktion/Benchmarks/MorphRig/GPT-6-Astra/MorphRig/unreal/Content/Operative/Animations/cast_self.uexp" 984
"/home/morpheus/Documents/Morpheus-Produktion/Benchmarks/MorphRig/GPT-6-Astra/MorphRig/unreal/Content/Operative/Animations/aim_down_center.uexp" 985
"/home/morpheus/Documents/Morpheus-Produktion/Benchmarks/MorphRig/GPT-6-Astra/MorphRig/unreal/Content/Operative/Animations/aim_down_center.uasset" 986
"/home/morpheus/Documents/Morpheus-Produktion/Benchmarks/MorphRig/GPT-6-Astra/MorphRig/unreal/Content/Operative/Animations/cast_ground.uexp" 987
"/home/morpheus/Documents/Morpheus-Produktion/Benchmarks/MorphRig/GPT-6-Astra/MorphRig/unreal/Content/Operative/Animations/cast_ground.uasset" 988
"/home/morpheus/Documents/Morpheus-Produktion/Benchmarks/MorphRig/GPT-6-Astra/MorphRig/unreal/Content/Operative/Animations/channel_interrupt.uexp" 989
"/home/morpheus/Documents/Morpheus-Produktion/Benchmarks/MorphRig/GPT-6-Astra/MorphRig/unreal/Content/Operative/Animations/channel_interrupt.uasset" 990
"/home/morpheus/Documents/Morpheus-Produktion/Benchmarks/MorphRig/GPT-6-Astra/MorphRig/unreal/Content/Operative/Animations/charge_release.uexp" 991
"/home/morpheus/Documents/Morpheus-Produktion/Benchmarks/MorphRig/GPT-6-Astra/MorphRig/unreal/Content/Operative/Animations/charge_release.uasset" 992
"/home/morpheus/Documents/Morpheus-Produktion/Benchmarks/MorphRig/GPT-6-Astra/MorphRig/unreal/Content/Operative/Animations/run_b.uexp" 993
"/home/morpheus/Documents/Morpheus-Produktion/Benchmarks/MorphRig/GPT-6-Astra/MorphRig/unreal/Content/Operative/Animations/run_b.uasset" 994
"/home/morpheus/Documents/Morpheus-Produktion/Benchmarks/MorphRig/GPT-6-Astra/MorphRig/unreal/Content/Operative/Animations/dead_front.uexp" 995
"/home/morpheus/Documents/Morpheus-Produktion/Benchmarks/MorphRig/GPT-6-Astra/MorphRig/unreal/Content/Operative/Animations/dead_front.uasset" 996
"/home/morpheus/Documents/Morpheus-Produktion/Benchmarks/MorphRig/GPT-6-Astra/MorphRig/unreal/Content/Operative/Animations/run_fl.uexp" 997
"/home/morpheus/Documents/Morpheus-Produktion/Benchmarks/MorphRig/GPT-6-Astra/MorphRig/unreal/Content/Operative/Animations/run_fl.uasset" 998
"../../../Engine/Content/EditorLandscapeResources/LayerVisMaterial.uasset" 999
"../../../Engine/Content/EditorLandscapeResources/LayerVisMaterial.uexp" 1000
"../../../Engine/Content/EditorLandscapeResources/LandscapeDirtyMaterial.uexp" 1001
"../../../Engine/Content/EditorLandscapeResources/LandscapeDirtyMaterial.uasset" 1002
"../../../Engine/Content/EngineMaterials/DefaultWhiteGrid_Low.uasset" 1003
"../../../Engine/Content/EngineMaterials/DefaultWhiteGrid_Low.uexp" 1004
"../../../Engine/Content/EngineMaterials/EmissiveMeshMaterial.uasset" 1005
"../../../Engine/Content/EngineMaterials/EmissiveMeshMaterial.uexp" 1006
"../../../Engine/Content/EngineMaterials/BaseFlattenNormalMap_VT.ubulk" 1007
"../../../Engine/Content/EngineMaterials/BaseFlattenNormalMap_VT.uasset" 1008
"../../../Engine/Content/EngineMaterials/BaseFlattenNormalMap_VT.uexp" 1009
"../../../Engine/Content/EngineMaterials/Black_1x1_EXR_Texture_VT.uasset" 1010
"../../../Engine/Content/EngineMaterials/Black_1x1_EXR_Texture_VT.uexp" 1011
"../../../Engine/Content/EngineMaterials/Black_1x1_EXR_Texture_VT.ubulk" 1012
"../../../Engine/Content/EngineMaterials/BaseFlattenDiffuseMap_VT.ubulk" 1013
"../../../Engine/Content/EngineMaterials/BaseFlattenDiffuseMap_VT.uexp" 1014
"../../../Engine/Content/EngineMaterials/BaseFlattenDiffuseMap_VT.uasset" 1015
"../../../Engine/Content/EngineMaterials/BaseFlattenLinearColor_VT.ubulk" 1016
"../../../Engine/Content/EngineMaterials/BaseFlattenLinearColor_VT.uexp" 1017
"../../../Engine/Content/EngineMaterials/BaseFlattenLinearColor_VT.uasset" 1018
"../../../Engine/Content/EngineMaterials/BaseFlattenGrayscaleMap_VT.uexp" 1019
"../../../Engine/Content/EngineMaterials/BaseFlattenGrayscaleMap_VT.ubulk" 1020
"../../../Engine/Content/EngineMaterials/BaseFlattenGrayscaleMap_VT.uasset" 1021
"../../../Engine/Content/EngineMaterials/BaseFlattenEmissiveMap_VT.uexp" 1022
"../../../Engine/Content/EngineMaterials/BaseFlattenEmissiveMap_VT.ubulk" 1023
"../../../Engine/Content/EngineMaterials/BaseFlattenEmissiveMap_VT.uasset" 1024
"../../../Engine/Content/EngineMaterials/FlattenMaterial_VT.uasset" 1025
"../../../Engine/Content/EngineMaterials/FlattenMaterial_VT.uexp" 1026
"../../../Engine/Content/EngineMaterials/FlattenMaterial_WS_Normal_VT.uasset" 1027
"../../../Engine/Content/EngineMaterials/FlattenMaterial_WS_Normal_VT.uexp" 1028
"../../../Engine/Content/EngineMaterials/WeightMapPlaceholderTexture.uexp" 1029
"../../../Engine/Content/EngineMaterials/WeightMapPlaceholderTexture.uasset" 1030
"../../../Engine/Content/EngineMaterials/WeightMapArrayPlaceholderTexture.uasset" 1031
"../../../Engine/Content/EngineMaterials/WeightMapArrayPlaceholderTexture.uexp" 1032
"../../../Engine/Content/BasicShapes/BasicShapeMaterial.uasset" 1033
"../../../Engine/Content/BasicShapes/BasicShapeMaterial.uexp" 1034
"../../../Engine/Content/BasicShapes/BasicShapeMaterial_Inst.uasset" 1035
"../../../Engine/Content/BasicShapes/BasicShapeMaterial_Inst.uexp" 1036
"../../../Engine/Plugins/NNE/NNEDenoiser/Content/NNED_Oidn2-3_HighQuality.uasset" 1037
"../../../Engine/Plugins/NNE/NNEDenoiser/Content/NNED_Oidn2-3_HighQuality.uexp" 1038
"../../../Engine/Plugins/NNE/NNEDenoiser/Content/NNEDT_Oidn2-3_Balanced.uasset" 1039
"../../../Engine/Plugins/NNE/NNEDenoiser/Content/NNEDT_Oidn2-3_Balanced.uexp" 1040
"../../../Engine/Plugins/NNE/NNEDenoiser/Content/NNEDTOM_Output_Alpha.uasset" 1041
"../../../Engine/Plugins/NNE/NNEDenoiser/Content/NNEDTOM_Output_Alpha.uexp" 1042
"../../../Engine/Plugins/NNE/NNEDenoiser/Content/NNED_Oidn2-3_Fast_Alpha.uasset" 1043
"../../../Engine/Plugins/NNE/NNEDenoiser/Content/NNED_Oidn2-3_Fast_Alpha.uexp" 1044
"../../../Engine/Plugins/NNE/NNEDenoiser/Content/NNE_oidn2-3-0_rt_hdr_calb_cnrm_large__dyn__fp16_opset11_ForwardAlpha.uexp" 1045
"../../../Engine/Plugins/NNE/NNEDenoiser/Content/NNE_oidn2-3-0_rt_hdr_calb_cnrm_large__dyn__fp16_opset11_ForwardAlpha.uasset" 1046
"../../../Engine/Plugins/NNE/NNEDenoiser/Content/NNE_oidn2-3-0_rt_hdr_alb_nrm_small__dyn__fp16_opset11_DenoiseAlpha.uexp" 1047
"../../../Engine/Plugins/NNE/NNEDenoiser/Content/NNE_oidn2-3-0_rt_hdr_alb_nrm_small__dyn__fp16_opset11_DenoiseAlpha.uasset" 1048
"../../../Engine/Plugins/NNE/NNEDenoiser/Content/NNED_Oidn2-3_Balanced.uexp" 1049
"../../../Engine/Plugins/NNE/NNEDenoiser/Content/NNED_Oidn2-3_Balanced.uasset" 1050
"../../../Engine/Plugins/NNE/NNEDenoiser/Content/NNED_Oidn2-3_Fast.uexp" 1051
"../../../Engine/Plugins/NNE/NNEDenoiser/Content/NNED_Oidn2-3_Fast.uasset" 1052
"../../../Engine/Plugins/NNE/NNEDenoiser/Content/NNEDT_Oidn2-3_Balanced_Alpha.uexp" 1053
"../../../Engine/Plugins/NNE/NNEDenoiser/Content/NNEDT_Oidn2-3_Balanced_Alpha.uasset" 1054
"../../../Engine/Plugins/NNE/NNEDenoiser/Content/NNEDIM_ColorAlbedoNormal_Default.uexp" 1055
"../../../Engine/Plugins/NNE/NNEDenoiser/Content/NNEDIM_ColorAlbedoNormal_Default.uasset" 1056
"../../../Engine/Plugins/NNE/NNEDenoiser/Content/NNE_oidn2-3-0_rt_hdr_alb_nrm__dyn__fp16_opset11_ForwardAlpha.uexp" 1057
"../../../Engine/Plugins/NNE/NNEDenoiser/Content/NNE_oidn2-3-0_rt_hdr_alb_nrm__dyn__fp16_opset11_ForwardAlpha.uasset" 1058
"../../../Engine/Plugins/NNE/NNEDenoiser/Content/NNEDOM_Output_Alpha.uexp" 1059
"../../../Engine/Plugins/NNE/NNEDenoiser/Content/NNEDOM_Output_Alpha.uasset" 1060
"../../../Engine/Plugins/NNE/NNEDenoiser/Content/NNE_oidn2-3-0_rt_hdr_calb_cnrm_large__dyn__fp16_opset11_DenoiseAlpha.uexp" 1061
"../../../Engine/Plugins/NNE/NNEDenoiser/Content/NNE_oidn2-3-0_rt_hdr_calb_cnrm_large__dyn__fp16_opset11_DenoiseAlpha.uasset" 1062
"../../../Engine/Plugins/NNE/NNEDenoiser/Content/NNEDTOM_Output_Default.uexp" 1063
"../../../Engine/Plugins/NNE/NNEDenoiser/Content/NNEDTOM_Output_Default.uasset" 1064
"../../../Engine/Plugins/NNE/NNEDenoiser/Content/NNED_Oidn2-3_Balanced_Alpha.uexp" 1065
"../../../Engine/Plugins/NNE/NNEDenoiser/Content/NNED_Oidn2-3_Balanced_Alpha.uasset" 1066
"../../../Engine/Plugins/NNE/NNEDenoiser/Content/NNEDTIM_ColorAlbedoNormal_Alpha.uasset" 1067
"../../../Engine/Plugins/NNE/NNEDenoiser/Content/NNEDTIM_ColorAlbedoNormal_Alpha.uexp" 1068
"/home/morpheus/Documents/Morpheus-Produktion/Benchmarks/MorphRig/GPT-6-Astra/MorphRig/unreal/Content/Operative/M_Stage.uasset" 1069
"/home/morpheus/Documents/Morpheus-Produktion/Benchmarks/MorphRig/GPT-6-Astra/MorphRig/unreal/Content/Operative/M_Stage.uexp" 1070
"/home/morpheus/Documents/Morpheus-Produktion/Benchmarks/MorphRig/GPT-6-Astra/MorphRig/unreal/Content/Operative/Dialogue.uexp" 1071
"/home/morpheus/Documents/Morpheus-Produktion/Benchmarks/MorphRig/GPT-6-Astra/MorphRig/unreal/Content/Operative/Dialogue.ubulk" 1072
"/home/morpheus/Documents/Morpheus-Produktion/Benchmarks/MorphRig/GPT-6-Astra/MorphRig/unreal/Content/Operative/Dialogue.uasset" 1073
"../../../Engine/Content/MapTemplates/Sky/DaylightAmbientCubemap_Mat.uexp" 1074
"../../../Engine/Content/MapTemplates/Sky/DaylightAmbientCubemap_Mat.uasset" 1075
"../../../Engine/Content/MapTemplates/Sky/Desert_Outer_HDR.uasset" 1076
"../../../Engine/Content/MapTemplates/Sky/Desert_Outer_HDR.uexp" 1077
"../../../Engine/Content/MapTemplates/Sky/Desert_Outer_HDR_Mat.uexp" 1078
"../../../Engine/Content/MapTemplates/Sky/Desert_Outer_HDR_Mat.uasset" 1079
"../../../Engine/Content/EngineResources/GradientTexture0.uexp" 1080
"../../../Engine/Content/EngineResources/GradientTexture0.uasset" 1081
"../../../Engine/Content/EngineResources/Black.uasset" 1082
"../../../Engine/Content/EngineResources/Black.uexp" 1083
"../../../Engine/Content/EditorResources/S_Actor.uexp" 1084
"../../../Engine/Content/EditorResources/S_Actor.uasset" 1085
"../../../Engine/Content/EditorResources/S_Actor.ubulk" 1086
"../../../Engine/Content/EngineMaterials/DefaultLightFunctionMaterial.uasset" 1087
"../../../Engine/Content/EngineMaterials/DefaultLightFunctionMaterial.uexp" 1088
"../../../Engine/Content/MapTemplates/Sky/M_BlackBackground.uexp" 1089
"../../../Engine/Content/MapTemplates/Sky/M_BlackBackground.uasset" 1090
"/home/morpheus/Documents/Morpheus-Produktion/Benchmarks/MorphRig/GPT-6-Astra/MorphRig/unreal/Content/Operative/Textures/M_TeamAccent_BaseColor.uasset" 1091
"/home/morpheus/Documents/Morpheus-Produktion/Benchmarks/MorphRig/GPT-6-Astra/MorphRig/unreal/Content/Operative/Textures/M_TeamAccent_BaseColor.uexp" 1092
"/home/morpheus/Documents/Morpheus-Produktion/Benchmarks/MorphRig/GPT-6-Astra/MorphRig/unreal/Content/Operative/Textures/M_TeamAccent_BaseColor.ubulk" 1093
"/home/morpheus/Documents/Morpheus-Produktion/Benchmarks/MorphRig/GPT-6-Astra/MorphRig/unreal/Content/Operative/M_Normals.uexp" 1094
"/home/morpheus/Documents/Morpheus-Produktion/Benchmarks/MorphRig/GPT-6-Astra/MorphRig/unreal/Content/Operative/M_Normals.uasset" 1095
"../../../Engine/Plugins/NNE/NNEDenoiser/Content/NNEDIM_HighQuality_Default.uexp" 1096
"../../../Engine/Plugins/NNE/NNEDenoiser/Content/NNEDIM_HighQuality_Default.uasset" 1097
"../../../Engine/Plugins/NNE/NNEDenoiser/Content/NNEDIM_ColorAlbedoNormal_Alpha.uexp" 1098
"../../../Engine/Plugins/NNE/NNEDenoiser/Content/NNEDIM_ColorAlbedoNormal_Alpha.uasset" 1099
"../../../Engine/Plugins/NNE/NNEDenoiser/Content/NNEDOM_Output_Default.uasset" 1100
"../../../Engine/Plugins/NNE/NNEDenoiser/Content/NNEDOM_Output_Default.uexp" 1101
"../../../Engine/Plugins/NNE/NNEDenoiser/Content/NNED_Oidn2-3_HighQuality_Alpha.uasset" 1102
"../../../Engine/Plugins/NNE/NNEDenoiser/Content/NNED_Oidn2-3_HighQuality_Alpha.uexp" 1103
"../../../Engine/Plugins/NNE/NNEDenoiser/Content/NNEDTIM_ColorAlbedoNormal_Default.uasset" 1104
"../../../Engine/Plugins/NNE/NNEDenoiser/Content/NNEDTIM_ColorAlbedoNormal_Default.uexp" 1105
"../../../Engine/Plugins/NNE/NNEDenoiser/Content/NNE_oidn2-3-0_rt_hdr_alb_nrm_small__dyn__fp16_opset11_ForwardAlpha.uasset" 1106
"../../../Engine/Plugins/NNE/NNEDenoiser/Content/NNE_oidn2-3-0_rt_hdr_alb_nrm_small__dyn__fp16_opset11_ForwardAlpha.uexp" 1107
"../../../Engine/Plugins/NNE/NNEDenoiser/Content/NNEDIM_HighQuality_Alpha.uasset" 1108
"../../../Engine/Plugins/NNE/NNEDenoiser/Content/NNEDIM_HighQuality_Alpha.uexp" 1109
"../../../Engine/Plugins/NNE/NNEDenoiser/Content/NNE_oidn2-3-0_rt_hdr_alb_nrm__dyn__fp16_opset11_DenoiseAlpha.uasset" 1110
"../../../Engine/Plugins/NNE/NNEDenoiser/Content/NNE_oidn2-3-0_rt_hdr_alb_nrm__dyn__fp16_opset11_DenoiseAlpha.uexp" 1111
"../../../Engine/Content/EngineMeshes/Sphere.uasset" 1112
"../../../Engine/Content/EngineMeshes/Sphere.uexp" 1113
"../../../Engine/Content/EngineDamageTypes/DmgTypeBP_Environmental.uasset" 1114
"../../../Engine/Content/EngineDamageTypes/DmgTypeBP_Environmental.uexp" 1115
"../../../Engine/Content/EngineResources/LandscapeVisibilityLayerInfo.uexp" 1116
"../../../Engine/Content/EngineResources/LandscapeVisibilityLayerInfo.uasset" 1117
"../../../Engine/Content/Animation/DefaultRecorderBoneCompression.uexp" 1118
"../../../Engine/Content/Animation/DefaultRecorderBoneCompression.uasset" 1119
"../../../Engine/Plugins/Animation/ControlRig/Content/Controls/DefaultGizmoLibraryNormalized.uexp" 1120
"../../../Engine/Plugins/Animation/ControlRig/Content/Controls/DefaultGizmoLibraryNormalized.uasset" 1121
"../../../Engine/Plugins/PCG/Content/ComputeSources/PCGCS_ShaderUtils.uasset" 1122
"../../../Engine/Plugins/PCG/Content/ComputeSources/PCGCS_ShaderUtils.uexp" 1123
"../../../Engine/Plugins/PCG/Content/ComputeSources/PCGCS_ShaderUtilsInternal.uexp" 1124
"../../../Engine/Plugins/PCG/Content/ComputeSources/PCGCS_ShaderUtilsInternal.uasset" 1125
"../../../Engine/Plugins/PCG/Content/ComputeSources/PCGCS_Quaternion.uexp" 1126
"../../../Engine/Plugins/PCG/Content/ComputeSources/PCGCS_Quaternion.uasset" 1127
"../../../Engine/Content/EngineMaterials/DefaultPhysicalMaterial.uexp" 1128
"../../../Engine/Content/EngineMaterials/DefaultPhysicalMaterial.uasset" 1129
"../../../Engine/Content/EngineMaterials/DefaultDestructiblePhysicalMaterial.uexp" 1130
"../../../Engine/Content/EngineMaterials/DefaultDestructiblePhysicalMaterial.uasset" 1131
"../../../Engine/Plugins/Experimental/Water/Content/Materials/MPC/MPC_Water.uasset" 1132
"../../../Engine/Plugins/Experimental/Water/Content/Materials/MPC/MPC_Water.uexp" 1133
"../../../Engine/Plugins/Experimental/Water/Content/Curves/FloatCurve.uexp" 1134
"../../../Engine/Plugins/Experimental/Water/Content/Curves/FloatCurve.uasset" 1135
"../../../Engine/Plugins/Experimental/Water/Content/Curves/FloatCurve_WaterBodyIsland.uasset" 1136
"../../../Engine/Plugins/Experimental/Water/Content/Curves/FloatCurve_WaterBodyIsland.uexp" 1137
"../../../Engine/Plugins/Experimental/Water/Content/Waves/GerstnerWaves_Lake.uexp" 1138
"../../../Engine/Plugins/Experimental/Water/Content/Waves/GerstnerWaves_Lake.uasset" 1139
"../../../Engine/Plugins/Experimental/Water/Content/Waves/GerstnerWaves_Ocean.uexp" 1140
"../../../Engine/Plugins/Experimental/Water/Content/Waves/GerstnerWaves_Ocean.uasset" 1141
"../../../Engine/Plugins/Interchange/Assets/Content/Functions/MX_TranslucentBSDF.uasset" 1142
"../../../Engine/Plugins/Interchange/Assets/Content/Functions/MX_TranslucentBSDF.uexp" 1143
"../../../Engine/Plugins/Interchange/Runtime/Content/Pipelines/DefaultMaterialPipeline.uasset" 1144
"../../../Engine/Plugins/Interchange/Runtime/Content/Pipelines/DefaultMaterialPipeline.uexp" 1145
"../../../Engine/Plugins/Interchange/Runtime/Content/Pipelines/DefaultFBXOBJAssetsPipeline.uasset" 1146
"../../../Engine/Plugins/Interchange/Runtime/Content/Pipelines/DefaultFBXOBJAssetsPipeline.uexp" 1147
"../../../Engine/Plugins/Interchange/Runtime/Content/Pipelines/DefaultGLTFPipeline.uasset" 1148
"../../../Engine/Plugins/Interchange/Runtime/Content/Pipelines/DefaultGLTFPipeline.uexp" 1149
"../../../Engine/Plugins/Interchange/Runtime/Content/Pipelines/DefaultGLTFAssetsPipeline.uexp" 1150
"../../../Engine/Plugins/Interchange/Runtime/Content/Pipelines/DefaultGLTFAssetsPipeline.uasset" 1151
"../../../Engine/Plugins/Interchange/Runtime/Content/Pipelines/DefaultMaterialXPipeline.uexp" 1152
"../../../Engine/Plugins/Interchange/Runtime/Content/Pipelines/DefaultMaterialXPipeline.uasset" 1153
"../../../Engine/Plugins/Interchange/Runtime/Content/Pipelines/DefaultAssetsPipeline.uexp" 1154
"../../../Engine/Plugins/Interchange/Runtime/Content/Pipelines/DefaultAssetsPipeline.uasset" 1155
"../../../Engine/Content/EngineSounds/Master.uexp" 1156
"../../../Engine/Content/EngineSounds/Master.uasset" 1157
"../../../Engine/Plugins/Interchange/Assets/Content/Functions/MX_BurleyDiffuseBSDF.uexp" 1158
"../../../Engine/Plugins/Interchange/Assets/Content/Functions/MX_BurleyDiffuseBSDF.uasset" 1159
"../../../Engine/Plugins/Interchange/Assets/Content/Functions/MX_OrenNayarBSDF.uasset" 1160
"../../../Engine/Plugins/Interchange/Assets/Content/Functions/MX_OrenNayarBSDF.uexp" 1161
"../../../Engine/Plugins/Interchange/Assets/Content/Substrate/MX_SimpleVolume.uasset" 1162
"../../../Engine/Plugins/Interchange/Assets/Content/Substrate/MX_SimpleVolume.uexp" 1163
"../../../Engine/Plugins/Interchange/Assets/Content/Functions/MX_UsdPreviewSurface.uasset" 1164
"../../../Engine/Plugins/Interchange/Assets/Content/Functions/MX_UsdPreviewSurface.uexp" 1165
"../../../Engine/Plugins/Interchange/Assets/Content/Functions/MX_SurfaceUnlit.uexp" 1166
"../../../Engine/Plugins/Interchange/Assets/Content/Functions/MX_SurfaceUnlit.uasset" 1167
"../../../Engine/Plugins/Interchange/Runtime/Content/Pipelines/DefaultFBXOBJSceneAssetsPipeline.uasset" 1168
"../../../Engine/Plugins/Interchange/Runtime/Content/Pipelines/DefaultFBXOBJSceneAssetsPipeline.uexp" 1169
"../../../Engine/Plugins/Interchange/Runtime/Content/Pipelines/DefaultGLTFSceneAssetsPipeline.uexp" 1170
"../../../Engine/Plugins/Interchange/Runtime/Content/Pipelines/DefaultGLTFSceneAssetsPipeline.uasset" 1171
"../../../Engine/Plugins/Interchange/Runtime/Content/Pipelines/DefaultSceneLevelPipeline.uexp" 1172
"../../../Engine/Plugins/Interchange/Runtime/Content/Pipelines/DefaultSceneLevelPipeline.uasset" 1173
"../../../Engine/Plugins/Interchange/Runtime/Content/Pipelines/DefaultSceneAssetsPipeline.uexp" 1174
"../../../Engine/Plugins/Interchange/Runtime/Content/Pipelines/DefaultSceneAssetsPipeline.uasset" 1175
"../../../Engine/Plugins/Interchange/Runtime/Content/Pipelines/DefaultAudioPipeline.uasset" 1176
"../../../Engine/Plugins/Interchange/Runtime/Content/Pipelines/DefaultAudioPipeline.uexp" 1177
"../../../Engine/Plugins/Interchange/Runtime/Content/Pipelines/DefaultTexturePipeline.uasset" 1178
"../../../Engine/Plugins/Interchange/Runtime/Content/Pipelines/DefaultTexturePipeline.uexp" 1179
"../../../Engine/Plugins/Interchange/Assets/Content/Functions/MX_SubsurfaceBSDF.uexp" 1180
"../../../Engine/Plugins/Interchange/Assets/Content/Functions/MX_SubsurfaceBSDF.uasset" 1181
"../../../Engine/Plugins/Interchange/Assets/Content/Functions/MX_GeneralizedSchlickBSDF.uasset" 1182
"../../../Engine/Plugins/Interchange/Assets/Content/Functions/MX_GeneralizedSchlickBSDF.uexp" 1183
"../../../Engine/Plugins/Interchange/Assets/Content/Functions/MX_ConductorBSDF.uasset" 1184
"../../../Engine/Plugins/Interchange/Assets/Content/Functions/MX_ConductorBSDF.uexp" 1185
"../../../Engine/Plugins/Interchange/Assets/Content/Functions/MX_DielectricBSDF.uasset" 1186
"../../../Engine/Plugins/Interchange/Assets/Content/Functions/MX_DielectricBSDF.uexp" 1187
"../../../Engine/Plugins/Interchange/Assets/Content/Functions/MX_AnisotropicVDF.uasset" 1188
"../../../Engine/Plugins/Interchange/Assets/Content/Functions/MX_AnisotropicVDF.uexp" 1189
"../../../Engine/Plugins/Interchange/Assets/Content/Functions/MX_AbsorptionVDF.uexp" 1190
"../../../Engine/Plugins/Interchange/Assets/Content/Functions/MX_AbsorptionVDF.uasset" 1191
"../../../Engine/Plugins/Interchange/Assets/Content/Functions/MX_MeasuredEDF.uexp" 1192
"../../../Engine/Plugins/Interchange/Assets/Content/Functions/MX_MeasuredEDF.uasset" 1193
"../../../Engine/Plugins/Interchange/Assets/Content/Functions/MX_ConicalEDF.uasset" 1194
"../../../Engine/Plugins/Interchange/Assets/Content/Functions/MX_ConicalEDF.uexp" 1195
"../../../Engine/Plugins/Interchange/Assets/Content/Functions/MX_UniformEDF.uexp" 1196
"../../../Engine/Plugins/Interchange/Assets/Content/Functions/MX_UniformEDF.uasset" 1197
"../../../Engine/Plugins/Interchange/Assets/Content/Functions/MX_ChiangHairBSDF.uasset" 1198
"../../../Engine/Plugins/Interchange/Assets/Content/Functions/MX_ChiangHairBSDF.uexp" 1199
"../../../Engine/Plugins/Interchange/Assets/Content/Functions/MX_SheenBSDF.uexp" 1200
"../../../Engine/Plugins/Interchange/Assets/Content/Functions/MX_SheenBSDF.uasset" 1201
"../../../Engine/Content/EngineMaterials/EnergyConservation/Diffuse_Energy.uexp" 1202
"../../../Engine/Content/EngineMaterials/EnergyConservation/Diffuse_Energy.uasset" 1203
"../../../Engine/Content/EngineMaterials/EnergyConservation/Sheen_Energy.uexp" 1204
"../../../Engine/Content/EngineMaterials/EnergyConservation/Sheen_Energy.uasset" 1205
"../../../Engine/Content/EngineMaterials/FastBlueNoise_vec2_128x128x64.uasset" 1206
"../../../Engine/Content/EngineMaterials/FastBlueNoise_vec2_128x128x64.uexp" 1207
"../../../Engine/Plugins/Animation/ControlRig/Content/Controls/ControlRigGizmoMaterial.uexp" 1208
"../../../Engine/Plugins/Animation/ControlRig/Content/Controls/ControlRigGizmoMaterial.uasset" 1209
"../../../Engine/Content/EngineMaterials/FastBlueNoise_scalar_128x128x8.uasset" 1210
"../../../Engine/Content/EngineMaterials/FastBlueNoise_scalar_128x128x8.uexp" 1211
"../../../Engine/Content/EngineMaterials/FastBlueNoise_scalar_128x128x64.uasset" 1212
"../../../Engine/Content/EngineMaterials/FastBlueNoise_scalar_128x128x64.uexp" 1213
"../../../Engine/Content/EditorResources/BSPVertex.uasset" 1214
"../../../Engine/Content/EditorResources/BSPVertex.uexp" 1215
"../../../Engine/Plugins/Experimental/Water/Content/Icons/WaterErrorSprite.uexp" 1216
"../../../Engine/Plugins/Experimental/Water/Content/Icons/WaterErrorSprite.uasset" 1217
"../../../Engine/Plugins/Experimental/Water/Content/Icons/WaterErrorSprite.ubulk" 1218
"../../../Engine/Plugins/Experimental/Water/Content/Icons/WaterLandscapeBrushSprite.uasset" 1219
"../../../Engine/Plugins/Experimental/Water/Content/Icons/WaterLandscapeBrushSprite.uexp" 1220
"../../../Engine/Plugins/Experimental/Water/Content/Icons/WaterLandscapeBrushSprite.ubulk" 1221
"../../../Engine/Content/EngineMaterials/EnergyConservation/SheenLegacy_Energy.uasset" 1222
"../../../Engine/Content/EngineMaterials/EnergyConservation/SheenLegacy_Energy.uexp" 1223
"../../../Engine/Content/EngineMaterials/NaniteHiddenSectionMaterial.uexp" 1224
"../../../Engine/Content/EngineMaterials/NaniteHiddenSectionMaterial.uasset" 1225
"../../../Engine/Content/EngineMaterials/RemoveSurfaceMaterial.uasset" 1226
"../../../Engine/Content/EngineMaterials/RemoveSurfaceMaterial.uexp" 1227
"../../../Engine/Plugins/Experimental/Water/Content/Icons/WaterBodyExclusionVolumeSprite.uasset" 1228
"../../../Engine/Plugins/Experimental/Water/Content/Icons/WaterBodyExclusionVolumeSprite.uexp" 1229
"../../../Engine/Plugins/Experimental/Water/Content/Icons/WaterZoneActorSprite.uasset" 1230
"../../../Engine/Plugins/Experimental/Water/Content/Icons/WaterZoneActorSprite.ubulk" 1231
"../../../Engine/Plugins/Experimental/Water/Content/Icons/WaterZoneActorSprite.uexp" 1232
"../../../Engine/Content/EditorResources/S_Trigger.ubulk" 1233
"../../../Engine/Content/EditorResources/S_Trigger.uexp" 1234
"../../../Engine/Content/EditorResources/S_Trigger.uasset" 1235
"../../../Engine/Content/EditorResources/S_BoxReflectionCapture.uexp" 1236
"../../../Engine/Content/EditorResources/S_BoxReflectionCapture.uasset" 1237
"../../../Engine/Content/EngineResources/DefaultTexture.ubulk" 1238
"../../../Engine/Content/EngineResources/DefaultTexture.uasset" 1239
"../../../Engine/Content/EngineResources/DefaultTexture.uexp" 1240
"../../../Engine/Content/EditorResources/S_TriggerBox.uasset" 1241
"../../../Engine/Content/EditorResources/S_TriggerBox.uexp" 1242
"../../../Engine/Content/EditorResources/S_TriggerCapsule.uexp" 1243
"../../../Engine/Content/EditorResources/S_TriggerCapsule.uasset" 1244
"../../../Engine/Content/EditorResources/S_TriggerSphere.uexp" 1245
"../../../Engine/Content/EditorResources/S_TriggerSphere.uasset" 1246
"../../../Engine/Content/EngineResources/DefaultTextureCube.uasset" 1247
"../../../Engine/Content/EngineResources/DefaultTextureCube.uexp" 1248
"../../../Engine/Content/EditorMaterials/WidgetVertexColorMaterial.uasset" 1249
"../../../Engine/Content/EditorMaterials/WidgetVertexColorMaterial.uexp" 1250
"../../../Engine/Content/EditorResources/S_Solver.uasset" 1251
"../../../Engine/Content/EditorResources/S_Solver.uexp" 1252
"../../../Engine/Content/EditorResources/S_Solver.ubulk" 1253
"../../../Engine/Plugins/Experimental/Water/Content/Icons/WaterBodyIslandSprite.uexp" 1254
"../../../Engine/Plugins/Experimental/Water/Content/Icons/WaterBodyIslandSprite.uasset" 1255
"../../../Engine/Plugins/Runtime/HairStrands/Content/Materials/HairDefaultMaterial.uasset" 1256
"../../../Engine/Plugins/Runtime/HairStrands/Content/Materials/HairDefaultMaterial.uexp" 1257
"../../../Engine/Plugins/Runtime/HairStrands/Content/Materials/HairCardsDefaultMaterial.uasset" 1258
"../../../Engine/Plugins/Runtime/HairStrands/Content/Materials/HairCardsDefaultMaterial.uexp" 1259
"../../../Engine/Plugins/Runtime/HairStrands/Content/Materials/HairMeshesDefaultMaterial.uasset" 1260
"../../../Engine/Plugins/Runtime/HairStrands/Content/Materials/HairMeshesDefaultMaterial.uexp" 1261
"../../../Engine/Content/EngineDebugMaterials/M_SimpleUnlitTranslucent.uasset" 1262
"../../../Engine/Content/EngineDebugMaterials/M_SimpleUnlitTranslucent.uexp" 1263
"../../../Engine/Content/EditorMaterials/ParticleSystems/PSysThumbnail_NoImage.uasset" 1264
"../../../Engine/Content/EditorMaterials/ParticleSystems/PSysThumbnail_NoImage.ubulk" 1265
"../../../Engine/Content/EditorMaterials/ParticleSystems/PSysThumbnail_NoImage.uexp" 1266
"../../../Engine/Content/EditorMaterials/ParticleSystems/PSysThumbnail_OOD.uasset" 1267
"../../../Engine/Content/EditorMaterials/ParticleSystems/PSysThumbnail_OOD.ubulk" 1268
"../../../Engine/Content/EditorMaterials/ParticleSystems/PSysThumbnail_OOD.uexp" 1269
"../../../Engine/Plugins/Animation/ControlRig/Content/Controls/ControlRigXRayMaterial.uexp" 1270
"../../../Engine/Plugins/Animation/ControlRig/Content/Controls/ControlRigXRayMaterial.uasset" 1271
"../../../Engine/Plugins/Runtime/AudioWidgets/Content/Resources/ScrubHandleDown_Clamped.uexp" 1272
"../../../Engine/Plugins/Runtime/AudioWidgets/Content/Resources/ScrubHandleDown_Clamped.uasset" 1273
"../../../Engine/Content/EditorMaterials/Dataflow/DataflowVertexMaterial.uexp" 1274
"../../../Engine/Content/EditorMaterials/Dataflow/DataflowVertexMaterial.uasset" 1275
"../../../Engine/Content/EditorMaterials/Dataflow/DataflowTwoSidedVertexMaterial.uasset" 1276
"../../../Engine/Content/EditorMaterials/Dataflow/DataflowTwoSidedVertexMaterial.uexp" 1277
"../../../Engine/Content/EngineDebugMaterials/DebugMeshMaterial.uasset" 1278
"../../../Engine/Content/EngineDebugMaterials/DebugMeshMaterial.uexp" 1279
"../../../Engine/Content/EngineMaterials/GizmoMaterial.uexp" 1280
"../../../Engine/Content/EngineMaterials/GizmoMaterial.uasset" 1281
"../../../Engine/Content/EngineMaterials/DefaultBokeh.uexp" 1282
"../../../Engine/Content/EngineMaterials/DefaultBokeh.uasset" 1283
"../../../Engine/Content/EngineMaterials/MiniFont.uexp" 1284
"../../../Engine/Content/EngineMaterials/MiniFont.uasset" 1285
"../../../Engine/Content/EngineMaterials/DefaultWhiteGrid.ubulk" 1286
"../../../Engine/Content/EngineMaterials/DefaultWhiteGrid.uasset" 1287
"../../../Engine/Content/EngineMaterials/DefaultWhiteGrid.uexp" 1288
"../../../Engine/Content/EngineMaterials/PreintegratedSkinBRDF.uasset" 1289
"../../../Engine/Content/EngineMaterials/PreintegratedSkinBRDF.uexp" 1290
"../../../Engine/Content/EngineMaterials/LTC/GGX_LTCAmp.uexp" 1291
"../../../Engine/Content/EngineMaterials/LTC/GGX_LTCAmp.uasset" 1292
"../../../Engine/Content/EngineMaterials/LTC/GGX_LTCMat.uexp" 1293
"../../../Engine/Content/EngineMaterials/LTC/GGX_LTCMat.uasset" 1294
"../../../Engine/Content/EngineMaterials/LTC/Sheen_LTC.uexp" 1295
"../../../Engine/Content/EngineMaterials/LTC/Sheen_LTC.uasset" 1296
"../../../Engine/Content/EngineMaterials/EnergyConservation/GGX_ReflectionEnergy.uexp" 1297
"../../../Engine/Content/EngineMaterials/EnergyConservation/GGX_ReflectionEnergy.uasset" 1298
"../../../Engine/Content/EngineMaterials/EnergyConservation/GGX_MaxSpecEnergy.uasset" 1299
"../../../Engine/Content/EngineMaterials/EnergyConservation/GGX_MaxSpecEnergy.uexp" 1300
"../../../Engine/Content/EngineMaterials/EnergyConservation/GGX_TransmissionEnergyArray.uexp" 1301
"../../../Engine/Content/EngineMaterials/EnergyConservation/GGX_TransmissionEnergyArray.uasset" 1302
"../../../Engine/Plugins/Experimental/Water/Content/Icons/WaterSprite.uasset" 1303
"../../../Engine/Plugins/Experimental/Water/Content/Icons/WaterSprite.uexp" 1304
"../../../Engine/Content/EditorResources/SequenceRecorder/Countdown.uasset" 1305
"../../../Engine/Content/EditorResources/SequenceRecorder/Countdown.uexp" 1306
"../../../Engine/Content/EditorResources/SequenceRecorder/RecordingIndicator.uasset" 1307
"../../../Engine/Content/EditorResources/SequenceRecorder/RecordingIndicator.uexp" 1308
"../../../Engine/Content/EditorMaterials/PhAT_UnselectedMaterial.uasset" 1309
"../../../Engine/Content/EditorMaterials/PhAT_UnselectedMaterial.uexp" 1310
"../../../Engine/Content/EditorMaterials/PhAT_NoCollisionMaterial.uexp" 1311
"../../../Engine/Content/EditorMaterials/PhAT_NoCollisionMaterial.uasset" 1312
"../../../Engine/Content/EngineDebugMaterials/DebugEditorMaterial.uexp" 1313
"../../../Engine/Content/EngineDebugMaterials/DebugEditorMaterial.uasset" 1314
"../../../Engine/Content/EngineResources/Development/ZenLogo_64.uasset" 1315
"../../../Engine/Content/EngineResources/Development/ZenLogo_64.uexp" 1316
"../../../Engine/Content/EngineResources/FilmGrains/Marcie_Grain_v3_128_M2_000.uasset" 1317
"../../../Engine/Content/EngineResources/FilmGrains/Marcie_Grain_v3_128_M2_000.uexp" 1318
"../../../Engine/Content/EngineMaterials/DefaultBloomKernel.uasset" 1319
"../../../Engine/Content/EngineMaterials/DefaultBloomKernel.uexp" 1320
"../../../Engine/Content/EngineMaterials/SMAASearchTex.uexp" 1321
"../../../Engine/Content/EngineMaterials/SMAASearchTex.uasset" 1322
"../../../Engine/Content/EngineMaterials/SMAAAreaTex.uasset" 1323
"../../../Engine/Content/EngineMaterials/SMAAAreaTex.uexp" 1324
"../../../Engine/Content/EngineMaterials/Hair/Hair_Coverage.uasset" 1325
"../../../Engine/Content/EngineMaterials/Hair/Hair_Coverage.uexp" 1326
"../../../Engine/Content/Maps/Entry_BuiltData.uexp" 1327
"../../../Engine/Content/Maps/Entry_BuiltData.uasset" 1328
"../../../Engine/Content/Maps/Entry.umap" 1329
"../../../Engine/Content/Maps/Entry.uexp" 1330
"/home/morpheus/Documents/Morpheus-Produktion/Benchmarks/MorphRig/GPT-6-Astra/MorphRig/unreal/Content/Showcase.uexp" 1331
"/home/morpheus/Documents/Morpheus-Produktion/Benchmarks/MorphRig/GPT-6-Astra/MorphRig/unreal/Content/Showcase.umap" 1332
