frame,frame_ms,game_ms,render_ms,gpu_ms,instances
0,5.10713,3.32600,5.21400,1.74900,10
1,7.16942,3.69700,6.55400,1.71300,10
2,5.98477,3.07200,5.56400,1.69300,10
3,4.99467,1.88500,3.83400,1.68800,10
4,6.21502,1.53800,5.47400,1.69000,10
5,5.96666,2.61100,5.38700,1.73100,10
6,6.95847,2.08900,7.07600,1.77900,10
7,5.58712,2.69300,5.65600,1.69500,10
8,5.13496,2.93300,5.25400,1.72500,10
9,5.24205,2.40900,4.82700,1.68700,10
10,4.98824,2.17300,4.71600,1.68900,10
11,5.79678,3.15600,5.82500,1.90300,10
12,5.07421,2.26000,4.96400,1.65500,10
13,5.01089,2.22600,4.51500,1.71700,10
14,4.05201,2.16500,4.02800,1.86300,10
15,4.15304,2.02500,4.19100,1.70000,10
16,6.71438,2.30200,6.51900,1.65600,10
17,3.68970,3.18500,3.79500,1.75800,10
18,7.40877,2.71400,6.98500,1.70600,10
19,6.01289,1.93000,5.06900,1.66400,10
20,4.86343,2.10800,5.12800,1.73100,10
21,4.30968,3.10800,4.38600,1.66600,10
22,4.83012,2.56100,4.40200,1.69600,10
23,6.95150,2.68800,7.19500,1.69900,10
24,4.76542,2.11800,4.35000,1.69100,10
25,4.53143,2.61300,4.51100,1.85500,10
26,4.63237,2.36400,4.35300,1.68100,10
27,4.94696,3.02100,5.29500,1.72500,10
28,3.99034,2.76500,3.51700,1.71200,10
29,6.83203,2.44000,6.94400,1.68900,10
30,10.38034,4.08500,9.02500,1.76100,10
31,3.31209,4.28000,3.42400,2.03500,10
32,4.10905,2.48500,4.19700,1.75600,10
33,4.31673,2.00100,4.00700,1.66400,10
34,4.28985,1.85900,3.03200,1.69300,10
35,3.38334,1.35700,3.05100,1.69300,10
36,5.63190,2.29100,5.69000,1.70700,10
37,4.38231,2.14400,3.82200,1.69600,10
38,4.20538,2.13000,4.14200,1.70000,10
39,5.63065,2.13200,3.75300,1.65900,10
40,2.82810,3.17600,3.27700,1.65900,10
41,4.49155,1.85200,4.04900,1.70300,10
42,3.61628,1.35300,2.72000,1.70300,10
43,5.20240,1.47300,5.64000,1.65300,10
44,3.55559,2.09300,3.52500,1.74900,10
45,3.86318,1.45900,3.83800,1.68200,10
46,4.36472,1.60100,4.39900,1.69400,10
47,2.95107,2.08600,2.70800,1.74100,10
48,4.75616,1.65700,3.40800,1.67500,10
49,3.84640,2.96500,4.71400,1.87400,10
50,5.16049,1.19500,4.46600,1.71400,10
51,3.66614,2.51900,3.57900,1.75700,10
52,6.20480,2.45000,5.91800,1.68200,10
53,4.26915,1.28600,4.35600,1.65100,10
54,4.96304,1.29400,4.78800,1.83000,10
55,8.35775,2.12300,6.33500,1.68800,10
56,5.75416,4.56900,5.22100,1.72600,10
57,4.82879,2.06000,4.38500,1.72600,10
58,7.43917,2.33900,7.58700,1.73600,10
59,7.91289,2.10000,7.03200,1.86400,10
60,5.03201,1.84400,4.85300,1.77000,10
61,3.17591,2.52600,3.42700,1.70000,10
62,5.32261,1.67400,4.49400,1.71800,10
63,7.76487,1.88800,5.96900,1.72800,10
64,4.15691,1.28400,3.75300,1.70100,10
65,4.13372,3.01200,4.19100,1.68900,10
66,5.17548,2.24200,4.88100,1.68900,10
67,10.25433,1.68400,7.91600,1.72000,10
68,2.70269,2.16100,4.44500,1.69700,10
69,3.96189,3.02000,3.91600,1.70600,10
70,4.00765,2.97900,3.69200,1.69300,10
71,5.29667,1.87400,5.23100,1.67300,10
72,4.68101,1.25900,3.58500,1.69800,10
73,7.02385,1.40500,6.79000,1.71100,10
74,5.01708,1.60800,5.39700,1.71500,10
75,4.04800,2.95700,4.00400,1.68900,10
76,5.66703,2.24200,4.96600,1.72000,10
77,2.93002,2.87200,3.61000,1.66900,10
78,8.21754,2.43200,6.12800,1.86500,10
79,7.53949,2.40400,6.54500,1.69300,10
80,2.91092,2.82900,3.08300,1.68400,10
81,5.74879,2.65000,5.33200,1.67100,10
82,3.48517,2.35100,3.08500,1.72900,10
83,3.62568,2.14500,3.59900,1.71600,10
84,8.68898,2.46700,4.50000,1.68000,10
85,3.53633,2.33100,4.03100,1.69600,10
86,3.17952,1.50800,3.14600,1.73000,10
87,4.69624,2.30100,4.71700,1.71200,10
88,4.33262,2.30200,4.19600,1.73400,10
89,4.29348,2.04000,4.42500,1.70100,10
90,3.85819,3.04200,3.70100,1.71300,10
91,5.48307,1.71000,4.98800,1.71600,10
92,2.80123,2.57900,2.91900,1.64500,10
93,4.09337,2.96400,3.68700,1.68800,10
94,3.14077,1.68600,3.22500,1.73300,10
95,4.79764,3.38400,4.52100,1.71200,10
96,4.28733,3.54300,4.24500,1.71200,10
97,5.42301,1.92500,4.53600,1.68500,10
98,3.79649,2.78300,3.32700,1.73000,10
99,4.19866,1.26200,3.94700,1.69400,10
100,3.90800,2.26600,3.87200,1.68400,10
101,5.34148,2.77600,5.35900,1.66100,10
102,3.41399,1.68200,3.12300,1.66100,10
103,5.95726,2.55700,5.40800,1.68100,10
104,5.53589,2.71700,5.31500,1.69900,10
105,4.35610,1.34200,4.47900,1.77500,10
106,6.58820,1.81100,6.21500,1.69900,10
107,4.00920,1.75700,4.38700,1.67500,10
108,5.75940,3.29100,5.59100,1.69300,10
109,5.77202,2.80800,5.51700,1.90200,10
110,4.92974,3.00800,5.16200,1.67700,10
111,7.99730,2.71500,5.62000,1.72900,10
112,1.76182,1.65600,3.27200,1.72900,10
113,6.20478,1.25500,4.35200,1.68700,10
114,3.37498,1.91200,3.78300,1.70500,10
115,5.42809,2.15300,5.43400,1.80000,10
116,7.44357,6.05100,7.14600,1.72400,10
117,8.43256,4.11300,7.90300,1.69700,10
118,4.34013,2.70000,4.35900,1.69100,10
119,4.42347,2.15800,4.82500,1.70100,10
120,3.36699,1.53300,3.30800,1.72500,10
121,3.92812,1.83900,3.43800,1.70300,10
122,5.09864,2.07300,5.14800,1.72400,10
123,4.06850,2.35000,4.02900,1.70100,10
124,6.92014,2.83100,6.49000,1.71200,10
125,9.16684,3.62500,9.13800,2.03800,10
126,4.96444,4.15000,5.06900,1.76300,10
127,3.84651,3.18300,3.56400,1.78100,10
128,4.06733,2.02100,3.81200,1.70400,10
129,4.12266,1.54600,3.53800,1.73300,10
130,3.58058,1.21000,3.74700,1.68400,10
131,4.19523,1.53400,3.97600,1.68400,10
132,3.91901,2.45900,3.24800,1.64300,10
133,5.07447,2.01300,5.14400,1.68000,10
134,4.12603,1.52200,3.91700,1.83800,10
135,3.95908,1.64700,3.81200,1.71900,10
136,4.43991,1.07000,4.44100,1.69800,10
137,3.20579,1.08600,2.78600,1.69800,10
138,5.14260,1.09800,4.78500,1.67900,10
139,4.33369,1.86800,4.47700,1.74700,10
140,4.78243,2.72400,4.84900,1.67300,10
141,4.22930,1.11500,4.09400,1.80600,10
142,4.67280,1.92300,3.98100,1.69600,10
143,4.01448,2.40100,3.64900,1.93300,10
144,3.31933,1.21500,2.84500,1.68700,10
145,2.99645,2.27300,3.07400,1.75900,10
146,3.86555,1.06800,3.62500,1.69600,10
147,4.11050,1.21300,3.89000,1.70400,10
148,5.09866,1.99400,4.53700,1.72700,10
149,4.52387,2.77600,4.76600,1.77000,10
150,4.79650,3.14300,4.90900,1.67100,10
151,5.01649,2.16100,3.92100,1.70700,10
152,5.01915,1.94700,4.06300,1.69600,10
153,4.86842,2.10100,3.29000,1.68800,10
154,3.73622,1.01900,2.81600,1.70000,10
155,4.97130,2.25600,4.87900,1.71000,10
156,5.52973,2.48700,5.52900,1.73000,10
157,4.55629,1.51000,4.57400,1.69200,10
158,4.39637,2.78700,4.38200,1.70900,10
159,5.40564,2.55000,4.88400,1.72200,10
160,4.20845,1.63600,4.65000,1.70400,10
161,5.22886,2.07900,4.91600,1.71200,10
162,10.29216,8.27300,10.25500,1.68500,10
163,5.67812,2.54200,5.69700,1.71600,10
164,5.10178,3.66100,5.07200,1.66300,10
165,5.43367,3.80600,5.02000,1.68900,10
166,5.79181,2.99500,5.99900,1.70500,10
167,6.06487,3.58900,5.95200,1.90100,10
168,6.54780,7.03600,5.27800,1.72000,10
169,5.21183,4.59900,4.37600,1.68200,10
170,6.28982,2.98000,5.89300,1.65900,10
171,4.03159,3.35200,3.95700,1.66700,10
172,4.23055,2.39300,4.47000,1.69900,10
173,7.69672,1.93200,7.13800,1.91100,10
174,4.99577,2.07300,4.88400,1.66300,10
175,4.56084,2.27500,4.78500,1.70400,10
176,3.90044,2.36400,3.89300,1.84800,10
177,3.80646,1.88900,3.78600,1.79200,10
178,3.42981,1.81200,3.48200,1.68600,10
179,5.72537,1.74300,5.36800,1.67800,10
180,3.84893,2.69000,3.70600,1.89300,10
181,3.85694,2.05400,3.48800,1.68200,10
182,3.44442,2.52000,2.58600,1.88000,10
183,4.22533,2.77500,3.56100,1.69500,10
184,3.48821,3.56700,3.50600,1.87200,10
185,3.90093,2.36800,2.79100,1.87200,10
186,4.33423,1.66900,4.58900,1.70400,10
187,3.76068,1.51000,3.62700,1.70100,10
188,3.65986,2.07500,3.52500,1.71400,10
189,4.33975,2.04000,4.49000,1.70600,10
190,6.75572,1.07600,5.61900,1.74100,10
191,3.26189,1.98900,3.74800,1.71700,10
192,4.99490,1.93600,3.87500,1.93900,10
193,3.33081,1.50100,2.54400,1.93900,10
194,5.06546,1.69200,5.57500,1.71000,10
195,6.26955,1.56700,4.49600,1.71900,10
196,4.38924,1.82900,4.43800,1.71900,10
197,5.95266,2.54300,5.12200,1.85100,10
198,3.73218,1.24000,3.65300,1.73900,10
199,5.91328,2.73800,5.97100,1.87600,10
200,6.05308,2.23900,5.83900,1.69700,10
201,3.85253,1.50500,3.95900,1.69700,10
202,5.71000,2.14000,5.55600,1.68600,10
203,5.90780,4.00300,5.53400,1.69600,10
204,4.83860,2.36700,4.82500,1.70600,10
205,5.05087,3.23400,4.69300,1.87200,10
206,5.40530,3.44700,5.67200,1.70900,10
207,6.17214,2.13300,5.96000,1.70200,10
208,6.33294,1.69000,4.57000,1.89200,10
209,4.29295,1.64200,4.35400,1.78700,10
210,6.04073,1.32700,4.26900,1.67500,10
211,4.94273,1.61600,4.08600,1.88800,10
212,7.22056,1.43500,5.49700,1.75100,10
213,6.45119,2.34000,6.41200,1.69500,10
214,6.92459,1.67100,6.98700,1.72900,10
215,6.26825,2.21500,5.57100,1.86300,10
216,9.11555,2.65900,7.53200,1.70500,10
217,7.85771,6.32900,7.17800,1.73100,10
218,4.53900,4.51000,5.20100,1.71800,10
219,4.12000,3.64800,4.21700,1.73700,10
220,4.30351,2.38600,3.37900,1.68300,10
221,4.80031,1.60500,4.76100,1.74300,10
222,3.06411,1.48400,2.93100,1.68100,10
223,3.50728,2.75000,3.58800,1.70800,10
224,3.89550,1.46200,3.85000,1.72100,10
225,2.72969,1.06500,2.77700,1.68700,10
226,4.37518,1.47700,4.30200,1.70800,10
227,4.60067,3.61500,4.45800,1.71000,10
228,4.26696,2.76500,4.46300,1.70200,10
229,3.97922,2.40700,3.78700,1.91500,10
230,3.66283,2.07900,3.84900,1.73400,10
231,5.66931,1.28000,2.96100,1.72000,10
232,3.84332,2.37800,6.35600,1.69400,10
233,5.32246,1.38500,4.79900,1.71400,10
234,3.87079,2.25000,3.85100,1.71400,10
235,5.90877,1.97100,5.46000,1.69200,10
236,3.64860,2.47900,3.86200,1.69200,10
237,4.04083,2.80600,4.04500,1.70700,10
238,4.80584,1.40600,4.24500,1.91500,10
239,4.02401,2.35300,3.64500,1.69200,10
240,5.58685,1.91700,3.78900,1.68400,10
241,3.10845,2.43200,3.15700,1.68400,10
242,6.21522,2.77300,5.58100,1.71300,10
243,7.06347,1.93300,5.88400,1.69100,10
244,2.87100,1.43900,2.97200,1.69100,10
245,7.59000,1.23500,5.78200,1.86900,10
246,4.60901,1.52600,4.28800,1.69400,10
247,6.79441,1.82300,6.82100,1.69300,10
248,4.00934,1.63800,3.98900,1.68300,10
249,4.84845,1.83100,4.82200,1.72300,10
250,6.64840,1.91400,6.29900,1.68100,10
251,6.02759,2.81800,3.87200,1.71900,10
252,5.10726,3.26500,3.46300,1.72400,10
253,2.86117,2.45600,2.68100,1.72400,10
254,6.31593,3.15500,5.40200,1.70600,10
255,2.96727,2.33100,3.07200,1.70300,10
256,8.84409,1.41100,4.95800,1.73600,10
257,5.31211,3.22300,5.17100,1.67900,10
258,4.49489,1.68000,4.47300,1.68700,10
259,4.49373,3.25700,3.28100,1.70300,10
260,4.40081,1.95800,3.98000,1.70200,10
261,3.79236,3.12700,3.69200,1.71400,10
262,4.16969,1.52500,4.28400,1.72600,10
263,5.93212,3.42000,5.78500,1.85000,10
264,4.74196,3.39800,3.76800,1.78600,10
265,3.57081,2.42600,3.56700,1.73400,10
266,5.40252,1.30100,5.10100,1.67300,10
267,3.32634,1.71100,3.39700,1.72500,10
268,3.95568,2.20700,3.63600,1.91500,10
269,3.53352,1.87200,3.43300,1.69300,10
270,6.29973,2.97400,6.52700,1.91600,10
271,3.63451,2.22000,3.55200,1.72400,10
272,4.37648,2.47700,4.19700,1.68700,10
273,8.76785,4.77800,8.83200,1.73400,10
274,5.39568,2.84300,5.30600,1.73200,10
275,5.25515,2.75200,5.37000,1.68000,10
276,5.48794,2.40900,5.31000,1.68400,10
277,4.54954,3.73200,4.03600,1.68900,10
278,3.22677,4.13400,3.34800,1.71700,10
279,4.06810,2.32100,3.71100,1.68300,10
280,3.50931,3.72200,3.23700,1.68300,10
281,4.89965,2.08000,4.74100,1.64900,10
282,4.86124,3.01700,4.18600,1.72600,10
283,7.05566,1.43300,6.12100,1.72300,10
284,5.85726,4.03600,5.37400,1.72200,10
285,2.07556,3.48600,2.67000,1.69100,10
286,4.37536,1.49300,3.16800,1.68300,10
287,7.89015,1.39700,6.03700,1.69100,10
288,5.87067,2.02500,4.97700,1.73200,10
289,4.08108,3.34600,4.15400,1.69200,10
290,7.38835,4.97100,7.27800,1.70900,10
291,5.58318,3.44900,5.57100,1.74000,10
292,6.18220,2.58500,6.02000,1.72000,10
293,3.42129,1.42300,3.58200,1.71600,10
294,2.78090,2.26900,2.78100,1.76500,10
295,4.53214,2.23800,3.94600,1.91100,10
296,2.92921,1.78100,2.60900,1.73100,10
297,3.99156,2.90400,3.61800,1.71800,10
298,3.76679,1.87200,4.21700,1.67800,10
299,4.92747,3.28200,4.33000,1.89200,10
300,5.26667,2.62900,4.84600,1.70100,10
301,6.05998,1.80200,5.53800,1.70300,10
302,5.13048,2.37000,4.92200,1.68900,10
303,5.03536,1.66400,4.75800,1.74100,10
304,4.39034,2.14200,3.91500,1.74100,10
305,5.49271,1.63300,5.27000,1.73700,10
306,3.81577,1.61200,3.84900,1.87100,10
307,4.99480,1.67900,4.56500,1.68900,10
308,4.20955,1.27600,4.20500,1.71200,10
309,3.41488,1.64800,3.41000,1.73700,10
310,6.17160,1.32300,5.78800,1.70600,10
311,5.61009,1.88600,5.41200,1.76200,10
312,4.70719,2.33500,3.82200,1.70500,10
313,3.74315,3.56500,4.65500,1.78000,10
314,4.04122,2.18400,3.84900,1.70200,10
315,7.32520,2.36500,4.06200,1.71500,10
316,5.54366,2.45000,5.37100,1.71700,10
317,7.40063,3.46200,6.47800,1.81600,10
318,6.41837,6.66400,5.95200,1.71700,10
319,4.62959,4.00800,5.52500,1.97500,10
320,3.62972,2.61600,3.47100,1.73100,10
321,5.56449,2.39300,5.69000,1.70200,10
322,3.89466,1.70600,3.87600,1.69000,10
323,5.40910,2.36900,3.81300,1.67900,10
324,4.78958,1.75100,4.58400,1.68300,10
325,3.59816,2.59000,3.41900,1.73000,10
326,4.47293,1.41900,4.42400,1.73200,10
327,4.19208,2.07600,4.16000,1.70100,10
328,3.61311,1.25400,3.59400,1.72800,10
329,5.80625,1.49800,5.45000,1.67100,10
330,3.20300,1.95100,3.10400,1.69300,10
331,3.04735,1.06100,3.05000,1.72500,10
332,3.62188,1.11700,3.61300,1.83900,10
333,4.42245,0.98600,3.57500,1.65400,10
334,5.76385,1.08700,5.47800,1.92000,10
335,3.44930,1.53600,3.40000,1.72400,10
336,4.27664,1.23800,4.25500,1.71200,10
337,5.43638,1.05900,4.38400,1.69600,10
338,4.30720,1.78700,3.64200,1.85600,10
339,5.38693,2.42000,4.94700,1.67300,10
340,4.85758,1.92700,5.10700,1.69900,10
341,7.80313,2.61400,7.20800,1.79600,10
342,6.04991,4.09300,4.69200,1.70800,10
343,4.39789,1.96200,4.70300,1.67800,10
344,5.09741,2.85600,5.09300,1.68900,10
345,5.40684,2.20100,5.45500,1.71100,10
346,4.61061,1.45600,4.09900,1.72700,10
347,3.69747,2.35000,3.79900,1.69500,10
348,4.62605,2.13000,4.50100,1.70000,10
349,4.11528,1.72500,3.83600,1.67200,10
350,4.43290,2.66600,4.01200,1.72000,10
351,4.40824,1.27000,4.41500,1.71400,10
352,5.74055,2.48500,3.65800,1.71400,10
353,6.89433,1.67800,6.46300,1.71300,10
354,4.61426,1.80400,4.20300,1.72700,10
355,3.92305,2.00900,4.19200,1.72900,10
356,5.69754,2.13200,4.57200,1.68200,10
357,5.80576,2.21600,4.49200,1.72700,10
358,5.51080,3.68100,3.64600,1.74600,10
359,3.98655,2.41400,4.15500,1.82400,10
360,5.99782,1.85800,5.44400,1.71500,10
361,3.99720,1.82500,4.49100,1.95400,10
362,4.99777,1.66300,4.60300,1.71600,10
363,6.02749,1.82700,5.85000,1.69500,10
364,5.48984,3.09600,5.77200,1.72700,10
365,6.09302,2.51100,5.69300,1.87900,10
366,5.52246,2.03300,5.42300,1.69700,10
367,5.63718,3.76500,4.67000,1.69500,10
368,6.57317,2.29300,6.24900,1.68000,10
369,5.57050,2.60300,5.08800,1.73100,10
370,5.26608,4.98200,5.10700,1.68200,10
371,5.39272,2.64600,4.74600,1.67900,10
372,5.24996,2.59100,5.03200,1.77300,10
373,6.15424,2.19300,4.85200,1.72200,10
374,5.59077,2.24700,5.47300,1.73600,10
375,4.07516,3.08600,3.93300,1.70200,10
376,4.12000,2.15400,4.21200,1.89100,10
377,3.84837,2.63200,3.97300,1.72900,10
378,7.33077,2.90800,4.93000,1.73600,10
379,4.10035,2.39900,3.57700,1.69700,10
380,7.31172,1.86300,7.55900,1.70200,10
381,5.69433,4.42600,4.85400,1.71200,10
382,5.79155,5.76300,4.15100,1.71200,10
383,5.22681,4.12100,4.97100,1.69200,10
384,3.88055,3.12400,3.76200,1.69200,10
385,7.75462,2.82800,7.44600,1.70700,10
386,4.91093,2.56100,4.42200,1.70000,10
387,6.81725,2.71600,7.16100,1.74100,10
388,7.88957,2.00600,7.73600,1.70500,10
389,5.06717,2.23000,5.08200,1.86000,10
390,4.96232,1.34300,4.04100,1.70300,10
391,4.67016,2.10300,4.57400,1.87800,10
392,5.32747,2.19800,5.04000,1.70100,10
393,5.76841,3.76000,5.38500,1.70700,10
394,4.75745,2.21400,4.08100,1.69700,10
395,6.10308,1.87100,5.81000,1.66900,10
396,3.64325,1.99700,3.29800,1.66900,10
397,8.45179,2.55800,7.97800,1.74600,10
398,4.27165,2.06900,4.15400,1.69200,10
399,5.10253,1.87800,4.26100,1.69200,10
400,6.12969,3.51800,5.98700,1.69500,10
401,8.08401,2.70900,5.70000,1.86700,10
402,5.36510,1.43000,4.40900,1.68400,10
403,5.31627,2.63400,4.10400,1.69800,10
404,4.50911,2.58400,5.40800,1.67300,10
405,3.63757,2.68000,2.97000,1.68700,10
406,14.10342,3.18900,14.37800,1.74700,10
407,5.46103,4.69800,5.27200,1.74400,10
408,3.40494,2.40600,3.51500,1.71800,10
409,3.72248,1.54800,3.09000,1.72700,10
410,3.58618,2.90200,3.90400,1.69700,10
411,4.15448,1.66000,3.92700,1.65900,10
412,3.90681,2.25200,3.99900,1.69500,10
413,4.44163,1.54100,4.22000,1.72700,10
414,4.80892,1.97800,4.38100,1.70000,10
415,4.23138,1.47100,4.15600,1.69200,10
416,6.03679,1.12800,3.99000,1.69000,10
417,3.72247,2.45100,3.63800,1.67200,10
418,3.20929,2.07500,3.58600,1.67200,10
419,4.86559,1.25000,4.25600,1.70400,10
420,2.87941,1.91900,3.15700,1.68800,10
421,6.65906,1.59100,5.90500,1.88100,10
422,4.76941,3.45100,4.50600,1.69200,10
423,4.25218,3.35800,4.21700,1.86400,10
424,2.72518,1.97000,2.64400,1.72400,10
425,4.18275,2.04500,2.89000,1.68700,10
426,1.35857,3.68500,2.43800,1.68700,10
427,2.05262,1.94400,2.35000,1.66100,10
428,7.00400,2.95200,4.74800,1.66800,10
429,3.03757,1.86100,2.89600,1.69000,10
430,5.11539,1.55400,4.51300,1.71200,10
431,2.89724,2.71600,3.05700,1.73200,10
432,5.28602,1.43900,5.08300,1.74700,10
433,5.23675,2.85700,4.77600,1.73700,10
434,3.02640,2.35800,2.80100,1.64900,10
435,2.66778,1.55900,2.60300,1.70200,10
436,3.04462,1.47800,3.12100,1.70500,10
437,2.58709,1.23900,2.57900,1.72300,10
438,4.35799,1.88800,3.68500,1.67900,10
439,3.75587,2.32100,2.59600,1.73400,10
440,3.90666,1.57900,2.46000,1.75200,10
441,4.48825,1.23500,4.99500,1.70300,10
442,4.01398,4.06500,3.81200,1.87100,10
443,3.94087,1.75000,4.21400,1.68300,10
444,4.69034,1.70100,3.65600,1.70200,10
445,6.04197,2.99000,6.24200,1.69100,10
446,4.44790,1.96200,4.27900,1.68300,10
447,5.24272,3.51200,4.86300,1.72000,10
448,4.65263,3.51500,4.31600,1.90000,10
449,5.84508,2.45300,4.59700,1.70400,10
450,4.71715,1.55600,4.73200,1.70800,10
451,6.07472,1.80500,5.57100,1.74500,10
452,3.45828,2.72800,3.48300,1.70000,10
453,5.49860,3.16000,5.32900,1.83100,10
454,4.13180,2.10400,3.93100,1.70100,10
455,8.67853,2.62900,7.48900,1.71500,10
456,6.19870,4.24000,5.70800,1.70000,10
457,6.49263,2.66900,5.06500,1.68700,10
458,5.48526,4.16200,6.13700,1.70000,10
459,4.81785,2.67600,4.71000,1.67400,10
460,4.14354,2.64600,4.00000,1.75200,10
461,3.69785,1.86600,3.89100,1.69100,10
462,4.48210,1.85200,4.29600,1.72000,10
463,4.84998,1.80600,4.01200,1.70400,10
464,6.00303,3.45600,6.23500,1.70800,10
465,5.49345,3.38000,5.20300,1.69000,10
466,5.43564,2.80300,5.74400,1.81000,10
467,4.51287,2.39000,4.21400,1.69700,10
468,4.88994,2.49900,4.93900,1.72100,10
469,5.69323,3.50200,5.24500,1.67600,10
470,6.76456,3.40300,5.27100,1.72700,10
471,2.93559,4.47600,3.87900,1.71500,10
472,4.74582,2.97000,4.65500,1.86100,10
473,6.20189,2.32600,5.05400,1.86100,10
474,5.23393,2.39700,5.36400,1.70000,10
475,5.03465,2.66000,4.14000,1.69400,10
476,4.68408,2.34600,4.59600,1.77000,10
477,5.45110,4.28700,5.30300,1.67900,10
478,8.54214,8.42700,4.65500,1.72500,10
479,5.17144,1.51000,4.91100,1.90000,10
480,4.60403,2.76300,4.46500,1.66300,10
481,5.22858,2.73700,3.46700,1.76700,10
482,7.69483,1.60000,5.06600,1.71600,10
483,8.83756,1.98600,5.98900,1.72300,10
484,5.99251,3.43000,5.82200,1.66600,10
485,3.71821,2.37100,3.56100,1.70400,10
486,4.19168,2.74500,4.38000,1.71500,10
487,4.15143,2.14900,4.06400,1.68500,10
488,4.90453,2.84800,4.45900,1.72500,10
489,4.73434,1.54700,4.28800,1.68000,10
490,3.87206,3.52100,3.52200,1.69900,10
491,7.10169,2.11600,3.61600,1.71800,10
492,3.79010,3.15300,4.40300,1.73800,10
493,5.90649,2.21100,3.62300,1.71500,10
494,2.92044,1.53600,2.80900,1.71500,10
495,4.93166,2.02300,5.04400,1.73600,10
496,4.47353,2.31400,4.46700,1.76500,10
497,5.06093,2.90100,3.64000,1.72100,10
498,5.28925,2.47300,5.24400,1.67900,10
499,6.02219,3.60700,5.82300,1.68700,10
500,4.52616,2.60300,4.57100,1.72300,10
501,4.47620,1.36800,3.83500,1.68900,10
502,5.44817,2.55200,6.06600,1.68500,10
503,3.44835,2.25400,3.43200,1.68400,10
504,4.84587,1.41100,4.30000,1.87400,10
505,5.08169,1.33600,4.54600,1.70300,10
506,8.25432,1.93400,8.16500,1.91100,10
507,5.97374,3.58000,5.96800,1.76500,10
508,4.81865,3.46200,4.81700,1.74400,10
509,4.25962,3.19200,3.55800,1.75500,10
510,3.58054,2.91800,3.22700,1.71500,10
511,4.38675,1.67400,4.44800,1.70800,10
512,4.43435,1.48100,3.47500,1.90200,10
513,2.87123,2.40100,2.99500,1.75400,10
514,3.62090,1.71500,3.51100,1.70600,10
515,3.00802,1.38900,3.11300,1.68000,10
516,2.88149,1.28100,2.94500,1.69100,10
517,2.88343,2.25400,2.52800,1.69100,10
518,5.86973,1.09600,4.36900,1.71500,10
519,3.91672,1.12300,3.95800,1.70700,10
520,4.33939,2.36000,3.77900,1.70700,10
521,3.96590,2.10900,3.86500,1.86200,10
522,3.84082,2.30800,3.40000,1.69100,10
523,5.12645,2.58400,4.88100,1.68600,10
524,3.45888,1.77000,3.50200,1.70400,10
525,4.34522,2.08900,3.90500,1.88800,10
526,6.60489,1.67600,2.35000,1.72700,10
527,3.34962,2.59000,2.94300,1.81600,10
528,6.70202,1.38100,6.06300,1.74300,10
529,3.44517,1.73500,3.70300,1.72700,10
530,3.30673,3.01800,3.00100,1.70200,10
531,5.03515,1.94100,5.24500,1.68700,10
532,4.66729,1.87800,4.29700,1.71300,10
533,5.53772,4.08000,4.80600,1.71100,10
534,3.60793,2.07900,3.73400,1.86700,10
535,4.00822,1.74600,4.30200,1.70500,10
536,5.02096,1.64000,4.19400,1.90300,10
537,4.18571,2.08000,3.73900,1.72000,10
538,5.49403,2.00100,5.08900,1.72100,10
539,5.49120,1.93100,4.76300,1.69500,10
540,3.48346,2.74300,3.35400,1.70300,10
541,3.28218,3.41500,3.02600,1.67700,10
542,3.20203,2.05700,3.08600,1.71900,10
543,4.47668,2.11300,4.52500,1.79500,10
544,4.55071,3.69700,4.03700,1.70000,10
545,4.32791,1.90100,2.98300,1.68400,10
546,5.29001,1.54800,6.02100,1.71600,10
547,6.35717,1.68900,6.07300,1.91400,10
548,3.98165,2.30500,3.98300,1.70900,10
549,3.72102,3.60900,3.75000,1.87800,10
550,3.46566,1.28900,2.69200,1.87800,10
551,5.43378,3.08400,5.40700,1.69700,10
552,4.70228,2.37100,4.28000,1.70600,10
553,5.72569,1.74400,3.58600,1.70700,10
554,6.21798,1.91800,6.06100,1.66400,10
555,3.99391,3.05400,4.55000,1.67900,10
556,6.45698,2.11500,6.30800,1.68900,10
557,4.93458,2.43100,4.95000,1.71500,10
558,4.76765,3.20500,4.43100,1.70800,10
559,7.86228,1.06900,7.44400,1.67300,10
560,3.88000,2.32100,3.96200,1.90200,10
561,6.89035,3.47100,4.80300,1.78500,10
562,5.78842,3.26100,5.90200,1.84800,10
563,4.89693,2.39500,4.05500,1.72100,10
564,5.80305,1.91200,5.37000,1.71200,10
565,5.96857,2.34600,5.71900,1.74000,10
566,5.61691,3.87300,5.48100,1.74000,10
567,6.49005,4.07700,6.20200,1.70700,10
568,5.80002,2.39300,5.70200,1.71000,10
569,4.93305,2.55700,4.97200,1.68900,10
570,3.68856,1.08700,3.61900,1.68900,10
571,5.64010,1.61800,4.70300,1.75500,10
572,8.32625,1.85600,5.79900,1.87300,10
573,4.13935,1.55200,4.94500,1.87300,10
574,6.06049,2.88700,6.39900,1.71500,10
575,6.03267,1.94900,5.10900,1.68900,10
576,5.08690,3.00400,4.58100,1.70200,10
577,3.55976,3.57500,2.96300,1.68500,10
578,4.33906,2.62400,4.43400,1.69600,10
579,3.84835,2.67100,3.96500,1.77500,10
580,6.89619,3.91800,6.32600,1.73100,10
581,5.57618,2.94700,4.60600,1.68900,10
582,4.38549,2.68500,4.39600,1.86800,10
583,6.33060,3.43400,5.88200,1.68100,10
584,4.95160,3.60900,4.79900,1.68700,10
585,5.41721,3.46600,5.09900,1.86000,10
586,7.46430,1.94400,7.27200,1.70100,10
587,5.37322,2.28300,4.79200,1.69900,10
588,3.90659,1.38600,4.20000,1.70800,10
589,5.40137,2.63200,4.06200,1.72000,10
590,5.24751,1.79100,5.40200,1.68700,10
591,6.01512,1.82400,4.97300,1.90800,10
592,6.67860,1.49300,6.81900,1.70000,10
593,3.19629,2.47800,2.95600,1.69500,10
594,7.81014,1.86900,6.80200,1.70400,10
595,5.50067,1.50000,4.71000,1.69200,10
596,4.83443,2.34600,4.82100,1.67000,10
597,3.72510,2.26900,3.63300,1.89800,10
598,4.86384,1.68200,4.70800,1.69400,10
599,4.00973,1.93400,3.38300,1.67700,10
600,9.22788,9.07500,7.02900,1.75000,10
601,5.38409,2.25900,5.89400,1.71200,10
602,8.50085,2.05200,8.32100,1.70100,10
603,7.08974,4.39100,7.08300,1.71900,10
604,5.81157,5.64800,5.72300,1.81100,10
605,5.06379,2.82200,5.09400,1.76700,10
606,3.35397,1.66600,3.05100,1.76700,10
607,6.18252,1.37900,4.95800,1.73000,10
608,5.34789,1.40100,4.67500,1.71900,10
609,3.29526,2.01600,3.78000,1.71000,10
610,2.89223,2.36900,2.90300,1.67300,10
611,4.71471,1.36900,3.19100,1.69500,10
612,5.16402,2.22900,5.73300,1.69400,10
613,2.99159,1.30900,3.25400,1.90800,10
614,4.99665,1.05400,4.11100,1.73100,10
615,4.48374,1.04100,3.20700,1.70800,10
616,2.72663,1.77000,2.86000,1.69600,10
617,4.75477,1.27400,4.65700,1.90800,10
618,5.05459,1.94200,3.81100,1.70700,10
619,4.00799,1.94800,3.83200,1.69400,10
620,2.99156,2.03500,3.11700,1.66900,10
621,3.63024,1.46900,3.87000,1.66900,10
622,4.40271,3.40200,3.66700,1.70900,10
623,4.28166,1.89400,4.18900,1.68500,10
624,7.00625,2.96300,5.92000,1.68400,10
625,4.83437,2.71800,4.38700,1.72800,10
626,4.30900,3.42100,4.30900,1.85200,10
627,4.40192,1.73300,4.47900,1.70700,10
628,7.04430,2.49000,6.70900,1.90500,10
629,3.90872,2.22700,3.93600,1.72500,10
630,3.90300,2.14600,3.89700,1.67900,10
631,6.06936,1.21500,4.54200,1.74200,10
632,4.53771,1.86300,5.54400,1.73000,10
633,5.27115,1.40600,5.36200,1.68200,10
634,5.93929,2.40700,5.88600,1.70000,10
635,8.24630,1.55000,5.59700,1.66800,10
636,3.65802,3.08700,4.13100,1.71400,10
637,9.48150,2.97100,8.04800,1.69900,10
638,4.90372,3.64500,4.53900,1.82700,10
639,7.87140,2.36600,3.41000,1.91800,10
640,3.24409,2.19700,3.27300,1.71900,10
641,4.94683,2.90100,4.69600,1.67300,10
642,4.25965,2.52900,4.17100,1.66700,10
643,4.96699,3.15000,4.33900,1.88800,10
644,4.81082,1.84200,4.38200,1.77400,10
645,3.21065,1.81300,3.09900,1.70500,10
646,3.10487,1.36400,3.03800,1.70000,10
647,6.12692,1.97200,5.83800,1.69900,10
648,4.70896,1.78500,4.02800,1.70300,10
649,5.29734,2.68100,5.57200,1.73800,10
650,4.24652,4.09400,4.56600,1.70300,10
651,3.88974,1.94100,3.79200,1.66400,10
652,3.88113,2.37400,3.79700,1.84400,10
653,3.18019,1.63500,2.66500,1.84400,10
654,4.32956,1.20200,4.40200,1.70800,10
655,4.22777,1.73200,4.24400,1.70500,10
656,3.04118,1.51200,2.81600,1.70600,10
657,5.08398,1.56000,5.26700,1.68100,10
658,4.78019,1.94300,4.74400,1.69400,10
659,4.75655,2.19400,4.05900,1.70600,10
660,5.52144,1.64200,5.67700,1.85400,10
661,4.64370,1.35600,4.40200,1.67400,10
662,3.93719,1.87000,3.87800,1.99900,10
663,3.11341,3.08900,3.11600,1.99900,10
664,6.35436,1.73400,5.09600,1.71600,10
665,3.60778,2.07300,3.86500,1.70800,10
666,4.35234,1.92200,3.39400,1.70700,10
667,5.15789,1.97900,5.45200,1.68900,10
668,4.03782,2.14200,3.72200,1.73000,10
669,5.99057,2.40200,5.38700,1.87900,10
670,3.99067,1.76000,3.93800,1.69500,10
671,5.02142,2.07500,4.26800,1.70400,10
672,4.58767,2.99800,4.02600,1.72900,10
673,3.90738,2.21800,3.28000,1.90300,10
674,4.96092,1.93200,3.08600,1.85200,10
675,3.87018,2.77300,3.61200,1.85200,10
676,8.54535,1.96800,8.54600,1.69400,10
677,3.86704,3.02300,3.22500,1.67900,10
678,5.48053,1.59900,5.87300,1.68500,10
679,5.46443,3.29800,3.82800,1.89700,10
680,5.63718,2.20500,4.99800,1.67000,10
681,4.02121,2.11200,3.91100,1.72900,10
682,4.41580,2.46600,4.43500,1.86100,10
683,4.04769,2.92300,4.10800,1.86100,10
684,4.14545,2.19900,4.07000,1.69700,10
685,6.96816,2.79100,6.83500,1.67900,10
686,5.79908,4.01700,5.93200,1.76700,10
687,4.10387,1.68100,3.85700,1.69000,10
688,4.02571,1.74100,3.62500,1.69000,10
689,3.94472,1.49400,3.42900,1.68600,10
690,5.10141,1.43500,5.07500,1.70300,10
691,2.61938,3.17400,2.82700,1.72900,10
692,6.13074,2.13100,5.60900,1.68300,10
693,5.57353,2.60700,4.57900,1.69600,10
694,4.57556,2.06800,3.74600,1.72100,10
695,5.02292,2.48800,4.54500,1.72100,10
696,4.20792,2.36400,3.98200,1.69300,10
697,7.68151,3.82300,5.30700,1.67000,10
698,6.03921,2.04300,5.08200,1.69200,10
699,3.74242,2.18200,4.72500,1.68900,10
700,5.08958,2.16700,4.76600,1.68600,10
701,4.49995,3.22400,4.45700,1.74500,10
702,6.66645,1.41800,6.43600,1.69100,10
703,6.38347,3.21900,6.32700,1.87900,10
704,7.29270,4.85600,7.21900,1.72500,10
705,5.19434,3.90900,5.32900,1.72800,10
706,5.13340,2.70600,5.13200,1.74500,10
707,4.58272,3.66500,4.68800,1.68700,10
708,4.46201,1.44200,4.31800,1.68400,10
709,4.79097,2.28600,4.80900,1.89500,10
710,4.24267,2.72100,4.03500,1.76600,10
711,4.81681,2.55400,4.97300,1.69900,10
712,3.72069,2.08500,3.67400,1.67500,10
713,4.55737,2.94900,4.59500,1.89400,10
714,4.77120,2.56500,4.74500,1.73300,10
715,3.96638,1.72600,3.19100,1.74300,10
716,3.78965,1.69800,3.62400,1.68900,10
717,4.06254,2.28600,3.79900,1.70100,10
718,6.17766,2.83700,4.90000,1.68800,10
719,3.94181,2.85500,4.42600,1.71800,10
720,5.85225,1.40100,5.65300,1.87600,10
721,5.85614,1.59800,5.94500,1.70200,10
722,3.65034,2.31300,3.49000,1.71000,10
723,4.37929,3.48300,4.59400,1.89500,10
724,4.81719,2.24000,3.07400,1.89500,10
725,4.56404,1.66200,4.82400,1.70600,10
726,4.85126,1.37400,4.74100,1.67100,10
727,5.22433,1.29200,4.50300,1.69400,10
728,5.86308,1.35700,5.48500,1.76100,10
729,5.51700,2.84200,5.06600,1.70600,10
730,3.35293,1.33600,3.29500,1.70600,10
731,5.63576,2.59200,5.53400,1.71800,10
732,4.96011,1.82400,4.64800,1.71700,10
733,5.65387,3.67100,5.12100,1.65700,10
734,3.26208,2.29400,3.58800,1.71100,10
735,6.36935,2.14100,4.84800,1.67900,10
736,5.04379,2.18400,4.27500,1.67900,10
737,5.74028,2.15900,5.95300,1.91400,10
738,5.98310,2.31400,5.22200,1.68500,10
739,5.63372,2.77000,4.43500,1.73100,10
740,5.70154,2.24400,6.68000,1.73100,10
741,7.40758,1.46700,7.05600,1.70700,10
742,5.62384,2.86700,4.74400,1.79000,10
743,4.24791,2.28300,4.53100,1.72700,10
744,4.68865,1.48000,3.95000,1.72700,10
745,4.33384,3.25700,4.30600,1.67200,10
746,6.96620,2.65200,6.58000,1.68700,10
747,6.19461,1.99700,3.80800,1.70800,10
748,4.51914,2.16000,4.30300,1.68600,10
749,5.07667,2.86500,3.51200,1.68600,10
750,9.35935,4.12900,8.77300,1.70800,10
751,5.09654,3.64600,6.03600,1.74400,10
752,4.41364,3.00800,3.85400,1.69200,10
753,4.76719,1.64100,4.52800,1.82100,10
754,3.42073,1.49900,3.55200,1.70200,10
755,4.31225,2.09300,4.00200,1.66200,10
756,5.56591,2.76300,5.06500,1.68300,10
757,3.20664,2.62100,3.46800,1.75800,10
758,5.74644,1.84200,5.18100,1.70500,10
759,4.30940,2.90500,3.68900,1.85900,10
760,4.33608,1.50900,3.56400,1.69800,10
761,8.38241,1.54900,4.24400,1.68000,10
762,3.89604,1.62800,3.92400,1.66800,10
763,4.44846,1.57400,3.55800,1.69200,10
764,7.59540,2.74400,4.40200,1.69200,10
765,6.50464,3.51900,9.92000,1.72100,10
766,4.33247,3.40100,3.72500,1.71400,10
767,5.81644,2.05600,6.12800,1.76300,10
768,4.12675,1.72100,4.13300,1.71600,10
769,4.26614,2.39900,3.86200,1.71700,10
770,4.74804,1.39200,4.75700,1.68300,10
771,7.42642,2.47200,7.73200,1.72700,10
772,4.33846,2.02700,4.31200,1.67200,10
773,5.55270,3.27800,4.69400,1.70800,10
774,5.95238,4.34200,5.92200,1.68200,10
775,6.65669,3.52700,7.40600,1.71300,10
776,5.99713,2.92400,5.63700,1.66700,10
777,7.32675,3.52600,7.45000,1.69600,10
778,5.71499,2.85900,5.67100,1.88800,10
779,4.40051,2.77000,4.53000,1.70600,10
780,5.10331,1.98600,4.98300,1.68800,10
781,5.53152,1.31000,4.56600,1.73500,10
782,4.64676,2.99300,4.11100,1.68300,10
783,5.59421,4.35300,5.55900,1.70300,10
784,7.58700,1.56700,7.77700,1.72100,10
785,10.02353,3.13300,9.40800,1.72200,10
786,13.62263,4.50800,9.73000,1.75200,10
787,4.89807,4.89200,4.71800,1.70500,10
788,4.25858,2.16500,3.77400,1.67500,10
789,4.62986,1.75500,3.96600,1.69000,10
790,2.98230,2.17200,3.44100,1.69000,10
791,6.87342,1.63600,4.80700,1.67300,10
792,4.97059,1.72500,3.39700,1.67300,10
793,4.06131,1.79200,3.69800,1.90000,10
794,4.01225,1.82600,3.64100,1.71400,10
795,5.06771,1.86800,3.98800,1.67000,10
796,6.00843,2.32400,5.28200,1.70900,10
797,5.86803,1.78800,5.00400,1.68500,10
798,6.04042,1.89000,6.01100,1.68700,10
799,4.32759,2.48000,4.08400,1.70300,10
800,5.77338,3.34400,5.30200,1.64600,10
801,3.57805,3.93000,3.32200,1.84900,10
802,4.15089,1.50100,4.39100,1.71800,10
803,10.35147,2.38000,9.31100,1.69600,10
804,7.08142,3.39400,5.48100,1.68800,10
805,3.96039,3.14300,4.92100,1.69400,10
806,6.04584,1.93800,5.87200,1.88100,10
807,11.14697,1.61100,10.61800,1.92300,10
808,5.96150,1.65600,6.09000,1.72500,10
809,5.12710,2.76100,5.27900,1.70300,10
810,6.69979,2.85100,6.67500,1.69000,10
811,6.84332,2.15000,6.83800,1.73600,10
812,7.69772,2.02700,6.67600,1.72500,10
813,4.90674,2.19400,4.79600,1.72300,10
814,5.79404,2.19900,4.87600,1.77200,10
815,3.50618,3.07900,4.25200,1.69200,10
816,3.99012,2.10200,3.76300,1.69200,10
817,6.23424,2.03200,5.49800,1.84700,10
818,4.59774,2.21500,4.59700,1.68000,10
819,2.75789,2.20200,2.75700,1.71600,10
820,4.16293,1.26000,4.10200,1.92500,10
821,3.97704,1.54900,3.07700,1.68600,10
822,4.51838,1.72100,5.45400,1.69300,10
823,11.01282,1.88200,10.85000,1.70600,10
824,6.25787,1.65200,5.17000,1.71400,10
825,4.47745,2.69700,4.80600,1.74800,10
826,12.78961,2.20300,12.63500,1.71500,10
827,4.15904,2.03900,4.17200,1.75900,10
828,4.99380,2.30400,4.76700,1.72400,10
829,4.76508,2.77400,4.15500,1.70600,10
830,4.45674,3.22000,3.45400,1.78800,10
831,6.41515,2.44700,5.89200,1.70100,10
832,4.94958,1.48200,4.78900,1.70100,10
833,7.24959,3.08700,6.27700,1.68500,10
834,5.37915,4.92800,5.79500,1.74700,10
835,6.39883,2.50200,4.82600,1.74700,10
836,8.25896,2.85300,9.14600,1.72400,10
837,6.02950,2.46500,5.03100,1.66700,10
838,6.88851,3.10800,6.00100,1.70800,10
839,2.54383,1.85800,3.71200,1.69800,10
840,5.85997,4.03400,5.87100,1.92200,10
841,4.60805,3.44900,4.65700,1.72100,10
842,5.57138,1.46000,5.30000,1.73300,10
843,4.12388,1.31500,3.42500,1.68700,10
844,5.70502,2.09600,5.58700,1.77600,10
845,3.77963,1.71800,3.83400,1.71400,10
846,3.69416,2.52800,3.70800,1.87500,10
847,5.82039,1.06400,4.72000,1.91300,10
848,4.12772,1.84100,3.99200,1.72200,10
849,4.46053,1.65800,4.41900,1.72400,10
850,3.36869,2.17200,3.31600,1.88100,10
851,5.62110,2.42100,5.12200,1.70400,10
852,3.00280,1.44700,2.19100,1.70400,10
853,6.43114,1.23900,6.43400,1.72200,10
854,4.08303,1.41000,2.97800,1.71600,10
855,4.91419,2.60000,4.28000,1.71600,10
856,7.55839,2.21100,7.24700,1.69300,10
857,3.80183,2.99500,3.87400,1.68100,10
858,3.40718,2.18100,3.28900,1.70100,10
859,6.73012,2.92300,5.59300,1.69300,10
860,4.60831,3.53200,4.91800,1.69200,10
861,4.49832,2.19900,4.46500,1.85000,10
862,4.10553,1.66000,3.91100,1.67800,10
863,6.38799,2.22800,6.52500,1.69100,10
864,3.34189,2.26400,3.11100,1.76500,10
865,5.01110,2.32600,4.19300,1.67200,10
866,3.38157,2.29300,3.31500,1.67700,10
867,5.59687,1.87600,5.15800,1.72400,10
868,5.82469,1.81600,4.88000,1.71500,10
869,4.04486,2.88400,4.21700,1.70800,10
870,9.90197,1.82500,8.87500,1.69400,10
871,6.49638,3.81200,6.52000,1.76500,10
872,4.96133,4.21100,5.06100,1.71700,10
873,5.34962,2.69700,4.61100,1.92400,10
874,3.97880,2.64800,4.58900,1.69900,10
875,4.50047,2.25700,4.60400,1.70100,10
876,3.52946,1.48500,3.10600,1.74600,10
877,3.73623,2.37800,4.12500,1.68200,10
878,5.03165,2.10600,4.91200,1.68900,10
879,3.08966,1.24500,3.14300,1.69000,10
880,3.98798,2.60400,3.76500,1.69000,10
881,4.39508,2.00600,4.06400,1.72700,10
882,3.62311,2.89100,3.90900,1.84900,10
883,5.17160,1.69500,4.10700,1.69500,10
884,6.04592,1.23400,4.48600,1.90200,10
885,3.46413,1.79700,3.07600,1.73500,10
886,3.30587,2.39500,3.30800,1.73500,10
887,3.91376,1.37200,3.62700,1.69100,10
888,4.67167,1.78700,4.18400,1.70800,10
889,4.01730,2.77800,3.78500,1.70900,10
890,2.98230,1.75400,2.76500,1.88100,10
891,3.69136,1.88900,3.61600,1.74300,10
892,4.52230,1.80800,4.29300,1.75600,10
893,5.16161,2.43500,4.31300,1.67200,10
894,5.95784,1.70300,5.55500,1.66700,10
895,4.77827,4.02800,4.82400,1.72800,10
896,4.97146,2.84500,4.26800,1.91800,10
897,4.56425,2.00900,4.31800,1.67100,10
898,4.91982,2.21600,4.76800,1.72200,10
899,7.01035,3.08900,6.83900,1.69200,10
900,6.00674,3.43700,4.45000,1.78600,10
901,4.45820,2.46500,5.25200,1.69500,10
902,3.90271,2.21700,4.07800,1.72900,10
903,6.05008,1.96500,5.90400,1.71900,10
904,7.18200,3.21500,6.58900,1.77500,10
905,5.36661,2.20900,5.88600,1.69000,10
906,5.57483,2.24900,5.09200,1.68400,10
907,4.86395,2.63200,4.56100,1.70700,10
908,7.63405,2.36400,6.64100,1.70400,10
909,4.85784,3.23800,5.38800,1.70300,10
910,3.25362,3.85200,3.84600,1.70500,10
911,3.76048,1.26300,3.94400,1.70200,10
912,4.99925,1.48800,3.73100,1.69800,10
913,3.90210,2.08600,3.90700,1.67700,10
914,9.86024,2.09100,9.27700,1.71200,10
915,4.49908,2.46300,4.84300,1.69700,10
916,4.34060,2.19300,4.26100,1.86200,10
917,4.20713,2.15700,4.26400,1.70500,10
918,5.69180,2.90500,4.39300,1.69500,10
919,4.26301,3.09700,3.90400,1.68800,10
920,6.51932,1.81300,6.18100,1.68800,10
921,5.29441,2.22000,4.95000,1.88700,10
922,4.85266,2.10100,4.77100,1.72600,10
923,3.22380,1.68800,2.76900,1.69100,10
924,4.55657,1.51900,3.87400,1.69500,10
925,3.15906,1.50400,3.12200,1.92700,10
926,3.40518,1.37500,3.41400,1.67900,10
927,6.58253,1.11500,6.57500,1.68800,10
928,5.11377,1.28700,5.10100,1.68900,10
929,4.58203,1.30600,4.18600,1.68900,10
930,7.99874,2.23800,5.58400,1.69700,10
931,5.68689,1.56400,5.67500,1.72600,10
932,5.08287,2.17200,4.69200,1.70900,10
933,5.67470,1.98900,4.63800,1.71000,10
934,6.00406,2.59800,4.30500,1.71400,10
935,4.27392,1.81500,5.72300,1.73500,10
936,3.98582,1.62200,3.98300,1.85400,10
937,4.30546,1.63100,3.47800,1.74500,10
938,6.00639,1.92900,7.16000,1.72800,10
939,2.98633,1.25300,3.08900,1.71900,10
940,3.69100,1.31500,3.37900,1.72100,10
941,5.63894,1.95100,4.92600,1.70200,10
942,4.41083,2.13000,4.39700,1.87800,10
943,6.28716,2.00800,4.16500,1.89100,10
944,7.33360,1.36400,6.86800,1.64800,10
945,7.06420,3.28300,7.40700,1.71100,10
946,4.07355,1.63800,3.88900,1.67300,10
947,4.00932,3.12200,3.77100,1.73600,10
948,4.43351,2.54300,4.50000,1.73000,10
949,4.37072,1.44600,4.09500,1.84700,10
950,3.52514,1.75600,3.63800,1.69600,10
951,5.49972,1.61400,5.13300,1.72200,10
952,5.54802,3.33200,5.63500,1.71700,10
953,3.63992,1.51400,3.53600,1.77200,10
954,6.87326,2.79900,6.37100,1.70500,10
955,2.30406,2.60500,2.65400,1.73700,10
956,7.26501,1.40200,3.48400,1.71700,10
957,5.88618,1.73700,6.71400,1.70800,10
958,8.07099,3.98100,8.19700,1.74700,10
959,6.07968,4.50400,6.17700,1.72400,10
960,6.05976,3.57200,5.11500,1.76600,10
961,2.56014,2.70300,2.74700,1.73200,10
962,3.71366,2.06900,3.23200,1.73200,10
963,4.47416,2.94600,2.91800,1.72400,10
964,2.43125,2.44800,2.44900,1.69800,10
965,3.49530,1.55800,2.90300,1.72400,10
966,4.40306,1.46400,4.34800,1.69800,10
967,3.93008,1.42600,3.85500,1.68700,10
968,3.70345,1.93400,3.49000,1.69300,10
969,3.58805,2.26100,3.42000,1.71700,10
970,3.66377,1.80200,3.87000,1.67300,10
971,5.78776,3.08000,6.00000,1.84900,10
972,5.35708,1.78800,4.88800,1.67100,10
973,3.82363,2.67500,3.78800,1.93600,10
974,7.16552,4.20400,6.36800,1.70100,10
975,5.59982,1.65300,5.74300,1.70200,10
976,5.76324,3.64700,5.21500,1.70200,10
977,4.99897,3.52500,4.65400,1.70700,10
978,5.94259,2.06900,6.02000,1.70400,10
979,4.90383,3.21000,4.72400,1.88500,10
980,5.89733,3.06500,5.26100,1.79500,10
981,4.59836,4.47200,3.96300,1.69900,10
982,4.25237,2.51100,4.71500,1.71700,10
983,5.87908,2.89800,4.55700,1.70600,10
984,4.39943,1.98600,4.47900,1.68700,10
985,4.45177,2.42800,4.49600,1.65900,10
986,6.85981,3.66200,6.77600,1.70200,10
987,4.68574,1.58700,4.15400,1.71000,10
988,4.27983,2.70000,4.61200,1.68000,10
989,3.66092,1.62200,3.69600,1.90600,10
990,4.09761,2.89700,3.99100,1.66300,10
991,3.67308,2.64100,3.49700,1.74100,10
992,4.90598,2.62500,5.07900,1.72200,10
993,5.68703,3.80000,5.19300,1.90400,10
994,4.31292,3.44300,4.11400,1.67600,10
995,4.73406,1.94800,4.84300,1.72500,10
996,4.72583,2.80200,4.44600,1.69400,10
997,4.19082,2.48400,4.04100,1.69400,10
998,3.32867,2.50800,3.33200,1.67400,10
999,5.30426,1.52400,4.67500,1.71000,10
1000,4.66539,1.51700,5.04800,1.77500,10
1001,4.72597,1.62400,4.38800,1.69400,10
1002,7.01671,3.99700,5.85900,1.68500,10
1003,5.31808,4.52700,6.01700,1.89300,10
1004,6.93485,1.95400,5.82300,1.72700,10
1005,3.95559,1.97700,2.87700,1.69100,10
1006,7.36311,1.82500,6.27200,1.69900,10
1007,3.67629,3.23100,3.82300,1.71900,10
1008,4.24856,1.86400,3.99100,1.77900,10
1009,5.68033,3.58900,6.02300,1.81200,10
1010,3.56934,4.28300,3.18400,1.69500,10
1011,4.26149,2.59400,4.07000,1.88800,10
1012,3.65513,2.24700,3.76700,1.70400,10
1013,3.49973,1.46400,3.25100,1.70400,10
1014,7.90745,1.61000,6.65600,1.70700,10
1015,4.61762,3.00000,4.47000,1.68700,10
1016,4.63088,2.02600,4.20000,1.76200,10
1017,5.74037,2.19000,6.02500,1.69100,10
1018,4.09688,2.48400,4.32400,1.68200,10
1019,11.12338,2.27700,7.23700,1.71100,10
1020,4.22041,3.21400,3.73100,1.70600,10
1021,5.89119,1.64300,4.87700,1.70100,10
1022,5.91145,1.87800,4.58700,1.89000,10
1023,5.23056,1.67600,5.59100,1.67400,10
1024,7.23636,2.82500,6.43900,1.70600,10
1025,6.13735,3.40100,6.35200,1.93500,10
1026,7.06325,2.89300,6.45900,1.68100,10
1027,5.33717,1.40700,4.41200,1.78900,10
1028,7.37697,2.04600,4.93800,1.75000,10
1029,4.35838,3.55100,5.20500,1.71600,10
1030,3.71420,1.71600,4.13500,1.74600,10
1031,5.86583,2.55400,5.63400,1.71400,10
1032,4.50223,1.76300,4.51200,1.69000,10
1033,4.37878,1.80300,4.34000,1.68000,10
1034,3.48710,2.11400,3.35100,1.88600,10
1035,3.61185,1.82500,3.26900,1.68900,10
1036,3.84044,2.47300,3.99200,1.84900,10
1037,3.78210,2.06800,3.37300,1.65800,10
1038,3.00341,1.91700,2.97200,1.69400,10
1039,5.93251,4.17500,5.52700,1.69600,10
1040,4.14724,2.37200,4.27400,1.76400,10
1041,4.67514,1.71200,4.36400,1.69800,10
1042,4.31406,2.11900,4.38100,1.69800,10
1043,11.08074,2.68300,8.28100,1.82400,10
1044,5.26671,6.20600,5.42900,1.75400,10
1045,4.47266,3.15500,3.54800,1.70900,10
1046,5.59752,4.07400,4.89500,1.70800,10
1047,6.68785,1.83200,5.36000,1.73500,10
1048,8.18713,2.72800,7.86600,1.70600,10
1049,8.38185,5.52600,8.20900,1.73300,10
1050,4.75825,5.30100,4.83100,1.77700,10
1051,3.07205,3.03400,2.85800,1.75600,10
1052,6.22658,2.26100,5.64000,1.67900,10
1053,4.27765,2.03700,4.68300,1.85200,10
1054,3.85232,1.64100,3.86900,1.70000,10
1055,4.14555,1.91300,3.99600,1.70700,10
1056,6.85803,5.34100,6.94000,1.69000,10
1057,4.07055,2.18200,4.13900,1.77900,10
1058,5.68303,3.13600,5.49500,1.68800,10
1059,3.84415,1.75200,3.76400,1.67700,10
1060,4.49054,2.20800,4.41200,1.72000,10
1061,4.93686,1.67700,4.49400,1.68500,10
1062,4.64244,3.36200,5.09100,1.75300,10
1063,4.54226,3.36200,4.38400,1.70000,10
1064,4.73714,2.23600,4.60000,1.72700,10
1065,8.40690,6.31000,7.73600,1.68300,10
1066,6.06205,3.11800,6.60600,1.68300,10
1067,5.49089,3.29300,5.40200,1.72600,10
1068,5.42031,2.70400,5.34800,1.70300,10
1069,4.40266,1.50600,3.99400,1.70700,10
1070,5.72152,1.54300,5.69400,1.70700,10
1071,3.86236,2.00000,2.84800,1.70700,10
1072,5.85908,3.03400,6.31100,1.69900,10
1073,4.68263,2.02500,3.96800,1.68700,10
1074,3.90241,3.66200,4.34000,1.86200,10
1075,5.10842,2.81200,4.38600,1.75400,10
1076,4.87586,3.19800,4.80200,1.73900,10
1077,5.70389,4.88600,6.31200,1.72100,10
1078,4.91571,3.72800,4.33100,1.67900,10
1079,4.10912,1.96900,4.82700,1.75000,10
1080,4.87753,2.42200,4.53400,1.71000,10
1081,3.34429,2.02800,3.62200,1.85100,10
1082,5.47964,1.64900,4.44200,1.76500,10
1083,7.94560,2.17700,6.37200,1.70200,10
1084,3.23389,2.86400,3.08300,1.70100,10
1085,3.43168,2.38100,3.45000,1.67800,10
1086,5.74860,2.77300,3.64600,1.71500,10
1087,5.66900,3.68600,5.82100,1.72000,10
1088,4.94544,2.26300,4.37700,1.72800,10
1089,10.44589,2.82900,5.53600,1.74400,10
1090,4.56432,2.06100,3.51400,1.67100,10
1091,5.66567,2.04400,5.84400,1.79000,10
1092,4.33733,2.40700,4.05700,1.70900,10
1093,5.06413,2.24700,4.21300,1.69500,10
1094,3.55195,1.25700,4.46000,1.71100,10
1095,2.95287,2.38400,3.05400,1.68300,10
1096,8.06140,1.47400,5.54800,1.71400,10
1097,2.98537,1.78900,3.78400,1.72700,10
1098,5.26471,1.85700,4.81400,1.68300,10
1099,5.18019,2.02100,4.55800,1.71400,10
1100,5.94652,1.74000,5.88000,1.70600,10
1101,4.21054,1.60500,4.21800,1.68400,10
1102,4.05084,1.60800,3.95100,1.79900,10
1103,3.28316,1.36500,3.07500,1.88500,10
1104,4.11029,2.05900,3.75100,1.68100,10
1105,3.28619,1.35300,3.51400,1.70500,10
1106,5.06894,3.05400,5.07300,1.68800,10
1107,8.93575,1.48700,3.46000,1.70600,10
1108,3.96486,1.65200,3.31600,1.66200,10
1109,3.54802,1.32600,3.41300,1.73400,10
1110,4.50227,1.44600,4.35300,1.87100,10
1111,7.21665,2.04800,6.61300,1.70300,10
1112,5.23810,3.23700,5.09600,1.66800,10
1113,4.17742,2.07700,4.47400,1.66800,10
1114,4.39989,2.12400,4.40300,1.88600,10
1115,3.73304,1.49700,3.07200,1.71500,10
1116,4.15669,2.04900,4.08600,1.67700,10
1117,6.11624,1.47100,5.17300,1.72100,10
1118,3.55739,2.18500,4.56200,1.70400,10
1119,4.97668,2.16300,4.97100,1.69100,10
1120,7.68907,1.46600,7.46900,1.73300,10
1121,3.67797,1.95600,3.86800,1.84500,10
1122,3.87308,3.07400,3.83600,1.77900,10
1123,5.35821,1.30700,5.02800,1.77500,10
1124,4.86740,2.32300,4.56500,1.71300,10
1125,4.07144,1.45000,3.85200,1.68700,10
1126,4.26164,1.96300,3.62800,1.75200,10
1127,4.85418,2.08500,4.10200,1.87900,10
1128,3.75372,1.61500,3.57900,1.69600,10
1129,6.67299,4.73500,6.54600,1.70500,10
1130,5.75988,5.43600,5.42100,1.71000,10
1131,3.30050,2.58400,3.76800,1.73600,10
1132,3.98626,1.93900,3.49300,1.65500,10
1133,2.83394,2.86000,3.12100,1.68200,10
1134,3.16709,1.34600,3.33500,1.74900,10
1135,3.73998,3.37900,2.99300,1.74200,10
1136,3.80163,3.90700,3.38400,1.71200,10
1137,2.33277,1.85300,2.85900,1.87500,10
1138,2.73770,1.33100,2.83700,1.70200,10
1139,5.82706,1.46300,5.57600,1.71700,10
1140,7.24536,2.38800,7.13700,2.07400,10
1141,3.62126,3.15200,3.57800,1.76600,10
1142,4.56393,3.67900,4.27700,1.70400,10
1143,3.93294,3.20500,4.36000,1.94500,10
1144,2.46722,2.47800,2.38700,1.71300,10
1145,3.98835,2.60500,3.93200,1.68800,10
1146,3.65891,1.54300,2.57800,1.72200,10
1147,4.27323,1.40100,4.01500,1.72200,10
1148,4.95059,1.39500,4.59400,1.70700,10
1149,3.85743,1.24300,3.28100,1.71100,10
1150,2.90522,1.62000,2.97300,1.71100,10
1151,4.39292,1.27300,4.04300,1.70100,10
1152,4.55305,1.54900,4.06700,1.69600,10
1153,4.52946,2.18200,4.03600,1.71000,10
1154,4.61920,4.10400,3.98500,1.69200,10
1155,4.78097,2.42600,4.90600,1.68300,10
1156,5.44310,2.35800,5.25100,1.71100,10
1157,5.92559,3.60700,6.01300,1.65300,10
1158,5.85888,4.11200,5.80600,1.73400,10
1159,4.72881,3.95600,4.06100,1.67100,10
1160,3.94534,2.52700,4.10400,1.70300,10
1161,5.37613,1.81400,4.74700,1.74100,10
1162,5.85432,2.98300,5.83700,1.73200,10
1163,4.32750,2.55100,3.74600,1.73200,10
1164,5.77786,4.05700,5.30400,1.67100,10
1165,8.34071,2.28300,8.62800,1.70000,10
1166,3.61463,4.59100,3.19000,1.70000,10
1167,7.39260,1.98400,7.15700,1.74900,10
1168,4.21479,1.49800,4.21400,1.74100,10
1169,4.72390,1.59600,4.53000,1.70800,10
1170,5.08401,1.73900,4.98300,1.68800,10
1171,5.62339,2.60200,5.44000,1.70400,10
1172,4.57221,1.69200,4.41200,1.81300,10
1173,3.65418,1.57500,3.15000,1.69900,10
1174,6.39879,3.31500,4.87200,1.72600,10
1175,2.10668,2.38500,3.44900,1.86600,10
1176,3.91556,2.14300,3.32200,1.71600,10
1177,5.99344,2.35100,6.18400,1.72100,10
1178,3.72355,2.90700,3.69100,1.69600,10
1179,3.22198,2.11300,3.11800,1.69600,10
1180,8.80885,3.49500,5.19200,1.72900,10
1181,4.42293,2.37900,3.76100,1.69800,10
1182,5.75425,2.81000,6.26600,1.69600,10
1183,4.49110,3.44500,4.35100,1.71200,10
1184,3.57503,2.23700,3.68900,1.73400,10
1185,4.73173,1.39200,4.65900,1.70400,10
1186,3.93055,1.26300,3.26700,1.87000,10
1187,4.70801,1.41100,4.09400,1.69000,10
1188,4.96689,1.45900,3.81300,1.70500,10
1189,5.34563,1.49200,6.40800,1.68700,10
1190,8.11852,3.27800,8.08700,1.71300,10
1191,4.75887,2.29400,4.57000,1.78500,10
1192,5.91795,3.64200,5.52400,1.69900,10
1193,5.28070,4.21700,4.98400,1.71200,10
1194,4.75186,3.02200,3.99500,1.67900,10
1195,5.87619,1.89300,5.53700,1.72000,10
1196,3.97942,2.15600,3.67100,1.70600,10
1197,4.74600,1.57700,4.35900,1.69600,10
1198,4.05631,2.00900,3.59700,1.91200,10
1199,5.84176,2.45200,4.50100,1.86300,10
1200,3.02168,2.95500,3.99800,1.75900,10
1201,3.86707,1.32600,3.68000,1.72000,10
1202,6.50947,2.50300,6.52200,1.85600,10
1203,6.08849,2.22000,5.67500,1.65200,10
1204,4.57696,2.10200,4.75300,1.69900,10
1205,4.22712,2.34300,4.18900,1.90800,10
1206,5.20497,1.62500,4.11900,1.71100,10
1207,3.76067,1.37600,2.46400,1.72200,10
1208,3.75723,2.35800,3.61900,1.71300,10
1209,5.80905,1.36000,5.35900,1.66900,10
1210,4.63085,2.08600,4.38700,1.77500,10
1211,4.23244,2.59200,3.53100,1.71400,10
1212,5.04418,1.98300,3.83700,1.90800,10
1213,5.17482,2.44600,5.15700,1.90800,10
1214,5.78428,1.91900,4.59300,1.69400,10
1215,4.52308,2.15000,3.75100,1.69400,10
1216,6.04985,1.64800,4.58400,1.70200,10
1217,5.00424,1.75300,4.81600,1.69500,10
1218,7.98952,2.53300,7.49600,1.72300,10
1219,6.93132,1.56600,6.94300,1.74900,10
1220,7.58462,1.48700,7.29900,1.82500,10
1221,5.62424,3.55500,4.43300,1.76900,10
1222,4.96152,4.04400,4.58100,1.71000,10
1223,3.98173,2.12500,3.62600,1.72100,10
1224,4.99704,1.90000,4.67500,1.65300,10
1225,3.00127,1.45900,3.62200,1.82600,10
1226,3.66311,1.88400,3.64300,1.71400,10
1227,4.29776,2.06700,4.14300,1.68500,10
1228,5.94865,2.84200,5.12100,1.95300,10
1229,4.92864,2.99700,4.55100,1.71000,10
1230,5.28023,2.94200,5.36500,1.75100,10
1231,3.85386,2.65000,3.84500,1.72100,10
1232,6.41443,2.29500,4.94300,1.86400,10
1233,6.18574,1.95300,6.16900,1.70200,10
1234,8.48568,2.45100,7.57400,1.84500,10
1235,6.91358,4.99500,7.48600,1.72700,10
1236,4.65134,4.01400,4.74700,1.82900,10
1237,3.60505,2.70800,3.66400,1.76600,10
1238,4.47726,2.10700,4.47900,1.71000,10
1239,5.65119,1.90800,4.07300,1.71000,10
1240,3.80347,2.87100,3.89900,1.69300,10
1241,3.72713,1.73200,3.76300,1.66800,10
1242,4.01022,1.65200,4.01900,1.68700,10
1243,3.51063,1.46500,2.90200,1.74900,10
1244,4.58338,1.41100,4.10700,1.72100,10
1245,3.43828,1.54200,3.73700,1.69500,10
1246,3.77624,2.07700,3.28600,1.70700,10
1247,4.08121,1.31400,3.41000,1.69500,10
1248,5.04934,1.70300,4.56700,1.68200,10
1249,5.18391,1.80000,5.38400,1.70400,10
1250,4.82150,2.98300,4.56500,1.69600,10
1251,3.88760,2.30500,3.81400,1.74900,10
1252,3.65340,2.11700,3.67700,1.69400,10
1253,4.92344,3.11000,5.01400,1.69800,10
1254,5.00009,2.12300,4.67400,1.67800,10
1255,4.76199,2.53400,4.46400,1.70600,10
1256,5.01471,3.05000,4.99900,1.95900,10
1257,4.50124,3.03300,4.59100,1.66600,10
1258,5.42092,2.76400,4.67600,1.68300,10
1259,4.50099,2.11200,4.39200,1.65800,10
1260,3.83201,3.47000,3.86000,1.69500,10
1261,6.12828,1.99500,5.71300,1.71200,10
1262,6.94462,2.06800,5.00400,1.68000,10
1263,4.86839,2.21300,4.72100,1.67100,10
1264,6.65020,3.05600,6.50700,1.68900,10
1265,3.86436,2.40100,3.44100,1.76600,10
1266,4.18890,2.69200,4.36800,1.88500,10
1267,5.32384,2.14900,5.38600,1.77100,10
1268,3.37482,1.46800,2.95900,1.67300,10
1269,6.27518,1.91200,4.86100,1.87500,10
1270,3.98552,1.66000,3.63600,1.70000,10
1271,3.93791,1.63900,3.88500,1.72100,10
1272,3.45674,2.28800,3.31500,1.68600,10
1273,4.32084,1.76600,3.97800,1.89500,10
1274,5.75028,2.09600,4.91700,1.88300,10
1275,3.81658,1.60700,3.38200,1.65900,10
1276,4.29149,2.87900,4.25900,1.73100,10
1277,4.98942,1.55700,5.17900,1.69300,10
1278,4.96611,2.95500,5.03300,1.67100,10
1279,6.23802,2.29500,6.09700,1.71800,10
1280,6.67166,3.01100,6.67000,1.72700,10
1281,4.75678,3.08400,4.58400,1.69900,10
1282,7.10604,1.98400,6.88300,1.74100,10
1283,3.93547,2.08900,3.94400,1.71400,10
1284,4.00530,1.77600,3.84100,1.71400,10
1285,5.29134,1.60200,4.75100,1.67900,10
1286,4.35357,2.11100,4.09700,1.91900,10
1287,4.44132,1.78300,4.41000,1.87900,10
1288,3.76061,2.76600,3.73200,1.69800,10
1289,4.84973,2.37600,4.32800,1.69100,10
1290,3.39197,1.87900,3.87100,1.69100,10
1291,5.37358,1.43500,3.95900,1.75400,10
1292,3.66198,1.65800,3.56000,1.72800,10
1293,4.16293,1.99900,4.20800,1.70600,10
1294,6.08210,1.68700,5.62500,1.86300,10
1295,4.94593,1.96900,4.62900,1.86300,10
1296,8.11340,1.98200,6.91400,1.72800,10
1297,5.90848,2.58600,3.56100,1.70000,10
1298,3.65170,2.07600,3.90600,1.66900,10
1299,4.32835,3.41600,3.79500,1.66900,10
1300,5.56096,2.48000,5.73600,1.89600,10
1301,4.86977,3.74900,4.90600,1.70600,10
1302,4.99731,2.63100,4.31800,1.72100,10
1303,3.04915,2.54200,2.37900,1.72100,10
1304,5.43278,2.35100,5.82100,1.71700,10
1305,6.54537,3.11200,5.88400,1.70100,10
1306,5.57242,3.28400,5.60100,1.74300,10
1307,3.81163,2.58500,3.45400,1.69700,10
1308,4.68376,5.09800,4.28200,1.63800,10
1309,6.01300,2.34300,5.79500,1.70100,10
1310,7.14974,2.99800,6.67900,1.69900,10
1311,6.65049,2.62400,4.93800,1.69900,10
1312,8.81432,1.47800,8.47500,1.76100,10
1313,6.44993,2.16800,7.56600,1.69900,10
1314,5.01162,2.16700,4.99800,1.69900,10
1315,6.33193,2.85000,6.25100,1.72500,10
1316,7.40193,2.24200,6.45700,1.70500,10
1317,2.69687,2.40900,3.12100,1.70500,10
1318,4.29963,3.14100,3.46100,1.70500,10
1319,5.76298,3.59600,6.47100,1.84900,10
1320,6.27029,1.78700,5.21600,1.77200,10
1321,4.64362,2.88100,4.90100,1.91400,10
1322,4.00308,1.77700,3.26500,1.66800,10
1323,7.60217,2.59500,7.63800,1.67900,10
1324,5.71180,3.96600,5.37800,1.75200,10
1325,4.61013,2.89500,4.49700,1.85300,10
1326,2.90540,2.25300,3.06100,1.73400,10
1327,6.81377,1.65800,6.44500,1.71000,10
1328,5.71696,4.18400,5.52900,1.69800,10
1329,5.42721,3.77900,3.19000,1.71800,10
1330,5.27702,2.82200,4.92300,1.72100,10
1331,10.45716,4.25900,10.65900,1.77100,10
1332,4.17959,3.61000,4.22900,1.76600,10
1333,3.08750,2.72700,3.14200,1.76200,10
1334,3.27678,1.89400,2.84700,1.74300,10
1335,2.76689,1.95500,3.02300,1.69900,10
1336,4.53834,1.93900,4.44800,1.70000,10
1337,4.82077,1.56800,4.76800,1.67500,10
1338,3.55158,1.38000,3.34200,1.70500,10
1339,3.96510,2.25200,4.00500,1.67300,10
1340,3.52606,1.39300,3.67100,1.68800,10
1341,5.35213,1.52300,4.98600,1.67500,10
1342,3.70742,1.73500,3.65300,1.66500,10
1343,4.21914,1.72200,4.30800,1.73900,10
1344,4.06391,1.37900,3.62300,1.73000,10
1345,4.10102,1.58300,3.76200,1.69400,10
1346,3.71970,1.27900,3.88700,1.69000,10
1347,2.96533,1.97500,2.96600,1.69500,10
1348,3.90149,1.50300,3.54900,1.74500,10
1349,4.14864,1.21800,3.93400,1.73500,10
1350,4.88924,1.59900,4.66900,1.70500,10
1351,3.43730,1.16500,3.42300,1.68900,10
1352,4.16594,1.99200,3.77600,1.71000,10
1353,4.87562,2.59600,4.27700,1.67500,10
1354,4.45844,1.75100,4.61600,1.89500,10
1355,4.01494,1.24300,2.99900,1.71400,10
1356,3.64186,1.80600,3.33800,1.70100,10
1357,4.76247,1.88500,4.73700,1.71400,10
1358,8.52938,3.27100,3.95200,1.69400,10
1359,3.06648,2.79900,3.25500,1.68600,10
1360,6.05033,2.10000,5.66500,1.81400,10
1361,4.99352,1.62900,4.49800,1.86200,10
1362,5.23429,2.93000,4.88800,1.67500,10
1363,3.57378,2.74100,3.97500,1.77400,10
1364,5.93918,3.12800,5.24400,1.97800,10
1365,4.60503,2.35700,4.54200,1.68900,10
1366,4.28009,1.61000,4.28800,1.70300,10
1367,5.00732,2.94700,4.25400,1.69800,10
1368,5.05977,3.11000,5.03700,1.69900,10
1369,4.50145,2.25800,4.15400,1.68000,10
1370,3.62660,2.62600,3.94700,1.70800,10
1371,3.72356,2.59600,3.76500,1.71100,10
1372,4.06145,1.34200,3.81000,1.68200,10
1373,5.01599,3.20700,4.08300,1.68500,10
1374,4.19019,2.35600,4.42800,1.72300,10
1375,4.24726,2.75400,4.03900,1.69000,10
1376,5.46173,2.19500,4.85700,1.89600,10
1377,6.20412,2.03900,5.64500,1.76500,10
1378,4.99006,1.97900,5.11700,1.68100,10
1379,3.29344,2.16600,3.41400,1.87600,10
1380,3.66785,2.66700,3.58400,1.69300,10
1381,3.31718,1.84800,3.42100,1.72000,10
1382,4.67622,1.55900,4.77200,1.70200,10
1383,3.95447,2.11500,3.37300,1.70200,10
1384,4.42085,1.59400,3.36400,1.88100,10
1385,7.97874,1.04800,6.88500,1.70600,10
1386,5.70380,2.76000,5.74500,1.77900,10
1387,6.59920,2.15300,7.05500,1.71500,10
1388,4.67848,1.55300,4.66700,1.67800,10
1389,6.69488,3.26700,5.75400,1.87600,10
1390,5.00079,2.02400,4.54300,1.76300,10
1391,4.99551,2.29300,4.38000,1.76300,10
1392,7.36041,1.99200,5.65000,1.68800,10
1393,3.62686,1.59900,3.38900,1.70400,10
1394,3.98831,1.64400,3.88800,1.71900,10
1395,3.95129,1.44200,3.61200,1.71500,10
1396,6.32203,4.16500,6.65000,1.74800,10
1397,4.18937,3.05400,3.60700,1.72800,10
1398,6.63135,2.24600,5.96000,1.71500,10
1399,3.82500,3.35900,3.63400,1.68600,10
1400,5.04822,1.95500,4.19300,1.66200,10
1401,5.34580,2.85300,3.39200,1.67400,10
1402,6.15534,1.74300,6.06400,1.73000,10
1403,5.81800,2.06700,5.84200,1.68000,10
1404,3.72609,3.20700,3.91100,1.72500,10
1405,4.76887,1.23100,4.65500,1.84400,10
1406,5.57126,2.81300,5.50500,1.69700,10
1407,4.99635,1.83900,4.97900,1.71400,10
1408,6.19501,2.02800,5.23200,1.72100,10
1409,4.82484,1.89500,4.11400,1.72300,10
1410,5.94656,2.01600,5.46900,1.69100,10
1411,3.09648,1.53700,2.84600,1.69600,10
1412,3.56121,1.96800,3.59400,1.71500,10
1413,4.30665,2.21300,4.30100,1.71400,10
1414,4.68665,1.56100,4.53800,1.70300,10
1415,4.42411,1.17500,4.45600,1.69700,10
1416,6.10837,1.67000,6.11600,1.71300,10
1417,5.43251,2.34800,4.38800,1.70300,10
1418,2.54594,1.57100,2.33600,1.70300,10
1419,5.07203,2.19700,4.79500,1.73300,10
1420,3.52221,1.84300,3.30600,1.74100,10
1421,3.83529,1.22300,3.80100,1.67400,10
1422,6.23069,1.64700,5.86400,1.72700,10
1423,7.19636,2.00400,5.79200,1.72700,10
1424,4.47322,1.45200,4.07700,1.71000,10
1425,5.07586,2.62300,4.08300,1.77100,10
1426,4.79878,2.84100,4.72000,1.89200,10
1427,4.76432,1.47500,4.38100,1.67900,10
1428,10.18718,1.73900,9.25800,1.70800,10
1429,6.26893,6.16400,7.01600,1.89300,10
1430,4.38080,4.12600,4.49700,1.73900,10
1431,3.13678,3.64600,3.16400,1.74600,10
1432,6.38011,2.06600,5.19800,1.69500,10
1433,4.43470,1.57500,4.49300,1.68600,10
1434,3.66592,2.08600,3.67800,1.68900,10
1435,3.99991,1.59200,3.93500,1.72600,10
1436,4.03216,2.11700,3.98200,1.82800,10
1437,4.99419,2.34900,4.28700,1.72600,10
1438,3.64590,1.98000,3.69100,1.70900,10
1439,3.44612,1.48700,3.43300,1.70900,10
1440,4.49532,1.54400,4.12400,1.73900,10
1441,4.34979,1.99100,3.94100,1.71700,10
1442,3.80441,1.45700,3.16300,1.70900,10
1443,3.66722,1.31200,3.81400,1.71100,10
1444,2.97810,1.13200,2.92900,2.07200,10
1445,2.59909,1.54100,2.43300,1.69000,10
1446,2.68058,1.12700,2.65900,1.72200,10
1447,2.56616,1.19100,2.57100,1.67200,10
1448,4.29935,1.11200,3.92200,1.69200,10
1449,6.39664,1.66400,5.82400,1.68600,10
1450,5.15768,4.15100,4.90600,1.70800,10
1451,7.00353,1.62500,6.75600,1.73200,10
1452,3.21204,1.81900,3.30900,1.85100,10
1453,3.30435,2.72800,3.32900,1.69500,10
1454,5.69535,1.47200,5.63300,1.73900,10
1455,6.22735,2.54800,6.25500,1.68900,10
1456,5.05188,2.58200,4.54700,1.73400,10
1457,2.79829,2.03900,2.82000,1.69900,10
1458,6.54721,1.33300,6.18300,1.70700,10
1459,4.33500,2.20800,4.62200,1.86700,10
1460,11.27258,10.14500,6.17800,1.66900,10
1461,4.41517,3.77600,5.37500,1.66900,10
1462,3.93507,4.31100,3.44800,1.69200,10
1463,3.29726,2.22000,3.75700,1.71900,10
1464,5.35913,1.51200,3.77700,1.69500,10
1465,4.00634,1.77400,3.97400,1.80800,10
1466,4.85082,1.27500,4.18000,1.71200,10
1467,3.97816,2.18300,3.54300,1.72900,10
1468,5.03507,3.18200,4.71800,1.72400,10
1469,5.31755,1.71800,4.79100,1.66500,10
1470,3.97144,1.93900,3.97300,1.68700,10
1471,4.46538,2.39900,3.76000,1.72400,10
1472,3.31541,1.63600,3.21600,1.71500,10
1473,4.90578,2.15700,2.94300,1.70100,10
1474,2.43201,1.28700,3.84900,1.76400,10
1475,2.58525,2.08200,2.58800,1.71100,10
1476,5.65178,1.11800,2.93000,1.71100,10
1477,7.04093,1.37300,7.44300,1.70900,10
1478,4.12173,1.38200,3.85100,1.76000,10
1479,4.45134,1.41400,4.49900,1.67800,10
1480,4.14735,2.41200,3.83300,1.70000,10
1481,6.08101,2.89600,6.03300,1.72500,10
1482,6.24891,3.97400,6.38600,1.70200,10
1483,4.35339,3.00000,4.36900,1.69800,10
1484,3.93489,2.13000,3.84900,1.68100,10
1485,3.34557,2.27900,3.40900,1.73700,10
1486,2.72061,2.12500,2.64600,1.70700,10
1487,5.09214,1.73700,3.56900,1.67900,10
1488,3.48501,2.66700,3.91800,1.69800,10
1489,2.99919,1.74100,2.88300,1.70800,10
1490,3.26830,1.14400,3.34900,1.70600,10
1491,4.01027,1.83000,3.68800,1.71200,10
1492,2.92793,1.37600,2.95300,1.89800,10
1493,3.96852,2.21800,3.93800,1.65700,10
1494,3.64084,2.38400,3.33900,1.67800,10
1495,3.56619,2.08000,3.73400,1.71100,10
1496,2.92529,1.99600,2.54400,1.67800,10
1497,4.76882,1.64500,3.95300,2.04300,10
1498,4.77704,1.61100,3.56100,1.67900,10
1499,4.13627,1.46900,4.01900,1.76500,10
1500,8.04233,1.26900,7.57400,1.88300,10
1501,5.97990,1.65100,5.82500,1.71000,10
1502,5.24622,1.52200,4.97200,1.68000,10
1503,7.04623,2.75700,6.84100,1.71400,10
1504,3.99297,2.30000,4.13400,1.70100,10
1505,7.09078,1.96300,7.00100,1.71500,10
1506,6.22581,5.38100,5.38300,1.69600,10
1507,3.56941,3.84200,3.73600,1.71600,10
1508,6.03299,2.49300,4.87500,1.66100,10
1509,6.80610,4.08500,5.38900,1.87600,10
1510,3.57926,1.59500,5.08900,1.69300,10
1511,8.75651,3.39300,8.01100,1.79000,10
1512,5.14187,1.87700,4.13700,1.70300,10
1513,4.29359,2.36400,2.71600,1.68400,10
1514,4.56993,2.53800,4.11000,1.68400,10
1515,8.23541,1.55700,8.09700,1.69200,10
1516,8.16901,2.88700,6.05000,1.69200,10
1517,8.30326,2.25600,7.36300,1.69600,10
1518,5.46417,2.06900,4.88600,1.71800,10
1519,9.23654,2.59600,8.75500,1.78300,10
1520,6.22838,3.57300,6.29300,1.73500,10
1521,4.54016,3.67800,4.62200,1.74900,10
1522,3.87036,2.87600,3.45900,2.05100,10
1523,3.65792,3.45200,4.17100,1.69900,10
1524,3.97761,2.01000,3.48600,1.69200,10
1525,5.38381,1.66400,5.42800,1.71800,10
1526,3.45420,1.83800,3.34300,1.67600,10
1527,4.36365,2.18100,3.88800,1.69300,10
1528,4.06297,2.61700,3.65500,1.67100,10
1529,3.62774,2.48000,3.74900,1.71400,10
1530,4.96391,2.62900,4.49700,1.85900,10
1531,4.06114,2.26400,3.32000,1.73000,10
1532,4.29449,2.97700,4.50600,1.72200,10
1533,4.18819,1.38000,3.70400,1.69500,10
1534,3.75046,1.78900,3.91000,1.83100,10
1535,5.84978,1.35500,4.98000,1.71500,10
1536,3.94567,2.61900,4.31300,1.70300,10
1537,4.38314,2.01300,2.91800,1.69300,10
1538,4.11750,2.09600,3.83600,1.87000,10
1539,3.98305,3.34300,3.92800,1.67800,10
1540,5.91732,2.51500,5.23700,1.68900,10
1541,6.39760,2.16400,5.91000,1.90700,10
1542,4.89944,4.04800,5.79500,1.79600,10
1543,7.37122,2.83400,6.44800,1.68400,10
1544,4.47629,3.13200,3.77500,1.85600,10
1545,4.35568,2.05500,4.89100,1.66000,10
1546,5.20360,2.40300,5.00300,1.75000,10
1547,4.82579,2.04500,5.05800,1.67800,10
1548,8.50444,2.32000,6.07500,1.67800,10
1549,6.65843,1.78100,8.08700,1.68700,10
1550,4.92978,1.88000,5.23500,1.74100,10
1551,4.95950,2.05600,4.68100,1.70600,10
1552,4.59798,3.01800,4.81600,1.72700,10
1553,6.91150,2.38800,4.08000,1.88000,10
1554,3.32817,2.10900,3.33600,1.71000,10
1555,4.63918,2.57100,3.38600,1.71000,10
1556,6.56615,2.06700,4.30600,1.86800,10
1557,4.19055,3.85800,3.83400,1.75100,10
1558,6.33129,1.34100,5.60000,1.71700,10
1559,4.05203,2.52400,4.09900,1.70300,10
1560,4.02376,2.52000,3.21000,1.84100,10
1561,4.62040,2.31200,4.64500,1.72200,10
1562,3.68882,1.26500,3.61400,1.72200,10
1563,4.10037,2.91000,3.81800,1.69500,10
1564,6.37343,2.49300,5.30200,1.86300,10
1565,9.02214,4.41300,9.16200,1.72700,10
1566,8.08094,4.35700,7.07200,2.09300,10
1567,3.42770,1.97300,4.40500,1.70900,10
1568,7.09461,2.25100,6.23700,1.71600,10
1569,8.06996,2.42600,8.25800,1.69000,10
1570,6.58235,2.52400,6.37500,1.74600,10
1571,4.47923,2.30900,4.64400,1.83500,10
1572,5.02489,2.03900,4.73300,1.76000,10
1573,4.91873,2.34000,4.86100,1.68100,10
1574,3.35548,1.96900,3.27100,1.67900,10
1575,5.64974,2.61100,5.01800,1.69900,10
1576,5.21435,3.06800,5.25000,1.75200,10
1577,6.09108,2.59700,5.69000,1.71400,10
1578,4.06987,1.97000,4.27900,1.68100,10
1579,4.85036,3.30900,4.40300,1.69000,10
1580,6.71018,3.10200,6.80300,1.80100,10
1581,4.53640,2.47700,3.78000,1.94200,10
1582,4.33522,2.67500,4.52500,1.70500,10
1583,6.37222,3.25900,5.07000,1.70600,10
1584,3.62895,3.45200,3.93900,1.70600,10
1585,5.09571,1.71200,4.21600,1.68500,10
1586,5.85464,3.11700,5.58700,1.71100,10
1587,8.49489,1.54300,6.35500,1.71900,10
1588,4.46935,3.79700,5.90400,1.67200,10
1589,6.75763,4.21900,6.56000,1.80800,10
1590,6.39794,2.05200,6.12000,1.99200,10
1591,5.47539,1.98800,5.85400,1.77600,10
1592,5.57646,3.13600,5.44300,1.68400,10
1593,5.11395,2.11800,3.81900,1.73700,10
1594,5.07551,3.14200,4.89200,1.71700,10
1595,5.16548,2.13200,4.90800,1.75000,10
1596,8.61286,5.64900,6.50100,1.90200,10
1597,5.61391,1.76700,5.92000,1.69600,10
1598,9.68180,3.87500,9.35000,1.67100,10
1599,8.04459,1.67300,6.18600,1.75300,10
1600,5.62130,2.10200,5.68400,1.69900,10
1601,5.04639,4.75300,5.07100,1.70900,10
1602,3.80457,3.46600,3.19100,1.68900,10
1603,5.52555,1.11100,5.41900,1.71000,10
1604,7.89148,2.54800,7.60200,1.72900,10
1605,3.38285,1.77000,3.39900,1.74900,10
1606,4.29968,2.16100,3.50200,1.72600,10
1607,5.09909,2.79300,4.20100,1.89100,10
1608,2.75029,2.43500,2.89400,1.68800,10
1609,5.89668,2.09600,5.11500,1.69400,10
1610,3.84780,5.28500,3.19200,1.77100,10
1611,6.05486,2.85200,4.05500,1.77100,10
1612,11.17947,4.98400,12.73200,1.75100,10
1613,4.59593,3.67200,4.59400,1.98900,10
1614,3.51385,3.17600,3.63000,1.77800,10
1615,3.43439,1.80300,3.08300,1.71100,10
1616,3.57347,1.46200,2.87100,1.70800,10
1617,4.60818,3.23800,4.33600,1.68700,10
1618,3.35720,2.62000,3.29800,1.70100,10
1619,4.34279,3.07800,3.09700,1.71400,10
1620,4.31214,2.24500,3.43500,1.70200,10
1621,5.78355,1.21900,4.37300,1.70300,10
1622,2.42158,1.91500,2.46100,1.71500,10
1623,5.33120,1.20600,4.49300,1.71900,10
1624,3.67047,1.77500,3.46100,1.64400,10
1625,3.93556,4.36400,2.57600,1.88200,10
1626,4.28064,2.16100,4.42000,1.70900,10
1627,4.42483,1.58000,3.49500,1.75900,10
1628,3.67856,1.62400,3.35700,1.75900,10
1629,4.36193,1.44600,3.51200,1.64800,10
1630,2.57656,1.91500,2.58200,1.71200,10
1631,5.61541,1.45100,5.26600,1.69000,10
1632,6.49750,1.30500,3.10100,1.71600,10
1633,3.17401,1.82300,3.57600,1.71600,10
1634,4.61149,1.67700,4.02000,1.72800,10
1635,4.41767,2.83600,4.24200,1.70100,10
1636,5.20305,1.38400,5.09900,1.91200,10
1637,5.32849,3.79100,5.01000,1.70600,10
1638,4.17661,3.00200,3.49200,1.70900,10
1639,4.03820,2.95200,3.95600,1.76800,10
1640,4.59959,1.38800,3.83100,1.72800,10
1641,2.54628,2.89400,2.86300,1.66500,10
1642,4.47660,2.05600,4.13100,1.68600,10
1643,3.06970,2.71700,3.05300,1.85400,10
1644,4.73302,1.72500,4.25900,1.75500,10
1645,5.07022,1.85100,4.39900,1.90600,10
1646,5.23761,1.79600,4.89900,1.70600,10
1647,8.15024,2.20200,7.50400,1.68500,10
1648,6.02518,2.68400,5.43100,1.68500,10
1649,5.07926,2.35600,4.85700,1.71200,10
1650,6.55332,2.93300,6.28400,1.71600,10
1651,4.62101,1.95000,4.35000,1.70200,10
1652,5.01833,2.90500,4.96000,1.68200,10
1653,4.02339,1.86500,4.00900,1.69300,10
1654,5.15125,2.07100,5.05800,1.69500,10
1655,6.28549,2.41200,6.14900,1.73500,10
1656,6.09624,4.88900,5.96500,1.71300,10
1657,3.63933,1.78000,3.40900,1.71400,10
1658,3.80561,2.44000,4.03800,1.70000,10
1659,4.42962,1.61800,3.67500,1.66900,10
1660,4.43355,2.87800,4.59500,1.90200,10
1661,4.85590,1.61000,4.29100,1.69400,10
1662,3.94844,2.35000,3.93000,1.72500,10
1663,6.08408,2.44800,5.66100,1.71500,10
1664,5.06220,3.08400,4.50300,1.90500,10
1665,5.02840,3.51100,4.97500,1.68700,10
1666,3.30097,2.58100,2.98200,1.69300,10
1667,6.37402,1.29600,5.42300,1.69400,10
1668,4.29966,2.55300,4.19400,1.72100,10
1669,5.31412,1.97600,4.29300,1.69800,10
1670,3.40122,1.78200,3.62400,1.71500,10
1671,5.31800,3.63200,4.34400,1.91300,10
1672,4.97910,3.26600,4.74400,1.70800,10
1673,4.35356,2.90200,2.69200,1.70300,10
1674,4.06639,2.38600,4.06400,1.88000,10
1675,3.28986,1.58900,3.22800,1.67300,10
1676,4.91438,3.26800,4.96200,1.67300,10
1677,4.68046,1.83200,4.69200,1.67700,10
1678,6.19814,1.70500,4.96200,1.67700,10
1679,6.14505,1.86000,6.00900,1.69400,10
1680,6.70754,1.87500,6.05700,1.72500,10
1681,5.65819,3.78800,5.48600,1.90300,10
1682,3.97286,2.26700,4.32800,1.70900,10
1683,4.33225,2.64300,4.30600,1.76000,10
1684,3.04968,1.27300,2.33200,1.76000,10
1685,11.99377,1.96100,3.40000,1.87700,10
1686,8.05593,1.57600,14.45500,1.71100,10
1687,4.88337,2.01800,4.25700,1.72300,10
1688,4.97860,1.79100,4.93900,1.70200,10
1689,4.26619,3.07400,4.59900,1.70600,10
1690,6.71003,1.99800,6.17800,1.69900,10
1691,4.25144,1.92800,4.19300,1.72100,10
1692,4.70069,2.84900,4.36100,1.72100,10
1693,5.80932,1.66800,4.10800,1.72300,10
1694,4.12314,1.77900,4.52700,1.67400,10
1695,3.50061,2.01900,3.41000,1.69800,10
1696,3.62093,2.65900,3.71300,1.67000,10
1697,4.86222,2.05400,4.08900,1.69100,10
1698,2.46674,2.63000,2.84600,1.69600,10
1699,4.36306,2.48800,4.11000,1.71600,10
1700,4.06864,1.61300,3.78900,1.69900,10
1701,5.10500,3.11400,4.56100,1.68800,10
1702,6.20216,2.57800,5.58200,1.80900,10
1703,4.25351,2.96500,4.84200,1.66600,10
1704,3.86109,1.92200,3.28000,2.02800,10
1705,3.35976,1.56200,3.20100,1.73600,10
1706,3.69016,1.36200,3.64800,1.69400,10
1707,3.61831,1.42300,3.64600,1.68000,10
1708,8.51857,2.24400,8.24300,1.68800,10
1709,5.68127,2.92000,5.61800,1.69100,10
1710,5.77586,2.52400,5.01500,1.69000,10
1711,4.55682,1.64000,4.84900,1.99500,10
1712,9.45557,2.51600,6.51200,1.76100,10
1713,9.50790,3.99200,11.69700,1.76800,10
1714,6.33294,4.32500,6.51800,1.75600,10
1715,4.44588,2.91600,3.96000,1.78400,10
1716,3.85244,2.66500,3.92200,1.68000,10
1717,3.13832,1.65000,2.67500,1.68800,10
1718,7.32289,4.02800,6.28900,1.66800,10
1719,4.48614,2.44400,4.36900,1.68000,10
1720,3.87196,1.50600,3.92000,1.67300,10
1721,4.88836,2.32000,4.76800,1.80800,10
1722,4.17154,2.16800,4.02200,1.73400,10
1723,2.78069,3.44200,2.58800,1.88600,10
1724,4.19924,2.30400,4.35900,1.69800,10
1725,2.93919,1.93100,2.82700,1.72900,10
1726,3.59053,1.16500,3.37700,1.70700,10
1727,3.70542,2.34900,3.35200,1.71600,10
1728,4.60303,2.44000,3.82700,1.69900,10
1729,3.40384,1.26800,2.36200,1.66800,10
1730,4.14332,2.90500,3.17700,1.67800,10
1731,4.85737,2.08100,4.12300,1.71500,10
1732,5.53748,2.46500,5.41100,2.04700,10
1733,3.96616,2.16300,3.99300,1.71200,10
1734,4.10308,2.04400,3.76000,1.72300,10
1735,4.44739,2.64900,4.17200,1.69500,10
1736,3.58939,2.40900,3.52100,1.67300,10
1737,4.60264,2.14200,4.57700,1.69500,10
1738,5.39171,2.07700,5.08100,1.70700,10
1739,5.64393,3.21400,5.66800,1.84300,10
1740,4.48176,2.82700,4.63700,1.70500,10
1741,4.39300,2.83600,4.09700,1.69300,10
1742,4.53092,1.84900,4.10000,1.69200,10
1743,4.56779,2.54800,4.56800,1.68800,10
1744,11.03828,2.22000,6.44400,1.65800,10
1745,6.81224,4.41700,7.08900,1.88000,10
1746,5.10919,2.63000,5.44700,1.68900,10
1747,5.97402,4.38200,5.74200,1.68000,10
1748,6.08661,2.90400,5.34200,1.90000,10
1749,6.72569,4.05900,7.14000,1.70100,10
1750,5.67610,1.78200,5.78500,1.71400,10
1751,4.70297,2.00900,4.40700,1.70600,10
1752,7.61647,3.05200,6.48600,1.74200,10
1753,5.03466,2.20100,3.72500,1.74200,10
1754,6.27522,1.60200,5.55100,1.69800,10
1755,3.72057,1.37100,3.47900,1.68800,10
1756,5.34449,4.81700,5.39800,1.83600,10
1757,4.57906,1.77800,4.52100,1.69700,10
1758,3.77896,1.92800,3.74700,1.67600,10
1759,3.93829,1.45000,3.95000,1.69100,10
1760,4.13014,2.16500,3.97600,1.68300,10
1761,4.42202,1.24200,4.41900,1.72400,10
1762,4.79273,1.62100,4.31400,1.71500,10
1763,4.61815,1.25300,4.40400,1.70300,10
1764,3.14553,1.45700,3.14500,1.69700,10
1765,5.20009,2.52500,5.08800,1.68200,10
1766,6.03614,1.68700,5.05400,1.70600,10
1767,4.62127,1.61700,4.87200,1.68700,10
1768,5.03082,1.75600,4.90700,1.71200,10
1769,6.47228,1.51700,5.94400,1.68800,10
1770,6.18133,3.20600,5.91800,1.70700,10
1771,5.20378,4.88900,4.00600,1.68700,10
1772,4.72334,4.82000,5.69900,1.69200,10
1773,5.21016,1.74900,4.86900,1.68100,10
1774,5.26549,3.02500,5.21200,1.69300,10
1775,6.43571,2.88200,6.29200,1.73900,10
1776,5.43170,1.82800,4.82200,1.74500,10
1777,4.75900,2.37000,4.96700,2.01200,10
1778,7.50267,2.07700,7.04400,1.73300,10
1779,5.64391,2.52900,3.99700,1.68900,10
1780,5.99193,2.63000,6.05900,1.68100,10
1781,5.48299,2.50600,5.33000,1.76100,10
1782,6.52609,3.51800,6.37800,1.69000,10
1783,5.72885,3.73000,5.89700,1.72500,10
1784,5.07027,2.24900,4.63000,1.67800,10
1785,6.93480,2.37900,5.49900,1.69000,10
1786,6.32776,3.70000,5.47400,1.69300,10
1787,5.29329,2.58300,3.68400,1.69200,10
1788,4.87812,2.68500,4.38400,2.02100,10
1789,6.91362,6.47100,4.95400,1.73000,10
1790,5.20948,2.28400,2.98000,1.67100,10
1791,3.40640,2.05600,3.32800,1.83200,10
1792,4.74755,2.39200,4.68600,1.76300,10
1793,5.50413,1.59500,5.26400,1.71600,10
1794,4.85152,2.15000,4.54100,1.67900,10
1795,8.13650,2.67300,7.42100,1.70300,10
1796,4.07311,1.77700,3.75500,1.68800,10
1797,7.30602,3.38200,5.76500,1.75000,10
1798,5.09988,2.28000,4.59600,1.72300,10
1799,5.46496,3.80300,5.72000,1.70400,10
1800,6.26863,3.63900,6.23000,1.73200,10
1801,8.55093,3.10600,8.46200,1.72900,10
1802,4.38501,4.11200,4.39300,1.78200,10
1803,5.52487,3.32300,5.42500,1.70800,10
1804,4.28711,2.73500,4.29500,1.72200,10
1805,5.53129,1.94800,4.99800,1.71100,10
1806,4.50116,2.02000,4.09200,1.71100,10
1807,4.66640,2.45900,4.77100,1.70200,10
1808,4.51852,2.34700,4.51200,1.67800,10
1809,4.48455,3.17900,3.94300,1.68000,10
1810,3.67822,1.74300,3.29600,1.67700,10
1811,3.43260,1.59400,3.41300,1.69300,10
1812,3.43402,1.64100,3.44400,1.73300,10
1813,3.32535,2.08000,3.32400,1.71900,10
1814,3.83623,2.25900,3.80000,1.70500,10
1815,3.60854,1.91000,3.23900,1.72800,10
1816,4.07606,2.01400,4.29200,1.69400,10
1817,3.45570,1.24100,3.28900,1.72300,10
1818,3.26424,2.01200,3.20300,1.68500,10
1819,5.94685,1.65400,4.32100,1.69600,10
1820,4.88900,3.61700,2.96900,1.77600,10
1821,7.62882,1.67100,9.28200,1.69400,10
1822,3.91935,2.13500,3.92200,1.68800,10
1823,9.35847,2.17900,6.52900,1.70100,10
1824,1.93634,1.95100,3.46100,1.70100,10
1825,5.81273,2.28200,5.52600,1.68400,10
1826,4.68889,2.61600,4.43100,1.69600,10
1827,3.56522,3.27500,3.54800,1.70500,10
1828,4.37038,2.43900,3.15700,1.70500,10
1829,8.79757,2.14300,9.47800,1.72800,10
1830,7.13500,4.77200,7.02000,1.71900,10
1831,6.52329,3.14600,5.28800,1.87700,10
1832,6.13917,2.70600,6.15400,1.69600,10
1833,7.44633,4.26700,7.51100,1.63300,10
1834,4.35273,1.98700,4.40200,1.69300,10
1835,5.28054,1.48900,5.25600,1.73800,10
1836,3.89614,1.56600,3.86300,1.68200,10
1837,7.22638,2.92200,7.23200,1.70700,10
1838,4.64457,3.97200,3.64800,1.70700,10
1839,7.20684,3.13500,7.34000,1.87700,10
1840,5.97239,3.54800,4.63200,1.72600,10
1841,5.25457,2.63900,6.41000,1.70000,10
1842,7.72759,2.36900,4.88600,1.66900,10
1843,6.53941,2.90100,6.74000,1.71900,10
1844,7.02399,2.35300,6.79100,1.72200,10
1845,6.13206,2.49000,6.25800,1.73500,10
1846,3.59227,2.10700,3.28500,1.72000,10
1847,3.08195,2.32400,2.89400,1.67500,10
1848,2.96813,2.06800,2.91600,1.74400,10
1849,2.48357,1.23900,2.60200,1.68600,10
1850,2.49937,1.38900,2.49300,1.69500,10
1851,2.51386,1.17800,2.31400,1.65800,10
1852,2.29645,1.55900,2.46400,1.67300,10
1853,3.29516,1.58800,2.47500,1.72400,10
1854,3.26662,1.73800,2.68200,1.84800,10
1855,3.24628,2.40700,2.95300,1.72600,10
1856,3.24965,1.42400,3.39000,1.70700,10
1857,2.73299,2.14100,2.37000,1.75800,10
1858,3.41582,1.38600,2.48600,1.68700,10
1859,2.28132,1.23700,2.58000,1.68700,10
1860,5.05864,1.48200,4.34900,1.70000,10
1861,4.95870,1.92500,4.75400,1.68100,10
1862,3.60230,2.22000,3.97200,1.69000,10
1863,3.51872,1.30600,3.02500,1.71200,10
1864,4.67564,1.86000,4.57500,1.92800,10
1865,8.31682,2.51900,5.89800,1.69400,10
1866,3.71743,4.02300,5.33200,1.69400,10
1867,5.54042,1.73300,5.51400,1.68900,10
1868,4.21510,1.89800,4.09400,1.67600,10
1869,4.47475,2.39300,4.49900,1.72100,10
1870,5.07332,1.79000,4.65200,1.88000,10
1871,4.55742,1.97400,3.97600,1.72700,10
1872,6.33209,2.57400,5.09000,1.69400,10
1873,5.36820,1.78200,4.48300,1.70300,10
1874,3.11056,1.78500,3.25200,1.69600,10
1875,4.43636,3.44800,4.33900,1.69900,10
1876,5.20689,2.15500,5.16800,1.80300,10
1877,4.45030,1.28400,3.73200,1.67700,10
1878,7.77486,1.55300,7.53500,1.67900,10
1879,5.12797,2.04000,4.98000,1.67900,10
1880,4.82006,3.05200,4.39900,1.70500,10
1881,6.40723,1.51800,5.54600,1.69800,10
1882,4.54312,2.48800,4.94100,1.69500,10
1883,4.22668,2.19800,3.99000,1.68200,10
1884,4.02599,2.80600,3.89300,1.74300,10
1885,5.28828,3.20300,5.06400,1.75700,10
1886,7.66271,1.34500,6.89300,1.77400,10
1887,5.85818,2.32200,6.06800,1.72400,10
1888,6.78289,4.95500,6.76600,1.69600,10
1889,5.32309,1.44400,5.33200,1.89800,10
1890,5.37870,2.78700,4.63400,1.72200,10
1891,6.81285,1.97100,6.48500,1.64800,10
1892,5.11446,2.84100,4.45200,1.69300,10
1893,5.26251,2.31400,5.27800,1.77100,10
1894,3.96396,3.00400,3.87000,1.77100,10
1895,5.31958,1.91900,5.28300,1.90700,10
1896,5.56845,2.60100,5.24500,1.75800,10
1897,8.58556,1.40600,5.89900,1.71500,10
1898,5.47348,3.87300,6.65700,1.90800,10
1899,5.64444,4.19900,5.61300,1.72300,10
1900,3.42350,2.07800,3.47000,1.70500,10
1901,5.30761,2.84400,5.01900,2.02900,10
1902,4.54493,2.16900,4.20900,1.71200,10
1903,9.92089,6.93300,7.43600,1.72900,10
1904,7.29948,7.50900,8.83600,1.77900,10
1905,3.98372,4.34600,4.19000,1.80800,10
1906,7.00149,1.59400,6.50000,1.72400,10
1907,3.61911,2.05800,3.95300,1.70800,10
1908,4.26263,1.41100,4.20200,1.71600,10
1909,6.64745,1.91400,6.16400,1.73000,10
1910,5.78703,2.39700,5.99700,1.69700,10
1911,4.82977,1.82400,4.97300,1.71300,10
1912,7.22479,2.39800,6.82600,1.70400,10
1913,3.79522,2.38000,3.72900,1.67500,10
1914,4.81651,3.02000,4.75800,1.71000,10
1915,5.62259,3.12900,5.46900,1.69200,10
1916,5.09080,1.21400,5.20300,1.89200,10
1917,5.66557,1.73300,5.72000,1.70000,10
1918,4.98398,2.57900,4.97600,1.72900,10
1919,6.61545,1.37500,6.57000,1.72900,10
1920,8.28304,1.72000,4.14100,1.70000,10
1921,4.03518,1.64800,4.01600,1.67700,10
1922,2.60571,1.32000,2.63900,1.69100,10
1923,3.92817,1.17100,3.44900,1.67400,10
1924,5.26860,3.32000,4.98100,1.72600,10
1925,3.28064,2.22700,3.45300,1.71200,10
1926,6.72449,3.54100,6.29300,1.86300,10
1927,4.11184,2.11800,4.35300,1.69700,10
1928,3.78495,2.69000,3.58900,1.71300,10
1929,2.25982,1.44900,2.59300,1.71200,10
1930,5.01606,1.17900,3.27600,1.71200,10
1931,6.04798,1.08700,6.60900,1.69200,10
1932,4.67721,1.73800,3.45500,1.69600,10
1933,7.28569,4.54300,5.04100,1.70500,10
1934,5.02349,3.34300,5.03500,1.70900,10
1935,4.52260,3.90900,4.36400,1.70300,10
1936,3.73282,2.16900,3.71700,1.86400,10
1937,4.02899,3.80900,4.21800,1.67200,10
1938,4.82579,5.27200,4.61600,1.69900,10
1939,3.04499,2.76500,3.14900,1.69300,10
1940,6.13138,1.33700,5.42300,1.76000,10
1941,5.19747,1.39700,5.00000,1.69300,10
1942,3.21851,2.18800,2.98100,1.70300,10
1943,3.83991,1.78500,3.70000,1.72800,10
1944,3.98955,2.61900,3.43000,1.72800,10
1945,8.78501,1.82000,8.64000,1.68800,10
1946,4.56260,3.24900,5.06900,1.68900,10
1947,4.59264,2.68600,4.63600,1.89000,10
1948,4.37491,3.22700,4.31300,1.69500,10
1949,4.74805,2.04300,3.43900,1.72900,10
1950,11.12830,1.97300,11.79900,1.69400,10
1951,4.98958,1.73400,5.07100,1.69800,10
1952,4.69353,2.53900,3.73300,1.70500,10
1953,3.78516,1.93400,3.50200,1.70100,10
1954,5.51988,2.61700,3.92500,1.69700,10
1955,4.21834,2.16700,4.01100,1.69400,10
1956,7.28779,2.58700,7.47300,1.89200,10
1957,4.26925,3.95100,3.92100,1.67900,10
1958,3.67183,2.54900,3.42500,1.71200,10
1959,6.41640,3.23800,6.19400,1.85600,10
1960,5.01016,4.64100,5.06300,1.73300,10
1961,5.14463,3.37800,4.00300,1.65600,10
1962,5.51923,3.80100,5.39900,1.70200,10
1963,5.98011,2.26400,5.80400,1.88400,10
1964,4.32983,3.48900,3.27300,1.69600,10
1965,5.49758,2.14800,5.30200,1.70100,10
1966,3.35588,4.38100,3.53400,1.88800,10
1967,7.91157,1.80200,6.79800,1.71400,10
1968,4.66371,4.32100,4.55300,1.68100,10
1969,3.56637,4.85400,3.15100,1.68100,10
1970,5.68185,2.04900,5.93600,1.71400,10
1971,4.78189,1.85400,4.25000,1.79100,10
1972,4.40992,2.01900,4.63200,1.71000,10
1973,7.97208,2.31100,4.44500,1.72100,10
1974,4.79825,1.49800,4.71800,1.66700,10
1975,5.00656,1.96000,4.80000,1.71600,10
1976,5.26094,2.95100,5.48600,1.72600,10
1977,3.42249,2.73900,3.39300,1.70500,10
1978,2.60563,1.96500,2.55300,1.76100,10
1979,5.25002,2.30300,5.04800,1.76100,10
1980,5.23991,1.87500,3.48600,1.72500,10
1981,3.18512,2.76700,3.68700,1.75200,10
1982,5.95944,2.46200,4.82200,1.72800,10
1983,3.25447,2.17900,3.03600,1.86300,10
1984,3.95608,3.19200,3.91100,1.72400,10
1985,5.75653,1.87400,4.35900,1.70900,10
1986,4.80921,1.23100,4.40100,1.65900,10
1987,5.10636,1.81500,5.35900,1.70000,10
1988,5.43448,2.81800,5.50400,1.69500,10
1989,5.79587,3.39800,5.58300,1.71000,10
1990,5.48853,3.14900,4.48000,1.86700,10
1991,5.94406,1.75500,6.10500,1.71100,10
1992,6.36728,3.46000,6.46600,1.69400,10
1993,4.35945,2.50700,4.12700,1.71500,10
1994,5.29212,2.89300,5.23100,1.74400,10
1995,5.34614,1.76300,5.22400,1.77700,10
1996,6.12544,2.87300,5.50700,1.90300,10
1997,4.57219,2.06100,4.48800,1.68900,10
1998,5.72171,2.26300,5.80000,1.69600,10
1999,7.65878,2.37600,7.59200,1.88600,10
2000,5.16427,2.73100,4.92900,1.78300,10
2001,5.55037,6.60600,4.92800,1.70300,10
2002,7.79158,2.20500,6.84800,1.70800,10
2003,6.49479,3.14700,4.80300,1.70900,10
2004,6.57247,4.37700,7.94500,1.68300,10
2005,7.17598,4.34500,6.86500,1.78000,10
2006,5.58852,4.94100,5.58400,1.73900,10
2007,4.50797,2.75800,4.52600,1.90200,10
2008,3.99863,2.41300,4.13300,1.79100,10
2009,6.02822,1.71400,4.65600,1.68800,10
2010,4.01095,1.19600,3.96400,1.92000,10
2011,3.66651,1.53700,3.09700,1.69200,10
2012,2.74112,1.85800,3.29800,1.67000,10
2013,3.03257,1.56300,3.04700,1.67000,10
2014,4.80356,1.89000,3.49600,1.69800,10
2015,5.41907,1.30300,4.77800,1.73900,10
2016,3.32047,1.11300,3.41100,1.69100,10
2017,3.37444,2.49700,3.24700,1.71800,10
2018,4.85259,1.95700,5.10100,1.84900,10
2019,4.30125,2.72800,4.28200,1.72800,10
2020,4.18536,1.80300,3.86200,1.72000,10
2021,5.88939,2.34900,6.18800,1.72600,10
2022,7.24525,2.11800,6.52000,1.87100,10
2023,4.85573,2.22800,4.51300,1.68100,10
2024,7.03016,2.36000,7.03200,1.69100,10
2025,5.07614,2.01900,4.48400,1.87900,10
2026,4.23887,3.31200,4.28900,1.67200,10
2027,4.08505,2.31500,4.03000,1.67400,10
2028,5.41670,1.59700,4.78900,1.67200,10
2029,5.71982,2.27900,3.87800,1.69900,10
2030,5.18303,1.94600,4.60700,1.70200,10
2031,5.34374,2.32500,4.02400,1.89700,10
2032,5.04832,2.04000,4.36700,1.69100,10
2033,4.34715,4.45200,3.84800,1.69500,10
2034,5.30623,2.57900,4.13600,1.72500,10
2035,4.77726,1.76500,5.11000,1.66400,10
2036,5.41265,2.07600,4.80200,1.70400,10
2037,3.35582,2.05500,3.97900,1.67600,10
2038,5.14047,1.41700,4.89000,1.92300,10
2039,3.54367,1.38600,3.20600,1.69000,10
2040,4.30692,1.68200,4.55800,1.74300,10
2041,4.32599,1.74400,3.38900,1.70400,10
2042,5.34364,3.03200,5.31800,1.71500,10
2043,5.01316,2.49300,4.45000,1.69900,10
2044,3.16449,1.85300,3.51200,1.75500,10
2045,3.09260,2.05800,3.22000,1.68200,10
2046,3.92484,1.79800,3.86900,1.84600,10
2047,3.31351,1.71400,3.08500,1.70800,10
2048,6.46297,1.13600,5.20400,1.71200,10
2049,6.02891,2.68100,5.92000,1.66700,10
2050,6.03989,2.83800,5.39300,1.71500,10
2051,4.13906,1.65100,4.74400,1.78700,10
2052,4.18901,2.74100,3.93000,1.69700,10
2053,3.62918,1.91300,3.71600,1.87000,10
2054,6.35147,2.32400,4.83900,1.67000,10
2055,3.96672,1.65400,5.43500,1.74700,10
2056,3.86149,3.32000,3.45800,1.68500,10
2057,7.32326,2.39900,6.57500,1.70400,10
2058,6.09129,1.47700,6.20500,1.74000,10
2059,6.32077,4.35600,6.27200,1.65400,10
2060,5.52494,2.26500,5.13900,1.69300,10
2061,5.58160,2.08500,4.17800,1.70200,10
2062,4.14127,2.12000,3.06400,1.69700,10
2063,5.92911,3.53700,5.10700,1.74400,10
2064,5.80857,3.15300,5.93500,1.70800,10
2065,5.41359,1.22300,5.05000,1.84100,10
2066,4.90213,2.28200,5.31700,1.68700,10
2067,4.08001,2.40200,4.06000,1.69400,10
2068,4.25650,1.53800,3.86700,1.68200,10
2069,6.47260,1.60000,6.13800,1.66900,10
2070,5.64958,2.15700,5.50300,1.70000,10
2071,5.63378,2.63600,4.08700,1.77100,10
2072,5.02707,2.52300,4.97500,1.91600,10
2073,4.14744,2.17500,4.14600,1.70400,10
2074,3.96913,1.83300,3.87000,1.68400,10
2075,6.59688,2.91500,6.54600,1.70900,10
2076,5.74724,2.18300,5.60400,1.70300,10
2077,5.65101,1.83400,5.72600,1.76000,10
2078,4.77085,1.31700,4.45200,1.72100,10
2079,4.53265,4.35200,4.39900,1.71500,10
2080,7.88965,3.00500,7.10100,1.70800,10
2081,5.68901,2.69600,5.40700,1.73600,10
2082,4.78701,2.58800,4.76600,1.68800,10
2083,6.18121,1.57700,6.22800,1.65600,10
2084,3.65695,1.88800,3.52200,2.12200,10
2085,4.95222,1.68300,4.52400,1.70600,10
2086,6.42809,2.80500,5.10000,1.67400,10
2087,4.82697,1.89400,5.39300,1.67500,10
2088,4.13950,1.94000,4.25100,1.68200,10
2089,4.98731,1.64300,4.83500,1.70900,10
2090,5.04906,1.56300,4.89200,1.68500,10
2091,3.36246,4.32300,2.50600,1.90100,10
2092,5.03211,3.09400,5.09200,1.71100,10
2093,3.58805,4.04800,3.77600,1.64600,10
2094,5.69903,2.16500,5.11000,1.66400,10
2095,5.47188,2.06300,5.70600,1.88300,10
2096,4.41427,2.59300,4.39600,1.75300,10
2097,4.42776,2.20200,4.33000,1.70100,10
2098,3.97972,2.83100,3.99800,1.88100,10
2099,3.82232,1.83500,3.77700,1.75100,10
2100,12.17032,3.61600,11.64400,1.72800,10
2101,5.15760,6.94600,5.32400,2.05900,10
2102,4.48423,3.19600,4.52700,1.81500,10
2103,4.05927,2.17800,3.53300,1.70800,10
2104,5.23075,1.75700,4.14600,1.71100,10
2105,4.15458,1.55600,2.90400,1.68700,10
2106,3.75298,2.15600,3.70200,1.67600,10
2107,4.85296,1.51800,4.40500,1.68700,10
2108,4.30251,2.22900,3.55700,1.69900,10
2109,3.66209,3.89600,3.67400,1.69500,10
2110,3.85320,1.43800,3.75000,1.69600,10
2111,4.50927,1.54700,4.29500,1.69500,10
2112,2.92628,1.79100,3.11200,1.88700,10
2113,3.43793,1.48400,3.11000,1.70200,10
2114,3.74561,2.29900,3.65600,1.70200,10
2115,4.90109,1.88600,4.10300,1.68100,10
2116,3.65966,1.71800,3.74600,1.70200,10
2117,3.86921,1.96500,3.66600,1.65800,10
2118,3.55757,1.18700,3.38500,1.65800,10
2119,6.91103,2.34500,6.74400,1.70400,10
2120,4.31784,1.40800,4.05300,1.89900,10
2121,6.98632,3.06500,7.10700,1.74000,10
2122,5.25179,2.39600,4.99400,1.69100,10
2123,5.99322,2.15100,3.91300,1.69200,10
2124,7.63506,3.45800,6.28300,1.69000,10
2125,6.00554,1.65500,4.98300,1.71600,10
2126,4.44680,1.43500,3.55300,1.72100,10
2127,4.37731,4.27900,3.73200,1.72200,10
2128,2.32178,1.54400,2.59800,1.69800,10
2129,4.63895,2.52200,4.15200,1.71600,10
2130,4.88332,1.08900,4.97600,1.89900,10
2131,3.41957,1.32500,3.31900,1.71100,10
2132,9.70886,4.88900,8.33400,1.71400,10
2133,4.10695,4.07300,5.48700,1.71400,10
2134,7.06105,2.72300,6.39900,1.75000,10
2135,4.02404,2.62700,4.16600,1.67400,10
2136,4.37795,2.08500,4.42300,1.69600,10
2137,5.87262,2.51600,5.11000,1.68700,10
2138,3.83542,2.31800,3.85000,1.69600,10
2139,4.68792,1.47200,4.59500,1.63900,10
2140,3.72229,2.10300,3.30000,1.68100,10
2141,4.29901,2.20900,4.59800,1.72700,10
2142,4.57048,1.88700,3.55900,1.73000,10
2143,4.09854,2.04500,4.04200,1.67000,10
2144,5.00293,2.63500,5.49500,1.66200,10
2145,2.63447,1.70700,2.61100,1.71600,10
2146,5.26180,1.61500,4.86000,1.73100,10
2147,4.43336,2.35700,4.14400,1.73100,10
2148,3.69271,2.46600,3.61400,1.69600,10
2149,3.78679,1.94300,3.35000,1.70400,10
2150,3.18524,1.36900,3.20400,1.69300,10
2151,3.12758,1.82900,3.01700,1.69300,10
2152,6.70066,1.05000,6.80600,1.68700,10
2153,4.97309,1.74500,4.63300,1.68700,10
2154,4.89117,1.41200,4.67100,1.98300,10
2155,5.69276,2.19400,4.93300,1.71300,10
2156,4.15598,1.86800,3.98700,1.74300,10
2157,7.56817,2.12500,6.26500,1.70800,10
2158,3.18701,3.52100,4.24200,1.70800,10
2159,6.22767,2.88600,4.79400,1.67700,10
2160,3.23735,2.04900,3.48900,1.73000,10
2161,4.59379,1.91100,3.17300,1.70800,10
2162,5.66760,1.91600,4.70000,1.71600,10
2163,4.00713,1.81100,3.67900,1.71600,10
2164,4.98663,1.56900,3.93500,1.68300,10
2165,3.03850,1.64000,2.66700,1.68300,10
2166,5.36589,1.44300,5.71300,1.69100,10
2167,4.39754,1.52400,3.70900,1.69600,10
2168,8.84755,4.21400,4.95100,1.69600,10
2169,7.37606,2.72500,7.39000,1.65400,10
2170,4.76749,1.53900,4.06000,1.65400,10
2171,5.32329,1.48400,5.66300,1.72800,10
2172,3.66117,1.60400,3.65300,1.68100,10
2173,3.95527,2.47000,3.97000,1.71700,10
2174,5.27001,1.40700,5.24900,1.88800,10
2175,4.80417,1.45300,4.50300,1.88800,10
2176,6.26357,2.09600,5.95800,1.69600,10
2177,5.11015,1.87300,4.62500,1.71200,10
2178,4.64951,1.85800,4.73400,1.73900,10
2179,4.48195,3.28400,4.45700,1.71100,10
2180,2.60759,2.38600,2.53800,1.71100,10
2181,4.51462,1.81200,4.19700,1.72300,10
2182,3.20945,1.71200,3.14500,1.72300,10
2183,6.59019,1.83900,6.83600,1.69500,10
2184,6.21328,2.00400,5.35200,1.69500,10
2185,4.53277,2.32200,4.06000,1.68400,10
2186,6.04571,2.45000,5.82400,1.71400,10
2187,5.18997,2.00100,3.66600,1.70100,10
2188,6.99024,3.66800,8.25900,1.72400,10
2189,4.70227,2.85200,4.22500,1.68900,10
2190,4.95017,2.84400,4.17700,1.67500,10
2191,5.51356,2.04200,5.79100,1.71300,10
2192,6.53672,4.18900,6.45400,1.72100,10
2193,5.51929,1.73600,5.32600,1.84700,10
2194,5.92829,3.50600,2.93500,1.71300,10
2195,6.08171,1.65300,5.29200,1.68700,10
2196,4.52329,2.97600,3.89500,1.67500,10
2197,5.05564,3.50800,5.22400,1.67500,10
2198,6.43812,1.57700,4.77100,1.72800,10
2199,5.22511,1.85100,6.07200,1.66400,10
2200,5.94295,4.24900,6.48400,1.88300,10
2201,4.74332,2.40800,4.79900,1.80100,10
2202,6.16960,2.92000,5.13000,1.72000,10
2203,5.47161,2.85300,5.32600,1.72000,10
2204,6.02171,2.06000,5.69600,1.71300,10
2205,9.82793,3.18800,9.53200,1.66600,10
2206,9.68898,6.88800,9.72600,1.75900,10
2207,4.68781,3.81300,4.72600,1.74100,10
2208,4.97728,2.73700,5.07900,1.76500,10
2209,4.01589,1.72700,4.01400,1.76800,10
2210,7.89109,1.82100,4.20800,1.86300,10
2211,5.25229,2.14600,5.01700,1.70400,10
2212,5.17918,3.19900,5.38200,1.69300,10
2213,5.99608,7.60100,4.68700,1.71400,10
2214,3.75565,3.84500,3.48000,1.71700,10
2215,6.97542,2.23700,6.51800,1.68500,10
2216,6.09206,3.75300,4.84500,1.70400,10
2217,6.59727,1.97100,7.26400,1.69300,10
2218,5.57119,2.71700,5.17400,1.68600,10
2219,8.74258,2.97500,7.55700,1.68800,10
2220,5.90867,1.59900,5.95000,1.68100,10
2221,5.16554,2.32800,5.23300,1.70000,10
2222,4.44814,1.61200,4.44300,1.76100,10
2223,3.80798,2.04500,3.69400,1.80100,10
2224,7.50867,4.83000,7.21600,1.67700,10
2225,8.42035,7.52500,5.01600,1.72000,10
2226,3.37995,5.34000,5.29100,1.72000,10
2227,5.47642,3.80800,5.83200,1.66600,10
2228,6.42172,3.17700,4.99000,1.69000,10
2229,7.90416,1.73800,5.00700,1.76000,10
2230,9.32675,1.94900,11.09900,1.69900,10
2231,3.67965,1.98500,4.96900,1.66500,10
2232,5.63481,2.73900,5.78400,1.75000,10
2233,7.04651,5.97100,6.23700,1.72700,10
2234,5.63736,2.59100,5.85200,1.71900,10
2235,5.30182,3.38200,5.84700,1.68200,10
2236,5.68745,2.72900,5.65000,1.69000,10
2237,4.39560,2.01500,4.35300,1.72300,10
2238,4.17013,2.46100,3.85200,1.69800,10
2239,5.58714,2.41800,5.36200,1.71000,10
2240,6.82459,1.43600,6.88700,1.71700,10
2241,3.95606,3.79200,3.83800,1.71400,10
2242,6.39492,2.23600,4.07800,1.71400,10
2243,13.06297,4.48400,2.44500,1.69500,10
2244,3.12655,6.34200,2.44500,1.69500,10
2245,6.64200,2.75100,6.87100,1.67800,10
2246,4.61191,3.02900,3.70800,1.66300,10
2247,3.23724,2.82700,2.89200,1.87200,10
2248,7.38858,1.28700,7.49800,1.72200,10
2249,6.58865,2.29700,4.90300,1.79500,10
2250,2.97441,1.61800,2.56300,1.87100,10
2251,2.30693,1.62700,2.49000,1.67000,10
2252,6.01086,1.59600,4.58200,1.67900,10
2253,4.68600,1.30000,4.96700,1.71900,10
2254,2.99112,1.80700,2.50700,1.89700,10
2255,3.35949,1.36500,3.30100,1.71300,10
2256,4.46804,1.97400,4.57400,1.70600,10
2257,3.57795,2.61500,3.42600,1.70200,10
2258,6.47494,1.51800,6.56500,1.70500,10
2259,4.01931,1.24500,4.00400,1.76100,10
2260,4.84436,1.76700,3.55000,1.76100,10
2261,7.62216,1.79300,7.44500,1.67200,10
2262,4.14225,1.83200,4.31200,1.71600,10
2263,4.73916,2.79000,4.46100,1.67900,10
2264,5.62343,3.63900,5.76400,1.66800,10
2265,5.48633,2.71600,5.22100,1.66400,10
2266,5.90511,2.29700,5.64300,1.70000,10
2267,4.53117,3.35600,4.49500,1.70000,10
2268,5.68509,1.79300,5.62600,1.70600,10
2269,4.55479,2.02600,3.96500,1.69800,10
2270,3.98724,2.05700,4.45700,1.68100,10
2271,10.35222,3.62600,8.33300,1.69000,10
2272,5.71872,3.02200,4.27600,1.68500,10
2273,4.07027,4.00800,2.07900,1.67800,10
2274,5.48006,1.57800,5.02700,1.70400,10
2275,8.21195,3.06400,5.76400,1.65900,10
2276,4.49019,2.93200,4.85400,1.71700,10
2277,6.95999,1.37500,4.99800,1.71300,10
2278,5.53656,2.12300,4.39000,1.79900,10
2279,5.15272,2.95900,6.10400,1.75900,10
2280,4.66309,2.30500,4.71200,1.67800,10
2281,6.53017,1.34200,4.79400,1.69300,10
2282,4.06978,2.31400,4.07200,1.69500,10
2283,5.26196,3.08600,5.19200,1.71300,10
2284,8.20042,3.18500,8.22500,1.74400,10
2285,4.63106,1.43500,4.37500,1.69900,10
2286,5.98476,1.51800,6.15200,1.76600,10
2287,7.30762,1.65900,5.53600,1.67700,10
2288,5.74216,3.28100,5.00200,1.92900,10
2289,8.18872,2.92200,8.06000,1.69200,10
2290,3.74801,1.73700,4.03400,1.70600,10
2291,5.17615,2.78600,5.10700,1.65200,10
2292,3.77440,1.90500,3.38200,1.69100,10
2293,5.32497,1.32600,5.37800,1.71600,10
2294,5.98591,2.00500,5.54000,1.69700,10
2295,10.92399,4.65800,10.67000,1.77500,10
2296,6.29798,4.27400,6.50100,1.76300,10
2297,4.57467,3.47400,4.42800,1.71100,10
2298,3.78303,1.82200,3.94600,1.77200,10
2299,4.85205,2.20100,3.60600,1.70400,10
2300,4.99139,1.44600,4.64100,1.71200,10
2301,3.39569,1.34300,3.55900,1.71200,10
2302,4.66913,1.37200,4.19100,1.70500,10
2303,2.93259,1.03200,2.67900,1.71700,10
2304,4.62412,1.66700,3.64300,1.69400,10
2305,2.83534,1.58900,3.23300,1.67100,10
2306,3.72884,1.33900,3.35300,1.65400,10
2307,2.99198,1.47200,3.15600,1.84100,10
2308,3.88293,0.97300,3.52200,1.92600,10
2309,3.70146,1.17200,2.96800,1.67300,10
2310,6.58481,2.28300,6.88800,1.69000,10
2311,4.99831,1.88000,4.42400,1.67600,10
2312,3.49826,2.40400,3.84900,1.70600,10
2313,4.48341,1.54300,3.58400,1.70900,10
2314,4.96187,1.55200,4.88900,1.69600,10
2315,5.71695,1.54800,3.24500,1.69600,10
2316,6.78572,1.78300,8.41700,1.69500,10
2317,4.54088,2.04300,4.30700,1.66700,10
2318,3.43628,1.69600,3.67300,1.74900,10
2319,3.85892,1.91800,3.74500,1.68100,10
2320,4.67001,2.11600,4.46100,1.76100,10
2321,7.93565,1.78400,5.64100,1.73900,10
2322,4.77116,3.95600,4.43300,1.69900,10
2323,4.46390,1.96700,3.57000,1.78000,10
2324,4.72480,1.14800,4.56300,1.71700,10
2325,3.39247,1.67700,3.49900,1.84800,10
2326,4.47491,2.80000,4.13800,1.66700,10
2327,5.88861,2.62600,5.91900,1.67100,10
2328,5.36462,2.12400,5.08500,1.72600,10
2329,4.46630,3.57500,4.55200,1.70700,10
2330,6.08897,1.97900,6.06400,1.67400,10
2331,5.11815,1.56000,5.15500,1.66800,10
2332,5.31545,2.79200,5.07300,1.71500,10
2333,3.73287,3.71500,4.00600,1.68600,10
2334,8.34686,1.96300,8.09900,1.69300,10
2335,3.88948,3.05500,4.03600,1.71300,10
2336,3.67496,2.13100,3.67300,1.66500,10
2337,5.16341,3.83500,3.78800,1.72600,10
2338,4.08191,2.72000,4.07200,1.72200,10
2339,3.02968,2.52300,3.03200,1.72700,10
2340,8.19391,2.05500,3.48400,1.69200,10
2341,2.23831,2.29500,3.21400,1.69200,10
2342,2.83076,1.87200,3.11400,1.87700,10
2343,5.09872,2.25200,4.67900,1.71000,10
2344,4.33318,2.27600,4.25100,1.68000,10
2345,4.20152,2.29300,4.20000,1.68500,10
2346,7.91048,2.12400,6.81300,1.87400,10
2347,6.87268,4.50000,6.86200,1.70500,10
2348,7.13605,4.66100,6.85300,1.71100,10
2349,3.96745,2.27400,4.27700,1.67200,10
2350,6.70552,3.19900,6.37400,1.70000,10
2351,5.72270,1.84800,5.96200,1.71000,10
2352,4.57513,3.15700,4.65400,1.72000,10
2353,6.32967,1.79000,5.99800,1.72400,10
2354,5.30852,2.37400,5.50600,1.69300,10
2355,5.55160,2.84500,5.45100,1.69100,10
2356,3.42487,1.80500,3.58300,1.69500,10
2357,5.29636,3.55200,4.87700,1.67100,10
2358,5.42413,1.55100,4.38600,1.69200,10
2359,4.51687,2.05600,4.46200,1.69100,10
2360,5.48875,2.78500,5.57500,1.70700,10
2361,4.49928,1.96600,4.48000,1.88100,10
2362,5.01627,2.56200,4.92100,1.71700,10
2363,4.29560,3.15100,4.10700,1.70600,10
2364,3.79281,2.22100,3.22500,1.73300,10
2365,6.05036,2.82300,5.16900,1.67300,10
2366,6.97949,3.46800,5.25000,1.72400,10
2367,4.64625,1.82000,4.49500,1.71200,10
2368,5.42270,2.41600,4.31500,1.71200,10
2369,5.92798,1.28300,6.37200,1.68400,10
2370,5.47937,2.27000,5.43300,1.70400,10
2371,5.15113,3.15300,4.98100,1.66700,10
2372,5.76479,3.39400,5.88000,1.72400,10
2373,8.98024,3.68900,7.98900,1.65900,10
2374,2.73771,2.77900,3.21100,1.68100,10
2375,3.87953,2.02300,3.14700,1.68100,10
2376,5.41246,2.16400,5.58600,1.68500,10
2377,7.95945,1.93700,6.64800,1.86900,10
2378,4.62977,1.44300,4.48900,1.72300,10
2379,4.86232,2.18500,4.80600,1.69000,10
2380,4.01974,2.36200,3.76300,1.90300,10
2381,6.72065,1.77300,6.65000,1.70600,10
2382,4.76268,2.39000,3.74500,1.65600,10
2383,2.96811,1.38300,3.86100,1.64700,10
2384,5.48219,2.64700,5.16800,1.67500,10
2385,4.20915,1.38600,3.71600,1.67500,10
2386,9.11287,2.96700,9.57200,1.74300,10
2387,7.12470,4.39100,6.84000,1.70500,10
2388,7.33136,2.78000,7.52900,1.69000,10
2389,5.66291,1.44400,4.32600,1.67900,10
2390,5.93631,2.43000,5.88100,1.70500,10
2391,8.65281,4.16900,8.32900,1.84900,10
2392,7.31549,5.22000,7.48000,1.73600,10
2393,5.15586,4.23600,5.16600,1.73900,10
2394,4.33797,3.63500,4.33400,2.06300,10
2395,6.22733,2.34500,4.60500,1.71400,10
2396,2.26182,3.69200,3.51100,1.71400,10
2397,4.53929,1.78800,4.08400,1.75500,10
2398,4.30383,1.80300,3.58000,1.76700,10
2399,5.39710,2.11500,5.59500,1.66800,10
2400,5.18286,2.38500,4.61500,1.65300,10
2401,4.65851,2.76300,4.85800,1.89400,10
2402,4.63939,2.94800,3.72900,1.71200,10
2403,2.86255,1.42000,3.59400,1.71900,10
2404,3.51383,1.82200,3.52000,1.71900,10
2405,7.06031,1.34600,6.85000,1.70000,10
2406,4.96951,2.41500,4.66000,1.71000,10
2407,3.74491,2.08700,4.03200,1.71700,10
2408,5.65169,1.50100,3.61100,1.70800,10
2409,2.70569,3.60500,4.00900,1.71400,10
2410,5.76160,2.42800,4.40500,1.72600,10
2411,2.84973,3.49200,3.56900,1.79100,10
2412,7.97379,1.63000,6.97900,1.79100,10
2413,7.09649,2.03300,7.59900,1.68900,10
2414,4.31187,2.20700,3.98200,1.76500,10
2415,4.37419,1.79400,4.50100,1.91000,10
2416,5.40218,2.68100,4.26700,1.91000,10
2417,8.49933,2.19800,6.85400,1.69100,10
2418,6.03899,3.39300,5.54100,1.70400,10
2419,5.04332,3.89100,4.64600,1.68300,10
2420,5.54910,2.82100,5.20800,1.69500,10
2421,7.01143,1.33400,6.58900,1.70500,10
2422,4.59442,1.98900,4.91800,1.69800,10
2423,5.01105,5.07700,4.55200,1.82800,10
2424,5.29584,3.29400,5.44300,1.80200,10
2425,5.14459,5.43400,5.28400,1.70000,10
2426,5.53543,3.66800,5.34400,1.70900,10
2427,4.64666,2.75400,4.66400,1.71300,10
2428,5.04239,4.34800,4.23000,1.68100,10
2429,3.18812,2.77700,4.19500,1.70300,10
2430,7.29018,1.57900,6.56900,1.92900,10
2431,4.09899,1.50200,4.34800,1.65800,10
2432,4.00460,2.87800,4.04100,1.70500,10
2433,4.14371,2.36100,3.84800,1.76200,10
2434,5.22426,1.82000,4.23300,1.66200,10
2435,5.24175,1.22600,5.18100,1.69700,10
2436,5.18431,3.38100,5.14000,1.69200,10
2437,5.77510,1.94400,5.15300,1.80100,10
2438,6.69229,2.86700,6.73500,1.71900,10
2439,5.26055,2.25600,5.15800,1.67800,10
2440,3.38912,1.80300,3.36100,1.67500,10
2441,4.25396,2.05900,4.27600,1.69700,10
2442,5.29396,2.55000,5.12000,1.70800,10
2443,5.78159,3.11400,5.62200,1.89100,10
2444,3.94167,2.29900,3.92200,1.76400,10
2445,4.18368,1.48700,3.98100,1.73700,10
2446,4.04198,2.79400,3.55900,1.70500,10
2447,3.26839,1.62000,3.12000,1.73600,10
2448,3.71174,1.22500,2.82800,1.69300,10
2449,3.51995,1.31900,3.21000,1.70900,10
2450,2.98056,1.36400,2.94800,1.69000,10
2451,4.70196,1.92300,4.71400,1.65800,10
2452,2.84412,1.34600,2.76300,1.70400,10
2453,4.36512,2.66900,4.23800,1.76600,10
2454,4.70992,2.01000,3.86400,1.68500,10
2455,3.15195,1.53600,3.33900,1.71100,10
2456,5.54332,1.90300,4.96200,1.67100,10
2457,3.37653,1.50900,3.55300,1.68200,10
2458,3.35898,1.31700,3.14600,1.69800,10
2459,4.92650,2.04500,4.48600,1.72400,10
2460,3.92182,3.60900,3.95000,1.69000,10
2461,3.83188,2.42700,3.35900,1.67400,10
2462,5.78879,1.27600,5.34600,1.68300,10
2463,3.02554,2.11900,3.07700,1.73000,10
2464,4.99440,2.93400,4.74000,1.68800,10
2465,5.63256,3.51800,5.74700,1.71200,10
2466,4.68834,2.47200,3.94500,1.68400,10
2467,4.85839,2.95700,5.56900,1.85700,10
2468,4.16365,2.85200,3.74100,1.68300,10
2469,4.84715,2.24900,4.85500,1.70800,10
2470,3.71189,2.28600,3.73200,1.69800,10
2471,6.49334,1.48300,5.94500,1.65500,10
2472,4.56664,2.63400,3.60900,1.73500,10
2473,4.44817,3.13400,4.24000,1.67900,10
2474,3.93178,1.87300,3.70500,1.72600,10
2475,4.24195,2.08400,4.42300,1.87400,10
2476,5.61686,2.26200,4.59000,1.69900,10
2477,2.75712,2.46800,3.34600,1.70300,10
2478,5.18092,2.78900,4.56900,1.70300,10
2479,5.56246,3.00100,5.57600,1.68500,10
2480,3.69913,1.53700,3.63200,1.70500,10
2481,2.87707,1.72700,2.95300,1.69700,10
2482,5.39082,1.33300,3.26300,1.68300,10
2483,4.78411,2.83400,4.97400,1.69800,10
2484,3.91153,1.82200,3.80900,1.68200,10
2485,4.41047,2.06300,4.46300,1.69000,10
2486,5.55950,2.57800,4.96300,1.71900,10
2487,4.68612,2.14300,4.65600,1.70600,10
2488,5.70680,1.87900,4.98500,1.69400,10
2489,7.03429,1.32700,7.04700,1.91000,10
2490,3.45218,3.05300,3.81900,1.68200,10
2491,5.70965,3.99600,4.81000,1.71200,10
2492,4.32851,1.81600,4.17900,1.70300,10
2493,3.86255,1.42000,3.69300,1.71600,10
2494,4.84417,2.73500,5.01500,1.71800,10
2495,5.54489,1.51500,5.62700,1.75600,10
2496,6.10679,1.82300,5.94100,1.70400,10
2497,7.02221,5.42300,6.83900,1.72800,10
2498,8.47278,4.65900,5.87600,1.79200,10
2499,5.41579,4.51700,7.66200,1.71100,10
2500,2.72811,2.42600,2.80100,1.71100,10
2501,3.72029,2.43400,3.90200,1.68400,10
2502,5.17476,1.63600,4.12600,1.68700,10
2503,4.68008,2.24600,4.07100,1.75700,10
2504,4.22533,1.85600,3.89500,1.76600,10
2505,2.22258,2.21200,2.39900,1.72900,10
2506,3.37056,1.33900,2.96900,1.86400,10
2507,2.76841,1.72300,2.93600,1.68800,10
2508,5.42255,2.40300,3.75100,1.67300,10
2509,2.63990,3.88300,2.93700,1.70300,10
2510,3.91341,1.33900,4.48500,1.86600,10
2511,4.90966,1.26300,4.06600,1.70200,10
2512,6.92377,1.49500,4.31500,1.69800,10
2513,5.54870,2.17100,5.19900,1.72200,10
2514,3.25170,2.33700,3.10300,1.69800,10
2515,4.12539,3.04400,3.76800,1.66700,10
2516,2.69165,2.91700,2.60900,1.69100,10
2517,6.89222,2.28800,5.62500,1.78300,10
2518,2.92032,1.88400,3.52800,1.78300,10
2519,5.11441,2.23100,4.87200,1.70300,10
2520,3.55849,2.06300,3.56900,1.72700,10
2521,5.16032,4.33500,4.82000,1.72700,10
2522,5.08058,2.90200,4.44100,1.86800,10
2523,8.09942,2.00300,7.78700,1.68200,10
2524,5.58719,1.50800,5.45600,1.70500,10
2525,5.95345,3.27800,5.95800,1.70500,10
2526,7.04855,2.61400,7.00900,1.68200,10
2527,5.08658,2.05700,4.97600,1.75200,10
2528,6.08047,2.67300,5.99900,1.67700,10
2529,5.07873,2.56100,4.31500,1.71400,10
2530,6.60973,2.91500,7.04500,1.65300,10
2531,5.55190,3.26900,4.73700,1.70400,10
2532,4.11572,2.02800,4.23700,1.73700,10
2533,7.52645,3.20900,5.40200,1.71100,10
2534,4.49419,2.44900,4.50100,1.74200,10
2535,2.98982,1.39300,3.19500,1.67100,10
2536,4.59500,1.66800,3.77700,1.86000,10
2537,5.54756,1.79200,5.31900,1.77200,10
2538,4.91195,1.30700,4.80100,1.76500,10
2539,5.08623,2.03900,4.97500,1.66000,10
2540,6.11039,4.59000,5.35300,1.68600,10
2541,3.98664,2.55300,4.01800,1.70300,10
2542,4.44422,2.22800,4.55600,1.84600,10
2543,4.31061,1.56200,3.88100,1.92300,10
2544,3.55791,1.35900,3.95000,1.69600,10
2545,3.21635,1.39200,3.24200,1.72900,10
2546,3.13747,1.60100,3.13300,1.66600,10
2547,7.24858,2.04800,7.12400,1.69800,10
2548,4.59637,2.18600,4.31900,1.71100,10
2549,4.66158,2.40500,4.39900,1.71900,10
2550,4.22302,2.18200,4.07900,1.84000,10
2551,3.54926,1.60600,3.95900,1.73900,10
2552,2.81185,1.85600,2.61900,1.73900,10
2553,4.30687,2.77300,3.83300,1.68200,10
2554,3.38570,1.70800,2.74000,1.70800,10
2555,3.74787,1.99700,3.72500,1.90600,10
2556,5.46855,2.31500,2.91300,1.70500,10
2557,4.83097,1.14800,6.74100,1.73100,10
2558,4.52651,1.71400,4.30900,1.86600,10
2559,5.05259,1.30600,4.74000,1.67400,10
2560,7.58230,1.61100,7.54900,1.72300,10
2561,4.68929,2.24100,4.55600,1.65800,10
2562,4.64649,1.87700,4.82000,1.72800,10
2563,5.76850,1.87200,5.14700,1.72500,10
2564,5.36897,2.33000,5.39700,1.75200,10
2565,3.95231,1.94300,3.38100,1.70400,10
2566,5.66783,1.78600,4.61900,1.68400,10
2567,3.37862,1.97400,4.47700,1.67700,10
2568,4.10805,1.64100,4.23800,1.68200,10
2569,3.92718,1.92700,3.92900,1.72300,10
2570,6.37112,1.90800,4.90400,1.72300,10
2571,6.40021,1.46900,5.06000,1.71800,10
2572,5.96445,3.16400,6.64400,1.75600,10
2573,4.12503,2.38700,4.54000,1.69300,10
2574,4.64096,3.18800,4.42900,1.70000,10
2575,5.77050,2.01700,5.16900,1.75700,10
2576,5.86562,3.04000,5.95200,1.71600,10
2577,4.96078,3.48400,4.77100,1.71500,10
2578,8.84165,1.51700,9.01400,1.87600,10
2579,4.97835,2.34700,4.97900,1.71700,10
2580,5.68635,2.34500,3.98700,1.68900,10
2581,7.06200,2.08900,4.92400,1.69400,10
2582,7.96557,1.41800,6.19900,1.70000,10
2583,4.98512,1.69100,4.29300,1.94400,10
2584,4.02757,2.02300,2.67800,1.94400,10
2585,7.01828,1.85400,6.14400,1.72600,10
2586,6.01927,4.01300,5.56400,1.73600,10
2587,5.61760,2.52900,5.38900,1.69700,10
2588,6.01031,3.87600,4.87200,1.71900,10
2589,5.00475,1.99500,4.27500,1.92500,10
2590,3.74744,1.56700,4.03800,1.70000,10
2591,4.58655,2.49500,4.80500,1.71300,10
2592,5.63036,1.72200,4.62200,1.71100,10
2593,4.12898,1.78200,3.50800,1.64500,10
2594,5.32762,2.47700,5.18800,1.70600,10
2595,7.84186,4.04700,7.88600,1.89500,10
2596,5.90731,2.97900,5.77300,1.72800,10
2597,4.83453,3.25400,4.56300,1.70000,10
2598,4.62436,1.66700,3.58400,1.71800,10
2599,5.16405,1.32300,5.04300,1.71800,10
2600,8.18162,1.40700,7.14700,1.73500,10
2601,5.62170,2.61900,5.36200,1.77100,10
2602,7.42900,2.76100,4.49300,1.74600,10
2603,4.95267,2.16400,4.21400,1.69200,10
2604,3.76339,2.34900,4.48100,1.70600,10
2605,8.29632,1.80300,5.42200,1.70600,10
2606,9.70035,3.29600,9.88500,1.96300,10
2607,3.69878,3.82200,3.89500,1.75200,10
2608,3.86406,2.39800,3.74200,1.73600,10
2609,3.97121,1.48600,2.66500,1.70000,10
2610,5.86745,1.98000,5.54600,1.66100,10
2611,2.90530,1.83500,2.71000,1.67100,10
2612,3.35511,1.68600,3.05200,1.70700,10
2613,4.19335,1.52600,3.86700,1.69500,10
2614,4.70281,1.31200,4.69800,1.85100,10
2615,2.93439,1.65700,2.46900,1.85100,10
2616,4.48501,1.34900,3.85800,1.68300,10
2617,5.22295,1.33900,4.67000,1.73800,10
2618,4.18432,1.87700,4.30900,1.86100,10
2619,4.01974,1.98200,4.03200,1.70500,10
2620,4.08711,2.48100,3.78600,1.70000,10
2621,4.21100,2.65400,4.21400,1.86400,10
2622,2.47801,1.41700,2.69700,1.89500,10
2623,6.16209,2.02900,5.32000,1.69000,10
2624,4.46340,1.50500,3.99500,1.68600,10
2625,5.57224,2.02000,4.44200,1.69500,10
2626,3.95531,2.20200,3.92000,1.72300,10
2627,3.41997,1.22900,2.19100,1.72300,10
2628,6.64339,1.23200,5.87900,1.70400,10
2629,2.90045,1.48200,2.64700,1.70400,10
2630,7.73215,1.44600,5.87400,1.64300,10
2631,4.17977,1.72700,4.30100,1.68500,10
2632,3.23450,1.74100,3.22900,1.69600,10
2633,2.62725,2.14500,2.64600,1.89200,10
2634,4.27949,1.06900,4.30100,1.70100,10
2635,4.55013,1.14200,3.98400,1.72600,10
2636,6.23074,1.15000,6.10200,1.72900,10
2637,5.06286,2.20500,4.75400,1.71800,10
2638,6.28580,4.18300,5.97700,1.79000,10
2639,4.85103,3.25100,4.74100,1.70200,10
2640,4.30878,2.44900,4.36700,1.73100,10
2641,4.17758,1.48100,3.64600,1.74200,10
2642,3.18641,2.63200,3.17000,1.71300,10
2643,4.88611,1.97300,4.24100,1.84800,10
2644,3.71550,1.63500,3.65200,1.89900,10
2645,5.06068,2.35100,4.96900,1.67600,10
2646,4.56314,2.78800,3.65800,1.67600,10
2647,5.13756,2.44000,5.34100,1.87200,10
2648,3.86074,1.85600,3.79900,1.68800,10
2649,3.94155,2.29400,3.76300,1.72600,10
2650,4.82616,1.72700,3.09100,1.85900,10
2651,3.98721,2.07400,4.05300,1.68500,10
2652,3.49050,2.04600,3.44200,1.71400,10
2653,4.17194,1.80500,4.00600,1.70300,10
2654,4.16635,2.28900,4.33000,1.70000,10
2655,4.18222,3.37900,4.16500,1.68700,10
2656,3.88901,1.37600,3.85300,1.70800,10
2657,3.58030,2.00200,3.27600,1.69700,10
2658,5.11803,1.88800,4.75400,1.69700,10
2659,7.54822,2.88000,6.46000,1.73900,10
2660,6.93596,4.39700,6.47300,1.68600,10
2661,6.80844,4.56700,6.26600,1.73000,10
2662,5.83942,2.95200,5.97600,1.67900,10
2663,5.24839,2.13900,5.29800,1.78600,10
2664,4.32882,2.23300,3.45900,1.78600,10
2665,5.00800,1.64200,4.22500,1.75600,10
2666,4.13089,1.97000,3.97500,1.70600,10
2667,4.41985,3.24500,4.51500,1.68200,10
2668,3.35344,1.47800,3.08600,1.69100,10
2669,4.58186,4.11100,2.99900,1.65300,10
2670,5.24059,5.68800,4.05900,1.73200,10
2671,4.53981,4.33300,5.60800,1.73200,10
2672,5.86008,2.44500,5.67600,1.90500,10
2673,4.23918,2.17700,4.17400,1.77200,10
2674,5.94251,3.49000,4.43400,1.67000,10
2675,2.55813,1.79100,2.18200,1.67000,10
2676,4.85053,1.39200,4.20000,1.69500,10
2677,5.63955,2.05100,5.20300,1.74200,10
2678,4.83688,2.46600,3.83400,1.85800,10
2679,3.33977,3.02300,3.11100,1.85800,10
2680,8.53385,2.16700,7.51900,1.75700,10
2681,3.89113,2.61700,3.76600,1.78700,10
2682,5.53180,2.68400,4.12600,1.88300,10
2683,6.98045,2.01100,5.37900,1.70100,10
2684,3.23809,2.37100,3.25600,1.88100,10
2685,9.78116,1.40400,9.15600,1.89200,10
2686,4.46623,2.19100,4.41200,1.73500,10
2687,7.37110,2.63200,7.33800,1.70300,10
2688,4.96216,1.98300,5.00500,1.95600,10
2689,5.30016,3.65400,5.23000,1.80100,10
2690,3.50573,2.18700,3.51000,1.81300,10
2691,3.71453,2.31000,3.63300,1.89600,10
2692,5.12057,1.91600,4.16500,1.66200,10
2693,2.67552,1.27500,3.58800,1.73800,10
2694,3.40138,2.73900,3.43600,1.72400,10
2695,3.82579,1.66700,3.83100,1.72400,10
2696,4.54547,1.71700,4.43300,1.67500,10
2697,5.34415,1.64500,2.87600,1.67500,10
2698,5.56657,2.52000,7.55700,1.64700,10
2699,8.20718,2.64900,7.15900,1.71900,10
2700,5.78981,3.08900,5.89400,1.71300,10
2701,5.47047,2.38100,4.25500,1.71300,10
2702,6.15808,1.76400,5.81400,1.70800,10
2703,5.72331,3.59800,5.35900,1.68900,10
2704,2.67980,2.60700,1.92100,1.68900,10
2705,5.34387,1.74300,4.63200,1.71500,10
2706,2.21761,2.69200,2.54900,1.71500,10
2707,5.42498,2.42100,4.80900,1.69200,10
2708,2.41666,1.23300,2.81500,1.71500,10
2709,3.85606,2.73400,3.35400,1.90500,10
2710,3.66394,2.62700,3.67800,1.70800,10
2711,8.00465,4.23400,7.85400,1.70800,10
2712,6.79772,2.21700,5.92700,1.69100,10
2713,3.27211,4.19200,3.33500,1.73600,10
2714,5.52164,5.04900,4.34600,1.73600,10
2715,6.64346,2.03200,7.57500,1.87600,10
2716,6.94636,3.06900,4.68500,1.69700,10
2717,4.84508,3.09100,4.93400,1.84500,10
2718,7.50858,4.09800,6.09900,1.89100,10
2719,4.44815,3.50300,5.27100,1.74400,10
2720,6.98234,2.11000,6.17300,1.69300,10
2721,8.16573,1.96300,8.09400,1.68400,10
2722,7.84886,3.23200,7.72700,1.69900,10
2723,5.27603,3.73000,5.14200,2.09500,10
2724,3.93957,3.27500,4.18800,1.70400,10
2725,7.92964,2.02500,7.91300,1.68800,10
2726,2.92448,1.95000,2.92900,1.93900,10
2727,3.89280,2.76200,3.86900,1.69400,10
2728,3.67410,1.57700,3.56600,1.67100,10
2729,5.08257,4.62700,5.13300,1.66000,10
2730,5.52766,1.91400,5.52900,1.90000,10
2731,2.72903,1.61700,2.73900,1.90000,10
2732,4.73942,1.14300,4.54600,1.68700,10
2733,3.93217,1.16800,3.91900,1.67300,10
2734,4.54404,1.89600,4.31500,1.67900,10
2735,4.83304,2.32100,4.23500,1.69500,10
2736,3.97762,2.23500,3.98300,1.84700,10
2737,5.75494,1.60700,4.24800,1.86300,10
2738,3.78618,1.59000,3.61300,1.68700,10
2739,5.24277,3.54300,4.29400,1.68200,10
2740,3.21550,2.29500,2.90600,1.69500,10
2741,3.50546,1.41000,3.37900,1.72400,10
2742,4.10903,2.28500,3.63300,1.67600,10
2743,2.28915,2.06300,2.49800,1.71600,10
2744,5.42424,1.99700,4.41700,1.69000,10
2745,2.92857,1.31400,2.79900,1.69000,10
2746,6.89497,1.03000,4.83500,1.69400,10
2747,6.56429,1.50500,7.60900,1.68800,10
2748,7.01104,2.98700,5.41400,1.69200,10
2749,3.67298,2.88000,3.98300,1.69600,10
2750,5.05186,3.33900,5.31200,1.69800,10
2751,7.65684,2.45700,7.60400,1.68800,10
2752,4.04707,2.12000,3.97900,1.68800,10
2753,4.51318,2.23800,4.49000,1.66300,10
2754,3.93078,2.40900,3.75400,1.72400,10
2755,3.74745,2.16200,3.93900,1.68200,10
2756,3.97257,2.45800,3.98200,1.69300,10
2757,5.18992,2.81100,4.73300,1.64800,10
2758,5.76595,1.50300,5.26700,1.82600,10
2759,4.49655,4.29500,3.52100,1.87300,10
2760,2.95209,1.66100,3.27000,1.71500,10
2761,4.13199,3.37600,3.92200,1.71000,10
2762,9.29740,1.51800,8.72600,1.70300,10
2763,10.74160,7.53500,9.40800,1.90200,10
2764,11.48147,9.11100,11.06900,1.71600,10
2765,3.64930,3.44800,4.02100,1.73100,10
2766,7.18033,2.89800,6.97500,1.72700,10
2767,2.82944,4.51300,2.78300,1.70600,10
2768,3.66468,1.80300,3.55400,1.70600,10
2769,3.76825,1.97500,3.34400,1.71400,10
2770,2.30374,1.42100,2.19200,1.71400,10
2771,2.10858,1.21100,1.77700,1.70100,10
2772,2.09027,1.06700,1.99500,1.66400,10
2773,4.57370,1.78600,4.52500,1.72900,10
2774,5.88796,3.31400,3.93000,1.69100,10
2775,4.22116,4.26300,4.47900,1.89200,10
2776,2.56681,1.69800,2.68600,1.67000,10
2777,2.04871,1.35200,2.03500,1.65700,10
2778,2.59718,1.19200,2.23800,1.65000,10
2779,4.46578,1.26700,3.15200,1.65000,10
2780,6.71227,2.76300,5.41000,1.74800,10
2781,9.77356,2.15900,7.80500,1.68300,10
2782,9.72382,3.95400,9.74800,1.68300,10
2783,7.87517,7.36300,7.47700,1.75400,10
2784,5.68289,3.11400,5.16000,1.90700,10
2785,7.16449,1.88000,6.71000,1.68800,10
2786,5.33665,2.52900,5.03100,1.69600,10
2787,3.44126,3.53100,3.76100,1.89900,10
2788,6.04882,2.19800,6.11500,1.68800,10
2789,5.67317,2.19600,3.80600,1.68800,10
2790,5.03913,1.95600,5.06100,1.69000,10
2791,4.54535,2.68200,3.48600,1.69400,10
2792,5.85313,2.73400,4.81200,1.67900,10
2793,5.53583,3.14400,5.54600,1.68700,10
2794,4.62679,2.30500,4.86900,1.70400,10
2795,7.76251,2.08900,5.77500,1.70300,10
2796,4.70429,5.53900,4.75500,1.70300,10
2797,9.61588,1.94700,7.59000,1.70700,10
2798,18.03437,6.61100,18.57800,1.72600,10
2799,6.66880,7.56800,7.36500,1.75000,10
2800,9.12062,4.10900,8.76500,1.71500,10
2801,4.50602,3.69100,4.56900,1.70100,10
2802,4.02840,2.98800,4.04100,1.69000,10
2803,2.20479,1.53600,2.19300,1.71900,10
2804,4.33903,2.06600,4.05300,1.70800,10
2805,5.62784,2.95500,5.79700,1.70800,10
2806,5.83231,2.19700,5.91300,1.69600,10
2807,2.82837,1.71200,2.61400,1.73300,10
2808,2.02083,1.66800,1.90500,1.73300,10
2809,2.52720,1.18700,2.22800,1.66300,10
2810,6.21716,3.34000,5.39300,1.72300,10
2811,3.04271,1.46500,3.61500,1.68700,10
2812,4.06848,2.69800,4.01400,1.68700,10
2813,5.51422,2.15100,5.27500,1.72500,10
2814,3.39757,2.60000,3.05700,1.72500,10
2815,10.81631,3.53600,9.26800,1.77600,10
2816,6.07155,4.15100,4.57900,1.68600,10
2817,3.72502,2.81900,5.58200,1.70500,10
2818,5.68431,2.55900,3.40700,1.68700,10
2819,5.95356,5.20800,3.40700,1.70100,10
2820,5.85018,2.90400,6.58200,1.83700,10
2821,5.65864,4.14300,5.61300,1.69000,10
2822,2.85183,1.85700,2.86700,1.71700,10
2823,6.39326,3.20000,4.69700,1.70100,10
2824,4.48673,2.43800,4.47500,1.71600,10
2825,3.39229,2.06400,3.80600,1.81800,10
2826,6.32134,1.84300,5.12700,1.81800,10
2827,5.31473,1.99100,4.79100,1.74500,10
2828,10.07817,2.22500,8.02100,1.93300,10
2829,7.52547,3.26000,7.15100,1.93300,10
2830,5.65503,5.49100,5.47000,1.70900,10
2831,5.01511,3.21900,5.25500,1.74300,10
2832,12.77142,5.74700,12.68200,1.71400,10
2833,4.76027,6.84500,4.65900,2.01200,10
2834,15.33524,8.85600,15.30100,1.75300,10
2835,7.08502,5.10200,6.36900,1.76800,10
2836,5.67063,4.19800,6.16900,1.69500,10
2837,3.87899,2.11800,3.99600,1.72200,10
2838,2.10787,1.41700,2.12400,1.71600,10
2839,4.81583,1.14400,1.71400,1.73900,10
2840,6.43875,3.05300,8.46600,1.67800,10
2841,3.47175,1.84100,3.04300,1.69400,10
2842,1.77229,1.90000,2.14800,1.70800,10
2843,1.66678,1.31400,1.66600,1.73500,10
2844,1.59333,1.13900,1.59800,1.64600,10
2845,1.88344,1.25700,1.72200,1.67600,10
2846,2.19869,1.23700,1.87100,1.65700,10
2847,2.82358,1.28400,2.14000,1.72400,10
2848,4.96835,1.45500,4.15100,1.69100,10
2849,4.63501,1.43500,4.58200,1.69100,10
2850,6.19690,1.62700,5.13100,1.85000,10
2851,8.19285,2.69600,8.11000,1.89100,10
2852,5.47925,4.63400,5.44900,1.80000,10
2853,5.72206,4.13600,5.05500,1.74100,10
2854,5.41101,5.10100,5.02800,1.76500,10
2855,6.20060,2.52900,5.90100,1.67800,10
2856,5.37851,2.80200,5.49100,1.97800,10
2857,6.76205,3.40600,6.50900,1.67700,10
2858,6.28634,4.28700,5.46000,1.69100,10
2859,7.31077,4.88800,7.27600,1.72000,10
2860,4.99138,2.58400,5.01300,1.70100,10
2861,4.06547,1.92000,3.81300,1.70100,10
2862,5.61217,3.56500,4.84800,1.72100,10
2863,5.74355,1.92800,6.08500,1.74200,10
2864,5.88545,3.61700,5.23500,1.69500,10
2865,4.47838,2.05000,4.67400,1.72100,10
2866,5.10713,2.60900,3.99500,1.70000,10
2867,2.47146,1.60300,3.62600,1.74300,10
2868,10.00478,1.57700,8.29100,2.16300,10
2869,13.81810,4.97400,13.81200,2.16300,10
2870,6.95281,5.66600,7.73300,1.75200,10
2871,8.22757,4.92300,7.45300,1.78000,10
2872,5.19019,4.11700,4.92500,1.70300,10
2873,3.18575,2.66300,3.19800,1.68300,10
2874,2.19413,1.40200,2.17500,1.70600,10
2875,6.06398,1.10600,3.78000,1.68500,10
2876,1.57361,1.53300,2.54000,1.68500,10
2877,5.34760,1.29500,5.60700,1.88700,10
2878,4.74766,2.02100,3.06600,1.69800,10
2879,2.30571,1.63300,2.31200,1.83600,10
2880,1.97747,1.58000,1.96300,1.70900,10
2881,2.33525,1.42400,2.28300,1.69100,10
2882,3.30554,1.88400,3.23300,1.69200,10
2883,4.05221,2.47300,3.85400,1.70200,10
2884,5.24660,1.81000,5.43500,1.75800,10
2885,5.03157,2.18900,4.26500,1.70300,10
2886,4.27608,1.28200,2.73100,1.70300,10
2887,11.72645,2.41200,10.44800,1.79900,10
2888,4.74309,2.85400,6.00400,1.72000,10
2889,5.50412,2.04200,5.35400,1.80200,10
2890,4.54506,3.22400,4.75400,1.70000,10
2891,5.51074,3.27900,5.16800,1.68600,10
2892,6.04680,2.22700,5.43700,1.72500,10
2893,4.27088,2.87100,4.84600,1.89200,10
2894,3.33495,2.69600,3.01000,1.69400,10
2895,3.90012,2.29800,3.06600,1.72400,10
2896,2.77037,2.28800,3.27600,1.69200,10
2897,3.67225,1.34500,3.44100,1.71300,10
2898,4.11315,1.87900,3.43900,1.69900,10
2899,4.73357,2.06900,4.66200,1.88000,10
2900,4.58847,1.63200,4.56300,1.70600,10
2901,6.44731,2.43500,6.02000,1.68400,10
2902,6.35357,4.47600,6.43400,1.68400,10
2903,5.04841,3.18800,4.25000,1.72500,10
2904,6.31523,4.01300,6.68500,1.70600,10
2905,5.16366,3.49400,5.12800,1.70600,10
2906,4.78440,1.89900,4.50300,1.71600,10
2907,13.79245,1.47100,12.67200,1.77700,10
2908,14.44408,4.24300,12.95000,1.71200,10
2909,9.92186,5.51700,9.69400,1.83800,10
2910,5.79080,4.76400,5.28300,1.74200,10
2911,5.17302,4.10900,2.90300,1.77100,10
2912,2.45292,2.43800,2.42000,1.71400,10
2913,7.89995,3.21300,4.46100,1.72000,10
2914,4.67312,2.77100,5.02700,1.70200,10
2915,2.10041,2.29400,2.12000,1.85300,10
2916,2.74958,1.30100,2.08300,1.69100,10
2917,3.97094,2.09500,4.29400,1.86500,10
2918,5.26766,1.36800,4.03600,1.89900,10
2919,5.05513,1.90800,5.15200,1.76500,10
2920,8.55897,2.67000,7.23600,1.66900,10
2921,7.08003,2.08000,6.84300,1.90100,10
2922,10.53908,6.38100,10.54700,1.73100,10
2923,5.97101,5.34100,5.74000,1.71800,10
2924,5.43010,4.01500,5.83700,1.72700,10
2925,5.47757,2.44900,5.32800,1.74900,10
2926,7.21276,3.99000,6.94600,1.75400,10
2927,5.44909,3.19600,5.47600,1.73400,10
2928,5.44992,4.33100,4.87900,1.71700,10
2929,4.60297,2.17900,4.61700,1.67100,10
2930,4.08272,2.00200,3.59900,1.73500,10
2931,3.55730,2.73500,3.60900,1.69600,10
2932,10.06046,2.42500,7.84500,1.70600,10
2933,6.83173,3.20400,6.79600,1.92900,10
2934,7.78411,3.23100,7.71400,1.90600,10
2935,12.16930,1.87700,8.85800,1.70200,10
2936,13.53696,5.65300,11.93500,1.74300,10
2937,4.58687,3.04900,4.76000,1.83000,10
2938,6.28698,2.05100,4.36800,1.70900,10
2939,5.86130,3.46700,6.01200,1.79200,10
2940,6.02767,2.00600,5.48800,1.66800,10
2941,2.51951,1.74100,2.53800,1.72900,10
2942,5.84458,1.55900,5.72000,1.69100,10
2943,3.47803,1.65300,3.50000,1.70100,10
2944,2.78354,1.67700,2.71700,1.69200,10
2945,1.89312,1.48000,1.95800,1.69900,10
2946,2.10175,1.22600,2.10100,1.71400,10
2947,3.55023,1.07500,3.51000,1.71200,10
2948,2.90132,1.25200,2.85500,1.76600,10
2949,3.23973,1.96200,3.25900,1.67900,10
2950,3.83440,2.64000,3.16600,1.73100,10
2951,3.52490,1.65700,3.52000,1.70200,10
2952,3.82409,1.93100,3.37300,1.67800,10
2953,7.62668,2.11000,7.32300,1.72100,10
2954,6.30943,2.64700,6.31200,1.78700,10
2955,3.59724,4.34700,2.94700,1.73800,10
2956,6.15928,2.40100,6.85200,1.71100,10
2957,5.32741,1.98900,3.54100,1.73700,10
2958,3.15358,1.65500,3.30900,1.72900,10
2959,5.74469,1.38700,4.79200,1.73000,10
2960,7.45496,3.75400,7.51900,1.69500,10
2961,4.50044,3.10400,3.46700,1.73300,10
2962,2.86503,1.90300,3.29800,1.76600,10
2963,3.86081,2.25500,3.79500,1.71800,10
2964,3.95029,2.30500,4.10800,1.73300,10
2965,4.05452,2.12300,3.70700,1.71400,10
2966,2.95582,1.84000,3.16600,1.70000,10
2967,5.85164,1.38100,4.93800,1.65200,10
2968,7.31056,2.54400,7.87200,1.70800,10
2969,6.71784,4.13700,6.19100,1.67700,10
2970,4.59889,2.48100,4.69200,1.71200,10
2971,3.85121,2.24600,3.75100,1.67800,10
2972,11.95015,2.40000,10.36700,1.71600,10
2973,8.73830,3.98100,8.75900,2.07800,10
2974,6.39648,7.59000,6.21800,1.72400,10
2975,2.55400,2.64400,2.62800,1.74400,10
2976,7.43966,3.83800,6.81000,1.71400,10
2977,4.64866,4.87100,3.73000,1.71200,10
2978,2.49936,1.78000,2.63500,1.71200,10
2979,4.74941,2.87400,4.26100,1.68300,10
2980,4.12756,3.11900,3.50000,1.68200,10
2981,1.87499,1.83200,1.91200,1.65800,10
2982,2.08787,1.13700,1.89700,1.65800,10
2983,3.89795,0.90300,3.74800,1.69700,10
2984,4.98037,1.22300,4.73600,1.71100,10
2985,3.37863,3.75500,3.67900,1.68300,10
2986,3.21626,2.24100,2.98700,1.67900,10
2987,2.71266,1.93400,2.66900,1.68800,10
2988,4.77824,2.61500,4.58900,1.88900,10
2989,4.11628,1.84900,3.67600,1.73100,10
2990,4.74165,2.28300,4.47200,1.70500,10
2991,3.66683,2.47100,3.14600,1.70500,10
2992,5.50454,1.16900,4.25200,1.87600,10
2993,6.95096,2.67300,6.71100,1.73400,10
2994,8.27255,3.04500,8.25400,1.82000,10
2995,5.57778,3.87100,5.28900,1.70100,10
2996,6.04313,3.50100,5.78300,1.69000,10
2997,3.58659,3.43900,3.49200,1.71900,10
2998,5.44471,2.55500,5.28600,1.73700,10
2999,5.35121,3.35200,5.30900,1.66900,10
3000,3.88752,4.90300,4.04100,1.74900,10
3001,5.66440,1.88700,5.68100,1.71000,10
3002,4.79280,1.58900,3.96400,1.74800,10
3003,4.26530,2.32900,4.22000,1.70400,10
3004,5.75752,4.30600,4.91800,1.71100,10
3005,5.65774,3.33000,5.87400,1.66200,10
3006,5.35060,2.54800,5.00000,1.71800,10
3007,4.90519,2.55600,5.06100,1.87500,10
3008,6.57103,1.63800,6.26300,1.76000,10
3009,5.07133,4.66300,5.39500,1.69600,10
3010,4.72018,1.64000,4.68100,1.73100,10
3011,4.87649,2.40200,4.46000,1.69100,10
3012,12.43088,4.21600,10.61900,1.92300,10
3013,16.74341,8.50400,16.74700,1.74400,10
3014,7.18199,7.12200,7.37100,1.68100,10
3015,5.29610,3.71100,5.47300,1.76900,10
3016,2.38870,1.43900,2.40400,1.86700,10
3017,2.26581,1.30400,2.19000,1.68700,10
3018,2.76454,1.52500,2.79500,1.68000,10
3019,5.39162,2.09600,5.11700,1.68800,10
3020,3.96428,2.02300,3.42700,1.67600,10
3021,2.54416,1.50700,2.55500,1.86300,10
3022,2.23396,1.39300,2.21700,1.72000,10
3023,2.98560,1.81300,2.96000,1.72100,10
3024,6.62464,1.47200,3.91100,1.87200,10
3025,4.77768,3.99700,4.82200,1.70300,10
3026,7.35215,2.53700,6.95800,1.69100,10
3027,7.62212,4.79300,7.70700,1.73300,10
3028,4.46382,3.30400,4.33600,1.78800,10
3029,6.38046,1.82700,6.59400,1.70200,10
3030,5.45939,3.55800,4.43700,1.69700,10
3031,4.77673,1.74200,4.38500,1.68100,10
3032,5.25183,2.31300,5.08800,1.68100,10
3033,7.59631,2.82200,7.22300,1.71600,10
3034,5.40015,2.74600,4.98300,1.70100,10
3035,4.23726,2.19000,4.15200,1.69200,10
3036,4.46914,2.79200,3.52900,1.67900,10
3037,5.11591,1.82200,3.74400,1.67900,10
3038,7.43852,2.28600,7.23000,1.71700,10
3039,4.91326,3.36900,4.72700,1.71700,10
3040,8.45755,2.76700,7.42900,1.68700,10
3041,5.81932,5.28900,5.88600,1.73900,10
3042,11.82566,3.18400,9.70000,1.87300,10
3043,7.55494,6.11200,7.63900,1.69800,10
3044,5.19519,2.21500,3.58300,1.69200,10
3045,10.20211,4.27600,10.36000,1.73500,10
3046,4.10482,4.27000,4.20300,1.73500,10
3047,7.78840,1.41600,6.00700,1.75700,10
3048,5.26278,2.90400,5.29000,1.69300,10
3049,2.90068,1.58400,2.71000,1.71200,10
3050,2.08858,1.36900,2.10200,1.69800,10
3051,1.86975,1.10700,1.84800,1.69700,10
3052,1.85916,1.06600,1.81600,1.73800,10
3053,2.20475,1.30200,1.94300,1.73800,10
3054,5.30798,1.46700,3.77600,1.88200,10
3055,3.08718,3.00100,2.53200,1.88200,10
3056,3.35410,2.07000,4.15100,1.69700,10
3057,1.93261,1.53000,1.92600,1.70300,10
3058,1.82391,1.00000,1.82400,1.69200,10
3059,4.30712,1.36200,4.27400,1.69000,10
3060,3.74687,1.52600,3.20100,1.73900,10
3061,4.75526,1.82400,4.72200,1.69000,10
3062,8.36278,1.76500,6.49100,1.71100,10
3063,9.89442,4.21900,8.33500,2.06500,10
3064,3.05181,3.66300,3.02600,1.70900,10
3065,3.58580,1.90400,3.15100,1.71700,10
3066,8.46757,5.04700,7.80800,1.85600,10
3067,4.74719,2.45900,4.38300,1.68900,10
3068,5.83655,3.71500,6.11900,1.88100,10
3069,5.76581,3.96100,5.81000,1.90300,10
3070,4.56836,2.85800,4.47800,1.68500,10
3071,4.85153,2.31600,4.47300,1.69200,10
3072,2.81401,2.37000,2.83300,1.68800,10
3073,6.74686,1.72100,6.15800,1.70000,10
3074,5.11994,2.06900,4.31100,1.67100,10
3075,5.82242,2.04000,5.81800,1.68200,10
3076,5.22346,1.74800,5.35400,1.69000,10
3077,6.53395,2.73500,5.58800,1.69900,10
3078,3.60278,2.09400,3.25700,1.73300,10
3079,5.81979,3.13800,4.31900,2.00900,10
3080,5.34151,2.72900,4.39500,1.70000,10
3081,12.00608,3.39100,9.98300,1.71300,10
3082,7.01812,8.49500,6.62200,1.73000,10
3083,10.11352,6.33900,10.47600,1.75700,10
3084,4.89677,5.26900,4.70900,1.68500,10
3085,7.29377,3.36600,7.25200,1.71100,10
3086,5.39765,5.09500,5.19200,1.74300,10
3087,4.62955,2.75700,3.41700,1.69300,10
3088,2.18365,1.48800,2.02100,1.68800,10
3089,2.18355,1.40200,2.17100,1.66700,10
3090,4.45654,2.88300,4.36500,1.88700,10
3091,5.13652,1.38400,4.33500,1.70700,10
3092,3.61588,1.91000,3.62200,1.86600,10
3093,3.88776,2.45600,3.78500,1.72800,10
3094,1.98537,1.89400,2.05300,1.85200,10
3095,1.78387,1.32800,1.78000,1.85200,10
3096,1.79059,1.30000,1.78600,1.67000,10
3097,3.79523,1.43000,2.81600,1.74900,10
3098,3.99566,1.66600,3.60100,1.72100,10
3099,3.99796,1.97800,4.25400,1.71300,10
3100,4.31826,1.84600,4.27400,1.71600,10
3101,6.90638,1.57500,6.43600,1.76000,10
3102,9.40836,2.44300,7.80400,1.74600,10
3103,3.38482,3.80500,5.15700,1.77600,10
3104,7.00783,2.47200,6.30000,1.74100,10
3105,4.90274,4.47500,4.76200,1.86600,10
3106,5.82478,3.95800,5.86000,1.70800,10
3107,4.28700,3.18100,4.30200,1.70200,10
3108,4.20053,2.03800,4.11900,1.69400,10
3109,3.74659,2.72400,3.60000,1.71800,10
3110,3.60919,2.53600,3.12400,1.75200,10
3111,3.13734,3.55500,3.07200,1.70800,10
3112,4.20636,2.82000,3.24800,1.66300,10
3113,3.47738,1.49200,3.48100,1.88300,10
3114,3.96380,2.47200,3.29000,1.72000,10
3115,7.71139,2.52100,7.16200,1.68400,10
3116,4.96129,2.62500,4.78600,1.75300,10
3117,3.49251,2.51800,3.23300,1.75300,10
3118,6.86328,1.97200,7.17600,1.69100,10
3119,3.95272,2.03000,3.86700,1.67100,10
3120,3.65241,1.59800,3.43800,1.71400,10
3121,10.63890,2.27700,9.26200,1.71600,10
3122,5.45033,5.25500,6.10900,1.75400,10
3123,5.26620,3.32000,5.09900,1.69400,10
3124,10.40484,5.22000,8.61500,1.69400,10
3125,10.48416,6.09000,9.70300,1.78000,10
3126,6.00374,5.06400,6.05100,1.70800,10
3127,4.66623,2.09700,4.35700,1.76900,10
3128,3.67788,3.07300,3.36100,1.70800,10
3129,2.32562,1.42600,2.20200,1.66700,10
3130,1.99181,1.09900,1.95700,1.67300,10
3131,2.64427,1.06500,2.64600,1.67300,10
3132,5.44919,2.74300,4.95600,1.69500,10
3133,4.65953,2.42200,4.99900,1.66900,10
3134,4.72410,2.07300,4.68800,1.77400,10
3135,2.38850,1.39000,2.39400,1.90400,10
3136,1.98091,1.21800,1.97700,1.67700,10
3137,1.73115,1.11900,1.74400,1.67400,10
3138,2.04809,1.00100,2.03800,1.67400,10
3139,3.91344,1.13600,3.48400,1.68200,10
3140,3.85491,2.19300,3.69000,1.67900,10
3141,2.60309,2.09600,2.51900,1.68100,10
3142,2.41690,1.35600,2.54700,1.90100,10
3143,3.98851,1.27700,3.27300,1.69700,10
3144,4.76682,2.71200,3.98000,1.69700,10
3145,12.12230,1.56500,10.84300,2.08800,10
3146,6.32349,7.21700,6.47600,1.75700,10
3147,3.02831,2.20300,3.05300,1.73200,10
3148,6.54933,1.61100,6.36400,1.73400,10
3149,4.45731,2.49600,4.47300,1.68100,10
3150,7.21578,2.65700,6.84900,1.71300,10
3151,4.80097,5.06700,4.30000,1.68900,10
3152,6.68479,2.15500,6.63300,1.69300,10
3153,5.42286,1.56000,4.23500,1.69600,10
3154,7.44630,3.74700,7.02700,1.74300,10
3155,3.98561,3.80200,3.66600,1.69300,10
3156,4.33740,3.11600,4.80600,1.68400,10
3157,5.82299,4.30700,5.72300,1.69600,10
3158,4.15410,2.50300,4.27100,1.68100,10
3159,12.17410,3.81400,11.57800,1.70200,10
3160,10.03413,4.98700,8.41400,1.78300,10
3161,6.22800,9.81300,7.57400,1.77500,10
3162,2.42488,2.60700,2.82500,1.70100,10
3163,8.78393,2.65800,7.76800,1.70100,10
3164,5.50217,4.12100,4.69000,1.88500,10
3165,3.93947,1.94600,3.77800,1.68200,10
3166,2.36108,2.22500,2.50200,1.84400,10
3167,2.04478,1.63100,2.04400,1.67900,10
3168,2.11191,1.23900,2.07800,1.74400,10
3169,2.96798,1.42600,2.66800,1.88900,10
3170,6.83204,3.19000,4.99200,1.73300,10
3171,4.23000,1.85200,4.20700,1.68600,10
3172,2.04004,1.64000,2.08400,1.66700,10
3173,1.86130,1.39400,1.86900,1.87900,10
3174,5.72082,1.40700,5.47500,1.67700,10
3175,6.65635,3.85800,5.16200,1.72900,10
3176,3.17555,2.42000,3.13400,1.68900,10
3177,4.77336,2.19800,4.75900,1.66200,10
3178,6.42627,1.70400,6.00800,1.74900,10
3179,8.99996,4.46200,8.75300,1.74700,10
3180,8.64418,4.12200,8.04400,1.71000,10
3181,4.54023,4.44300,4.43200,1.73100,10
3182,6.52534,2.38700,5.31100,1.72700,10
3183,6.65360,3.10900,5.53100,1.70500,10
3184,5.94063,3.60700,6.01100,1.69100,10
3185,8.32426,2.06900,5.99200,1.70600,10
3186,7.41505,3.11900,5.64300,1.89900,10
3187,6.99604,3.30500,6.16300,1.71600,10
3188,4.04579,2.44500,4.22900,1.72500,10
3189,4.92932,4.83100,4.32900,1.70200,10
3190,5.58050,2.29100,4.93100,1.69500,10
3191,12.20314,1.90600,11.29700,1.70100,10
3192,10.20198,5.71200,6.96300,1.75100,10
3193,9.59140,8.55500,12.71500,1.78100,10
3194,7.67084,4.52400,7.47700,1.78100,10
3195,6.39264,3.45000,5.41400,1.74000,10
3196,4.53057,3.37800,4.23300,1.70500,10
3197,2.50157,1.79900,2.67700,1.69600,10
3198,2.14546,1.38900,2.13700,1.71900,10
3199,4.31489,1.15200,3.94700,1.68300,10
3200,4.72713,3.01300,4.93200,1.91800,10
3201,3.58217,2.55100,3.58000,1.72100,10
3202,1.83431,1.39700,1.88700,1.66400,10
3203,3.32493,1.36400,2.34600,1.90200,10
3204,2.97580,1.54000,3.70900,1.72800,10
3205,4.17279,2.62900,4.24500,1.72800,10
3206,7.34480,1.47900,6.52800,1.70400,10
3207,4.25620,2.17000,3.29600,1.69900,10
3208,10.53553,3.11600,9.17100,1.72600,10
3209,5.70610,3.51000,5.60800,1.75000,10
3210,4.16751,3.86500,4.44400,1.72000,10
3211,3.60451,2.78200,3.59200,1.73300,10
3212,7.83727,2.59200,7.46200,1.72300,10
3213,4.62475,2.73500,4.79800,1.67700,10
3214,3.46351,2.28000,3.44900,1.67700,10
3215,5.98892,2.50500,4.14700,1.78100,10
3216,7.45369,2.45800,7.97000,1.71000,10
3217,5.42846,2.07800,5.69300,1.73800,10
3218,6.45029,3.05400,6.24700,1.72900,10
3219,5.20080,2.23200,4.89400,1.71300,10
3220,5.54700,3.15500,5.03200,1.71300,10
3221,8.03526,2.72700,5.96200,1.85400,10
3222,6.47796,3.80200,4.13400,1.87800,10
3223,11.35257,12.10900,10.73300,1.71300,10
3224,3.40933,2.77500,3.84500,1.88700,10
3225,14.27243,8.26900,13.93400,1.73400,10
3226,4.53956,4.59400,3.96500,1.69700,10
3227,7.24886,3.23300,6.95200,1.69700,10
3228,5.47559,2.56300,4.63700,1.77600,10
3229,4.84918,1.86000,4.53200,1.68700,10
3230,3.67610,1.37100,3.80100,1.72500,10
3231,5.31487,1.55500,5.27900,1.88200,10
3232,4.32726,2.31900,4.26700,1.96800,10
3233,2.29011,1.30700,2.26200,1.67700,10
3234,2.10074,1.11000,2.10400,1.70400,10
3235,4.87100,1.05100,4.86500,1.70000,10
3236,4.16943,1.51900,3.79000,1.70800,10
3237,3.41467,2.57700,3.67300,1.85600,10
3238,4.65048,1.26600,4.64500,1.71200,10
3239,3.44542,2.06800,3.22600,1.83400,10
3240,9.46537,4.01200,8.87000,1.83200,10
3241,5.54916,4.04800,5.63000,1.83500,10
3242,5.75027,2.86300,5.45800,1.68500,10
3243,4.33477,1.52100,4.33200,1.86200,10
3244,4.13139,2.02000,3.35900,1.71300,10
3245,5.63936,3.70400,5.67700,1.69800,10
3246,4.93724,5.45800,3.90400,1.69800,10
3247,5.23025,3.34500,6.03500,1.70100,10
3248,5.74986,3.39100,5.67600,1.66000,10
3249,6.61884,1.57900,6.45200,1.69300,10
3250,5.30282,2.77600,5.22800,1.69600,10
3251,6.94583,3.16900,5.37600,1.69400,10
3252,5.37509,2.88600,5.25200,1.67900,10
3253,3.66136,2.44500,4.08300,1.69300,10
3254,6.79580,1.52700,6.28200,1.70300,10
3255,12.07979,4.32300,11.02100,1.84200,10
3256,11.30663,16.45800,11.95700,1.72600,10
3257,12.50968,1.97600,12.15100,1.79500,10
3258,3.95054,2.31200,3.88200,1.88400,10
3259,3.98649,1.65200,3.99900,1.70900,10
3260,2.40657,1.69500,2.02700,1.70900,10
3261,4.58091,1.04100,4.29000,1.69700,10
3262,4.86597,1.30100,4.94600,1.69200,10
3263,3.12603,1.68900,3.13200,1.67600,10
3264,3.58918,1.64500,3.60600,1.69500,10
3265,2.84115,1.95000,2.81800,1.68900,10
3266,2.36853,1.27400,2.37900,1.65100,10
3267,1.83611,1.14200,1.83500,1.68400,10
3268,3.36660,0.94200,2.25100,1.87400,10
3269,1.85502,1.58700,2.57400,1.70800,10
3270,4.35426,2.11500,4.26800,1.72500,10
3271,3.99459,2.74900,3.64100,1.83000,10
3272,3.68815,1.83400,4.04600,1.76700,10
3273,2.77321,1.38200,2.73400,1.70700,10
3274,4.27620,3.08700,4.30100,1.72700,10
3275,4.84528,2.04900,4.16600,1.72600,10
3276,9.85786,2.18700,9.82000,2.06700,10
3277,6.18659,4.59300,5.86800,1.73100,10
3278,4.80240,3.97400,5.01100,1.72400,10
3279,8.34592,1.74800,4.77200,1.83700,10
3280,9.50190,3.60600,10.95600,1.72800,10
3281,7.59430,3.13600,7.56300,1.66100,10
3282,4.97939,2.60300,5.15400,1.70700,10
3283,4.91770,1.67800,4.93500,1.73700,10
3284,4.78912,1.59600,4.33600,1.68700,10
3285,6.94128,3.42200,6.99600,1.70000,10
3286,6.66277,3.19400,5.85400,1.65000,10
3287,4.23764,2.42300,4.48000,1.69300,10
3288,5.44530,1.90400,4.91900,1.70400,10
3289,5.54266,2.35000,5.45800,1.73400,10
3290,8.03803,2.53200,7.62800,1.68100,10
3291,15.18788,6.87900,13.25900,1.73200,10
3292,8.02593,8.25300,8.65200,1.70300,10
3293,9.08611,3.62700,8.51400,1.91500,10
3294,5.16269,6.18700,4.72100,1.70600,10
3295,2.41817,2.82400,2.45600,1.68000,10
3296,2.21081,1.38000,2.16000,1.88200,10
3297,2.98524,1.49800,2.63100,1.69600,10
3298,2.15542,1.62300,2.54200,1.69200,10
3299,5.71174,2.43300,5.55700,1.71200,10
3300,3.59868,1.57800,3.70800,1.71400,10
3301,2.43209,1.56900,2.24600,1.71400,10
3302,2.85653,1.52600,2.61800,1.67900,10
3303,6.57337,1.56300,5.33300,1.74900,10
3304,3.64291,1.32800,3.12000,1.71700,10
3305,7.50114,2.25500,6.13900,1.71500,10
3306,10.89103,2.91000,9.69400,1.90100,10
3307,4.32919,3.93300,5.17500,1.86100,10
3308,7.48020,2.56100,6.15000,1.72100,10
3309,5.31174,1.68900,4.84200,1.72100,10
3310,7.00021,2.00900,7.30100,1.70400,10
3311,4.85664,2.81900,3.82900,1.83500,10
3312,4.57996,2.36500,3.65500,1.72100,10
3313,4.13863,1.65100,3.72800,1.89800,10
3314,4.46665,1.99400,4.50900,1.70700,10
3315,4.76484,1.91400,3.33800,1.68600,10
3316,4.22118,2.03300,4.11000,1.68800,10
3317,4.83019,2.45500,4.60000,1.71700,10
3318,6.04488,5.51400,4.42900,1.75400,10
3319,4.82444,4.00600,4.04700,1.72000,10
3320,4.90988,2.32600,3.43300,1.72200,10
3321,4.24768,1.78400,4.82400,1.69900,10
3322,5.02153,3.04200,4.95400,1.67800,10
3323,4.46456,2.58200,4.35800,1.66900,10
3324,5.22326,2.11800,4.35900,1.71400,10
3325,11.28083,2.07600,9.50800,1.73800,10
3326,5.97200,3.50000,5.31000,1.77200,10
3327,4.37700,3.23300,3.58400,1.77200,10
3328,12.76189,7.77700,11.96600,1.73300,10
3329,3.06400,6.19000,3.32400,1.73300,10
3330,8.27020,1.84200,8.28200,1.70800,10
3331,6.05025,2.75300,5.00600,1.70900,10
3332,4.15958,2.10600,4.42600,1.68100,10
3333,3.70948,1.81500,3.41600,1.71600,10
3334,3.75217,2.45100,3.73500,1.69500,10
3335,4.70597,2.31100,4.95200,1.72200,10
3336,5.78030,3.03200,5.31700,1.68000,10
3337,2.43857,2.06400,2.53900,1.73400,10
3338,2.18163,1.48600,1.97600,1.66500,10
3339,1.89391,1.47600,1.80100,1.67800,10
3340,3.68330,1.63800,3.28400,1.77700,10
3341,4.07804,2.13900,4.32900,1.68800,10
3342,8.25533,2.07900,7.90900,1.86300,10
3343,5.64505,2.63900,5.11800,1.70700,10
3344,3.73533,3.27800,3.04200,1.68300,10
3345,4.50311,2.60000,3.97500,1.68300,10
3346,11.14471,3.90600,11.38000,1.74300,10
3347,4.37158,4.20300,4.67400,1.69500,10
3348,7.16185,2.01100,4.84200,1.70200,10
3349,3.91913,2.17600,3.90000,1.74100,10
3350,5.26498,2.02600,3.93000,1.74100,10
3351,10.95288,9.33900,9.61300,1.74400,10
3352,3.99115,3.48900,4.10900,1.70700,10
3353,4.55543,1.92300,3.49400,1.71100,10
3354,7.12838,1.76500,6.21700,1.70000,10
3355,5.36127,2.70700,5.68100,1.68400,10
3356,3.34631,1.52700,3.02800,1.91300,10
3357,4.58453,1.87000,4.42700,1.69700,10
3358,4.98422,2.14700,3.77800,1.70000,10
3359,3.81372,1.33200,4.85100,1.70900,10
3360,7.29753,2.53500,5.80200,1.67900,10
3361,3.08489,2.02600,4.60700,1.67900,10
3362,5.11567,2.26600,4.36200,1.87400,10
3363,4.20741,1.49400,4.23300,1.67600,10
3364,3.97385,2.32400,3.62500,1.93400,10
3365,4.49650,2.93700,4.43100,1.72900,10
3366,7.63941,1.93500,6.08400,1.71100,10
3367,13.56717,8.26300,13.41100,1.71500,10
3368,14.19279,9.53800,13.49400,1.74100,10
3369,2.53084,6.99800,2.53000,1.74100,10
3370,8.40145,2.88100,7.81900,1.72900,10
3371,5.87541,3.12700,4.92200,1.66200,10
3372,3.96501,1.80300,2.55600,1.88900,10
3373,2.37846,1.37900,2.45200,1.87100,10
3374,2.60335,1.16300,2.32100,1.68500,10
3375,6.53406,1.71400,4.94100,1.69100,10
3376,4.74661,1.85100,4.58800,1.67200,10
3377,3.05930,1.53800,3.26300,1.86500,10
3378,2.26918,1.23600,2.25500,1.65600,10
3379,6.12624,1.24600,5.41000,1.70300,10
3380,2.25128,1.58000,2.55800,1.86300,10
3381,2.84772,1.97600,2.87400,1.67000,10
3382,2.95903,1.80600,2.52600,1.73600,10
3383,6.94784,1.69600,5.38800,1.70300,10
3384,5.60720,1.94500,3.90400,1.69900,10
3385,7.89473,3.60900,5.79900,1.87400,10
3386,6.02710,3.99400,5.48100,1.69300,10
3387,3.25323,2.10100,3.34500,1.66800,10
3388,5.79814,2.78900,5.76200,1.73700,10
3389,4.17886,3.12000,4.08000,1.66900,10
3390,5.71054,1.64200,5.73900,1.70100,10
3391,4.93275,1.67000,4.54100,2.05300,10
3392,6.15843,2.84400,6.30300,1.73100,10
3393,2.43473,2.52900,2.65000,1.70500,10
3394,3.97495,1.90700,3.60700,1.71700,10
3395,4.29711,2.16000,4.01600,1.71700,10
3396,3.67981,1.80600,3.48400,1.71600,10
3397,4.99158,1.33800,4.55800,1.69300,10
3398,3.67334,1.90500,4.00500,1.69400,10
3399,6.71371,1.78500,6.55000,1.71600,10
3400,4.28876,1.99800,3.78700,1.71700,10
3401,5.52951,2.19800,5.49300,1.69600,10
3402,4.96114,3.18900,4.81900,1.73200,10
3403,5.77698,1.81700,5.48900,1.71700,10
3404,4.71172,2.77500,4.81400,1.69400,10
3405,6.99860,2.21500,6.48700,1.70900,10
3406,10.42653,8.79700,10.37700,1.80800,10
3407,12.21403,4.62600,10.22900,1.70800,10
3408,3.99504,7.46900,4.95100,1.76300,10
3409,5.29638,2.08900,4.97400,1.70100,10
3410,4.06986,3.38700,4.57800,1.73400,10
3411,3.93332,1.65300,3.55700,1.67300,10
3412,3.52890,1.63700,3.74600,1.88700,10
3413,3.18586,2.03200,3.21300,1.70700,10
3414,2.80418,1.55100,2.40900,1.67700,10
3415,3.21303,1.40100,1.94500,1.71000,10
3416,1.11725,1.16700,2.09400,1.71000,10
3417,2.52032,0.99500,2.05100,1.65800,10
3418,5.31947,1.84200,5.09400,1.68800,10
3419,5.26100,1.51200,5.27400,1.71000,10
3420,2.08462,1.34600,2.07900,1.69300,10
3421,2.11423,1.15300,2.13100,1.72100,10
3422,1.98235,1.01400,1.97600,1.67600,10
3423,3.27023,0.91500,2.91300,1.87600,10
3424,3.51822,1.75500,3.79500,1.71200,10
3425,4.82135,1.99900,4.44800,1.91500,10
3426,4.50257,1.82900,4.29800,1.73400,10
3427,6.97306,1.85700,4.68100,1.70800,10
3428,6.66749,4.17800,4.55300,1.87300,10
3429,7.54662,5.53100,9.38900,1.69700,10
3430,4.92187,3.43500,4.97600,1.74300,10
3431,5.68981,1.74100,5.66500,1.71000,10
3432,6.47421,1.84000,6.47300,1.71600,10
3433,4.97747,4.62800,4.62200,1.67600,10
3434,7.03645,2.75500,6.43700,1.75000,10
3435,5.47614,2.43500,4.36000,1.86400,10
3436,3.73899,2.90200,4.76100,1.70000,10
3437,4.67628,1.80400,4.36600,1.70100,10
3438,6.30575,1.26400,6.66800,1.72000,10
3439,3.99369,2.13600,3.94000,1.74000,10
3440,5.80273,1.13200,4.58000,1.69100,10
3441,4.97009,3.52000,5.05600,1.69500,10
3442,3.89620,1.80400,4.14600,1.69500,10
3443,6.41440,1.96100,4.19400,1.71000,10
3444,5.50435,1.48300,7.23700,1.73600,10
3445,5.49805,2.29700,5.37000,1.71500,10
3446,3.99553,2.31400,3.77800,1.70400,10
3447,4.71784,1.67900,4.66200,1.71400,10
3448,13.80803,5.67900,12.66200,1.76300,10
3449,11.81176,10.98700,12.22000,1.83400,10
3450,9.14643,7.52900,7.62400,1.71500,10
3451,4.54404,2.41300,4.55100,1.86100,10
3452,4.65141,2.95800,4.47400,1.71500,10
3453,2.95298,2.01900,3.09300,1.66700,10
3454,1.90416,1.48700,1.91400,1.67600,10
3455,1.76544,1.20000,1.79000,1.68000,10
3456,2.68778,1.02700,2.64700,1.72100,10
3457,2.95810,2.21800,2.86900,1.67200,10
3458,5.72168,1.52700,4.78100,2.02000,10
3459,4.59012,1.98100,4.42600,1.70300,10
3460,2.34897,1.48300,2.16200,1.68300,10
3461,2.64144,1.11100,2.32600,1.85100,10
3462,3.22220,1.93500,3.50000,1.85100,10
3463,5.99291,1.54000,5.01300,1.69900,10
3464,4.53396,1.63000,4.70100,1.68200,10
3465,4.25051,1.67600,4.17600,1.68700,10
3466,5.80151,2.00200,5.58300,1.71200,10
3467,6.38970,4.01400,6.24000,1.74200,10
3468,5.80528,4.44300,6.13400,1.86300,10
3469,7.06955,3.79600,6.71400,1.71600,10
3470,5.85569,2.56100,5.54500,1.71300,10
3471,3.41520,2.62800,3.96600,1.69600,10
3472,8.76507,4.00200,7.93500,1.69800,10
3473,5.09832,3.22000,5.57600,1.73800,10
3474,3.73661,3.36500,4.06800,1.65600,10
3475,6.45394,3.30800,6.09600,1.69100,10
3476,4.52863,2.62800,4.16200,1.71800,10
3477,6.14678,3.88600,5.18000,1.71800,10
3478,5.12193,1.60200,5.55000,1.66800,10
3479,7.15563,2.97100,6.19600,1.76000,10
3480,5.38516,4.07200,5.01600,1.71300,10
3481,6.45884,2.37500,6.62400,1.68600,10
3482,4.66927,2.23900,3.56600,1.72000,10
3483,13.84183,2.23100,11.35400,1.69400,10
3484,5.28304,2.28800,5.51300,1.75200,10
3485,11.80499,2.71100,10.56200,1.71200,10
3486,7.16100,9.92700,8.08500,1.73600,10
3487,7.65567,2.66200,7.57800,1.89100,10
3488,6.35891,4.18400,5.81200,1.67900,10
3489,4.23934,2.43700,4.64400,1.68900,10
3490,2.55838,2.45000,2.70400,1.71200,10
3491,2.94097,1.51200,2.59900,1.74300,10
3492,7.26712,1.24000,4.92800,1.70100,10
3493,5.73755,3.04600,6.98400,1.70400,10
3494,3.59572,3.37200,3.68900,1.70600,10
3495,2.08327,1.42900,2.08000,1.73700,10
3496,3.35068,1.49400,2.53200,1.85600,10
3497,4.64033,1.45600,4.28300,1.69300,10
3498,3.57596,2.68600,3.68400,1.94600,10
3499,4.38745,3.62700,3.80200,1.74700,10
3500,4.44055,2.22400,4.53100,1.69800,10
3501,8.07963,2.34300,6.20700,1.70100,10
3502,8.39861,5.73100,9.04300,1.70000,10
3503,4.39059,4.35300,4.44600,1.70400,10
3504,6.74195,3.80100,6.07400,1.72200,10
3505,3.18798,2.00400,3.87400,1.69600,10
3506,4.80067,2.52900,3.98400,1.69600,10
3507,8.21289,4.39500,8.73500,1.68700,10
3508,7.27275,5.50000,7.48700,1.76500,10
3509,5.11804,3.55000,4.58500,1.75300,10
3510,4.79479,1.81000,4.71400,1.71700,10
3511,4.58553,2.03100,4.51400,1.68900,10
3512,5.96663,1.93800,5.59100,1.74800,10
3513,5.23524,2.57000,4.90500,1.73100,10
3514,5.22452,3.17600,5.45300,1.68900,10
3515,4.69785,4.46700,4.56600,1.69700,10
3516,4.30241,2.22100,4.10700,1.89100,10
3517,4.58545,2.25400,3.86300,1.71100,10
3518,3.98714,2.23300,3.15900,1.71100,10
3519,8.74409,1.46100,8.75300,1.69600,10
3520,9.35384,6.91500,9.49400,1.85100,10
3521,5.73795,4.45500,4.08400,1.73700,10
3522,13.35622,7.56500,14.65600,1.73000,10
3523,4.77447,4.06700,4.54300,1.88300,10
3524,6.10354,2.63100,6.30900,1.73000,10
3525,2.81652,2.71500,2.74700,1.69500,10
3526,5.49694,3.59500,5.26100,1.89400,10
3527,5.16912,3.34300,4.91100,1.89400,10
3528,3.58873,2.28400,3.32600,1.67600,10
3529,3.17906,1.26100,2.95300,1.67600,10
3530,6.77693,1.29400,4.97400,1.75700,10
3531,4.76053,3.47300,4.86200,1.75400,10
3532,3.34436,1.83700,3.36300,1.70400,10
3533,2.46850,1.91700,2.49600,1.70400,10
3534,2.41092,1.28400,2.39200,1.71500,10
3535,2.71478,1.11600,2.43200,1.88700,10
3536,5.31765,1.65100,5.01900,1.67400,10
3537,6.35807,3.86200,4.46800,1.72400,10
3538,6.21764,2.60700,6.21800,1.65900,10
3539,5.63710,1.38100,5.61500,1.72800,10
3540,3.65235,1.74900,3.43900,1.76500,10
3541,9.75016,3.06500,6.77800,1.74000,10
3542,8.75982,4.90900,7.43000,1.71700,10
3543,6.79688,3.17600,6.82000,1.69500,10
3544,4.53506,2.06400,4.05400,1.71900,10
3545,8.14855,3.79600,7.69900,1.72100,10
3546,7.03207,4.70300,6.44700,1.72500,10
3547,9.08669,3.93700,8.79800,1.67000,10
3548,7.01159,3.23400,7.06200,1.90300,10
3549,4.70827,2.24100,4.51400,1.67000,10
3550,6.72016,1.50700,6.53700,1.70700,10
3551,7.03732,3.00700,7.30200,1.71400,10
3552,5.69327,4.71400,5.00600,1.71600,10
3553,6.03814,3.60000,5.11000,1.89200,10
3554,4.79154,2.31200,5.43000,1.73200,10
3555,15.34217,4.36600,14.34400,1.67800,10
3556,12.27023,4.02500,12.27700,1.74600,10
3557,8.06772,5.18500,7.87300,1.77500,10
3558,8.56481,5.96100,8.39900,1.69900,10
3559,4.93773,2.70900,5.05700,1.72200,10
3560,5.27510,2.75500,5.13700,1.70700,10
3561,2.05672,1.70800,2.24000,1.72600,10
3562,2.02519,1.05100,1.99700,1.69500,10
3563,3.35756,1.26100,2.71000,1.91100,10
3564,3.88148,1.90200,4.35200,1.73200,10
3565,5.04974,2.35500,4.26100,1.68400,10
3566,2.02022,1.59000,2.02700,1.72900,10
3567,2.17293,1.60500,2.09000,1.68700,10
3568,2.06068,1.53800,2.15300,1.69900,10
3569,7.15006,1.07900,6.61400,1.69700,10
3570,3.93657,2.64100,4.41500,1.72100,10
3571,4.03688,1.88900,3.60700,1.69600,10
3572,5.30046,1.44700,3.28300,1.83100,10
3573,7.26789,2.47300,6.39300,1.81900,10
3574,6.20648,3.60600,5.29800,1.75300,10
3575,4.95119,6.15300,4.22000,1.70300,10
3576,5.27243,3.17600,5.55700,1.70800,10
3577,4.26784,2.15300,4.42900,1.68000,10
3578,4.44337,2.37000,4.44900,1.69200,10
3579,6.57178,4.34300,6.52400,1.69800,10
3580,7.17237,2.56100,5.47100,1.71200,10
3581,4.87862,2.23300,3.97400,1.69500,10
3582,4.49284,1.66400,3.82300,1.70800,10
3583,5.71719,2.00900,5.54400,1.71200,10
3584,3.68551,1.49900,3.59900,1.82800,10
3585,5.27186,2.00400,5.22100,1.69300,10
3586,8.41496,1.80300,7.93300,1.68800,10
3587,6.16847,3.48900,4.85600,1.73300,10
3588,9.00358,2.65000,8.55900,1.68800,10
3589,6.13975,1.84200,6.07000,1.90300,10
3590,10.85046,8.72100,10.95700,1.74500,10
3591,5.70968,3.42600,5.30500,1.69400,10
3592,10.82328,7.74400,8.72000,1.78400,10
3593,3.22065,4.05700,3.04800,1.68200,10
3594,2.61870,3.41600,2.29500,1.68000,10
3595,6.48688,3.64900,6.45200,1.72500,10
3596,5.26110,3.34300,5.24200,1.74000,10
3597,4.17208,2.93000,4.39300,1.71400,10
3598,3.47422,1.97100,3.10800,1.68500,10
3599,2.70158,1.49300,2.71500,1.69000,10
3600,4.48970,1.30500,4.33300,1.70100,10
3601,5.75336,1.37400,3.79800,1.73400,10
3602,2.82204,1.92300,3.15000,1.68700,10
3603,4.36224,1.71000,4.12600,1.70000,10
3604,2.34110,1.54300,2.15800,1.69200,10
3605,2.74894,1.11800,2.70600,1.70100,10
3606,3.86404,1.80100,3.16500,1.71600,10
3607,4.68576,1.85900,2.83700,1.69700,10
3608,8.17337,4.32400,6.93200,1.72500,10
3609,7.13980,4.24500,6.68800,1.85500,10
3610,7.18741,3.31700,6.91600,1.83800,10
3611,4.32332,3.99000,4.18700,1.89500,10
3612,6.69881,3.04700,4.67800,1.75700,10
3613,6.62937,3.04000,7.14700,1.71000,10
3614,4.91683,3.04600,4.50400,1.66400,10
3615,5.37010,3.60400,4.42800,1.65400,10
3616,5.16654,2.27300,4.63200,1.67700,10
3617,4.46488,1.82100,3.77600,1.89400,10
3618,7.10228,1.83900,6.74100,1.67400,10
3619,6.96566,4.10200,5.56000,1.67800,10
3620,5.65921,5.26100,4.52800,1.90700,10
3621,6.32032,3.08700,5.20000,1.71100,10
3622,5.92099,5.53100,5.91700,1.75200,10
3623,6.84852,4.48700,6.51900,1.67700,10
3624,12.98768,7.75500,12.84300,1.75700,10
3625,8.21844,9.48300,8.72200,1.72700,10
3626,6.36066,3.67200,5.46400,1.72700,10
3627,8.78206,4.24600,8.22500,1.67300,10
3628,3.22727,2.44800,4.51700,1.67300,10
3629,2.95144,1.83100,2.95400,1.86900,10
3630,2.20700,1.20000,2.17500,1.67100,10
3631,2.81467,1.58500,2.57200,1.70200,10
3632,6.78312,1.45900,6.02200,1.68600,10
3633,4.57308,1.92200,4.73200,1.68600,10
3634,3.38153,2.42800,2.40400,1.69400,10
3635,1.98566,1.50700,2.01000,1.71200,10
3636,1.83737,1.10900,1.82600,1.70000,10
3637,2.47554,0.99200,2.16800,1.70000,10
3638,4.38454,1.45800,4.64900,1.73500,10
3639,4.78475,1.27700,4.44700,1.89300,10
3640,5.17294,2.55300,4.71900,1.77500,10
3641,4.28812,2.85500,4.12500,1.67900,10
3642,5.91918,3.98500,5.95600,2.02500,10
3643,8.26951,4.69600,7.97000,1.71900,10
3644,5.85586,2.86000,5.32100,1.72500,10
3645,3.04650,1.81200,3.10200,1.88800,10
3646,3.07717,1.97900,3.07100,1.71900,10
3647,6.57707,1.74200,6.42400,1.71400,10
3648,4.92919,3.18500,4.94300,1.69300,10
3649,4.17503,3.26400,4.19400,1.92200,10
3650,3.17436,1.95700,2.97600,1.73400,10
3651,5.39646,1.51400,5.60200,1.69000,10
3652,4.78785,2.09800,4.80100,1.69900,10
3653,3.97437,2.25600,3.99300,1.69100,10
3654,3.09614,1.72600,2.37500,1.74100,10
3655,3.78869,2.25400,3.16700,1.85700,10
3656,4.34754,2.37200,4.92000,1.67300,10
3657,4.49705,3.36000,3.77400,1.68100,10
3658,4.09400,3.12700,4.47900,1.71300,10
3659,5.40602,2.30200,4.88100,1.72900,10
3660,4.12636,3.35500,4.53300,1.71400,10
3661,4.89175,2.62800,3.63600,1.71400,10
3662,6.57369,2.44300,4.99100,1.90900,10
3663,13.56283,2.21200,14.59800,1.78600,10
3664,12.80442,5.11400,12.60100,1.68500,10
3665,5.46300,4.94300,5.78300,1.76200,10
3666,6.74981,3.56600,6.59800,1.72200,10
3667,5.96809,3.08400,6.02700,1.73700,10
3668,4.36399,3.00600,4.29900,1.67700,10
3669,2.60218,1.81300,2.40900,1.66500,10
3670,2.73472,1.45200,2.64600,1.70300,10
3671,1.80601,1.35800,2.19000,1.86000,10
3672,5.25979,1.41900,4.78500,1.67400,10
3673,5.47686,3.90100,5.06300,1.85600,10
3674,2.73128,2.38500,2.46400,1.85600,10
3675,2.36945,1.51200,2.17700,1.73300,10
3676,2.61772,1.24200,2.22700,1.70100,10
3677,3.56808,1.76900,3.72000,1.68600,10
3678,11.51972,1.62700,4.40900,1.68600,10
3679,11.95325,2.12100,14.14500,1.84200,10
3680,8.52132,4.56500,9.26000,1.71700,10
3681,5.78335,3.52700,4.30400,1.71700,10
3682,10.30692,4.74700,11.51300,1.88600,10
3683,6.20686,3.72500,6.06900,1.78600,10
3684,4.33203,2.66600,4.25600,1.70400,10
3685,3.92531,2.84300,3.83300,1.70500,10
3686,6.41619,2.81200,6.36700,1.77800,10
3687,7.00279,1.69100,6.16800,1.68400,10
3688,4.49690,4.23900,5.37500,1.87800,10
3689,3.64343,2.46400,3.54100,1.71800,10
3690,6.27778,2.36800,4.87900,1.66900,10
3691,3.46676,1.63600,3.47900,1.66900,10
3692,3.58731,1.46000,3.35600,1.71500,10
3693,3.54578,1.40400,3.55000,1.71900,10
3694,7.33608,1.89400,6.77100,1.71200,10
3695,6.71691,5.56300,6.88400,1.71200,10
3696,14.78606,4.57400,14.56400,1.97000,10
3697,7.48996,6.85400,7.41700,1.70100,10
3698,4.16251,4.56500,3.68200,1.71100,10
3699,3.33702,3.19200,3.39800,1.87600,10
3700,3.38580,2.31400,3.31900,1.68600,10
3701,1.95107,1.81300,1.93900,1.75900,10
3702,3.31320,1.20800,2.07500,1.68300,10
3703,2.71711,1.39800,3.71300,1.69300,10
3704,3.95204,2.66800,3.89100,1.71900,10
3705,3.62100,2.18200,3.66300,1.70600,10
3706,2.53433,1.48300,2.59900,1.68200,10
3707,2.38668,1.65800,2.34300,1.70300,10
3708,2.11445,1.77000,2.12500,1.70900,10
3709,3.18068,1.23500,3.12500,1.70100,10
3710,3.39542,1.53200,3.44200,1.70700,10
3711,3.21533,1.22700,3.20100,1.70500,10
3712,3.50432,1.09100,2.75600,1.70100,10
3713,2.59987,2.19100,3.13100,1.67700,10
3714,3.15078,1.57800,3.10700,1.72400,10
3715,3.39672,1.59100,2.74500,1.89400,10
3716,7.79170,1.24500,7.56700,1.69100,10
3717,7.80853,3.36200,7.36100,1.69200,10
3718,6.57416,3.65300,6.88600,1.77200,10
3719,5.47679,3.62900,5.70100,1.71900,10
3720,7.51737,3.56300,7.01100,1.67200,10
3721,6.05741,3.29800,6.11000,1.76500,10
3722,4.83571,3.82700,4.24600,1.70200,10
3723,3.14441,3.68200,3.74400,1.73100,10
3724,5.83795,2.07800,3.32900,1.73100,10
3725,5.84304,1.58900,4.76400,1.68800,10
3726,3.26357,2.68900,3.27300,1.69100,10
3727,6.38860,1.38600,6.24200,1.68500,10
3728,5.18477,3.60900,3.37800,1.71300,10
3729,4.00618,2.92200,4.05100,1.68900,10
3730,5.88056,3.00800,5.90700,1.67500,10
3731,3.85392,2.39600,3.87800,1.74200,10
3732,3.87852,2.39100,2.57700,1.74200,10
3733,7.13926,1.36400,7.31900,1.67200,10
3734,11.67136,3.54800,12.22700,2.01500,10
3735,12.14962,4.92700,11.78600,1.68800,10
3736,5.08896,5.82100,5.38600,1.75400,10
3737,8.04013,1.85300,5.80700,1.72400,10
3738,5.61367,3.90500,5.26600,1.71200,10
3739,2.74612,2.49700,3.00700,1.67400,10
3740,2.18293,2.16000,2.20300,1.70400,10
3741,6.14047,1.44900,5.93700,1.70400,10
3742,6.45460,3.71000,6.03100,1.70800,10
3743,3.10206,4.42500,3.63500,1.76700,10
3744,2.02128,1.33900,2.03600,1.72100,10
3745,1.86374,1.18900,1.81000,1.86800,10
3746,2.26300,1.61600,2.16400,1.67700,10
3747,2.98460,2.14200,3.03800,1.79400,10
3748,3.04669,2.59700,3.09100,1.70500,10
3749,3.53080,1.67700,3.18700,1.71400,10
3750,3.53622,1.58300,3.04900,1.69300,10
3751,5.07980,1.83100,4.14400,1.67900,10
3752,5.68923,1.82900,4.80100,1.70400,10
3753,3.98120,2.23000,3.83600,1.85900,10
3754,7.13702,1.76200,6.93800,1.92100,10
3755,8.05855,4.56300,7.46600,1.71200,10
3756,4.18654,3.21300,3.47000,1.65600,10
3757,3.95136,1.89100,4.33800,1.72400,10
3758,4.00826,3.01800,4.07800,1.78600,10
3759,4.67631,2.04300,3.72400,1.78600,10
3760,8.55076,1.83300,8.15100,1.91800,10
3761,5.80725,4.36800,5.39300,1.72100,10
3762,5.21482,4.87900,5.27800,1.77000,10
3763,4.91070,2.56500,4.94100,1.65000,10
3764,4.85483,2.26700,4.52500,1.83100,10
3765,4.48515,3.09200,4.47000,1.83500,10
3766,5.55306,2.40800,5.06600,1.69600,10
3767,5.82584,3.82900,6.16200,1.76200,10
3768,9.52032,4.18000,8.35900,1.70100,10
3769,9.11715,8.57500,8.90400,1.72100,10
3770,5.92991,3.16300,4.44600,1.70000,10
3771,5.47471,3.08600,4.63700,1.67800,10
3772,11.11864,2.30400,8.93700,1.70100,10
3773,7.38795,5.09900,7.65200,1.98900,10
3774,13.66440,3.62800,13.51200,1.69300,10
3775,4.31369,7.78000,4.38400,1.73700,10
3776,8.46390,3.56500,8.16600,1.71000,10
3777,6.62160,5.96000,6.86200,1.76100,10
3778,3.71088,3.18200,3.47300,1.67400,10
3779,2.03712,1.43600,2.02900,1.63000,10
3780,1.81227,1.28700,1.80400,1.70400,10
3781,3.44064,3.18800,2.84400,1.73600,10
3782,7.47213,2.05100,5.02800,1.72900,10
3783,4.01712,2.59500,4.03500,1.74400,10
3784,3.31316,2.44600,3.34500,1.70300,10
3785,2.04682,1.33600,2.01900,1.88500,10
3786,1.82491,1.50600,1.79600,1.68800,10
3787,2.14668,1.23900,1.94500,1.71500,10
3788,4.36506,1.03700,4.14900,1.69100,10
3789,5.05530,2.27100,4.62400,1.88500,10
3790,3.24160,1.77200,3.85900,1.71000,10
3791,5.74138,1.59000,4.97300,1.72900,10
3792,8.74806,3.11400,8.70900,1.70200,10
3793,7.61508,5.49800,7.71200,1.72000,10
3794,5.92121,2.79700,5.75200,1.68500,10
3795,5.20374,2.93500,4.77800,1.74500,10
3796,5.03393,3.47100,5.46100,1.70100,10
3797,6.86597,3.10900,6.67400,1.66500,10
3798,8.31132,3.84800,7.09300,1.65200,10
3799,5.39863,3.11100,4.31100,1.65200,10
3800,5.69369,5.78500,4.16600,1.69500,10
3801,5.26300,3.26700,5.12500,1.86600,10
3802,6.48183,3.16300,5.53400,1.70000,10
3803,4.65127,3.17100,4.65200,1.70000,10
3804,8.24257,2.33000,6.64000,1.72700,10
3805,4.89858,2.64800,5.46800,1.88400,10
3806,4.27038,1.98200,4.30700,1.72800,10
3807,6.93515,2.21000,6.21400,1.67800,10
3808,3.91760,3.06400,3.90600,1.76800,10
3809,3.26640,3.00100,3.34800,1.67800,10
3810,12.31776,3.53000,11.67000,1.71800,10
3811,12.76486,6.52300,12.67100,1.70600,10
3812,5.16871,6.58600,5.27800,1.69900,10
3813,7.48258,2.86600,6.09300,1.68200,10
3814,5.03199,2.14600,6.07700,1.71200,10
3815,3.52428,4.64800,3.15800,1.70800,10
3816,2.20585,2.38400,2.94400,1.85500,10
3817,1.86172,1.20500,1.86300,1.72900,10
3818,1.82866,1.06100,1.81400,1.69000,10
3819,6.03652,1.19100,2.34100,1.90700,10
3820,5.05271,1.71300,8.21800,1.70400,10
3821,3.81187,2.23900,2.63400,1.70500,10
3822,2.17222,1.82700,2.87400,1.69200,10
3823,2.13612,1.26300,2.14600,1.88100,10
3824,2.02272,1.03600,2.02600,1.70600,10
3825,2.42869,1.01800,2.40700,1.70600,10
3826,4.21720,1.06900,2.55600,1.70700,10
3827,8.29032,1.71800,7.13200,1.89100,10
3828,4.81804,1.72000,4.26300,1.70300,10
3829,5.45706,3.19300,5.38100,1.69800,10
3830,9.17114,2.95200,9.05700,1.70100,10
3831,5.87735,5.61100,5.47400,1.76600,10
3832,5.41672,2.08300,5.87000,1.69800,10
3833,3.96914,2.65600,4.00600,1.67800,10
3834,6.99608,1.75300,5.51600,1.71000,10
3835,7.21579,2.03700,6.77100,1.71800,10
3836,5.41765,3.14600,5.53900,1.70600,10
3837,6.51246,2.30900,6.46000,1.66900,10
3838,5.96525,2.77200,4.87600,1.86900,10
3839,4.80726,2.87300,4.68600,1.75500,10
3840,6.69852,4.05100,6.57100,1.80500,10
3841,6.94066,4.96800,6.52000,1.69400,10
3842,5.06974,3.02400,5.43300,1.67600,10
3843,5.55120,2.27700,5.46000,1.77200,10
3844,8.29259,2.78200,7.23200,1.73200,10
3845,6.69721,2.08200,6.07800,1.65900,10
3846,10.63630,5.13000,10.92700,1.75000,10
3847,8.11980,5.69800,7.73900,1.67900,10
3848,10.34483,4.23600,10.29000,1.87600,10
3849,4.24328,3.31000,3.55100,1.72300,10
3850,5.05345,2.14000,5.46000,1.72500,10
3851,7.50822,3.92300,7.89500,1.69300,10
3852,4.12549,2.96900,3.96000,1.83900,10
3853,2.06398,1.49300,2.10500,1.70500,10
3854,1.94163,1.21000,1.93600,1.90600,10
3855,1.80678,1.17000,1.81000,1.70400,10
3856,3.47180,0.95600,2.31500,1.69800,10
3857,2.96157,1.14800,3.21500,1.71000,10
3858,5.19528,2.77700,5.18200,1.71000,10
3859,2.27272,1.33400,2.28500,1.69100,10
3860,1.92801,1.50700,1.93300,1.87100,10
3861,1.76862,1.20100,1.77500,1.69900,10
3862,1.71751,1.02900,1.71700,1.66600,10
3863,4.36331,0.92700,4.33200,1.74600,10
3864,4.11305,1.49900,2.84500,1.67100,10
3865,5.15048,2.03500,3.46600,1.67700,10
3866,4.20440,1.98800,3.59500,1.70900,10
3867,5.05528,1.81200,3.36700,1.70400,10
3868,3.93267,1.87600,4.23500,1.66800,10
3869,10.54964,2.87400,7.13900,1.72800,10
3870,6.94252,4.95100,9.46600,1.74200,10
3871,5.57352,3.57100,5.38400,1.89300,10
3872,7.40505,1.81600,6.08300,1.76300,10
3873,6.10141,1.95600,6.00100,1.77200,10
3874,4.49022,3.77800,4.21500,1.70300,10
3875,4.98440,2.36200,4.93800,1.70900,10
3876,4.29682,2.11800,4.72500,1.70100,10
3877,4.67634,2.11500,4.32300,1.74700,10
3878,5.82676,2.61000,5.30100,1.75700,10
3879,5.16664,1.98500,5.13600,1.68900,10
3880,5.04228,3.73900,4.64500,1.68700,10
3881,4.77238,2.47800,3.88000,1.73000,10
3882,4.69656,3.74500,3.21200,1.73000,10
3883,8.69336,4.21900,6.49800,1.68100,10
3884,13.45437,3.78800,15.54400,1.80300,10
3885,7.93201,6.26900,7.38400,1.74100,10
3886,9.21519,5.04200,9.71700,1.81400,10
3887,5.76704,4.20700,5.10200,1.68800,10
3888,5.21954,5.79700,5.44400,1.75200,10
3889,4.78534,2.29000,3.98300,1.72100,10
3890,3.40570,2.20400,3.73700,1.69800,10
3891,3.22210,2.02200,3.07200,1.70300,10
3892,2.07463,1.52500,2.03000,1.71900,10
3893,2.08253,1.31600,2.04200,1.71600,10
3894,2.63609,1.42900,2.50200,1.71600,10
3895,6.89990,1.69000,4.91900,1.69500,10
3896,7.62293,2.54900,7.65600,1.71400,10
3897,2.64491,2.20100,2.61400,1.70600,10
3898,2.08600,1.54700,2.08200,1.68300,10
3899,3.18985,1.44200,2.83600,1.69300,10
3900,3.16291,1.60600,3.37500,1.85000,10
3901,3.81488,1.44200,3.66600,1.84000,10
3902,4.75704,1.21900,4.15100,1.79800,10
3903,3.76134,2.67300,2.71600,1.66600,10
3904,3.73370,3.37300,4.12200,1.73000,10
3905,6.55422,1.56700,6.21900,1.75500,10
3906,9.21332,3.14200,7.68700,1.67900,10
3907,6.16838,2.80500,7.30700,1.67900,10
3908,4.14169,2.34000,4.06900,1.88900,10
3909,4.10665,2.70200,3.85400,1.88900,10
3910,6.78680,2.47300,5.85700,1.75200,10
3911,8.62457,3.61000,6.09600,1.70700,10
3912,5.86275,3.53200,5.55500,1.68200,10
3913,4.67433,2.57900,4.79800,1.83400,10
3914,4.46066,3.12000,4.26500,1.69600,10
3915,5.85799,2.56600,3.72400,1.69300,10
3916,2.89134,2.08700,3.23300,1.67400,10
3917,5.98047,1.24600,5.52900,1.73100,10
3918,6.51363,1.84600,4.38500,1.69600,10
3919,2.46340,2.81300,4.21800,1.74300,10
3920,4.80795,3.22200,4.30200,1.74300,10
3921,9.26076,1.94600,6.36500,1.70500,10
3922,4.96765,2.16200,4.14000,1.75000,10
3923,3.47966,1.67600,3.28900,1.69000,10
3924,3.50900,2.72500,3.50900,1.69800,10
3925,5.61582,1.97200,5.15700,1.70200,10
3926,5.41560,2.94400,5.47800,1.69300,10
3927,3.59179,1.64300,3.83700,1.71600,10
3928,3.88102,1.83200,3.34100,1.64500,10
3929,4.88875,2.33000,4.78500,1.72400,10
3930,3.67903,2.42300,3.44500,1.73200,10
3931,4.22435,1.22000,3.79700,1.70000,10
3932,3.81110,1.67800,3.85600,1.71400,10
3933,3.08971,1.75700,3.09000,1.67200,10
3934,5.85579,1.40500,5.28600,1.69000,10
3935,4.48649,2.63300,4.45600,1.69500,10
3936,4.04440,3.65800,3.12000,1.69500,10
3937,7.20213,4.02900,7.77300,1.72300,10
3938,9.25838,2.19800,5.92900,1.69200,10
3939,4.82029,2.98500,5.23400,1.78200,10
3940,3.34712,1.76100,3.36100,1.69300,10
3941,4.58133,1.28600,3.46300,1.69500,10
3942,3.52694,1.48300,3.56900,1.69700,10
3943,3.97518,1.46200,3.97000,1.69600,10
3944,3.17944,1.83000,3.13200,1.77000,10
3945,3.18924,1.58300,3.10400,1.67900,10
3946,5.40228,1.59400,4.95700,1.69600,10
3947,7.68223,2.83500,5.64700,1.68400,10
3948,7.55981,3.36800,6.75400,1.88800,10
3949,5.04596,2.12700,3.92700,1.87800,10
3950,6.14927,1.96600,4.78700,1.69700,10
3951,5.40644,2.40100,5.62100,1.77800,10
3952,4.29863,3.83200,4.19900,1.77800,10
3953,6.18483,2.98000,5.98600,1.69500,10
3954,6.00282,2.80200,5.04100,1.70000,10
3955,4.06066,1.78700,4.02100,1.72100,10
3956,3.81105,1.81500,3.86500,1.69400,10
3957,4.95533,2.62400,2.42200,1.69400,10
3958,4.87489,1.05500,7.38800,1.70000,10
3959,3.27853,1.50200,3.08300,1.88500,10
3960,3.63456,2.44200,3.66000,1.69500,10
3961,2.91292,1.49300,3.07900,1.70200,10
3962,3.23553,2.30600,3.21700,1.67100,10
3963,4.63168,4.68500,2.94500,1.65700,10
3964,2.91959,2.06600,3.35300,1.67100,10
3965,3.05702,2.25400,2.81300,1.67400,10
3966,4.93702,1.17600,5.01100,1.68100,10
3967,4.90811,2.31800,4.92500,1.70600,10
3968,4.89199,1.67900,4.84000,1.65900,10
3969,7.86936,2.11300,7.53800,1.72800,10
3970,7.77960,1.90500,7.77300,1.69500,10
3971,7.18567,2.14600,7.05800,1.72400,10
3972,4.72072,2.06400,4.58800,1.67300,10
3973,4.28662,2.18700,4.19800,1.89300,10
3974,2.87024,3.08100,3.19700,1.74000,10
3975,4.09612,1.84300,2.94100,1.75400,10
3976,2.89396,1.54500,3.10700,1.71700,10
3977,4.67724,1.29400,3.97400,1.68300,10
3978,3.55281,1.51400,3.29100,1.66300,10
3979,4.15665,1.91100,3.83300,1.70000,10
3980,4.99018,1.49300,4.67700,1.69700,10
3981,6.54541,2.89400,5.97600,1.93200,10
3982,5.20038,3.40500,5.11900,1.73500,10
3983,6.69824,1.73000,6.34000,1.70900,10
3984,4.65843,2.43900,4.69100,1.69400,10
3985,3.59201,2.44500,3.69600,1.69100,10
3986,4.37817,2.37600,4.04700,1.70500,10
3987,4.66484,2.35600,4.67900,1.69900,10
3988,4.31604,2.97700,3.68200,1.88300,10
3989,3.56151,2.52300,3.56600,1.72800,10
3990,5.62801,2.08500,4.41300,1.85300,10
3991,2.33396,1.24900,3.25000,1.68700,10
3992,3.49170,2.34500,3.66500,1.69000,10
3993,3.28535,1.97400,2.90400,1.68200,10
3994,3.58164,1.24300,3.24000,1.68200,10
3995,3.96131,1.16500,3.84100,1.68000,10
3996,4.80105,1.23800,4.73000,1.69200,10
3997,4.98539,1.92800,4.61200,1.85700,10
3998,7.07502,2.65800,7.03900,1.68400,10
3999,5.19952,1.75700,4.88900,1.71200,10
4000,3.28128,2.79600,3.03000,1.67900,10
4001,6.41726,2.14800,4.77900,1.70400,10
4002,4.77973,2.70400,4.35400,1.67100,10
4003,4.31478,1.96400,4.57900,1.77100,10
4004,5.71594,2.85300,5.57900,1.67500,10
4005,7.05644,2.27700,6.63700,1.75700,10
4006,9.23864,2.24400,6.65600,1.75700,10
4007,5.98864,2.27500,6.00100,1.66000,10
4008,4.39178,2.06800,4.27200,1.90000,10
4009,4.44211,3.15600,3.89700,1.68400,10
4010,3.02500,3.10500,3.75300,1.69100,10
4011,3.82099,2.16100,3.73200,1.70400,10
4012,2.83098,1.92300,2.71500,1.73100,10
4013,3.28354,1.23900,3.30100,1.70400,10
4014,2.86608,1.25700,3.04400,1.75300,10
4015,4.19780,1.99400,3.69500,1.72000,10
4016,3.23451,1.35300,3.11800,1.67500,10
4017,4.73079,2.61600,4.47000,1.68500,10
4018,9.18651,7.52400,7.81400,1.71000,10
4019,4.73703,3.58400,5.37800,1.82200,10
4020,4.47097,2.91600,2.57300,1.82200,10
4021,4.79117,1.63100,6.39800,1.69700,10
4022,5.45202,1.31500,5.25000,1.69700,10
4023,9.18033,1.85500,4.71900,1.67500,10
4024,11.38814,1.49800,9.09200,1.69100,10
4025,5.69174,2.64700,5.02600,1.71100,10
4026,4.69098,1.71100,5.02600,1.69200,10
4027,5.95205,3.93000,5.71700,1.67800,10
4028,3.67891,2.03500,3.69300,1.70500,10
4029,4.63104,2.10900,4.22400,1.71400,10
4030,4.30893,1.26100,4.21200,1.85500,10
4031,6.79569,1.56100,6.54600,1.67100,10
4032,3.65734,1.41300,4.03500,1.69800,10
4033,3.39982,2.27900,3.33500,1.65600,10
4034,6.51423,1.94100,5.28400,1.75600,10
4035,5.88929,1.72500,5.83200,1.70700,10
4036,6.72467,3.14500,6.54100,1.83100,10
4037,6.13707,3.80100,5.72700,1.75700,10
4038,6.55781,2.80900,6.90700,1.70500,10
4039,7.79170,3.21000,7.83600,1.70900,10
4040,4.21168,2.59500,4.16000,1.66500,10
4041,4.23816,2.44600,4.20100,1.72900,10
4042,3.93371,1.36800,3.66100,1.82000,10
4043,4.23894,3.51100,4.45700,1.69800,10
4044,4.13470,1.59500,4.05000,1.86700,10
4045,4.23575,2.01700,4.10200,1.67700,10
4046,7.70561,1.87700,7.37000,1.66400,10
4047,4.57657,3.39900,5.01700,1.76200,10
4048,5.34526,2.78700,4.08000,1.71400,10
4049,4.09656,1.90900,3.20800,1.72100,10
4050,8.91668,9.26500,6.61600,1.72100,10
4051,3.05302,3.79100,4.07300,1.81600,10
4052,5.55718,2.98200,5.02100,1.71100,10
4053,5.12897,1.98900,4.64700,1.69400,10
4054,29.03050,9.12500,25.88600,1.74400,10
4055,32.69577,15.18500,34.23200,1.83700,10
4056,20.89033,17.74200,21.86400,1.79300,10
4057,6.41041,11.88000,6.72500,1.76400,10
4058,6.84945,3.94100,5.84700,1.70500,10
4059,5.04135,6.09700,6.04400,1.71300,10
4060,5.11789,3.61400,5.09400,1.70200,10
4061,5.56182,2.46000,5.57500,1.68000,10
4062,4.67873,2.09500,3.51300,1.68000,10
4063,6.86608,1.85800,7.46600,1.69600,10
4064,5.92609,1.23800,4.25000,1.87500,10
4065,4.52583,1.35800,4.50200,1.66600,10
4066,2.71812,1.57400,3.15600,1.67400,10
4067,4.35238,1.60500,4.40100,1.84800,10
4068,3.88258,1.25500,3.46800,1.68700,10
4069,5.64309,2.29400,4.48400,1.69700,10
4070,3.01555,1.51000,2.81800,1.69700,10
4071,5.79260,2.05500,5.46900,1.69400,10
4072,6.99551,2.56500,6.62400,1.67800,10
4073,11.02298,3.54600,10.62700,1.71400,10
4074,5.63958,4.29200,5.61000,1.74300,10
4075,3.42471,1.83600,3.42900,1.68600,10
4076,5.05753,1.27700,5.05600,1.70600,10
4077,4.12284,1.70100,3.79800,1.69100,10
4078,3.99227,1.49600,3.93300,1.67600,10
4079,4.22103,1.85000,3.59000,1.67600,10
4080,7.64646,3.03600,6.99600,1.68500,10
4081,4.33549,1.98000,4.63900,1.67300,10
4082,2.80436,1.74900,2.82200,1.71100,10
4083,4.19211,1.39600,4.18900,1.68300,10
4084,4.18321,2.25300,4.18600,1.70000,10
4085,5.35777,2.24800,5.00200,1.70000,10
4086,5.85701,1.59700,3.78500,1.75100,10
4087,5.33343,1.96900,5.37100,1.69600,10
4088,5.99031,1.75400,6.01100,1.69600,10
4089,7.73473,1.87500,7.56500,1.64500,10
4090,7.09325,2.90500,7.19800,1.67300,10
4091,6.22262,2.89000,5.54900,1.77700,10
4092,6.49365,3.30300,6.86500,1.71700,10
4093,7.10082,4.12400,5.88200,1.69200,10
4094,8.01970,2.66700,7.43700,1.67700,10
4095,3.71703,3.02200,2.30700,1.74700,10
4096,6.21286,1.70800,6.81300,1.67900,10
4097,6.55265,2.51400,5.95100,1.84300,10
4098,8.18383,3.14200,6.98300,1.70500,10
4099,3.79485,1.70000,3.36700,1.71600,10
4100,2.63244,2.67600,2.22100,1.68500,10
4101,3.48168,1.77400,1.94100,1.71500,10
4102,3.15465,1.51100,4.62800,1.89300,10
4103,2.23225,1.52400,2.12700,1.89300,10
4104,1.97939,1.36900,1.90200,1.70800,10
4105,2.44637,1.26000,2.09300,1.70100,10
4106,2.05989,1.62600,2.08900,1.85400,10
4107,1.93378,1.38400,1.89900,1.69200,10
4108,2.61682,1.15400,2.03900,1.72500,10
4109,3.85745,1.80500,3.83000,1.88300,10
4110,3.76469,1.51900,3.67200,1.73300,10
4111,2.07820,1.47300,2.11400,1.73300,10
4112,2.21854,1.35900,1.91100,1.66800,10
4113,2.46349,1.03200,2.17800,1.69200,10
4114,2.34864,1.20300,2.29200,1.69000,10
4115,2.00200,1.14200,1.99700,1.69900,10
4116,1.85581,1.83400,1.85900,1.69900,10
4117,2.18666,1.06800,1.93400,1.69200,10
4118,1.83669,1.42400,1.85800,1.68900,10
4119,2.30191,1.37500,1.90500,1.67300,10
4120,1.95577,1.52400,1.85400,1.85500,10
4121,2.49510,1.35200,2.36600,1.74200,10
4122,3.35695,1.73100,3.18200,1.71000,10
4123,2.16951,1.12400,2.16200,1.74200,10
4124,3.61461,1.21900,3.31500,1.71700,10
4125,2.58727,1.36700,2.71000,1.69600,10
4126,1.96137,1.12700,1.92800,1.66700,10
4127,2.18864,1.12500,2.16300,1.69900,10
4128,2.18258,0.98600,2.17200,1.69900,10
4129,3.84990,0.94600,2.09800,1.86000,10
4130,1.92591,1.13500,1.95200,1.68600,10
4131,2.39933,1.06100,2.27500,1.70800,10
4132,2.01334,1.78000,2.08000,1.70800,10
4133,2.09015,1.35900,2.04400,1.88200,10
4134,2.12245,1.22900,2.11900,1.68000,10
4135,2.33441,1.52300,2.34900,1.72000,10
4136,2.66699,1.09800,2.55200,1.70300,10
4137,4.43477,2.11400,2.50400,1.87200,10
4138,2.14698,1.00000,2.12800,1.69600,10
4139,1.88726,0.99900,1.87900,1.72100,10
4140,1.97044,1.06800,1.94800,1.68900,10
4141,1.84058,0.90500,1.70700,1.71100,10
4142,2.03675,1.06900,2.17500,1.72200,10
4143,3.27600,0.94800,2.98000,1.71300,10
4144,2.87514,1.29400,2.98400,1.92600,10
4145,3.29007,1.55300,2.10700,1.92600,10
4146,2.29700,0.87200,2.09600,1.68800,10
4147,2.51773,1.10600,2.45800,1.93000,10
4148,2.42076,1.05000,2.25500,1.73300,10
4149,2.36981,0.94600,2.34800,1.71900,10
4150,2.30049,1.05000,2.50800,1.87800,10
4151,2.61162,1.11500,2.30900,1.70400,10
4152,1.63640,0.99300,1.92300,1.72400,10
4153,1.78632,1.10300,1.79200,1.70700,10
4154,2.14988,0.88000,1.73200,1.69500,10
4155,2.49376,0.91000,2.48500,1.69000,10
4156,1.96693,0.94100,1.93000,1.66900,10
4157,2.46497,1.19500,1.99200,1.74500,10
4158,2.55260,1.17700,2.23100,1.91000,10
4159,1.58487,1.38700,1.75400,1.71000,10
4160,2.01144,1.32600,2.12700,1.71900,10
4161,1.96115,1.10300,1.96900,1.71900,10
4162,4.12759,1.39100,2.67000,1.67900,10
4163,1.83337,1.35300,1.83500,1.67700,10
4164,2.08052,1.09700,1.97800,1.70200,10
4165,1.79681,1.10300,1.90900,1.88300,10
4166,2.75886,0.99000,2.73200,1.72400,10
4167,2.60323,0.97200,2.61000,1.70400,10
4168,2.31909,1.14800,2.31000,1.68400,10
4169,2.12019,1.18500,2.07800,1.68800,10
4170,2.04058,1.07000,2.05800,1.66000,10
4171,2.15354,1.22800,2.15200,1.68600,10
4172,2.17296,1.29000,2.16700,1.70000,10
4173,1.81222,1.13200,1.82200,1.86400,10
4174,1.93525,0.91000,1.86100,1.86400,10
4175,1.85729,0.96700,1.85400,1.72100,10
4176,1.97490,0.91200,1.86600,1.75300,10
4177,2.10664,0.97800,2.07100,1.87500,10
4178,1.80990,0.99500,1.84600,1.68300,10
4179,2.11291,1.00600,1.94000,1.67800,10
4180,1.96556,1.30400,1.98800,1.73800,10
4181,1.88173,1.89900,1.78400,1.73800,10
4182,2.86077,1.46300,2.64300,1.67000,10
4183,3.09377,1.44200,3.07400,1.69200,10
4184,2.66091,1.18600,2.65600,1.68600,10
4185,2.04148,1.17100,2.06600,1.67400,10
4186,2.23082,1.17800,2.18900,1.69200,10
4187,1.88835,1.07800,1.89300,1.73700,10
4188,4.18157,1.13500,1.80500,1.69600,10
4189,2.28411,1.62900,2.15600,1.74300,10
4190,1.90562,1.59000,1.95200,1.72300,10
4191,2.15839,1.40200,2.15000,1.93700,10
4192,2.08827,1.36000,1.95400,1.93700,10
4193,2.23524,1.21400,2.05300,1.69100,10
4194,2.07728,1.31000,2.03900,1.70100,10
4195,2.08241,1.58700,1.89000,1.86700,10
4196,1.96151,1.34900,1.99200,1.72300,10
4197,2.14409,1.13900,2.12300,1.69500,10
4198,2.29500,1.24500,2.13700,1.74400,10
4199,2.01430,1.01400,2.17200,1.71500,10
4200,2.54505,1.10900,2.55800,1.72400,10
4201,2.07191,1.07700,2.08700,1.69800,10
4202,2.65641,1.01800,2.62000,1.71300,10
4203,1.94732,0.99100,1.97800,1.74500,10
4204,2.20367,1.03400,2.20200,1.73200,10
4205,1.86519,1.12000,1.82300,1.73300,10
4206,1.82853,1.14400,1.78800,1.71900,10
4207,1.74118,1.03400,1.76600,1.83800,10
4208,1.73721,1.04100,1.72800,1.66900,10
4209,1.81379,0.95200,1.80100,1.67600,10
4210,2.05064,0.99900,2.02300,1.75600,10
4211,2.82750,1.13700,2.70800,1.75600,10
4212,4.07290,1.04500,3.01800,1.68000,10
4213,1.86329,0.93700,1.86000,1.75400,10
4214,2.00558,1.10300,1.95400,1.75400,10
4215,1.82897,1.01800,1.85000,1.74100,10
4216,2.25623,0.89600,1.89900,1.67800,10
4217,3.29722,2.94100,1.89900,1.73600,10
4218,2.02379,1.53900,2.71700,1.67300,10
4219,2.41036,1.11400,2.29500,1.71100,10
4220,2.31895,1.39200,2.31600,1.70300,10
4221,2.47207,1.48800,2.53800,1.89200,10
4222,2.35504,1.30600,2.31800,1.70700,10
4223,2.02089,1.20000,2.01200,1.68000,10
4224,1.97301,1.22400,1.95000,1.71400,10
4225,2.30695,1.34700,2.07900,1.71900,10
4226,2.28023,1.36100,2.28000,1.67600,10
4227,2.74134,1.40500,2.71300,1.71800,10
4228,2.55637,1.61700,2.55900,1.69700,10
4229,2.51089,1.67300,2.46800,1.69700,10
4230,2.02933,1.27900,2.06700,1.72400,10
4231,4.38233,1.61700,2.26900,1.72400,10
4232,3.39248,1.34900,4.94300,1.70700,10
4233,2.86137,1.28900,2.55500,1.73900,10
4234,4.03275,1.50900,1.93100,1.68300,10
4235,1.87575,1.39400,2.16100,1.71800,10
4236,2.03792,1.17900,2.02600,1.75100,10
4237,2.15189,1.10800,2.15100,1.90300,10
4238,1.82634,1.16100,1.83300,1.74400,10
4239,2.12794,1.10100,2.07000,1.69600,10
4240,1.72274,1.19900,1.75700,1.69600,10
4241,2.75038,0.94300,2.44200,1.71400,10
4242,2.02341,1.24900,2.01600,1.69900,10
4243,2.46324,0.99900,2.36700,1.69100,10
4244,2.01083,1.81500,2.04300,1.69100,10
4245,2.55488,1.43100,2.30900,1.68600,10
4246,3.02648,1.31400,2.78300,1.74600,10
4247,2.97630,1.36000,2.91700,1.69900,10
4248,2.42741,1.49200,2.53000,1.89300,10
4249,2.12135,1.23900,2.10800,1.71200,10
4250,2.15435,1.01300,2.11500,1.70600,10
4251,2.97710,2.01000,2.63300,1.87900,10
4252,3.55166,1.52000,3.57100,1.74600,10
4253,2.70329,1.53400,2.73100,1.73000,10
4254,2.41837,1.42500,2.43400,1.70200,10
4255,2.13860,1.37200,2.12100,1.67000,10
4256,2.32853,1.30400,2.25900,1.70300,10
4257,2.29683,1.32800,2.21900,1.69500,10
4258,1.93457,1.08200,2.06800,1.88300,10
4259,2.15060,1.08300,2.13800,1.72400,10
4260,2.60545,1.35900,2.56600,1.71400,10
4261,2.41393,1.72700,2.27700,1.74400,10
4262,2.33317,1.72100,2.34500,1.66900,10
4263,2.05419,1.49300,2.06400,1.72500,10
4264,1.97031,1.34400,1.97700,1.71300,10
4265,2.03681,1.35500,1.97100,1.94500,10
4266,2.02901,1.28400,2.03800,1.70300,10
4267,3.70698,1.58200,3.60100,1.71100,10
4268,2.72417,1.35000,2.72300,1.71800,10
4269,2.77715,1.79200,2.80700,1.67600,10
4270,6.56203,2.03700,4.49000,1.70200,10
4271,3.48209,1.35800,3.46700,1.69800,10
4272,3.94013,2.76200,3.53600,1.67700,10
4273,3.97592,1.88000,3.62400,1.68500,10
4274,4.49707,1.96800,3.30200,1.68500,10
4275,6.43577,1.34500,6.61700,1.75700,10
4276,3.11529,1.19900,3.10600,1.70400,10
4277,1.78721,1.23300,1.76000,1.65300,10
4278,1.95357,1.21900,1.87200,1.71100,10
4279,1.92211,1.36100,1.98600,1.72400,10
4280,2.13146,1.16300,2.12500,1.86400,10
4281,1.81146,1.15900,1.79100,1.71700,10
4282,2.25125,0.98100,2.21200,1.71300,10
4283,1.83230,1.65900,1.81100,1.73600,10
4284,1.76282,1.53000,1.78900,1.86000,10
4285,2.21653,1.46500,2.14900,1.69200,10
4286,2.26494,1.28500,2.30300,1.73800,10
4287,2.05608,1.35200,2.04900,1.69600,10
4288,2.23171,1.37200,2.18000,1.90200,10
4289,2.30748,1.66500,2.26800,1.70500,10
4290,2.26870,1.46900,2.28800,1.72900,10
4291,2.45014,1.25800,2.46100,1.75600,10
4292,2.77142,1.33500,2.69400,1.71800,10
4293,2.77965,1.82300,2.81400,1.73400,10
4294,2.94387,2.65500,2.36900,1.73400,10
4295,4.48895,1.32000,3.66800,1.72900,10
4296,2.17714,1.28100,2.18100,1.72200,10
4297,2.19920,1.11900,2.20800,1.68700,10
4298,1.92276,1.22900,1.91000,1.82400,10
4299,2.02475,1.03200,1.99400,1.70600,10
4300,2.18563,1.11200,2.20300,1.68200,10
4301,2.77109,1.16700,2.75100,1.92400,10
4302,2.39176,1.15600,2.33500,1.71000,10
4303,2.61872,1.17800,2.64400,1.68200,10
4304,2.60306,1.11500,2.60300,1.71500,10
4305,2.54556,1.28000,2.54600,1.71100,10
4306,2.79451,1.07700,2.27900,1.69000,10
4307,2.30439,1.04100,2.31600,1.71100,10
4308,3.26042,2.06200,3.23700,1.71200,10
4309,2.40705,1.30100,2.37300,1.73200,10
4310,2.42612,1.78900,2.42700,1.74000,10
4311,2.65065,1.21200,2.66700,1.83300,10
4312,2.07415,1.06100,2.06900,1.69500,10
4313,1.94275,1.41600,1.93200,1.69800,10
4314,2.32342,1.11400,2.30600,1.91600,10
4315,3.63747,1.12100,2.86100,1.69900,10
4316,2.51102,1.13600,2.49300,1.71000,10
4317,2.20176,1.12600,2.20200,1.73900,10
4318,4.62776,1.01700,2.91300,1.69600,10
4319,2.60422,1.18300,2.60300,1.72500,10
4320,2.53320,1.21700,2.38400,1.91100,10
4321,2.14291,1.89900,2.25600,1.70100,10
4322,2.05615,1.50300,2.07300,1.71300,10
4323,1.87505,1.36200,1.86500,1.76600,10
4324,2.21658,1.51700,2.16800,1.97200,10
4325,1.99059,1.57100,1.98400,1.97200,10
4326,2.22472,1.57600,2.24100,1.70600,10
4327,2.50684,1.42400,2.47600,1.71800,10
4328,2.62461,1.67900,2.58700,1.68800,10
4329,2.26518,1.40900,2.32800,1.68600,10
4330,2.44169,1.28100,2.41800,1.67700,10
4331,2.52872,1.28200,2.41900,1.69400,10
4332,2.14401,1.24600,2.22700,1.69000,10
4333,2.16189,1.26200,2.15700,1.71000,10
4334,2.71571,1.07600,2.74000,1.71000,10
4335,2.67859,1.26200,2.47600,1.67700,10
4336,2.49234,1.43200,2.25900,1.69300,10
4337,2.40074,1.25700,2.41800,1.75600,10
4338,3.67250,1.05300,2.09800,1.75600,10
4339,2.96170,1.16400,4.31400,1.67700,10
4340,2.19601,1.26700,2.18500,2.00700,10
4341,1.90252,1.48000,1.89800,1.67600,10
4342,1.88314,1.29600,1.87500,1.72200,10
4343,2.22269,1.24900,2.20900,1.70600,10
4344,2.86350,1.32000,2.65800,1.72800,10
4345,2.60294,1.33500,2.77300,1.67100,10
4346,2.47076,1.29400,2.45500,1.69100,10
4347,2.16622,1.29000,2.17700,1.69700,10
4348,2.98930,1.11100,2.91200,1.89400,10
4349,2.42287,1.51700,2.44700,1.67700,10
4350,2.55354,1.55000,2.53600,1.70000,10
4351,2.31494,1.37800,2.26300,1.84400,10
4352,2.23579,1.60200,2.23400,1.72900,10
4353,2.20087,1.57100,2.22000,1.70000,10
4354,2.35803,1.32200,2.29100,1.73700,10
4355,2.50828,1.23900,2.08300,1.67600,10
4356,2.16637,1.46400,2.56000,1.74100,10
4357,2.68776,1.44500,2.34900,1.72900,10
4358,2.16464,1.19000,2.17100,1.71000,10
4359,2.16267,1.33800,2.08900,1.72800,10
4360,3.65940,1.72700,2.78000,1.72800,10
4361,3.75288,1.67000,4.47700,1.90100,10
4362,2.61697,1.53900,2.61700,1.69600,10
4363,2.60874,1.32700,2.60700,1.72400,10
4364,2.11476,1.20600,2.13400,1.82600,10
4365,2.03743,1.19100,2.02500,1.70500,10
4366,2.26572,1.17000,2.05700,1.69800,10
4367,1.91207,1.12300,2.12800,1.72800,10
4368,2.23611,1.21600,2.14800,1.87500,10
4369,2.56356,1.19500,2.54500,1.71100,10
4370,2.44589,1.48100,2.20500,1.88800,10
4371,2.21784,2.00800,2.43000,1.72000,10
4372,2.50189,1.28000,2.49000,1.71700,10
4373,2.16400,1.24100,1.96900,1.67600,10
4374,2.29141,1.47300,2.47300,1.72700,10
4375,2.17627,1.01400,2.11800,1.89300,10
4376,2.11717,1.44900,2.16100,1.70000,10
4377,3.51814,1.13000,3.37600,1.69500,10
4378,1.87244,1.43600,1.96200,1.68100,10
4379,2.43799,1.18300,2.41800,1.82800,10
4380,2.55365,1.38300,2.55200,1.72000,10
4381,3.21294,1.07800,3.21500,1.90700,10
4382,2.67975,1.30400,2.64700,1.71200,10
4383,1.91671,1.41900,1.90100,1.69600,10
4384,1.90405,1.54600,1.94200,1.68900,10
4385,2.00850,1.25400,1.99800,1.67600,10
4386,1.89974,1.02100,1.90300,1.67600,10
4387,3.09821,1.31500,2.61700,1.71300,10
4388,5.83432,1.09000,4.69400,1.68600,10
4389,5.87023,3.17700,6.03000,1.68000,10
4390,5.33579,4.04700,4.39100,1.69600,10
4391,5.40017,2.13100,4.84700,1.87600,10
4392,4.35642,2.05200,3.96900,1.87600,10
4393,5.58381,1.56800,4.74600,1.68700,10
4394,5.73110,2.10400,5.59000,1.71300,10
4395,7.76881,3.84200,7.18900,1.72900,10
4396,7.80186,4.85100,6.24800,1.88700,10
4397,4.90852,3.21400,4.78500,1.88700,10
4398,4.28962,3.11200,4.95900,1.71200,10
4399,6.31619,3.75700,5.83200,1.74000,10
4400,5.39308,4.36100,5.58800,1.74700,10
4401,6.56292,3.71600,6.11100,1.71000,10
4402,4.69974,3.09700,3.70200,1.67200,10
4403,3.95358,3.28000,3.40800,1.91800,10
4404,3.89500,2.88000,3.30200,1.67200,10
4405,5.79108,2.64000,6.31400,1.69300,10
4406,4.64717,2.69300,4.54200,1.65600,10
4407,5.84568,3.62300,5.73600,1.67000,10
4408,6.31777,5.78900,5.40100,1.68100,10
4409,4.17899,2.95800,4.28800,1.72700,10
4410,2.13400,4.07300,2.85200,1.88100,10
4411,2.66288,1.42900,2.61900,1.72300,10
4412,2.56969,1.34100,2.47200,1.75800,10
4413,2.24902,1.64600,2.36400,1.68700,10
4414,1.94429,1.22900,1.91600,1.69000,10
4415,1.87488,1.37000,1.90000,1.69000,10
4416,2.27285,1.28700,2.26600,1.74000,10
4417,2.10200,1.35600,2.08600,1.65800,10
4418,1.95573,1.17100,1.95600,1.68600,10
4419,2.09464,1.19700,2.02600,1.68600,10
4420,2.08123,1.59500,2.06400,1.75200,10
4421,2.34147,1.48500,2.38500,1.84400,10
4422,2.02538,1.32200,2.01300,1.72100,10
4423,2.55679,1.16900,2.31500,1.72100,10
4424,3.01976,1.35200,2.70400,1.87100,10
4425,3.09846,1.85500,3.20400,1.87100,10
4426,3.81531,2.47900,3.23000,1.71100,10
4427,1.92763,1.40000,1.95300,1.70000,10
4428,2.28349,1.37500,2.24600,1.69700,10
4429,2.51536,1.10100,2.06800,1.72600,10
4430,1.65206,1.20700,2.10300,1.70600,10
4431,2.00421,1.08400,1.85100,1.91800,10
4432,2.10111,1.19400,2.11600,1.68100,10
4433,1.84854,1.06500,1.75000,1.73300,10
4434,2.24033,1.11400,1.97800,1.71500,10
4435,2.47689,1.38200,2.67100,1.91800,10
4436,2.04595,1.24900,2.05800,1.67400,10
4437,2.18266,1.15100,2.20000,1.70800,10
4438,2.21293,1.13400,2.21100,1.70800,10
4439,2.25940,1.14300,2.01800,1.88100,10
4440,2.07241,1.28100,1.92300,1.70900,10
4441,2.31792,1.09500,2.11500,1.69900,10
4442,2.12442,1.10100,2.09100,1.73200,10
4443,5.13203,1.09200,2.57500,1.67400,10
4444,3.17835,1.03600,3.17300,1.67400,10
4445,5.86510,1.66000,4.51100,1.69200,10
4446,4.51045,1.70600,4.31600,1.82800,10
4447,2.44014,2.31800,2.60700,1.68600,10
4448,5.84910,1.36200,4.68100,1.68600,10
4449,5.98294,1.46900,4.98500,1.74600,10
4450,5.85846,2.02700,5.69600,1.70600,10
4451,4.28010,3.16700,3.84000,1.70000,10
4452,3.01758,2.85800,3.46300,1.71100,10
4453,5.93812,1.28700,3.75200,1.88500,10
4454,3.52165,1.82100,2.58100,1.66900,10
4455,2.25663,1.02400,2.21000,1.72700,10
4456,2.11035,0.97500,2.10700,1.87500,10
4457,2.32393,0.89900,2.30600,1.70800,10
4458,2.40456,1.02400,2.40600,1.71000,10
4459,2.24120,1.27100,2.20400,1.69900,10
4460,2.30933,1.22100,2.30100,1.72800,10
4461,2.26881,1.00800,2.25200,1.71800,10
4462,2.48727,1.03600,2.34600,1.68300,10
4463,2.23757,1.83900,2.23400,1.93100,10
4464,2.23225,1.49900,2.22700,1.69500,10
4465,2.48579,2.65400,2.39600,1.74900,10
4466,2.78970,1.11800,2.63100,1.86400,10
4467,2.71495,1.39700,2.65400,1.69200,10
4468,2.60120,1.27900,2.58100,1.74500,10
4469,2.26138,1.60100,2.25000,1.66600,10
4470,2.28914,1.27100,2.29900,1.70400,10
4471,2.00630,1.33400,1.96800,1.69400,10
4472,2.38836,1.33800,2.31800,1.71600,10
4473,1.89754,1.60000,1.88800,1.69400,10
4474,2.07042,1.48200,2.08700,1.71000,10
4475,2.00923,1.43600,2.01000,1.71000,10
4476,2.02585,1.17400,1.86900,1.70800,10
4477,3.34004,1.31200,3.00200,1.72800,10
4478,3.14897,1.22300,2.65000,1.70300,10
4479,2.23914,1.17200,2.21800,1.72200,10
4480,2.40267,1.24000,2.40200,1.69600,10
4481,2.49177,1.29000,2.46700,1.70000,10
4482,2.37568,1.06700,2.35000,1.71100,10
4483,2.98486,1.20400,2.56500,1.71900,10
4484,1.97863,1.29800,2.22700,1.90300,10
4485,2.02910,1.40000,2.17400,1.71700,10
4486,2.35501,1.17400,2.33800,1.73300,10
4487,2.40359,1.32900,2.36200,1.69600,10
4488,1.96039,1.19600,2.00500,1.71800,10
4489,1.83393,1.09800,1.82900,1.74000,10
4490,3.29794,1.16900,3.08700,1.73700,10
4491,2.98504,1.06400,2.94600,1.87600,10
4492,2.61775,1.09600,2.62700,1.71800,10
4493,3.77479,2.15200,2.30700,1.84600,10
4494,2.13187,1.60900,2.15600,1.71700,10
4495,1.79025,1.15500,1.79000,1.69100,10
4496,1.78797,1.03100,1.77300,1.69100,10
4497,2.85345,1.06000,2.21400,1.68200,10
4498,1.68432,1.35400,2.26000,1.70300,10
4499,3.17711,1.14300,1.84500,1.67500,10
4500,3.44501,1.07000,4.11600,1.69700,10
4501,2.41084,1.14000,2.17100,1.69000,10
4502,2.21514,0.95000,2.18200,1.71300,10
4503,2.12444,1.05400,2.10600,1.69800,10
4504,2.48962,1.24500,2.49200,1.89300,10
4505,1.92157,1.05500,1.90300,1.73100,10
4506,2.10398,1.20100,2.07200,1.74200,10
4507,2.61245,1.04900,2.28800,1.86400,10
4508,2.46229,1.14300,2.18500,1.72000,10
4509,1.75436,1.05800,1.95400,1.69400,10
4510,2.25360,1.22600,2.05300,1.71700,10
4511,2.21374,1.75500,2.10200,1.86800,10
4512,2.33211,1.49300,2.08200,1.71000,10
4513,1.90868,1.33800,1.93000,1.71000,10
4514,2.96604,1.10000,2.60500,1.72200,10
4515,1.91987,1.52200,1.89700,1.67600,10
4516,1.78502,1.43600,1.85500,1.70400,10
4517,1.67380,1.24400,1.65300,1.72600,10
4518,2.65688,1.26700,2.39900,1.71700,10
4519,1.97580,1.37200,1.99000,1.85700,10
4520,2.21898,1.31600,2.02400,1.69000,10
4521,2.13380,1.26300,2.11600,1.70300,10
4522,2.03908,1.32000,2.02000,1.73700,10
4523,1.98381,1.21900,1.97200,1.86800,10
4524,2.02495,1.22400,1.94000,1.71100,10
4525,1.72175,1.63500,1.75800,1.71200,10
4526,2.06230,1.18700,2.01600,1.72200,10
4527,2.07354,1.15400,2.08800,1.75000,10
4528,1.89386,1.14400,1.86300,1.84100,10
4529,2.25564,1.04300,2.16100,1.68900,10
4530,2.12615,1.70500,2.18000,1.70800,10
4531,1.91852,1.40100,1.91500,1.66800,10
4532,2.01634,1.28100,1.93400,1.73700,10
4533,1.55608,1.27900,1.61500,1.67900,10
4534,1.92307,1.26000,1.88700,1.69000,10
4535,1.89537,1.29800,1.87200,1.69000,10
4536,4.36839,1.43000,2.31400,1.69800,10
4537,2.34913,1.47200,2.34900,1.68500,10
4538,1.87928,1.40900,1.88000,1.66600,10
4539,2.32596,1.33000,2.32800,1.70700,10
4540,3.04298,1.23300,2.75600,1.66100,10
4541,2.79785,1.12100,2.47600,1.70700,10
4542,2.32989,1.10000,2.30000,1.90400,10
4543,2.41709,1.30100,2.70800,1.90400,10
4544,3.16411,1.47600,2.39800,1.66900,10
4545,2.45698,1.37200,2.43200,1.69200,10
4546,2.15306,1.14500,2.30200,1.73400,10
4547,1.84926,1.18500,1.83200,1.72700,10
4548,1.92570,1.05000,1.92100,1.71800,10
4549,4.02641,1.18400,1.76800,1.67300,10
4550,1.85937,1.10100,1.79000,1.69000,10
4551,2.06394,1.39800,1.96300,1.71900,10
4552,1.91400,1.49100,1.75900,1.85700,10
4553,2.03387,1.82900,1.93800,1.72700,10
4554,3.25370,1.43100,3.19500,1.71300,10
4555,2.82170,1.61000,2.81700,1.73200,10
4556,1.84275,1.73000,1.88500,1.89100,10
4557,2.00873,1.32700,1.98200,1.68900,10
4558,2.02521,1.22100,1.96000,1.68400,10
4559,2.17364,1.45200,2.02000,1.68700,10
4560,3.14333,1.43700,2.35200,1.74700,10
4561,2.06634,1.10900,2.04000,1.69800,10
4562,1.98871,1.03400,1.90000,1.70500,10
4563,2.13835,1.54900,2.13000,1.87300,10
4564,2.14641,1.49200,2.15800,1.71400,10
4565,2.32199,1.28600,2.32200,1.72100,10
4566,2.11414,1.23100,2.09300,1.68200,10
4567,1.83136,1.17300,1.82000,1.88300,10
4568,1.94129,1.11400,1.95000,1.69300,10
4569,1.86043,1.03600,1.86700,1.69300,10
4570,2.47333,1.03500,1.75400,1.69600,10
4571,2.01526,1.01900,1.95900,1.69600,10
4572,1.88573,1.14100,1.84500,1.68900,10
4573,2.25406,1.15400,2.14200,1.67200,10
4574,2.23368,1.15000,2.16700,1.73000,10
4575,2.25474,1.23000,2.25500,1.73500,10
4576,2.54565,1.09700,2.53300,1.68900,10
4577,2.22023,1.03600,2.22600,1.71700,10
4578,2.14210,1.68500,2.13300,1.72100,10
4579,1.82383,0.99100,1.75200,1.72100,10
4580,3.60009,1.50100,1.72100,1.68000,10
4581,2.33697,1.12100,2.27500,1.69100,10
4582,2.66380,1.17500,2.65200,1.70100,10
4583,2.06327,1.01400,2.08200,1.67300,10
4584,2.13120,1.07800,2.11400,1.72900,10
4585,1.86004,1.32800,1.84100,1.65600,10
4586,2.03185,1.23400,1.98800,1.86700,10
4587,1.90771,1.08700,1.91000,1.74200,10
4588,2.68479,1.11700,2.69200,1.71800,10
4589,2.48081,1.17800,2.47700,1.72100,10
4590,2.36290,1.08500,2.36400,1.71300,10
4591,2.19286,1.09700,2.18100,1.68500,10
4592,2.35556,1.01200,2.35000,1.70700,10
4593,2.54796,1.01000,2.52300,1.88100,10
4594,2.22800,1.02700,2.17200,1.72700,10
4595,2.33713,1.35400,2.33500,1.72100,10
4596,2.08614,1.54500,1.98100,1.88400,10
4597,1.86562,1.08500,1.96700,1.67400,10
4598,1.89404,1.01900,1.80900,1.66100,10
4599,2.15330,1.21900,2.22200,1.71800,10
4600,2.08439,1.00500,2.07600,1.73900,10
4601,2.02306,0.95600,2.01500,1.87900,10
4602,2.07856,1.04900,2.08300,1.74400,10
4603,2.27951,1.03800,2.26800,1.70800,10
4604,2.81185,1.10700,2.69300,1.76800,10
4605,3.34115,3.67100,2.12500,1.67700,10
4606,2.42585,1.41600,2.93600,1.72300,10
4607,1.96820,1.18100,1.98600,1.68300,10
4608,2.49443,1.11200,2.29400,1.89500,10
4609,3.32916,2.30600,3.39400,1.69400,10
4610,3.99524,1.50500,2.54100,1.81400,10
4611,2.26415,1.67700,3.12900,1.69800,10
4612,2.31850,1.88300,2.51900,1.69800,10
4613,4.52888,1.92500,4.15100,1.68200,10
4614,3.37567,1.24700,2.60000,1.70900,10
4615,3.95581,1.29900,3.77600,1.74900,10
4616,2.86085,1.13400,2.94000,1.69000,10
4617,3.65829,1.22800,2.95100,1.69000,10
4618,4.13383,1.01400,4.44100,1.69900,10
4619,2.78524,0.96800,2.13800,1.72700,10
4620,2.33635,1.07700,2.13600,1.69900,10
4621,2.16932,1.51600,2.24100,1.85100,10
4622,1.92917,1.51000,1.94300,1.71800,10
4623,4.11412,1.28900,1.82600,1.68900,10
4624,2.10360,1.57700,1.94600,1.67500,10
4625,1.96646,1.36600,1.95500,1.70800,10
4626,2.09665,1.13500,1.98300,1.69700,10
4627,1.97024,1.84800,2.05900,1.70000,10
4628,2.66192,1.50300,2.63700,1.69000,10
4629,2.46498,1.10100,2.36900,1.72900,10
4630,2.01691,1.79600,2.11000,1.68900,10
4631,2.04593,2.23800,1.96300,1.90300,10
4632,2.61354,1.19900,2.65300,1.71000,10
4633,3.37676,1.29000,2.67200,1.71000,10
4634,4.27207,1.18600,2.81000,1.71400,10
4635,4.74843,1.23700,3.07000,1.69400,10
4636,5.60223,2.05900,5.10700,1.69400,10
4637,4.34389,1.51600,4.32100,1.73100,10
4638,3.83753,2.03200,3.61300,1.73100,10
4639,4.97540,1.55300,4.72600,1.75800,10
4640,2.34875,1.62100,2.29700,1.73100,10
4641,2.11273,1.46600,2.14200,1.70600,10
4642,2.07283,1.12600,2.05400,1.76200,10
4643,2.12395,1.10100,2.12700,1.71900,10
4644,2.11524,1.18800,2.06500,1.67100,10
4645,2.51269,1.56300,2.52600,1.71200,10
4646,2.14387,1.35300,2.14000,1.67200,10
4647,2.57087,1.57300,2.57000,1.92200,10
4648,1.92952,1.32500,1.90500,1.68500,10
4649,1.82211,1.44900,1.83100,1.70700,10
4650,1.94568,1.34900,1.95200,1.68700,10
4651,1.89170,1.32300,1.87400,1.72700,10
4652,2.00491,1.16800,1.93500,1.70300,10
4653,1.74405,1.62400,1.78000,1.73400,10
4654,1.82488,1.47400,1.81800,1.70700,10
4655,4.52008,1.36500,2.08100,1.67500,10
4656,1.97111,1.34000,1.99400,1.74500,10
4657,3.19077,1.27100,3.18200,1.73800,10
4658,3.55242,1.71600,3.55400,1.67800,10
4659,2.59501,1.49300,2.57700,1.71500,10
4660,2.25317,1.13200,2.25600,1.67500,10
4661,2.52452,1.14100,2.49700,1.71100,10
4662,2.32600,1.03300,2.30800,1.66600,10
4663,2.48131,1.17200,2.40700,1.69300,10
4664,2.23313,1.31400,2.20100,1.75600,10
4665,2.43219,1.60000,2.49500,1.66500,10
4666,2.27526,1.16600,2.27100,1.67500,10
4667,2.96700,1.23000,2.77200,1.67500,10
4668,3.46861,1.06300,3.35500,1.68500,10
4669,2.41043,1.29100,2.43900,1.73600,10
4670,2.15553,1.21000,2.14700,1.84100,10
4671,2.20984,1.18500,2.18900,1.68200,10
4672,2.13850,1.13400,2.12700,1.70900,10
4673,2.03330,1.11400,1.89100,1.76100,10
4674,2.08818,2.28000,1.96100,1.88300,10
4675,1.71471,1.40500,1.96900,1.69100,10
4676,2.07347,1.15100,1.92800,1.69100,10
4677,2.08037,1.35700,1.88400,1.70400,10
4678,2.10401,1.11100,2.02900,1.71200,10
4679,1.83143,1.06700,1.84400,1.71700,10
4680,1.94177,0.91800,1.93800,1.71700,10
4681,2.34218,1.02200,2.16400,1.74300,10
4682,1.95503,0.96300,1.80000,1.67800,10
4683,1.90306,0.99100,1.79200,1.90300,10
4684,2.40212,1.54800,2.08100,1.69400,10
4685,2.94367,1.85200,2.73800,1.82800,10
4686,2.16574,1.57800,1.97400,1.68500,10
4687,2.31971,1.19500,2.20000,1.69100,10
4688,1.93228,1.35800,1.92100,1.71600,10
4689,2.14386,1.22200,2.18400,1.74700,10
4690,1.96780,1.22900,1.96500,1.87700,10
4691,3.33278,1.13200,2.83300,1.87700,10
4692,2.20460,1.20200,1.79500,1.72300,10
4693,1.93896,1.15300,1.99400,1.69800,10
4694,1.79341,1.13800,1.78400,1.71400,10
4695,3.07047,1.15400,3.03500,1.69100,10
4696,2.02376,1.17700,2.02300,1.71300,10
4697,3.15210,1.23700,2.33300,1.88200,10
4698,2.20118,1.08100,2.13100,1.70500,10
4699,2.66022,1.48800,2.69200,1.70400,10
4700,2.43518,1.12200,2.15400,1.70400,10
4701,2.03576,1.08400,1.98700,1.67900,10
4702,2.37687,1.05700,2.33300,1.70300,10
4703,2.59697,1.08600,2.37500,1.69700,10
4704,1.91219,1.12200,1.91500,1.69700,10
4705,2.08885,1.08900,1.81700,1.66300,10
4706,2.12744,1.17900,2.08600,1.70000,10
4707,2.08104,1.11200,2.11100,1.68300,10
4708,2.46553,1.10900,2.36800,1.69500,10
4709,2.19967,1.08300,2.09900,1.69500,10
4710,5.10126,0.98400,2.12000,1.69800,10
4711,1.93732,1.80800,1.95100,1.91400,10
4712,5.58651,1.04900,4.59700,1.69500,10
4713,3.78397,1.85500,3.98100,1.69200,10
4714,2.25190,1.74900,2.30300,1.68700,10
4715,2.03092,1.40300,1.99300,1.72700,10
4716,2.00412,1.34400,2.03500,1.89100,10
4717,2.02312,1.14300,1.97300,1.68200,10
4718,3.26901,1.45200,1.92600,1.73400,10
4719,2.93780,2.82200,2.06200,1.73400,10
4720,2.17820,1.70900,2.64600,1.70500,10
4721,6.31003,2.06500,5.77700,1.71600,10
4722,2.70632,2.16300,2.73700,1.91400,10
4723,3.58257,1.42000,3.25500,1.86500,10
4724,4.04978,1.38300,3.88400,1.71100,10
4725,3.22667,3.08100,3.17100,1.74400,10
4726,3.00510,2.16900,3.11000,1.87200,10
4727,5.09410,1.47900,4.71800,1.72500,10
4728,4.92371,2.05900,4.89600,1.70200,10
4729,4.61708,2.19200,4.56900,1.68700,10
4730,6.98918,2.71900,6.75200,1.85300,10
4731,6.17619,3.26000,5.61800,1.79000,10
4732,3.06813,3.22500,3.13600,1.70400,10
4733,4.13509,1.86900,3.15300,1.66300,10
4734,3.93113,1.61400,4.27500,1.70900,10
4735,4.83654,3.50700,3.97500,1.72100,10
4736,5.50341,2.30700,3.86800,1.69500,10
4737,5.90148,3.10100,5.76300,1.76800,10
4738,5.71351,4.05900,4.47200,1.72200,10
4739,4.14893,2.04800,2.70500,1.68300,10
4740,5.32199,2.70900,5.47100,1.70800,10
4741,4.38589,1.53000,3.65800,1.70900,10
4742,3.74502,2.03900,3.56000,1.68100,10
4743,3.89064,1.62600,3.60400,1.67300,10
4744,6.36209,2.13800,3.65000,1.67800,10
4745,7.33804,2.03900,6.35600,1.69900,10
4746,5.74373,3.78000,5.07300,1.89200,10
4747,2.61944,2.96300,3.04300,1.68000,10
4748,2.61680,1.64000,2.74200,1.71800,10
4749,2.27170,1.21400,2.26200,1.67600,10
4750,2.28978,1.31600,2.29100,1.70500,10
4751,2.18456,1.04900,2.19100,1.71000,10
4752,2.42536,1.04200,2.40400,1.91700,10
4753,2.62731,1.17900,2.60300,1.72500,10
4754,2.47640,1.30200,2.43800,1.71500,10
4755,4.56813,1.57900,2.86500,1.71500,10
4756,3.24511,1.33500,2.80000,1.73900,10
4757,6.50065,2.01100,5.12800,1.68500,10
4758,4.05943,2.44000,3.01400,1.72200,10
4759,2.80592,2.44400,2.33800,1.69600,10
4760,1.99588,1.23000,1.99600,1.70400,10
4761,4.11601,1.09700,2.24600,1.70400,10
4762,1.93577,1.08200,1.94300,1.73800,10
4763,2.27018,1.23100,2.30300,1.71800,10
4764,1.94420,1.21300,1.93300,1.74400,10
4765,2.22526,1.13300,2.15400,1.82200,10
4766,1.89314,1.22300,1.93200,1.70300,10
4767,1.88131,1.20400,1.91000,1.69600,10
4768,2.15707,1.20600,1.97900,1.69600,10
4769,1.98413,1.69000,1.85500,1.69800,10
4770,2.62222,2.79500,2.03400,1.72600,10
4771,4.65486,1.97000,2.93400,1.70600,10
4772,1.96114,1.20800,1.93400,1.70600,10
4773,2.41127,1.14500,2.38600,1.71900,10
4774,1.89527,1.17800,1.84600,1.71900,10
4775,2.28356,1.18300,2.21600,1.72300,10
4776,2.21265,1.03200,1.97300,1.72300,10
4777,2.70087,1.12400,2.46700,1.71100,10
4778,2.00860,1.34700,2.09600,1.70600,10
4779,2.12446,1.88000,2.09100,1.70100,10
4780,1.78969,1.15500,1.78400,1.85100,10
4781,2.12297,1.43300,2.07500,1.69800,10
4782,2.52071,1.04500,2.56500,1.74200,10
4783,1.80604,0.97700,1.78300,1.69100,10
4784,1.93436,1.31700,1.85100,1.91400,10
4785,1.83576,1.45300,1.89400,1.69200,10
4786,2.36724,1.39200,2.35600,1.75900,10
4787,2.02796,1.39500,1.96300,1.75900,10
4788,2.15430,1.27600,2.22100,1.72200,10
4789,2.21994,0.98300,2.17500,1.72500,10
4790,2.08615,1.00400,2.09100,1.72600,10
4791,1.89614,1.06400,1.77900,1.70700,10
4792,2.28555,1.17300,2.31400,1.88600,10
4793,2.66378,1.15600,2.64500,1.74300,10
4794,2.13760,1.10700,2.15700,1.74500,10
4795,2.33119,1.51500,2.20800,1.86900,10
4796,2.01723,1.70600,1.95100,1.67400,10
4797,1.87596,1.47000,1.95100,1.73900,10
4798,3.60267,1.35100,1.89700,1.70400,10
4799,2.81256,1.54400,4.22000,1.66300,10
4800,2.03548,1.44500,2.02600,1.66300,10
4801,2.35412,1.51700,2.34200,1.74400,10
4802,2.17742,1.50000,1.81000,1.74400,10
4803,2.23395,1.55700,2.07100,1.71000,10
4804,2.24607,1.24200,1.99600,1.68200,10
4805,1.90983,1.23300,1.92400,1.68200,10
4806,2.38056,1.02400,2.34300,1.91000,10
4807,2.97386,1.28800,2.97300,1.68200,10
4808,3.41414,2.09300,3.32200,1.73900,10
4809,2.48776,1.57200,2.43400,1.73400,10
4810,1.76760,1.42400,1.88100,1.65400,10
4811,2.04534,1.06900,2.02100,1.72000,10
4812,1.91811,1.15700,1.92800,1.67600,10
4813,1.86548,1.17200,1.85700,1.91000,10
4814,1.94590,1.06100,1.94000,1.70700,10
4815,2.47137,1.07300,2.26800,1.69500,10
4816,2.02269,1.07900,1.91300,1.71000,10
4817,2.75004,1.17500,2.61900,1.72200,10
4818,2.22352,1.13500,2.09400,1.69700,10
4819,2.18566,1.07600,1.92000,1.69700,10
4820,2.44284,1.02900,2.21000,1.84800,10
4821,2.20035,1.06100,2.11000,1.70800,10
4822,2.40470,1.11200,2.28100,1.71200,10
4823,2.19576,1.35800,2.19500,1.71200,10
4824,2.29527,1.13400,2.29800,1.75300,10
4825,2.53334,1.16400,2.29300,1.75300,10
4826,2.50488,1.01600,2.09100,1.77500,10
4827,2.18635,1.00100,2.16000,1.74500,10
4828,1.91727,1.08000,1.87900,1.70200,10
4829,2.03731,0.94700,1.93900,1.68700,10
4830,1.98309,1.81200,2.02700,1.74600,10
4831,1.86797,1.50400,1.87800,1.68400,10
4832,1.96386,1.36200,1.91800,1.68400,10
4833,1.93525,1.26700,1.90200,1.74900,10
4834,2.36889,1.29300,2.07000,1.66700,10
4835,1.57653,1.15300,1.85600,1.71600,10
4836,1.95884,0.99700,1.96500,1.89300,10
4837,2.18181,1.11300,1.92900,1.89300,10
4838,3.30740,1.00200,1.86100,1.74200,10
4839,1.90690,1.21700,1.87600,1.86200,10
4840,3.84547,1.20300,1.83000,1.86200,10
4841,3.12297,1.24500,4.82300,1.69000,10
4842,1.92423,1.30500,1.88900,1.88900,10
4843,1.99125,1.27900,1.83300,1.68600,10
4844,1.97189,1.15900,1.87700,1.66100,10
4845,1.99277,1.47600,1.92800,1.73000,10
4846,1.79073,1.55100,1.72200,1.71800,10
4847,1.94957,1.47200,1.96500,1.67800,10
4848,1.75840,1.45300,1.73600,1.74200,10
4849,2.29819,1.29300,2.21100,1.66800,10
4850,1.92148,1.44800,1.97700,1.71600,10
4851,1.99703,1.34700,1.79900,1.68600,10
4852,2.20719,1.17300,2.07000,1.71900,10
4853,1.87794,1.11300,1.85500,1.70700,10
4854,2.28365,1.39100,2.24700,1.70700,10
4855,2.04062,1.39200,1.84800,1.85200,10
4856,2.15544,1.33500,1.85100,1.70300,10
4857,1.95410,1.10200,1.81500,1.66500,10
4858,3.45062,1.04600,2.35200,1.68400,10
4859,3.26754,1.39100,3.07600,1.71200,10
4860,3.05795,1.09900,2.74400,1.66000,10
4861,2.20439,1.25000,2.21800,1.69500,10
4862,2.20853,1.03000,2.11400,1.74700,10
4863,1.91573,0.98000,2.01100,1.70200,10
4864,2.02200,1.17400,2.01200,1.74800,10
4865,3.61715,0.94900,2.01200,1.63800,10
4866,1.96493,1.08700,1.96500,1.68300,10
4867,2.03398,1.08400,2.04100,1.68300,10
4868,2.04643,1.02600,2.00700,1.85700,10
4869,2.24581,1.25800,2.24200,1.69500,10
4870,1.93230,1.03500,1.92400,1.70600,10
4871,2.71491,1.02300,2.62400,1.76000,10
4872,1.81086,1.57300,1.82800,1.76000,10
4873,1.65530,1.89500,1.67200,1.69400,10
4874,2.05662,1.27900,1.82300,1.70600,10
4875,1.72642,1.38200,1.83900,1.70100,10
4876,2.27907,1.51200,2.18700,1.70100,10
4877,2.81916,1.31600,2.63300,1.69300,10
4878,1.89090,1.23900,1.87700,1.70400,10
4879,2.13468,1.28800,1.92800,1.76200,10
4880,3.37378,1.45400,2.78700,1.87600,10
4881,4.25331,1.82700,4.10700,1.87600,10
4882,4.52886,2.17000,3.96400,1.66900,10
4883,1.96720,1.26600,1.98200,1.66900,10
4884,3.61560,1.02200,2.26100,1.67600,10
4885,2.37035,1.22700,2.43300,1.94800,10
4886,2.15490,1.22200,2.10200,1.71200,10
4887,2.40738,1.17300,2.42500,1.70100,10
4888,2.31420,1.23000,2.31300,1.75500,10
4889,2.33361,1.07400,2.30100,1.66200,10
4890,2.03566,1.07700,2.03800,1.70000,10
4891,2.15344,1.20300,2.15400,1.69500,10
4892,1.82957,1.06100,1.83500,1.88400,10
4893,1.94828,1.16100,1.90600,1.71700,10
4894,2.08155,1.81600,2.06600,1.69700,10
4895,1.95094,1.39600,1.96000,1.70800,10
4896,2.83434,1.62300,2.77700,1.86400,10
4897,1.98941,1.18200,2.05600,1.68800,10
4898,2.31526,1.12300,2.29000,1.71200,10
4899,2.14554,1.09300,2.15400,1.69300,10
4900,1.88962,1.01800,1.88700,1.88800,10
4901,1.95627,1.18300,1.94000,1.71300,10
4902,1.90453,1.02100,1.74500,1.71200,10
4903,3.03641,1.23700,2.94200,1.73200,10
4904,2.02514,1.19400,2.01400,1.68600,10
4905,1.71571,1.01000,1.71200,1.68600,10
4906,2.21117,0.96600,1.99800,1.70800,10
4907,2.57716,0.98700,2.59500,1.68800,10
4908,2.76557,1.18400,2.50700,1.76200,10
4909,2.39347,1.54900,1.94700,1.76200,10
4910,3.00215,1.08200,3.38300,1.70600,10
4911,2.26100,1.50700,1.92200,1.71800,10
4912,1.79980,0.97200,1.76600,1.71800,10
4913,2.84805,1.04900,2.59500,1.72500,10
4914,2.02239,1.14200,1.91000,1.71100,10
4915,1.91303,1.93100,1.91700,1.71900,10
4916,2.23627,1.63000,2.24900,1.70900,10
4917,2.12239,1.42900,2.12700,1.68200,10
4918,2.07984,1.30500,2.05000,1.71300,10
4919,1.83248,1.45400,1.84400,1.72200,10
4920,2.06686,1.30200,2.07400,1.74000,10
4921,2.61321,1.36300,2.57200,1.68700,10
4922,1.97824,1.57000,1.98700,1.70600,10
4923,1.90125,1.37900,1.80700,1.94700,10
4924,1.69459,1.39800,1.78300,1.69200,10
4925,1.76220,1.25800,1.71300,1.66900,10
4926,2.62341,1.32900,1.95700,1.88200,10
4927,3.13522,1.30200,1.81100,1.68600,10
4928,1.92440,1.19100,1.84700,1.68900,10
4929,1.77908,1.15600,1.74100,1.67900,10
4930,2.13739,1.04200,1.97700,1.67900,10
4931,3.31734,1.56300,3.34000,1.92400,10
4932,2.08264,1.13400,2.03900,1.68700,10
4933,2.34941,0.99200,2.35300,1.74300,10
4934,2.11180,0.97200,2.10600,1.72000,10
4935,2.20979,1.09400,2.16200,1.70700,10
4936,1.96532,1.06700,1.96600,1.70900,10
4937,1.83253,1.25200,1.81100,1.67900,10
4938,1.68475,1.17400,1.70100,1.86200,10
4939,2.19652,0.94700,2.10200,1.71100,10
4940,2.60989,0.83900,2.48000,1.71000,10
4941,1.81668,1.24900,1.92000,1.83700,10
4942,2.44583,0.95900,2.41900,1.69100,10
4943,2.16694,1.16200,2.16200,1.72500,10
4944,2.17402,1.30200,2.06400,1.68200,10
4945,1.79214,1.76000,1.84600,1.75600,10
4946,2.09323,1.29000,1.94200,1.90200,10
4947,2.05261,1.15800,2.11800,1.71600,10
4948,1.88187,1.19900,1.87200,1.71600,10
4949,1.92762,1.12000,1.69900,1.67000,10
4950,1.96559,1.10300,1.79300,1.66200,10
4951,1.79346,1.09800,1.78800,1.66200,10
4952,1.90675,1.04300,1.84400,1.70900,10
4953,1.71540,0.97500,1.62300,1.70900,10
4954,1.96202,0.90100,1.76100,1.67400,10
4955,2.68486,1.06000,2.26600,1.70300,10
4956,2.37486,2.37300,1.96000,1.73300,10
4957,1.85516,0.94100,2.00200,1.73300,10
4958,2.09573,1.06400,1.89200,1.70700,10
4959,1.87856,1.01200,1.86600,1.72100,10
4960,1.93085,1.16800,1.91600,1.70100,10
4961,1.97955,1.09100,1.84900,1.67700,10
4962,1.70583,1.90000,1.67900,1.67700,10
4963,2.03406,1.53800,1.86900,1.70900,10
4964,1.82289,1.41300,1.66400,1.70900,10
4965,1.93845,1.45700,1.83800,1.70200,10
4966,1.69502,1.29800,1.57000,1.70200,10
4967,2.56503,1.34800,2.24300,1.68700,10
4968,2.08235,1.17900,2.07400,1.73800,10
4969,3.34267,1.01800,2.01600,1.73800,10
4970,6.54372,1.23800,4.06200,1.69800,10
4971,1.62855,1.36200,2.68000,1.81600,10
4972,2.43036,1.34400,2.43800,1.73800,10
4973,2.14401,1.29400,2.15200,1.71000,10
4974,2.11241,1.06200,2.09900,1.72900,10
4975,2.17910,1.17200,2.15300,1.71600,10
4976,1.83170,1.28400,1.79900,1.88200,10
4977,1.91282,1.00700,1.91500,1.70300,10
4978,2.15845,1.01500,2.13300,1.72300,10
4979,2.90906,1.13500,2.84700,1.73700,10
4980,1.87675,1.59000,1.92900,1.67900,10
4981,2.39514,1.07800,2.37900,1.71000,10
4982,2.01052,1.17500,1.90500,1.72300,10
4983,2.06512,1.49400,2.08900,1.91000,10
4984,1.90829,1.25000,1.95000,1.91000,10
4985,2.92220,1.05300,2.86500,1.68700,10
4986,2.21137,1.06100,2.20700,1.69200,10
4987,2.20078,1.03900,2.19200,1.85200,10
4988,2.09054,1.54600,1.97000,1.75300,10
4989,2.44244,1.45200,2.37900,1.72800,10
4990,2.83651,1.32100,2.69800,1.88400,10
4991,2.29233,1.34100,2.15500,1.73500,10
4992,2.18600,1.61700,2.15200,1.73500,10
4993,2.50459,1.56900,2.20000,1.70200,10
4994,2.37383,1.30700,2.42500,1.73800,10
4995,1.98056,1.34900,1.95900,1.71800,10
4996,1.78043,1.39700,1.81400,1.70800,10
4997,1.84117,1.24300,1.83300,1.71800,10
4998,1.98481,1.09000,2.01800,1.88700,10
4999,1.87674,1.09500,1.66100,1.67600,10
5000,2.49339,1.13900,2.59200,1.70100,10
5001,2.09010,1.45100,2.07700,1.72400,10
5002,2.34824,1.21900,2.30200,1.98800,10
5003,2.20149,1.09300,2.17400,1.70500,10
5004,1.95732,1.19300,1.96600,1.70500,10
5005,2.45027,1.08100,2.46300,1.71300,10
5006,2.44214,1.16700,2.44200,1.88900,10
5007,1.97569,1.09100,1.97400,1.74700,10
5008,2.02437,1.32000,2.00900,1.73100,10
5009,2.05595,1.28200,1.87000,1.70100,10
5010,1.95468,1.83400,2.09200,1.69600,10
5011,2.71661,1.46100,2.32000,1.69000,10
5012,3.97854,1.79000,2.14300,1.73100,10
5013,5.26333,1.41200,6.94800,1.68900,10
5014,3.29143,2.33300,2.65300,1.85900,10
5015,2.43443,1.25000,2.21800,1.69700,10
5016,1.84891,1.65300,1.99700,1.71900,10
5017,2.56687,1.30700,2.51800,1.70300,10
5018,2.47701,1.35800,2.49000,1.92200,10
5019,2.07889,1.08700,2.03700,1.69300,10
5020,2.00901,1.08500,1.95700,1.75800,10
5021,1.97519,1.82900,1.97000,1.72700,10
5022,2.12202,1.41700,2.13100,1.72600,10
5023,4.44745,1.41100,4.42500,1.71600,10
5024,3.70051,1.27100,3.32700,1.65500,10
5025,3.94389,1.99000,3.74300,1.65500,10
5026,4.02807,1.81100,3.44800,1.70900,10
5027,2.45019,1.44300,2.23100,1.70900,10
5028,2.47303,1.58100,2.51800,1.69900,10
5029,1.85126,1.05000,1.70300,1.68100,10
5030,2.56078,1.34900,2.09500,1.88100,10
5031,1.81858,1.22900,1.82600,1.70200,10
5032,2.61179,1.36600,2.53900,1.71700,10
5033,2.08017,1.28900,2.11400,1.70200,10
5034,1.93205,1.32500,1.58300,1.69200,10
5035,1.95689,1.01300,1.71900,1.67900,10
5036,2.34988,1.14700,2.28100,1.69400,10
5037,2.12141,1.00900,2.11500,1.68200,10
5038,1.91957,1.09100,1.92100,1.90200,10
5039,2.22894,0.96300,2.22500,1.74100,10
5040,2.52890,0.95200,2.42200,1.74200,10
5041,4.73857,2.20000,4.78000,1.67300,10
5042,5.86265,2.62300,5.62000,1.72400,10
5043,3.60013,2.54200,3.40700,1.69700,10
5044,5.15833,2.19300,3.79200,1.69900,10
5045,3.63668,2.70000,3.87000,1.67600,10
5046,9.86699,9.20600,9.54500,1.73100,10
5047,6.24266,5.17200,5.39900,1.72100,10
5048,6.39066,3.87900,7.14700,1.72700,10
5049,4.94629,2.81400,4.27200,1.72500,10
5050,4.55542,4.92400,4.76600,1.72500,10
5051,6.40802,1.93200,4.48600,1.69000,10
5052,6.50733,5.98300,3.88600,1.69900,10
5053,2.79752,2.28800,3.07800,1.82600,10
5054,3.49867,1.44800,3.54400,1.69700,10
5055,4.60923,2.00500,3.77500,1.89600,10
5056,3.83416,2.16100,3.78900,1.68000,10
5057,3.38721,1.92500,3.63200,1.68000,10
5058,4.74534,1.31600,4.52000,1.82800,10
5059,4.05579,1.68300,3.74800,1.69500,10
5060,5.08689,2.78500,5.37600,1.73500,10
5061,4.59428,2.09500,4.37400,1.69100,10
5062,5.66012,2.93300,5.67700,1.71500,10
5063,6.21529,3.07300,6.06200,1.85800,10
5064,2.69226,1.95100,2.71400,1.75000,10
5065,2.34061,1.63800,2.41900,1.68200,10
5066,2.12205,1.60200,2.09300,1.68200,10
5067,2.31576,1.30000,2.33200,1.69100,10
5068,2.54942,1.21400,2.53200,1.88800,10
5069,2.12502,1.12000,2.11900,1.68900,10
5070,2.12571,1.14200,2.12600,1.66900,10
5071,2.15616,1.01700,1.95400,1.74700,10
5072,1.83101,1.19100,2.00600,1.70100,10
5073,2.68727,1.21200,2.69400,1.72800,10
5074,1.97546,1.07000,1.95600,1.70100,10
5075,4.54145,1.08900,1.85800,1.68100,10
5076,6.51138,1.43800,7.13800,1.68100,10
5077,3.44683,1.60200,5.20100,1.66200,10
5078,2.82796,1.54300,2.85800,1.69500,10
5079,1.76558,1.32300,1.76800,1.68300,10
5080,2.73785,1.14100,2.69900,1.91200,10
5081,2.97327,1.96100,2.30600,1.71600,10
5082,2.34271,1.34600,2.30400,1.75000,10
5083,2.04518,1.35100,2.10000,1.65200,10
5084,2.08312,1.47100,2.05900,1.68500,10
5085,2.15869,1.48800,2.11800,1.71200,10
5086,2.42145,1.25600,2.43600,1.74200,10
5087,2.10275,1.57300,2.11700,1.87500,10
5088,2.16055,1.11400,2.06200,1.68500,10
5089,2.25173,1.70900,2.25400,1.70200,10
5090,2.23382,1.54800,2.22200,1.73100,10
5091,2.49288,1.48500,2.46800,1.70200,10
5092,2.57476,1.15700,2.57700,1.68700,10
5093,2.79519,1.39000,2.71100,1.68500,10
5094,2.25279,1.20800,2.21500,1.90600,10
5095,2.47613,1.72400,2.50400,1.69400,10
5096,1.92987,1.36000,1.95000,1.72200,10
5097,2.03130,1.17100,1.99500,1.86200,10
5098,2.52576,1.48700,2.53600,1.69600,10
5099,2.01038,1.25900,2.04000,1.70200,10
5100,1.85035,1.08500,1.84800,1.74400,10
5101,5.19081,1.18000,3.17400,1.87600,10
5102,2.83996,1.26200,2.88900,1.68300,10
5103,6.37685,2.84700,6.08500,1.68500,10
5104,3.53322,1.37300,3.29900,1.72700,10
5105,6.45266,1.20100,6.65600,1.74700,10
5106,3.82773,2.15800,3.73800,1.69300,10
5107,3.03060,2.13100,3.03000,1.70300,10
5108,4.03821,1.60100,3.67700,1.65800,10
5109,5.12493,3.05200,5.14500,1.85400,10
5110,3.91683,1.65500,3.85200,1.70300,10
5111,3.60141,1.75900,3.47600,1.71900,10
5112,3.57687,2.10400,3.66500,1.72000,10
5113,3.50878,2.20900,3.48200,1.69600,10
5114,3.66471,1.66100,3.41900,1.68500,10
5115,3.48112,1.64800,3.47000,1.83700,10
5116,5.95377,1.22700,5.94800,1.75400,10
5117,4.92515,1.79400,4.19000,1.88000,10
5118,2.69977,1.11100,2.63400,1.74200,10
5119,1.77363,1.19300,1.76000,1.71300,10
5120,1.93671,1.08300,1.72100,1.67600,10
5121,1.46808,1.16800,1.62600,1.68500,10
5122,2.26061,1.23000,2.18700,1.70100,10
5123,1.68978,1.06800,1.66200,1.67100,10
5124,1.66970,1.16600,1.68900,1.87900,10
5125,2.36005,1.21100,2.18300,1.68300,10
5126,2.05170,1.31600,2.01400,1.71200,10
5127,2.07996,1.26500,2.02300,1.70800,10
5128,2.04250,1.35000,2.06900,1.70800,10
5129,3.36026,1.08800,3.12200,1.75700,10
5130,2.99299,1.25800,2.99600,1.72200,10
5131,2.15471,1.33600,2.13200,1.91600,10
5132,2.04740,1.19300,2.05800,1.70300,10
5133,2.30757,1.22400,2.27600,1.70600,10
5134,2.35107,1.37700,2.26100,1.73800,10
5135,2.44273,1.64000,2.49200,1.70000,10
5136,2.09813,1.44300,2.06900,1.70800,10
5137,2.03302,1.42400,2.05100,1.69400,10
5138,2.64370,1.54000,2.39300,1.87800,10
5139,2.46251,1.37900,2.36200,1.75800,10
5140,2.81031,1.29400,2.50500,1.69800,10
5141,3.23757,1.59900,3.31900,1.69900,10
5142,2.31637,1.27300,2.25300,1.69300,10
5143,2.33490,1.57900,2.35000,1.69100,10
5144,2.13485,1.42700,2.10500,1.73100,10
5145,3.75531,1.42100,1.96200,1.88600,10
5146,3.19091,1.33500,4.77600,1.74400,10
5147,2.39714,1.32100,2.41000,1.66700,10
5148,1.99686,1.18400,1.99300,1.71700,10
5149,3.24526,1.25400,2.58600,1.71900,10
5150,2.52201,1.19700,3.13500,1.72800,10
5151,2.21636,1.46800,2.18900,1.72800,10
5152,2.39266,1.15800,2.33800,1.70900,10
5153,2.76429,1.26900,2.77500,1.74300,10
5154,2.34522,1.51500,2.34700,1.87300,10
5155,2.55858,1.18500,2.57100,1.69400,10
5156,2.46800,1.14900,2.45900,1.69000,10
5157,2.49335,1.26300,2.42000,1.69500,10
5158,2.61403,1.09400,2.52900,1.72400,10
5159,2.34209,1.68900,2.36400,1.69300,10
5160,2.27322,1.56600,2.27900,1.72800,10
5161,2.57702,1.82100,2.54100,1.71300,10
5162,2.10719,1.58100,2.12300,1.73400,10
5163,2.34452,1.35900,2.29600,1.68700,10
5164,2.49833,1.16200,2.46900,1.72200,10
5165,3.26834,3.06700,2.91300,1.68700,10
5166,2.22905,1.44800,2.50600,1.73000,10
5167,2.19241,1.28900,2.15200,1.72400,10
5168,2.23856,1.59300,2.23300,1.85100,10
5169,1.92667,1.45800,1.92400,1.70000,10
5170,1.89269,1.38100,1.85700,1.73700,10
5171,2.20985,1.48000,2.20600,1.70100,10
5172,2.00155,1.39900,2.01200,1.69200,10
5173,2.46965,1.13900,2.44900,1.66000,10
5174,2.35611,1.23400,2.28700,1.75300,10
5175,2.38345,1.55500,2.36800,1.71400,10
5176,2.54579,1.67700,2.51800,1.66900,10
5177,2.75018,1.70400,2.70000,1.70800,10
5178,2.09407,1.40000,2.07600,1.70200,10
5179,2.18029,1.33700,2.12000,1.93000,10
5180,3.47360,1.24900,1.77000,1.66200,10
5181,2.51128,1.28600,2.46200,1.68900,10
5182,2.08014,1.29100,2.08800,1.88700,10
5183,2.13630,1.16700,2.13100,1.71400,10
5184,2.19568,1.25100,2.17100,1.74000,10
5185,2.36335,1.36100,2.37400,1.72500,10
5186,1.92303,1.31900,1.92300,1.87800,10
5187,2.01386,1.29700,1.99600,1.67100,10
5188,5.00856,1.13500,1.90700,1.68000,10
5189,3.69920,1.49400,6.54600,1.70100,10
5190,3.25186,1.22800,3.02600,1.71100,10
5191,3.12506,2.79900,3.29000,1.72800,10
5192,2.71294,1.51000,2.78700,1.70700,10
5193,2.18273,1.27300,2.15400,1.72000,10
5194,2.37340,1.68500,2.34500,1.86600,10
5195,2.68314,1.21400,2.63100,1.68900,10
5196,2.42513,1.66700,2.36900,1.72200,10
5197,2.68116,1.39300,2.74100,1.88200,10
5198,2.67133,1.32700,2.59300,1.74100,10
5199,1.94453,1.91500,1.99000,1.72800,10
5200,2.79552,1.38500,2.69900,1.67200,10
5201,2.10306,1.21800,2.17400,1.67400,10
5202,2.58838,1.15300,2.56800,1.74500,10
5203,2.59205,1.33000,2.59500,1.71800,10
5204,2.13216,1.14100,2.10400,1.69900,10
5205,2.04133,2.15300,1.96500,1.68900,10
5206,1.96567,1.73500,2.04900,1.70600,10
5207,1.97395,1.47100,1.92700,1.71300,10
5208,2.04514,1.33200,1.96900,1.84100,10
5209,2.32055,1.24600,2.40600,1.71400,10
5210,2.21728,1.35300,2.12900,1.71500,10
5211,2.23588,1.68300,2.25600,1.68300,10
5212,2.33897,1.41600,2.32500,1.92000,10
5213,3.01106,1.50200,3.03200,1.71000,10
5214,2.32070,1.52700,2.24400,1.71600,10
5215,1.97509,1.59800,1.92400,1.69300,10
5216,1.86691,1.55700,1.97400,1.71000,10
5217,2.33392,1.41000,2.29800,1.71100,10
5218,2.87085,1.26900,2.84400,1.74500,10
5219,2.60599,1.34600,2.59900,1.90200,10
5220,2.16389,1.60200,2.17800,1.72800,10
5221,2.15098,1.41400,2.07200,1.74100,10
5222,2.47780,1.57400,2.48800,1.73500,10
5223,2.63591,1.96400,2.67000,1.72200,10
5224,1.96881,1.40700,1.94300,1.68600,10
5225,2.16461,1.54100,2.16900,1.76700,10
5226,2.15244,1.72500,2.06000,1.86800,10
5227,1.72517,1.45200,1.79600,1.86800,10
5228,2.47297,1.22700,2.11400,1.72000,10
5229,1.99560,1.32300,2.00600,1.73700,10
5230,3.56920,1.19700,2.04100,1.73700,10
5231,3.59018,1.36900,4.81500,1.72400,10
5232,2.67502,1.36200,2.63600,1.75100,10
5233,2.03639,1.50600,1.99800,1.71500,10
5234,2.14998,1.27900,2.19700,1.70800,10
5235,2.61049,1.18200,2.57600,1.70900,10
5236,2.72323,1.23200,2.67300,1.86800,10
5237,2.63008,1.70100,2.64300,1.71200,10
5238,2.28703,1.64000,2.25900,1.73300,10
5239,2.25287,1.50600,2.25900,1.71900,10
5240,2.01369,1.40500,1.99000,1.87400,10
5241,2.00123,1.27200,2.02200,1.72900,10
5242,1.99740,1.20700,1.95800,1.70500,10
5243,2.10753,1.12500,2.08100,1.70900,10
5244,2.17919,1.51800,2.06300,1.73700,10
5245,2.01087,1.09500,1.99700,1.73000,10
5246,1.97189,1.02500,1.96800,1.70000,10
5247,2.13993,1.11800,2.07400,1.87200,10
5248,2.57200,1.42000,2.21400,1.72900,10
5249,2.05251,1.24800,2.06200,1.72200,10
5250,2.22826,1.22100,2.07600,1.73300,10
5251,1.99521,1.03700,2.14700,1.98900,10
5252,2.54349,1.05400,2.22500,1.70300,10
5253,1.74333,0.97200,2.01200,1.69000,10
5254,2.02748,1.18500,2.00900,1.72000,10
5255,2.03746,1.13700,2.02800,1.89500,10
5256,2.13202,1.01200,1.94200,1.68100,10
5257,1.85468,1.66900,1.97000,1.72000,10
5258,1.88137,1.14400,1.87300,1.68300,10
5259,2.43796,1.16800,2.46200,1.70400,10
5260,2.60897,1.18000,2.60700,1.74400,10
5261,2.02708,1.03100,2.02400,1.66800,10
5262,1.96595,0.99100,1.93300,1.68700,10
5263,2.52893,1.12800,2.54000,1.92300,10
5264,2.64495,1.10000,2.64600,1.72400,10
5265,2.18895,1.08600,2.18800,1.74700,10
5266,2.67236,0.99900,2.65800,1.75700,10
5267,3.08384,0.93100,3.06800,1.72800,10
5268,2.13164,1.02900,2.12700,1.68800,10
5269,2.18051,0.96300,2.16500,1.68800,10
5270,2.00302,1.09500,2.00500,1.70600,10
5271,1.98606,0.99400,1.81400,1.67400,10
5272,1.93969,1.01900,1.93300,1.71100,10
5273,4.53008,0.93100,2.06400,1.70100,10
5274,2.07949,1.25900,2.08600,1.71800,10
5275,1.87087,1.07200,1.82800,1.70900,10
5276,1.82090,1.03600,1.83900,1.71200,10
5277,2.21187,1.08300,2.16600,1.87000,10
5278,2.05305,1.10200,2.00000,1.71000,10
5279,1.94964,1.03400,1.92600,1.70900,10
5280,2.08341,1.05900,2.00400,1.68900,10
5281,1.98563,1.00500,1.87600,1.68900,10
5282,2.50346,1.01900,2.26900,1.69500,10
5283,3.57870,0.99200,3.62900,1.69500,10
5284,3.73062,1.04300,3.22200,1.74500,10
5285,2.20501,1.21600,2.20900,1.72700,10
5286,2.03450,1.08100,2.03300,1.68100,10
5287,2.76816,0.95400,2.75900,1.70600,10
5288,1.96824,1.25000,1.96300,1.67000,10
5289,2.09506,1.13300,2.07400,1.69500,10
5290,2.05613,1.05400,1.91800,1.70800,10
5291,1.99833,1.48700,2.01300,1.85300,10
5292,2.40705,1.14200,2.49100,1.72200,10
5293,2.14479,0.87500,2.13900,1.69800,10
5294,1.97119,1.06600,1.93300,1.70100,10
5295,2.09176,1.09800,2.08300,1.88400,10
5296,1.95562,0.91500,1.90600,1.71500,10
5297,2.11686,0.96400,2.14600,1.72600,10
5298,2.05804,1.01400,2.05500,1.73200,10
5299,1.93456,1.04200,1.88600,1.86200,10
5300,2.00748,1.12900,2.01600,1.70700,10
5301,2.37136,1.19400,2.24700,1.72000,10
5302,2.45326,2.04800,2.46100,1.75600,10
5303,2.01742,1.05800,1.86400,1.68600,10
5304,2.49005,1.08900,2.21200,1.76500,10
5305,2.09206,1.53700,2.36000,1.71600,10
5306,2.33131,1.40500,2.28700,1.89000,10
5307,3.01616,1.86000,2.83000,1.68800,10
5308,1.80776,1.30200,1.92200,1.66000,10
5309,1.83266,1.01900,1.82300,1.69400,10
5310,2.34699,1.04900,2.34300,1.83200,10
5311,1.95700,1.20400,1.95700,1.67500,10
5312,1.99217,1.07400,1.96500,1.73900,10
5313,2.19573,1.58700,2.20200,1.74600,10
5314,2.60015,1.03300,2.57700,1.91300,10
5315,2.62725,1.08500,2.62900,1.68600,10
5316,4.65769,1.43400,2.22100,1.67500,10
5317,2.03272,1.10000,2.07300,1.70800,10
5318,2.31164,1.28700,2.30400,1.70100,10
5319,2.67195,1.12300,2.65900,1.69900,10
5320,2.82580,1.06800,2.61800,1.89800,10
5321,2.28476,1.47700,2.45700,1.72000,10
5322,2.54061,1.26200,2.53300,1.72100,10
5323,2.10122,1.12900,2.10100,1.70500,10
5324,2.50767,0.99900,2.29700,1.72500,10
5325,2.16524,1.02300,2.27900,1.73100,10
5326,2.03448,1.01900,2.06000,1.72200,10
5327,2.00127,1.03100,2.03300,1.72200,10
5328,2.10590,1.20400,2.09100,1.69800,10
5329,1.95116,1.32000,1.94700,1.71400,10
5330,2.45896,1.49600,2.36800,1.76900,10
5331,1.92970,1.58800,2.02300,1.68300,10
5332,1.92432,1.20300,1.87500,1.70100,10
5333,2.01572,0.96100,1.95800,1.72000,10
5334,1.83506,1.07500,1.89100,1.72000,10
5335,2.61496,1.15500,1.74900,1.69400,10
5336,2.16261,1.49700,2.26000,1.72600,10
5337,2.08688,1.45400,2.07800,1.70200,10
5338,2.08076,1.14000,2.04500,1.70700,10
5339,2.17336,1.35800,2.16400,1.88300,10
5340,1.94301,1.24800,1.96000,1.73200,10
5341,2.39529,1.31300,2.25800,1.71400,10
5342,1.84271,1.28700,1.83300,1.75100,10
5343,2.22009,1.16100,2.19400,1.87400,10
5344,2.09208,1.16600,2.08200,1.73000,10
5345,2.08045,1.03000,2.09500,1.69600,10
5346,2.13411,0.94700,2.11200,1.69600,10
5347,2.55793,1.02900,2.25100,1.68100,10
5348,2.25494,1.08700,2.24100,1.69500,10
5349,1.97937,0.99100,1.96300,1.69200,10
5350,2.40872,1.09700,2.31700,1.72100,10
5351,2.28721,1.01300,2.38900,1.89800,10
5352,2.08532,0.99700,1.98800,1.69700,10
5353,1.82794,1.03300,1.89900,1.73200,10
5354,2.56939,0.90500,2.18100,1.71900,10
5355,5.15050,1.48300,4.30400,1.73400,10
5356,4.56346,3.09800,3.46400,1.71800,10
5357,4.47222,3.80400,5.35300,1.71100,10
5358,5.27246,2.18500,4.85500,1.74400,10
5359,4.95634,3.67500,4.21000,1.74400,10
5360,6.85925,2.79100,5.87700,1.69600,10
5361,7.15548,3.23100,6.49300,1.85900,10
5362,7.39454,5.34300,7.17200,1.76400,10
5363,5.91835,5.66400,6.03200,1.78100,10
5364,5.47980,3.78800,5.28800,1.73200,10
5365,7.06924,3.96000,6.84500,1.91300,10
5366,7.94872,5.42300,7.89300,1.82100,10
5367,3.31943,2.69200,3.14700,1.70600,10
5368,4.63356,2.92300,3.31400,1.73100,10
5369,4.51042,2.13000,4.27100,1.69200,10
5370,4.91863,2.11400,4.81600,1.71100,10
5371,3.90526,1.97800,3.93400,1.71500,10
5372,4.16556,2.10500,3.66000,1.69700,10
5373,7.05165,1.97600,6.90600,1.88400,10
5374,4.26041,2.67700,4.17400,1.71800,10
5375,6.06838,3.57400,6.20300,1.71600,10
5376,3.95859,3.09000,4.00200,1.73100,10
5377,2.48677,1.72000,2.47000,1.69300,10
5378,2.01753,1.63200,2.02800,1.66900,10
5379,2.03301,1.47600,2.06100,1.91200,10
5380,1.93385,1.18400,1.94100,1.68100,10
5381,1.92192,1.17700,1.93100,1.67700,10
5382,2.25057,1.14500,2.22100,1.75000,10
5383,2.80828,1.57300,2.54600,1.89700,10
5384,2.31942,1.29400,2.57900,1.71100,10
5385,2.42250,1.26300,2.41500,1.73300,10
5386,2.31421,1.15200,2.28600,1.70300,10
5387,2.20586,1.35300,2.20800,1.71300,10
5388,2.29932,1.28100,2.28600,1.75500,10
5389,4.48923,1.31600,2.77600,1.67100,10
5390,2.28955,1.43200,2.30500,1.66200,10
5391,2.13997,1.29200,2.10100,1.69700,10
5392,2.57843,1.17100,2.59600,1.71700,10
5393,2.29216,1.22200,2.29200,1.86600,10
5394,2.63487,1.10200,2.60000,1.68800,10
5395,2.15719,1.08900,2.14500,1.72700,10
5396,2.55558,1.13500,2.56500,1.97400,10
5397,3.23927,2.75700,3.24100,1.70500,10
5398,1.67788,1.26200,1.66800,1.71100,10
5399,2.26355,1.24100,2.24800,1.71100,10
5400,2.14284,1.38100,2.11000,1.71100,10
5401,2.09821,1.27100,1.98400,1.72600,10
5402,2.33359,0.97200,2.29100,1.69600,10
5403,2.02647,1.17400,2.02400,1.73800,10
5404,2.02478,1.20100,2.03800,1.74700,10
5405,4.05348,1.10000,1.84300,1.67800,10
5406,1.63483,1.35900,1.73400,1.67400,10
5407,2.27792,1.33300,2.16400,1.67800,10
5408,2.06475,1.29200,2.10400,1.88500,10
5409,1.71632,1.28300,1.72700,1.75700,10
5410,2.35755,1.12000,1.93800,1.69400,10
5411,2.55649,1.63800,2.30400,1.86900,10
5412,1.63803,1.20600,2.12400,1.69200,10
5413,2.08742,0.95100,2.00500,1.69200,10
5414,2.44244,2.47200,1.76200,1.73000,10
5415,3.46086,1.01000,3.29900,1.68200,10
5416,3.03390,1.46400,3.00600,1.71500,10
5417,2.61578,1.80600,2.62800,1.73000,10
5418,3.03876,1.35900,2.15500,1.67600,10
5419,2.03981,1.16600,2.03200,1.71400,10
5420,2.00924,1.07900,1.78600,1.69300,10
5421,2.08564,1.29000,2.25400,1.87500,10
5422,2.19511,1.22200,2.08300,1.70200,10
5423,2.38539,1.54600,2.28000,1.75400,10
5424,2.83994,1.44600,2.77800,1.70800,10
5425,2.33034,1.68400,2.36900,1.87500,10
5426,2.38531,1.28800,2.31400,1.73100,10
5427,2.03717,1.61400,2.11300,1.71600,10
5428,2.25354,1.17500,2.24700,1.88200,10
5429,2.03446,1.19300,2.01000,1.69700,10
5430,2.30945,1.07400,2.30000,1.78400,10
5431,2.12138,1.09200,1.90300,1.78400,10
5432,2.16527,1.05700,2.09700,1.70000,10
5433,2.50846,1.11900,2.42500,1.69400,10
5434,2.18905,1.07800,2.19100,1.74400,10
5435,1.97864,1.20400,1.96600,1.72100,10
5436,2.66685,0.94900,2.60900,1.89800,10
5437,2.37364,1.06700,2.38900,1.70300,10
5438,2.16279,1.60700,2.04500,1.70300,10
5439,1.98659,0.98200,1.81900,1.71300,10
5440,2.53027,1.18600,2.12100,1.74600,10
5441,2.44493,1.10600,2.45300,1.71400,10
5442,4.03752,1.00900,4.12400,1.67000,10
5443,6.84132,1.06000,6.72700,1.70400,10
5444,2.06789,1.31100,2.18600,1.70300,10
5445,1.96735,1.57500,1.76700,1.70300,10
5446,2.00421,1.22200,1.80200,1.73100,10
5447,3.83165,1.11900,1.85500,1.70200,10
5448,3.14501,1.21200,4.83300,1.67400,10
5449,2.49872,1.02000,2.38600,1.72600,10
5450,2.67303,1.86900,2.72000,1.85400,10
5451,2.11000,1.21800,2.10600,1.68500,10
5452,2.14970,1.06100,2.15900,1.71200,10
5453,1.98431,1.08200,1.90300,1.71200,10
5454,2.11343,1.09200,1.99000,1.68000,10
5455,3.19470,1.68000,3.21100,1.87200,10
5456,1.88841,1.00900,1.85200,1.65400,10
5457,2.00284,1.31200,2.01500,1.68200,10
5458,2.47658,1.10300,2.43600,1.71900,10
5459,2.32634,1.09400,2.13200,1.71600,10
5460,1.69771,0.97800,1.83300,1.72000,10
5461,2.76306,1.74600,2.79600,1.66600,10
5462,2.27562,1.10900,2.03900,1.66600,10
5463,1.96958,1.32400,1.90400,1.69000,10
5464,1.66910,1.12700,1.59700,1.70000,10
5465,2.47888,1.18400,2.14300,1.92200,10
5466,1.80509,0.94400,1.73500,1.92200,10
5467,2.67980,0.93200,2.42000,1.70200,10
5468,3.03370,1.09700,2.31500,1.70100,10
5469,2.59207,1.58900,2.82500,1.89800,10
5470,2.61220,1.14000,2.57400,1.68400,10
5471,1.99117,1.23700,2.00000,1.68600,10
5472,2.22057,1.16200,2.07800,1.71100,10
5473,2.11997,1.80500,2.14500,1.70100,10
5474,2.09050,1.35200,2.07500,1.69300,10
5475,2.21938,1.29400,2.20100,1.72400,10
5476,2.85469,1.25500,2.83800,1.89000,10
5477,2.31587,1.15700,2.34200,1.72500,10
5478,2.76791,1.46200,2.75500,1.76200,10
5479,2.49206,1.27500,2.22400,1.90100,10
5480,2.37567,1.05800,2.36000,1.67200,10
5481,2.81124,1.08100,2.49300,1.71000,10
5482,1.82307,1.52500,2.10100,1.72900,10
5483,2.20510,1.42300,2.19600,1.92300,10
5484,2.50899,1.16200,2.50600,1.67400,10
5485,2.60346,1.22800,2.58100,1.77200,10
5486,3.74930,2.73100,3.54500,1.74100,10
5487,2.52747,2.18600,2.57100,1.71900,10
5488,2.13891,1.12300,2.13000,1.73000,10
5489,2.06686,0.89400,2.00200,1.69600,10
5490,3.23538,1.01300,1.88100,1.69600,10
5491,2.98670,0.95800,4.19100,1.67800,10
5492,1.90328,1.26800,1.88400,1.67800,10
5493,2.01651,1.13400,1.84200,1.70700,10
5494,3.62447,0.95000,1.82000,1.66000,10
5495,2.60544,1.05800,2.62800,1.66000,10
5496,11.08853,1.10200,2.32300,1.87600,10
5497,3.92368,1.85300,12.14700,1.66300,10
5498,2.70085,1.66400,2.75300,1.72200,10
5499,2.47724,1.53200,2.48200,1.73600,10
5500,2.01636,1.30600,2.01500,1.68300,10
5501,2.11777,1.29600,2.04600,1.70800,10
5502,2.17252,1.46100,2.21100,1.87100,10
5503,3.20409,1.24000,2.67900,1.69900,10
5504,6.48716,2.22500,2.77100,1.87700,10
5505,2.16388,1.62300,2.13300,1.70000,10
5506,2.05672,1.45800,2.04400,1.71300,10
5507,2.43514,1.34900,2.42500,1.73500,10
5508,2.24980,1.33400,2.25000,1.74300,10
5509,2.11763,1.01900,2.11300,1.70500,10
5510,2.32688,1.07400,2.33100,1.71800,10
5511,1.99266,1.18700,1.90200,1.90500,10
5512,2.00654,1.24400,2.06600,1.69500,10
5513,2.40439,1.17100,2.40200,1.75800,10
5514,2.28555,1.03800,2.28900,1.74900,10
5515,2.70295,1.15000,2.62100,1.69400,10
5516,2.60316,1.24700,2.50100,1.74600,10
5517,2.65279,1.11800,2.17900,1.66300,10
5518,1.97540,1.31600,2.01000,1.83600,10
5519,2.02711,1.04700,2.03000,1.68800,10
5520,2.10493,1.15300,2.10900,1.71600,10
5521,2.44739,1.14900,1.83300,1.70800,10
5522,1.63157,1.37800,2.22900,1.70900,10
5523,2.01168,1.18100,2.00600,1.67200,10
5524,1.95991,1.20900,1.95600,1.70900,10
5525,1.89384,1.02300,1.85200,1.71900,10
5526,2.17254,0.97200,1.94800,1.88700,10
5527,2.34476,1.17300,2.09000,1.71400,10
5528,2.35851,1.46200,2.34200,1.70500,10
5529,2.00587,0.96900,2.00800,1.87100,10
5530,2.17862,0.92000,2.14800,1.67100,10
5531,2.39938,1.06500,2.37600,1.72600,10
5532,2.30384,1.17600,2.27300,1.72600,10
5533,2.66827,1.30100,2.40000,1.86800,10
5534,3.43905,1.07200,2.09900,1.86800,10
5535,3.66811,1.02100,4.65000,1.68500,10
5536,2.79781,1.10600,2.76800,1.71300,10
5537,2.42660,1.24400,2.34600,1.71300,10
5538,5.53156,1.04200,3.53800,1.66100,10
5539,4.24462,1.56300,4.07900,1.68500,10
5540,2.61298,2.67900,2.42400,1.68500,10
5541,1.87544,1.05200,1.69400,1.83700,10
5542,2.01931,0.85900,1.84500,1.75000,10
5543,2.05787,0.93200,1.95000,1.69700,10
5544,1.77879,1.00800,1.82600,1.67900,10
5545,1.97194,1.10800,1.96400,1.88700,10
5546,2.12058,1.56500,1.97900,1.72400,10
5547,2.26355,1.15000,2.12500,1.75700,10
5548,2.25630,1.67600,2.32200,1.68100,10
5549,1.89686,1.34800,1.85200,1.70300,10
5550,1.93536,1.47100,1.96100,1.69400,10
5551,2.46719,1.15900,2.41900,1.69600,10
5552,2.44410,1.34200,2.30300,1.69600,10
5553,3.20958,1.21900,2.95400,1.69200,10
5554,2.02455,1.76200,2.05100,1.71800,10
5555,1.77012,1.26800,1.71700,1.85100,10
5556,2.06573,1.13600,2.01800,1.71300,10
5557,2.38342,1.11400,2.16500,1.69200,10
5558,1.89350,0.98300,1.78900,1.69200,10
5559,3.36420,1.10800,2.43700,1.72000,10
5560,2.10075,1.23000,2.09600,1.72000,10
5561,2.31707,1.02600,2.28000,1.67400,10
5562,2.03993,1.14300,2.03200,1.70800,10
5563,2.10547,1.20000,2.09400,1.68000,10
5564,1.95182,1.07900,1.94300,1.73100,10
5565,2.06418,1.00600,2.04800,1.76300,10
5566,2.20982,1.05900,2.20700,1.71300,10
5567,2.00596,1.05200,2.00500,1.89200,10
5568,2.63794,1.17900,2.54000,1.71100,10
5569,2.47645,1.67600,2.54400,1.69700,10
5570,2.16397,1.32700,2.14500,1.67200,10
5571,2.14694,1.10600,2.11400,1.67200,10
5572,3.00047,1.26800,2.47000,1.73900,10
5573,2.11589,1.77100,2.15800,1.68600,10
5574,2.48756,1.08700,2.32500,1.88400,10
5575,1.96220,1.38600,2.05900,1.71400,10
5576,1.94401,1.52200,1.89700,1.68300,10
5577,1.86322,1.32300,1.79400,1.73000,10
5578,4.16381,1.31800,1.97000,1.64500,10
5579,2.12102,1.53800,2.11100,1.67600,10
5580,2.38915,1.50500,2.39900,1.69700,10
5581,2.45990,1.29200,2.45500,1.87400,10
5582,2.03811,1.37600,1.98600,1.71700,10
5583,2.01131,1.19200,2.03700,1.75700,10
5584,1.98119,1.07900,1.95300,1.71000,10
5585,2.35335,1.11600,2.33100,1.71300,10
5586,2.26598,1.17300,2.25600,1.70700,10
5587,2.70637,1.04900,2.70400,1.72100,10
5588,1.95963,1.10800,1.90000,1.70300,10
5589,2.40971,1.79300,2.44200,1.70300,10
5590,3.01471,1.10000,2.77800,1.69000,10
5591,2.07219,1.00700,1.85200,1.68700,10
5592,1.95125,1.02900,1.93700,1.68300,10
5593,2.17383,0.95200,2.12600,1.71700,10
5594,2.13997,1.52000,2.15100,1.71700,10
5595,2.67116,1.04000,2.08900,1.69000,10
5596,2.83649,1.06900,2.83200,1.95700,10
5597,2.22251,1.05800,2.19600,1.67000,10
5598,2.83409,1.17800,2.76800,1.75900,10
5599,2.50313,1.78300,2.19000,1.75900,10
5600,3.49280,1.37900,3.61600,1.72400,10
5601,2.21745,1.37400,2.23100,1.72100,10
5602,2.37035,1.20300,2.35200,1.91400,10
5603,2.48957,1.24100,2.48200,1.68300,10
5604,2.32691,1.33900,2.30300,1.74700,10
5605,2.33767,1.25800,2.29000,1.66500,10
5606,3.56989,1.10400,2.04700,1.69200,10
5607,1.74622,1.17800,2.64200,1.68300,10
5608,2.00156,1.97800,2.58700,1.67500,10
5609,2.01656,1.39400,2.06400,1.86100,10
5610,1.89845,1.29600,1.79800,1.67300,10
5611,2.44498,1.19600,2.39000,1.72800,10
5612,2.11711,1.41800,2.07700,1.88100,10
5613,2.06256,1.31700,1.85700,1.74100,10
5614,1.77603,1.48500,1.99000,1.70300,10
5615,1.98199,1.51000,1.99100,1.73300,10
5616,1.90120,1.11700,1.88800,1.72300,10
5617,2.17291,1.06400,1.96300,1.72300,10
5618,2.38221,1.75300,1.86100,1.73000,10
5619,2.06623,1.36700,2.03200,1.73400,10
5620,2.57110,1.43900,2.56400,1.73400,10
5621,4.17648,1.48700,2.63000,1.72400,10
5622,2.14489,1.55400,2.16500,1.71200,10
5623,2.23547,1.35900,2.16200,1.69200,10
5624,2.27323,1.57300,2.25600,1.71900,10
5625,2.32307,1.31600,2.30000,1.71900,10
5626,2.37650,1.27500,2.31300,1.70300,10
5627,2.42475,1.40100,2.37500,1.82700,10
5628,2.16168,1.69600,2.20600,1.72300,10
5629,1.78833,1.54200,1.82400,1.73200,10
5630,2.65351,1.33800,2.57800,1.76200,10
5631,1.97032,1.60700,1.95200,1.86100,10
5632,1.90148,1.47700,1.90500,1.70400,10
5633,1.94189,1.45700,1.94900,1.70100,10
5634,2.02289,1.52800,1.99600,1.71100,10
5635,2.06085,1.16200,2.03200,1.67300,10
5636,1.83669,1.19400,1.79800,1.71600,10
5637,2.31420,1.23300,2.28100,1.70100,10
5638,2.68785,1.53700,2.60600,1.68600,10
5639,2.32662,1.43700,2.33000,1.89300,10
5640,2.04362,1.41500,2.04400,1.69100,10
5641,1.69305,1.35600,1.69800,1.72500,10
5642,1.99999,1.26200,1.93400,1.72900,10
5643,1.82789,1.44800,1.87600,1.86400,10
5644,4.67554,1.47200,2.08100,1.70300,10
5645,2.83427,1.24400,5.18500,1.74700,10
5646,5.84176,1.90400,5.31100,1.72800,10
5647,3.74467,1.63800,3.77900,1.69400,10
5648,3.77953,2.35700,3.70000,1.71100,10
5649,5.21878,2.22500,5.22200,1.69900,10
5650,2.25243,2.33100,2.38900,1.69900,10
5651,4.13846,1.53700,3.64100,1.83500,10
5652,2.45448,1.16700,2.75900,1.72000,10
5653,4.40271,1.40600,4.19500,1.67200,10
5654,2.82404,1.48600,2.95300,1.66600,10
5655,3.46072,2.35300,3.40000,1.70200,10
5656,5.88427,1.16200,4.84600,1.68000,10
5657,4.24802,1.11100,4.18800,1.67000,10
5658,4.28968,1.63300,4.10900,1.88900,10
5659,3.27377,2.21300,3.20900,1.67100,10
5660,3.27389,2.16200,2.75300,1.68600,10
5661,1.86511,1.13200,1.85400,1.68600,10
5662,2.00701,0.95500,1.99600,1.74400,10
5663,2.09154,0.96400,2.09800,1.69600,10
5664,2.09723,0.87100,1.85300,1.69600,10
5665,6.18617,0.87100,3.81000,1.67600,10
5666,6.20360,2.62900,5.87600,1.70600,10
5667,6.58005,3.96200,6.48500,1.71400,10
5668,3.75586,2.96400,3.84800,1.71000,10
5669,4.52861,2.42400,4.70100,1.83700,10
5670,4.65839,2.81500,4.43000,1.67800,10
5671,4.41064,1.23500,3.96500,1.90100,10
5672,5.14323,1.96400,4.03200,1.70600,10
5673,6.44953,2.52900,6.07500,1.71700,10
5674,6.27373,3.68200,6.28700,1.71600,10
5675,5.36656,8.32500,5.02300,1.70000,10
5676,3.62473,2.00200,3.75700,1.71700,10
5677,4.07951,2.51200,3.72800,1.69600,10
5678,6.77184,3.16800,6.73800,1.71900,10
5679,5.63994,4.39500,5.30300,1.73300,10
5680,3.12035,3.60300,3.42400,1.67800,10
5681,3.77785,3.29200,3.54100,1.87900,10
5682,4.15950,1.51800,3.85600,1.71800,10
5683,4.16510,2.08500,4.72100,1.68300,10
5684,3.89120,1.86200,3.88900,1.70600,10
5685,4.84917,1.55600,4.84900,1.90700,10
5686,4.83479,2.24600,4.36300,1.75900,10
5687,5.69434,2.63000,5.84900,1.69200,10
5688,4.05125,2.94400,3.75800,1.69300,10
5689,6.38454,3.35700,6.52100,1.69800,10
5690,4.04217,3.02600,4.08400,1.71500,10
5691,2.39275,1.69700,2.43200,1.67600,10
5692,2.10381,1.34900,2.05000,1.70700,10
5693,1.93414,1.67700,1.98000,1.70700,10
5694,1.88834,1.41600,1.86700,1.70200,10
5695,1.93147,1.40900,1.83700,1.70700,10
5696,1.81895,1.43800,1.79700,1.69300,10
5697,2.01892,1.22300,1.96100,1.72900,10
5698,2.02564,1.20500,2.06600,1.75200,10
5699,2.88078,1.13800,2.86700,1.73800,10
5700,2.19179,1.09000,2.19600,1.73100,10
5701,2.86969,1.22400,2.23600,1.68400,10
5702,2.27492,1.63100,2.86100,1.75800,10
5703,2.25774,1.34700,2.29600,1.85400,10
5704,5.82447,1.06400,5.47600,1.69400,10
5705,5.94606,1.50500,5.83400,1.69200,10
5706,4.00298,1.44100,3.83700,1.71300,10
5707,2.99567,1.57300,3.04700,1.81600,10
5708,4.39246,1.29700,4.41700,1.81600,10
5709,4.60434,1.26600,4.35400,1.85700,10
5710,3.67912,1.05600,3.83600,1.73100,10
5711,5.52277,2.22600,4.18900,1.73100,10
5712,4.53591,2.26600,5.17900,1.67600,10
5713,4.50190,1.33900,3.24800,1.71200,10
5714,3.76013,1.86500,3.13100,1.68600,10
5715,4.74812,1.57900,3.44500,1.70200,10
5716,4.14819,1.69500,4.14400,1.69800,10
5717,4.31327,2.51800,4.00600,1.69500,10
5718,3.24870,1.74300,3.52800,1.69500,10
5719,5.45782,1.91400,4.82400,1.70400,10
5720,3.30570,1.97500,2.88700,1.70000,10
5721,3.29775,2.67300,3.32600,1.69600,10
5722,3.77498,3.50000,3.70100,1.68700,10
5723,4.56412,1.72300,4.94300,1.70300,10
5724,4.07455,1.46400,4.07400,1.69300,10
5725,3.79113,1.59500,3.43800,1.67700,10
5726,2.97845,1.73100,2.90000,1.72600,10
5727,4.93880,1.52400,3.92400,1.87500,10
5728,4.43720,1.23100,4.48300,1.70500,10
5729,4.04236,1.26200,2.43700,1.70500,10
5730,6.96885,1.06800,7.45400,1.67900,10
5731,3.32271,2.25500,3.69100,1.71700,10
5732,4.60942,1.63100,4.34000,1.68100,10
5733,3.06106,1.96700,3.33600,1.86600,10
5734,3.38330,1.96200,3.11300,1.71400,10
5735,4.14575,1.70400,4.15500,1.88400,10
5736,3.73327,1.54500,3.36900,1.66100,10
5737,3.25524,1.40300,3.03300,1.67200,10
5738,4.11202,1.80400,2.89400,1.70200,10
5739,3.52530,1.42700,3.77600,1.69500,10
5740,4.44729,1.05200,2.55400,1.69900,10
5741,5.25108,1.16500,4.85500,1.85000,10
5742,4.41297,1.75800,3.79100,1.67300,10
5743,3.80793,1.77100,2.87200,1.85700,10
5744,3.98143,1.94600,3.89000,1.71800,10
5745,5.56747,2.27000,3.78800,1.70500,10
5746,2.02005,1.25000,2.19900,1.70500,10
5747,5.30036,1.27700,4.46500,1.68200,10
5748,6.10007,1.70800,4.80500,1.72100,10
5749,3.87625,1.41700,3.17300,1.70900,10
5750,4.81019,1.49400,3.54800,1.76400,10
5751,3.48387,2.91700,3.71900,1.76400,10
5752,7.33807,2.27800,5.58800,1.88200,10
5753,3.75346,2.02600,2.48100,1.69000,10
5754,1.71418,1.21300,1.70000,1.69100,10
5755,2.81980,0.97600,1.47400,1.69100,10
5756,2.70839,0.88000,3.68900,1.73100,10
5757,2.00134,1.54400,1.83000,1.69200,10
5758,2.01321,1.40900,1.98600,1.87800,10
5759,2.60214,1.05700,2.56500,1.71100,10
5760,2.33777,1.03700,2.34400,1.71500,10
5761,2.07091,1.20300,1.98400,1.69300,10
5762,2.13677,1.75300,2.17500,1.70300,10
5763,2.10133,1.55900,2.08500,1.64400,10
5764,2.40617,1.25200,2.41000,1.72300,10
5765,1.94401,1.18200,1.92800,1.68800,10
5766,2.29936,1.14600,2.10300,1.92100,10
5767,2.10256,1.16700,2.29300,1.70800,10
5768,2.14921,1.19600,2.15800,1.71900,10
5769,3.21934,1.08100,2.93900,1.71100,10
5770,4.71714,1.43800,3.23500,1.67800,10
5771,3.99748,1.59700,4.11100,1.66800,10
5772,6.33062,1.83000,5.65700,1.71500,10
5773,2.47133,1.79900,2.52300,1.66900,10
5774,2.03777,1.10900,2.03700,1.74400,10
5775,1.73975,0.91200,1.72000,1.73100,10
5776,1.84947,0.98000,1.80300,1.67100,10
5777,1.79442,1.03200,1.77300,1.84000,10
5778,1.95747,1.03400,1.96800,1.71800,10
5779,2.29709,1.17200,2.27700,1.68800,10
5780,2.09321,1.02000,2.10200,1.71400,10
5781,2.05189,1.22400,2.04600,1.66500,10
5782,2.30262,1.07200,2.30000,1.74100,10
5783,1.92560,1.09500,1.93100,1.70700,10
5784,2.02137,1.06000,2.00200,1.67600,10
5785,2.85227,1.00300,2.83200,1.85700,10
5786,2.84170,1.30400,2.79200,1.69800,10
5787,1.91932,1.52000,1.91100,1.69400,10
5788,2.09786,1.46100,2.06400,1.73600,10
5789,1.99233,1.58200,2.00500,1.73600,10
5790,2.13700,1.21100,2.02100,1.68400,10
5791,2.16696,1.18100,2.14900,1.69600,10
5792,1.98592,1.06200,1.99900,1.73200,10
5793,2.77208,0.95400,2.21800,1.70200,10
5794,1.38990,1.09800,1.90300,1.70200,10
5795,2.45006,1.17100,2.27500,1.69900,10
5796,2.06684,1.01700,2.07400,1.68100,10
5797,1.98479,1.06000,1.96900,1.68100,10
5798,4.27138,1.04500,2.01100,1.70800,10
5799,2.97540,1.16100,4.91500,1.73400,10
5800,2.22407,1.03800,1.82200,1.70000,10
5801,1.77565,1.05900,1.72000,1.70000,10
5802,2.31046,1.13900,2.16000,1.85600,10
5803,1.69746,0.90800,1.67400,1.85600,10
5804,2.18092,1.37400,1.98700,1.74800,10
5805,1.87812,2.03500,1.91600,1.74800,10
5806,2.21560,1.36200,2.06600,1.71400,10
5807,2.56893,1.23300,2.36400,1.90000,10
5808,2.68718,1.02900,2.14800,1.69100,10
5809,3.34860,1.89800,2.07000,1.69100,10
5810,3.75008,1.35400,4.85800,1.67500,10
5811,1.74510,1.45500,1.77200,1.66400,10
5812,2.14822,1.42900,1.87600,1.66400,10
5813,3.03978,1.59700,3.02800,1.89200,10
5814,1.69243,1.59600,1.77000,1.66300,10
5815,1.92806,1.06300,1.86000,1.65100,10
5816,1.80173,1.32300,1.83100,1.69900,10
5817,1.70162,1.06600,1.69100,1.83200,10
5818,1.80647,0.93700,1.73700,1.66400,10
5819,1.81426,1.10600,1.67900,1.66400,10
5820,1.85093,0.99800,1.61600,1.69600,10
5821,2.10933,0.96700,1.74700,1.66400,10
5822,3.32923,2.54200,2.52200,1.66400,10
5823,2.86802,2.81200,3.49000,1.69200,10
5824,2.13350,1.60700,1.99600,1.67200,10
5825,2.18600,1.25300,2.06100,1.70800,10
5826,1.83426,1.26200,1.85200,1.72000,10
5827,2.02546,1.45100,1.94500,1.69100,10
5828,2.42285,1.24400,2.49000,1.69100,10
5829,3.28316,1.70100,2.90000,1.71900,10
5830,2.70989,1.44100,2.71300,1.69300,10
5831,2.14671,1.25100,2.00900,1.88500,10
5832,1.97079,1.12700,2.09300,1.71200,10
5833,1.96281,1.06100,1.96400,1.68600,10
5834,2.29779,1.25800,2.09000,1.75900,10
5835,2.32631,1.76000,2.46200,1.72400,10
5836,1.83450,1.37400,1.82500,1.86300,10
5837,2.30154,1.57400,2.09200,1.70800,10
5838,1.98858,1.16200,1.98000,1.76100,10
5839,1.91002,1.02500,1.90300,1.75400,10
5840,2.07764,1.21400,2.05000,1.67100,10
5841,3.77460,1.16400,1.96400,1.68000,10
5842,2.25365,1.23500,2.27500,1.69900,10
5843,3.32415,1.68900,3.31500,1.87100,10
5844,1.78197,1.14500,1.76000,1.70900,10
5845,1.83794,0.95500,1.83400,1.71600,10
5846,2.78393,0.98600,2.77900,1.90200,10
5847,2.21210,1.46200,2.21400,1.69400,10
5848,2.10790,1.09000,2.10700,1.79200,10
5849,2.12659,1.06700,2.10700,1.70200,10
5850,1.84579,1.00000,1.84900,1.70200,10
5851,3.26738,0.97000,2.31500,1.72900,10
5852,2.24259,1.56200,2.27300,1.71400,10
5853,2.75606,1.38000,2.78700,1.68100,10
5854,3.33665,1.20200,3.32000,1.70600,10
5855,3.24122,1.53200,2.65400,1.73000,10
5856,2.29117,1.09000,2.06800,1.87200,10
5857,1.84301,1.74900,1.85300,1.69700,10
5858,1.99193,1.13800,1.96700,1.68900,10
5859,2.01789,1.05100,2.03300,1.72100,10
5860,2.10998,1.20700,2.01500,1.86300,10
5861,1.96531,1.61100,1.98000,1.71500,10
5862,2.37108,1.28400,2.37600,1.70500,10
5863,2.79826,1.07900,2.79800,1.69200,10
5864,2.00216,1.21400,2.00100,1.91900,10
5865,2.30706,0.99600,2.30700,1.71000,10
5866,1.99838,1.00500,1.98000,1.71800,10
5867,2.05051,1.18300,1.97800,1.71800,10
5868,1.85370,1.01900,1.80600,1.68900,10
5869,1.86195,1.11900,1.87200,1.67800,10
5870,2.41730,0.93000,1.97300,1.68300,10
5871,2.65992,1.53900,2.45300,1.68300,10
5872,3.14672,2.15500,2.89800,1.86900,10
5873,3.43542,1.49200,2.98800,1.85200,10
5874,1.84032,1.81000,1.92200,1.71600,10
5875,1.93784,1.13700,1.77800,1.70700,10
5876,2.13623,1.41300,2.14500,1.70400,10
5877,3.28170,1.60800,3.21700,1.72800,10
5878,2.36754,1.70600,2.38100,1.88600,10
5879,2.94856,1.39800,2.47200,1.69100,10
5880,3.68403,3.55800,4.14400,1.75500,10
5881,2.17583,1.42600,2.16900,1.70100,10
5882,2.46006,1.48600,2.45400,1.71800,10
5883,1.87168,1.42600,1.84800,1.69800,10
5884,5.22050,1.50200,2.26300,1.70300,10
5885,2.26225,1.57000,2.28200,1.72700,10
5886,2.37568,1.50500,2.39700,1.91600,10
5887,2.59085,1.43400,2.54900,1.68700,10
5888,2.36507,1.53900,2.37200,1.68500,10
5889,2.12767,1.84400,2.00300,1.68900,10
5890,3.03579,1.82700,3.04300,1.72400,10
5891,2.42510,1.53100,2.42100,1.68000,10
5892,2.23462,1.46200,2.23600,1.72600,10
5893,2.49629,1.49300,2.48200,1.70300,10
5894,2.63082,1.33800,2.57900,1.69600,10
5895,2.03017,1.61700,2.04600,1.69700,10
5896,2.10620,1.32400,2.08700,1.74700,10
5897,2.38707,1.32800,2.37900,1.85600,10
5898,2.34247,1.27800,2.31700,1.71800,10
5899,2.72611,1.31300,2.68300,1.72300,10
5900,2.95778,1.27200,2.95000,1.89000,10
5901,4.68829,1.50200,4.53000,1.71900,10
5902,3.21320,3.47000,3.09900,1.71900,10
5903,2.55424,1.31900,2.79700,1.69400,10
5904,2.32216,1.29500,2.31800,1.83500,10
5905,2.50423,1.17400,2.43500,1.72700,10
5906,2.55373,1.87400,2.58400,1.68100,10
5907,2.53451,1.45900,2.51900,1.72200,10
5908,2.92584,1.45600,2.88200,1.68600,10
5909,2.53595,1.59000,2.52100,1.74600,10
5910,2.28809,1.61200,2.31300,1.71100,10
5911,2.74446,1.46300,2.72900,1.71600,10
5912,2.37894,1.49400,2.35500,1.84400,10
5913,3.26469,1.85300,2.39900,1.84400,10
5914,3.51245,1.64400,4.05700,1.92700,10
5915,2.56726,1.73800,2.57400,1.73300,10
5916,2.44570,1.59200,2.42300,1.72000,10
5917,2.31395,1.55600,2.32000,1.70300,10
5918,2.78594,1.23300,2.59500,1.69300,10
5919,1.94507,1.57400,2.11900,1.68000,10
5920,2.28395,1.56100,2.29000,1.70900,10
5921,2.33067,1.58500,2.20400,1.88300,10
5922,2.29140,1.55700,2.24400,1.72900,10
5923,2.03777,1.75900,2.02800,1.73700,10
5924,1.94828,1.30800,1.95500,1.73700,10
5925,2.02698,1.44700,1.95000,1.74000,10
5926,3.74487,1.35900,2.02500,1.72400,10
5927,4.14015,1.41400,5.39300,1.70100,10
5928,2.86493,1.38000,2.75000,1.73000,10
5929,2.53510,1.51500,2.55400,1.69900,10
5930,2.89480,1.68900,2.83600,1.73600,10
5931,2.29269,2.04500,2.31300,1.70000,10
5932,2.54998,1.64200,2.52800,1.71200,10
5933,2.35537,1.84000,2.38500,1.70900,10
5934,2.57282,1.32200,2.46700,1.93000,10
5935,2.42590,1.29400,2.52200,1.68100,10
5936,2.26323,1.25700,2.25500,1.73000,10
5937,4.03195,1.23600,2.66200,1.88300,10
5938,2.38837,1.33300,2.34500,1.70500,10
5939,2.16975,1.25400,2.16500,1.73400,10
5940,2.04555,1.13000,2.02700,1.89100,10
5941,2.32413,1.14300,2.33400,1.67300,10
5942,2.55808,1.42100,2.29900,1.70100,10
5943,2.29369,1.16000,1.96800,1.71800,10
5944,2.79956,1.19800,2.54600,1.73500,10
5945,1.83066,1.44300,1.99300,1.72200,10
5946,2.40122,2.07200,2.43100,1.68900,10
5947,2.88593,1.36000,2.86900,1.72300,10
5948,2.36402,1.14900,2.31200,1.73700,10
5949,2.19552,1.88100,2.19500,1.71800,10
5950,2.12584,1.52900,2.13900,1.73200,10
5951,2.00459,1.26000,1.99700,1.89300,10
5952,2.56302,1.32400,2.42200,1.72700,10
5953,2.56971,1.24300,2.26900,1.70200,10
5954,3.02402,1.67600,2.85900,1.91500,10
5955,2.45142,1.83500,2.41600,1.67300,10
5956,2.19750,1.29800,2.22200,1.69600,10
5957,2.48632,1.28100,2.45700,1.69500,10
5958,1.97641,1.45000,1.94300,1.69200,10
5959,2.47952,1.79100,2.46000,1.74400,10
5960,2.08028,1.56500,2.10300,1.72200,10
5961,2.52755,1.52400,2.49300,2.02200,10
5962,3.21732,1.35900,3.19400,1.70000,10
5963,2.14250,1.54200,2.18000,1.70600,10
5964,1.99793,1.33000,1.99000,1.69100,10
5965,2.08404,1.14700,2.07200,1.84300,10
5966,2.16989,1.09500,2.17600,1.71200,10
5967,2.03380,1.11400,2.02600,1.71200,10
5968,4.23013,1.52900,1.74900,1.76800,10
5969,3.57394,1.30300,5.56200,1.73900,10
5970,2.33408,1.70700,2.35700,1.69400,10
5971,2.06694,1.31100,2.04500,1.71800,10
5972,2.05821,1.15600,2.00700,1.75400,10
5973,2.22860,1.08600,2.23100,1.71200,10
5974,2.05304,1.05800,1.97200,1.66400,10
5975,1.96956,1.22700,2.01800,1.66400,10
5976,2.03073,1.35700,2.00000,1.87800,10
5977,2.01873,0.97500,1.85900,1.74100,10
5978,2.09786,1.08900,2.06500,1.71700,10
5979,2.34102,0.92400,2.33300,1.87500,10
5980,1.93083,1.19700,1.90200,1.71500,10
5981,2.61248,0.99400,2.37600,1.72200,10
5982,1.72005,1.30300,1.87500,1.67700,10
5983,2.33657,1.03600,2.30000,1.73500,10
5984,2.00636,0.99400,1.98300,1.71200,10
5985,1.90735,1.15700,1.88500,1.70100,10
5986,2.87586,1.09500,2.88100,1.76400,10
5987,2.33811,1.16800,2.33900,1.69300,10
5988,1.99525,0.90200,1.96700,1.66900,10
5989,2.48401,1.03900,2.01700,1.70500,10
5990,1.50097,1.13000,1.91000,1.72800,10
5991,2.16997,0.94600,2.15100,1.71100,10
5992,1.95068,0.93800,1.93700,1.70900,10
5993,1.85168,1.05100,1.84100,1.71700,10
5994,1.65833,0.98800,1.63100,1.71700,10
5995,2.26049,1.03500,2.07100,1.87300,10
5996,2.06793,0.92100,1.96900,1.68900,10
5997,3.20198,1.17200,2.85300,1.72000,10
5998,1.59689,0.95300,1.98100,1.72000,10
5999,2.19061,0.92100,1.96400,1.69900,10
6000,1.89942,0.89700,1.88900,1.70400,10
6001,1.88770,1.37800,1.82700,1.72600,10
6002,1.63889,1.69100,1.66300,1.66600,10
6003,1.95651,1.29300,1.80300,1.69700,10
6004,2.76401,1.27100,2.76600,1.74000,10
6005,1.88266,0.99400,1.85600,1.68600,10
6006,2.24047,1.05200,2.20900,1.72300,10
6007,2.05367,1.22900,2.07600,1.88900,10
6008,1.99212,1.11700,1.98700,1.74500,10
6009,1.98938,1.01700,1.98200,1.72000,10
6010,3.43178,0.95000,1.71400,1.72000,10
6011,3.14892,1.02900,4.51100,1.65100,10
6012,1.90293,1.22500,1.82600,1.69800,10
6013,2.12293,1.02300,2.06000,1.74700,10
6014,3.66200,2.37800,2.20000,1.71400,10
6015,2.74580,1.74400,2.63900,1.68300,10
6016,3.36965,1.52100,2.06200,1.68300,10
6017,3.51183,1.41400,4.41200,1.72300,10
6018,2.80210,1.45000,2.83000,1.71600,10
6019,1.99616,1.39100,1.99100,1.72000,10
6020,1.89721,1.29400,1.89700,1.70200,10
6021,1.92509,1.08200,1.90100,1.72000,10
6022,1.70625,1.07000,1.72400,1.72000,10
6023,3.08121,1.01100,2.35200,1.85800,10
6024,4.33022,2.28800,2.87400,1.69000,10
6025,4.18517,1.02500,3.53700,1.72400,10
6026,3.80258,1.65600,4.44100,1.73100,10
6027,4.58616,1.44500,4.55700,1.69600,10
6028,6.38591,1.26900,5.06200,1.68800,10
6029,3.07557,1.57200,2.54200,1.85800,10
6030,5.56886,1.76400,3.65000,1.76400,10
6031,3.82730,1.16000,3.91700,1.69500,10
6032,5.48563,1.97900,5.22600,1.72500,10
6033,11.05684,2.01800,9.13100,1.78900,10
6034,8.48809,3.21000,7.48400,1.72600,10
6035,5.86583,3.47000,5.69700,1.72000,10
6036,6.22066,5.91500,6.33900,1.71800,10
6037,5.77489,2.91500,5.70700,1.72300,10
6038,5.63777,2.78800,5.56700,1.76300,10
6039,3.49730,2.77200,3.59100,1.73500,10
6040,3.42722,3.35800,3.40600,1.87700,10
6041,4.05448,2.09900,3.68300,1.75300,10
6042,3.81679,2.12700,3.51900,1.75300,10
6043,4.87328,1.67500,3.81600,1.69500,10
6044,4.40427,1.35400,4.73600,1.70700,10
6045,7.26763,3.45100,6.52500,1.75400,10
6046,7.85976,5.47900,6.82000,1.70000,10
6047,4.26884,3.98900,4.43800,1.90100,10
6048,2.29668,1.78500,2.66900,1.70000,10
6049,2.56466,1.49300,2.53000,1.72500,10
6050,2.03861,1.52800,2.08200,1.69100,10
6051,1.72746,1.42200,1.72600,1.69100,10
6052,2.28110,1.25900,2.08400,1.76000,10
6053,1.66523,1.24000,1.81400,1.74000,10
6054,1.72903,1.17200,1.72400,1.85100,10
6055,1.83922,1.10500,1.76000,1.85100,10
6056,2.08221,1.08500,1.90700,1.70000,10
6057,5.04701,1.12700,2.75800,1.73500,10
6058,2.36385,1.42800,2.35100,1.74700,10
6059,2.95678,1.84200,2.94600,1.70500,10
6060,2.71207,1.63500,2.70100,1.89200,10
6061,4.86811,1.73900,4.63700,1.74300,10
6062,4.00256,2.84900,4.24300,1.76000,10
6063,2.73814,1.96900,2.38600,1.74800,10
6064,2.54543,1.59900,2.31200,1.69500,10
6065,2.30132,1.52000,2.08400,1.88600,10
6066,2.22427,1.26400,2.12700,1.71500,10
6067,2.54243,1.94200,2.56900,1.73200,10
6068,3.16377,1.99400,3.08700,1.72400,10
6069,2.79738,1.37200,2.81500,1.70600,10
6070,2.51132,1.57600,2.49400,1.70300,10
6071,3.11774,1.87300,2.53500,1.70200,10
6072,1.81095,2.52000,2.32200,1.74000,10
6073,2.28864,1.48500,2.35700,1.70400,10
6074,2.30347,1.34000,2.19300,1.70200,10
6075,2.20193,1.85000,2.25400,1.85600,10
6076,2.08507,1.70300,2.09800,1.68300,10
6077,2.18708,1.48500,2.04300,1.71500,10
6078,2.36488,1.56500,2.45300,1.71600,10
6079,2.38149,1.39700,2.41000,1.89500,10
6080,2.40794,1.21100,2.40600,1.70700,10
6081,2.45298,1.21600,2.42900,1.69200,10
6082,2.07717,1.11700,2.08200,1.71000,10
6083,1.97863,1.20000,1.90000,1.73600,10
6084,2.23080,1.52800,2.23000,1.68800,10
6085,2.33436,1.31500,2.37200,1.71400,10
6086,2.13923,1.44600,2.09700,1.88100,10
6087,2.75464,1.53700,2.54000,1.68900,10
6088,2.75154,1.56700,2.44100,1.70000,10
6089,2.74201,1.19800,2.70500,1.71500,10
6090,2.40331,1.36500,2.41300,1.71700,10
6091,2.44746,1.18000,2.44300,1.69400,10
6092,2.14939,1.30400,2.15000,1.71200,10
6093,2.49954,1.04000,2.47800,1.91300,10
6094,3.41121,1.35900,3.26700,1.91300,10
6095,1.89481,1.10800,2.01900,1.73500,10
6096,2.53989,1.03300,2.19100,1.67900,10
6097,2.44726,1.52900,2.22800,1.70600,10
6098,2.10542,1.25600,2.13900,1.68100,10
6099,2.48312,1.33200,2.31800,1.71200,10
6100,3.05513,1.17700,2.25900,1.71200,10
6101,3.80845,1.18600,4.51100,1.73900,10
6102,2.52733,1.23700,2.52100,1.68200,10
6103,2.48456,1.15500,2.48100,1.69900,10
6104,3.04981,1.21300,3.02400,1.74800,10
6105,2.46926,1.24600,2.48100,1.92400,10
6106,3.13808,1.26100,3.06500,1.70800,10
6107,4.42851,2.42100,2.99200,1.73500,10
6108,5.14297,2.63500,4.61600,1.71000,10
6109,2.44287,1.93800,2.42000,1.69600,10
6110,2.10528,1.53900,2.13400,1.90200,10
6111,2.19422,1.53200,2.17500,1.73000,10
6112,2.15934,1.45600,2.16900,1.75300,10
6113,2.78193,1.21100,2.39600,1.69200,10
6114,3.05467,1.84000,3.10000,1.85700,10
6115,2.21488,1.38600,2.22600,1.68200,10
6116,1.99769,1.35300,2.00300,1.66900,10
6117,2.14478,1.28200,2.09700,1.85800,10
6118,2.10572,1.61600,2.07700,1.71200,10
6119,2.12784,1.45400,2.16600,1.71100,10
6120,1.95363,1.13700,1.93800,1.75700,10
6121,1.97920,1.15300,2.00000,1.70400,10
6122,3.00964,1.07900,1.82500,1.70400,10
6123,2.61929,1.04200,3.59200,1.67900,10
6124,2.10086,1.02000,1.98600,1.88600,10
6125,2.11566,1.17900,2.01700,1.69900,10
6126,3.91395,1.08100,3.88800,1.71500,10
6127,2.66678,1.33500,2.58900,1.68700,10
6128,2.35961,1.87500,2.42300,1.70500,10
6129,2.42732,1.29500,2.41800,1.71500,10
6130,2.37153,1.00700,2.34000,1.69300,10
6131,2.07910,1.42100,2.09400,1.88300,10
6132,2.24779,1.17500,2.23900,1.70300,10
6133,2.05322,1.38900,1.99800,1.68500,10
6134,2.09811,1.46700,2.10600,1.68500,10
6135,2.50664,1.10900,2.29700,1.68700,10
6136,2.39614,1.16000,2.37800,1.70200,10
6137,2.22221,1.25900,2.15000,1.70200,10
6138,2.03651,2.07300,2.02500,1.90200,10
6139,1.75964,1.54200,1.78700,1.72200,10
6140,1.77457,1.24600,1.77900,1.70300,10
6141,2.10736,1.36400,2.08600,1.73000,10
6142,2.32333,1.18400,2.29000,1.70300,10
6143,3.72802,1.08400,1.70500,1.70300,10
6144,2.04178,0.90500,1.83500,1.69800,10
6145,1.92426,1.08900,1.80000,1.68700,10
6146,1.93012,1.28100,1.95500,1.86200,10
6147,2.28676,1.19100,2.14500,1.74500,10
6148,2.15132,1.17000,2.16500,1.74800,10
6149,2.33768,1.25200,2.33500,1.69700,10
6150,2.18220,1.19900,1.95600,1.67500,10
6151,2.08699,1.03200,2.05000,1.71200,10
6152,1.96265,1.06500,1.97000,1.69000,10
6153,1.83933,1.02000,1.78900,1.67100,10
6154,1.76768,1.02500,1.76900,1.85300,10
6155,1.82782,0.98200,1.76800,1.67500,10
6156,2.08050,1.24600,1.93100,1.68500,10
6157,1.98868,1.82500,2.07600,1.67600,10
6158,2.07825,1.14200,2.06100,1.84400,10
6159,1.73539,1.05500,1.72600,1.71000,10
6160,2.08709,0.92000,1.63700,1.71000,10
6161,2.75779,0.93300,2.96800,1.65400,10
6162,1.77868,0.99800,1.77900,1.65400,10
6163,2.18808,1.30200,1.75100,1.68600,10
6164,1.90194,1.16300,1.80700,1.74000,10
6165,2.20927,1.98900,2.20600,1.68400,10
6166,2.06287,1.56500,2.08700,1.68400,10
6167,4.70305,1.66400,4.49400,1.69600,10
6168,4.72507,1.88800,2.63300,1.89200,10
6169,2.62284,1.26300,2.61400,1.71200,10
6170,2.08104,1.32700,2.06100,1.73200,10
6171,2.31071,1.39700,2.30500,1.86500,10
6172,2.03937,1.41900,2.04400,1.70200,10
6173,2.15346,1.29200,2.14600,1.77900,10
6174,2.02332,1.31400,2.03000,1.69000,10
6175,1.87890,1.11900,1.86600,1.90400,10
6176,1.84925,1.30700,1.85600,1.70800,10
6177,1.66814,1.00800,1.66800,1.70800,10
6178,2.36013,0.97300,2.15100,1.74900,10
6179,1.89625,1.13900,1.88800,1.71600,10
6180,2.12839,1.04000,2.10900,1.72900,10
6181,1.93504,0.96000,1.91000,1.71500,10
6182,2.09104,1.29300,2.11500,1.73000,10
6183,2.14348,1.15700,1.98400,1.88400,10
6184,1.85379,1.48600,1.93200,1.68500,10
6185,2.03184,1.53000,1.96200,1.68500,10
6186,4.44032,1.38700,2.74100,1.73100,10
6187,2.50548,1.44300,2.41900,1.96400,10
6188,2.55208,1.53000,2.40400,1.72700,10
6189,2.79274,1.42000,2.54800,1.69200,10
6190,2.19111,1.69400,2.21700,1.72000,10
6191,3.25536,1.55100,3.17500,1.69200,10
6192,2.41300,1.50600,2.47000,1.72700,10
6193,2.16732,1.24900,2.13700,1.71700,10
6194,2.08162,1.47800,2.09200,1.73500,10
6195,3.20411,1.48900,2.06200,1.67700,10
6196,3.00210,1.58100,2.31800,1.71700,10
6197,2.71138,1.25100,2.70800,1.69600,10
6198,3.22715,1.34000,2.35000,1.69900,10
6199,1.56629,1.59000,1.90700,1.69900,10
6200,5.45514,1.10500,5.21600,1.68400,10
6201,2.03437,1.16800,2.00600,1.66400,10
6202,2.46536,1.14200,2.45600,1.90400,10
6203,2.15878,1.12500,2.18700,1.90400,10
6204,2.16489,1.03800,1.77500,1.72100,10
6205,2.92282,1.01700,2.85100,1.72300,10
6206,1.83634,0.89100,1.82500,1.70300,10
6207,2.28544,0.95200,2.27700,1.69700,10
6208,1.82905,0.94300,1.81100,1.71000,10
6209,2.34746,1.06800,1.96100,1.90700,10
6210,1.90431,1.20900,2.27200,1.68800,10
6211,2.38572,1.10400,2.37600,1.71800,10
6212,2.22026,1.21500,2.14300,1.70900,10
6213,2.43893,1.25100,2.31700,1.84900,10
6214,2.39696,1.70400,2.47300,1.68900,10
6215,1.96120,1.22300,1.96100,1.73300,10
6216,2.00137,1.21700,2.01100,1.71700,10
6217,2.36133,1.06200,2.29800,1.90200,10
6218,1.82353,0.96300,1.84200,1.67100,10
6219,1.95835,0.94500,1.95000,1.70400,10
6220,2.41094,1.12600,2.27100,1.73500,10
6221,1.90286,1.51300,1.99100,1.74100,10
6222,2.03721,1.07400,2.02700,1.72000,10
6223,2.23295,1.19200,2.08800,1.73400,10
6224,2.02513,1.74700,2.04700,1.73900,10
6225,2.25585,1.69000,2.11100,1.73900,10
6226,2.33913,1.70000,2.05100,1.75900,10
6227,4.85485,1.32900,2.15600,1.68200,10
6228,1.96128,1.55300,1.95900,1.84200,10
6229,2.92805,1.31100,1.70500,1.84200,10
6230,3.83154,1.05000,4.76500,1.88600,10
6231,1.90373,1.17200,1.94400,1.69700,10
6232,1.85267,1.39400,1.83600,1.70100,10
6233,1.78598,1.22100,1.80100,1.72000,10
6234,2.10866,1.16200,2.06300,1.70400,10
6235,1.85593,1.16300,1.87800,1.71100,10
6236,2.24647,1.22500,2.21400,1.70800,10
6237,2.01389,1.04800,1.82600,1.70800,10
6238,1.89225,0.90100,1.64400,1.67700,10
6239,2.85768,1.23000,2.29400,1.92100,10
6240,2.62670,1.28400,2.54800,1.69700,10
6241,2.25205,1.32300,2.29600,1.72200,10
6242,1.95232,1.22300,1.99100,1.88000,10
6243,1.81680,1.05300,1.76600,1.69500,10
6244,1.93919,1.03400,1.97600,1.71300,10
6245,1.88485,1.01100,1.86400,1.67200,10
6246,1.69516,1.41700,1.67700,1.67200,10
6247,2.46049,1.03100,2.19700,1.71100,10
6248,1.79551,1.23600,1.89700,1.71700,10
6249,2.12136,1.14200,2.09200,1.71700,10
6250,3.39392,1.44300,3.05400,1.74100,10
6251,3.69900,1.88100,3.01000,1.70000,10
6252,2.70978,1.55400,2.62500,1.66000,10
6253,2.00736,1.63500,2.11000,1.85300,10
6254,1.75262,1.37500,1.72500,1.69700,10
6255,2.09622,1.32000,2.05200,1.72000,10
6256,2.11657,1.36700,2.14100,1.68800,10
6257,1.85379,1.34100,1.85000,1.83500,10
6258,2.24001,1.24000,2.22100,1.70900,10
6259,1.91628,1.10400,1.93500,1.75400,10
6260,1.70032,1.27400,1.63700,1.68000,10
6261,1.67087,1.44300,1.68900,1.68000,10
6262,3.08487,1.31800,2.74100,1.71900,10
6263,2.74876,1.14700,2.75300,1.67800,10
6264,2.22112,1.15600,2.22200,1.66400,10
6265,2.20347,1.25400,2.08900,1.72100,10
6266,2.04649,1.02400,1.97400,1.76200,10
6267,2.05604,1.31600,2.13300,1.72500,10
6268,2.12440,1.83500,2.08900,1.89400,10
6269,2.10708,1.51300,2.12400,1.70000,10
6270,2.97528,1.33800,2.54300,1.71600,10
6271,3.74177,1.44300,3.74900,1.71600,10
6272,3.62536,1.12000,3.37000,1.71200,10
6273,2.18189,1.47500,2.17100,1.70300,10
6274,2.04859,1.51500,1.99300,1.90900,10
6275,2.06175,1.47700,2.09600,1.70800,10
6276,2.42548,1.46100,2.42500,1.71900,10
6277,2.07043,1.32700,1.89700,1.74200,10
6278,1.66638,1.29800,1.81600,1.67700,10
6279,2.07338,1.11200,1.88900,1.71700,10
6280,1.94328,1.14600,1.95900,1.69600,10
6281,2.33764,1.58900,2.10200,1.71200,10
6282,2.69982,1.43300,2.73300,1.91600,10
6283,2.33084,1.54000,2.33000,1.71100,10
6284,1.87938,1.32900,1.89400,1.70500,10
6285,2.02501,1.24300,1.89000,1.74000,10
6286,2.01591,1.19800,2.07100,1.90500,10
6287,2.51613,1.52300,2.53100,1.68700,10
6288,2.58751,1.54600,2.54100,1.74100,10
6289,2.07019,1.51700,2.06100,1.71100,10
6290,1.99533,1.36400,2.02700,1.68700,10
6291,1.82667,1.08200,1.82100,1.70800,10
6292,2.59215,1.23200,2.58500,1.77600,10
6293,2.46478,1.08100,2.45900,1.68800,10
6294,2.44223,1.13200,2.44200,1.67400,10
6295,2.39854,1.13300,2.36000,1.66600,10
6296,2.53620,1.19700,2.45700,1.81700,10
6297,2.13608,1.49200,2.22500,1.87700,10
6298,2.24547,1.15200,2.21600,1.75000,10
6299,2.25416,0.98000,2.26400,1.72100,10
6300,2.08054,1.00200,2.01800,1.68700,10
6301,2.04657,1.25500,2.08800,1.86300,10
6302,2.10068,1.25600,2.08700,1.70200,10
6303,2.08174,1.12400,2.05400,1.70600,10
6304,1.94374,1.17400,1.90500,1.68100,10
6305,2.23932,1.65500,2.26200,1.92100,10
6306,2.19718,1.15100,2.05000,1.92100,10
6307,2.73588,1.17300,2.31000,1.71800,10
6308,3.58115,1.84700,3.42400,1.73200,10
6309,2.00895,1.30700,1.93800,1.72400,10
6310,1.98512,1.77300,2.02100,1.67600,10
6311,2.16013,1.05800,1.71000,1.68600,10
6312,1.78632,1.93800,2.05400,1.92800,10
6313,3.64369,1.47800,1.98500,1.92800,10
6314,3.30261,1.38400,4.58400,1.69100,10
6315,3.05967,1.31800,2.95100,1.78200,10
6316,1.95190,1.20400,1.90800,1.69300,10
6317,2.05811,1.11300,2.09400,1.69900,10
6318,2.66543,1.04000,2.59300,1.87300,10
6319,2.09844,1.09300,2.03200,1.69300,10
6320,1.91494,1.46400,1.91500,1.70500,10
6321,2.43954,1.39900,2.49100,1.76400,10
6322,1.95156,0.96500,1.95500,1.75400,10
6323,2.26838,1.09400,2.22900,1.71600,10
6324,2.26523,0.94800,2.26000,1.70800,10
6325,1.93762,0.97600,1.92200,1.70800,10
6326,2.00718,1.16600,1.99700,1.72200,10
6327,1.94553,1.08000,1.75200,1.87100,10
6328,2.20444,1.00900,2.00600,1.69900,10
6329,2.47017,1.23300,2.28800,1.69900,10
6330,4.89416,1.17200,2.27300,1.73000,10
6331,2.26790,1.34400,2.23700,1.72900,10
6332,1.91929,1.61700,1.92900,1.88000,10
6333,2.13150,1.38400,2.13200,1.73400,10
6334,4.69182,1.31800,4.68900,1.72000,10
6335,2.39663,1.08700,2.40100,1.68900,10
6336,1.98553,1.08100,1.97800,1.67800,10
6337,2.90938,0.92000,2.41900,1.68500,10
6338,2.79432,1.67200,3.04200,1.70100,10
6339,7.20032,1.31100,6.66100,1.75700,10
6340,4.09819,1.49700,3.91200,1.70200,10
6341,3.49817,2.06300,3.59500,1.71700,10
6342,3.94552,1.72000,3.67700,1.86500,10
6343,3.73063,1.64200,3.73600,1.71400,10
6344,4.63897,1.62000,3.98600,1.73800,10
6345,6.31858,1.25300,6.21000,1.71200,10
6346,4.22656,1.80800,4.03300,1.72000,10
6347,4.30504,3.20000,4.10900,1.72400,10
6348,8.60786,3.59500,8.68200,1.79700,10
6349,3.20656,3.81300,3.09000,1.66900,10
6350,5.92697,4.94300,5.61200,1.71000,10
6351,3.66917,2.33500,3.69300,1.71700,10
6352,3.46347,1.93000,3.48900,1.87800,10
6353,8.78061,2.46900,7.06200,1.71800,10
6354,3.84587,3.67700,3.95400,1.71300,10
6355,4.56030,2.94700,4.37300,1.86700,10
6356,7.28688,2.83900,6.83100,1.73000,10
6357,4.96794,2.05200,4.46200,1.71000,10
6358,2.99705,2.01700,3.50600,1.68800,10
6359,6.12260,1.62600,6.02200,1.70800,10
6360,3.28009,1.95900,3.10700,1.71300,10
6361,5.96826,2.48500,5.92500,1.70400,10
6362,3.84907,3.04300,3.85100,1.69600,10
6363,4.12421,2.41100,4.15200,1.70100,10
6364,2.90918,1.95500,2.80200,1.70200,10
6365,2.24190,1.80900,2.29800,1.69300,10
6366,2.00332,1.49200,2.01300,1.71600,10
6367,2.08457,1.50500,2.10300,1.72000,10
6368,2.23088,1.17700,2.20100,1.70500,10
6369,2.09146,1.36800,2.11700,1.69300,10
6370,1.78373,1.38600,1.79000,1.69300,10
6371,2.36773,1.47900,1.93600,1.70300,10
6372,2.17758,1.27400,2.46300,1.86700,10
6373,2.54228,1.42800,2.49500,1.69000,10
6374,2.82106,1.38600,2.83000,1.71800,10
6375,2.58835,1.33900,2.55600,1.89600,10
6376,2.86382,1.21500,2.70000,1.74100,10
6377,2.57320,1.17500,2.58400,1.73900,10
6378,2.23843,1.14400,2.22100,1.70600,10
6379,1.97615,1.10800,1.98500,1.69000,10
6380,2.04179,1.20000,2.02300,1.70500,10
6381,2.27449,1.34000,2.21400,1.72600,10
6382,1.97177,1.51800,2.00700,1.88300,10
6383,2.13469,1.36900,2.06300,1.72100,10
6384,2.35891,1.58500,2.36200,1.70500,10
6385,2.50469,1.51700,2.51600,1.74700,10
6386,2.27894,1.32800,2.23900,1.90100,10
6387,2.10297,1.31100,2.13100,1.68300,10
6388,1.93105,1.34600,1.83500,1.70100,10
6389,2.77075,1.61700,2.78200,1.72900,10
6390,2.16622,1.50600,2.15400,1.68700,10
6391,2.08528,1.21900,2.11400,1.69800,10
6392,2.04594,1.22500,2.03900,1.69900,10
6393,1.90213,0.99400,1.85500,1.69300,10
6394,1.70085,1.56200,1.70900,1.69100,10
6395,1.77552,1.04900,1.78900,1.69500,10
6396,2.01335,1.09100,1.84300,1.71000,10
6397,1.84704,1.19500,1.84800,1.71000,10
6398,3.13016,1.87900,2.91400,1.66800,10
6399,2.11878,1.06600,1.94600,1.71500,10
6400,2.02786,1.21800,2.04600,1.74700,10
6401,3.18826,0.99100,1.86900,1.74700,10
6402,4.13443,1.01700,4.97700,1.72600,10
6403,3.01088,1.69000,2.14300,1.72600,10
6404,3.62795,1.09000,3.70700,1.75500,10
6405,3.41788,1.02600,3.56600,1.69100,10
6406,2.72984,1.06000,2.46100,1.70500,10
6407,4.86456,1.20600,3.63400,1.66700,10
6408,3.48492,3.01800,3.01400,1.85900,10
6409,4.10357,1.64200,4.28600,1.69400,10
6410,4.62843,1.33900,4.41600,1.71900,10
6411,5.46435,1.66800,5.05700,1.71100,10
6412,4.44664,1.26000,3.08100,1.95900,10
6413,4.81528,1.00000,3.95400,1.71700,10
6414,2.27351,1.31000,2.44600,1.67300,10
6415,3.07763,1.40900,3.06800,1.67300,10
6416,3.03227,1.13200,3.01400,1.66400,10
6417,3.27551,1.42400,3.23600,1.70300,10
6418,3.60248,1.65300,3.49700,1.68200,10
6419,3.33843,2.13500,3.44300,1.84000,10
6420,3.91552,1.93400,3.91700,1.67600,10
6421,3.46033,1.46900,3.36000,1.69900,10
6422,3.94765,2.06500,3.86000,1.71100,10
6423,3.83334,1.77900,3.80800,1.67600,10
6424,3.42998,1.27600,3.18700,1.71100,10
6425,3.65011,1.80000,3.21000,1.68900,10
6426,5.19495,2.75800,4.75300,1.68400,10
6427,3.67362,2.02600,3.10600,1.67800,10
6428,3.89367,1.99200,3.89000,1.66400,10
6429,3.22396,1.65400,3.25200,1.71500,10
6430,3.39196,2.01400,3.25800,1.87800,10
6431,3.23078,1.37300,3.17400,1.69600,10
6432,4.23950,1.66400,3.88000,1.71700,10
6433,3.16130,2.51600,3.50600,1.67600,10
6434,2.22284,2.02700,2.16600,1.71500,10
6435,2.26951,1.61400,2.30200,1.71800,10
6436,2.17401,1.04000,1.80400,1.71800,10
6437,2.86064,0.88400,2.99000,1.70800,10
6438,1.95895,0.91900,1.92000,1.70000,10
6439,2.19436,0.92500,2.18200,1.83800,10
6440,2.14830,1.04500,2.13800,1.74600,10
6441,2.25568,1.17200,2.22300,1.71200,10
6442,3.23143,1.38100,3.23600,1.68200,10
6443,2.29625,1.11100,2.29200,1.70100,10
6444,1.82508,0.96600,1.83900,1.73300,10
6445,1.83765,0.97400,1.81900,1.73500,10
6446,2.99509,1.08000,1.90700,1.73500,10
6447,2.89925,1.12400,3.68800,1.67900,10
6448,2.57601,1.34700,2.41300,1.70800,10
6449,2.37336,1.22800,2.36400,1.73200,10
6450,3.42422,1.24000,2.99800,1.68100,10
6451,2.54735,1.43200,2.56000,1.72500,10
6452,2.03222,1.63600,2.02400,1.83000,10
6453,1.79205,1.31000,1.81700,1.66700,10
6454,1.97219,1.22500,1.71600,1.69700,10
6455,1.81535,1.14800,2.00300,1.75300,10
6456,1.96448,1.52600,1.98800,1.70600,10
6457,2.48932,1.76800,2.41700,1.91900,10
6458,2.11024,1.50600,2.17400,1.70200,10
6459,1.79323,1.40200,1.78900,1.69600,10
6460,4.46752,1.07100,4.22600,1.76700,10
6461,6.03724,1.44200,6.05700,1.68700,10
6462,2.15691,1.11300,2.27900,1.67500,10
6463,2.19135,1.15800,2.13000,1.70300,10
6464,2.31262,1.11700,2.25100,1.73200,10
6465,2.09799,1.17100,2.10500,1.73000,10
6466,2.73585,1.02200,2.68400,1.86500,10
6467,2.28498,1.06700,2.25300,1.68500,10
6468,2.11712,1.11700,2.09800,1.69300,10
6469,1.83494,1.16400,1.80800,1.89700,10
6470,2.14239,1.05600,1.97300,1.71200,10
6471,1.63609,0.91800,1.82400,1.70300,10
6472,2.43679,0.93500,2.16800,1.70300,10
6473,2.36654,1.05900,2.24100,1.73300,10
6474,2.03398,1.58300,1.87900,1.67900,10
6475,2.25869,1.27900,2.09100,1.71300,10
6476,2.02953,1.09200,2.01600,1.68600,10
6477,1.77444,1.02200,1.77600,1.87000,10
6478,2.18040,1.02200,2.09900,1.69900,10
6479,1.98041,1.01400,2.01700,1.73200,10
6480,2.64749,1.37400,2.67500,1.71800,10
6481,2.22397,1.53300,2.21500,1.86200,10
6482,2.39034,1.21700,2.35000,1.70700,10
6483,2.49673,1.04100,2.49900,1.74700,10
6484,2.13962,0.90700,2.12200,1.72300,10
6485,2.30242,1.11500,2.20500,1.71000,10
6486,1.94828,1.87000,1.99500,1.69500,10
6487,1.86761,1.39300,1.87200,1.71700,10
6488,2.22610,1.32800,2.21600,1.71500,10
6489,3.10757,0.94600,1.94200,1.71500,10
6490,2.81820,0.92700,3.78400,1.68800,10
6491,2.80230,1.75700,2.77000,1.70400,10
6492,2.38094,1.43600,2.37700,1.92700,10
6493,1.91160,1.34100,1.94000,1.70800,10
6494,1.86053,1.28300,1.85500,1.71400,10
6495,2.24241,1.19900,2.22500,1.85300,10
6496,2.59592,1.31800,2.43500,1.69600,10
6497,2.91818,1.97100,3.04100,1.74200,10
6498,1.89233,1.44400,1.89100,1.72500,10
6499,2.21863,1.36600,2.18700,1.90200,10
6500,1.82380,1.46900,1.85600,1.75500,10
6501,2.18524,1.23300,2.15900,1.73000,10
6502,1.92246,1.17100,1.90700,1.66000,10
6503,1.65267,1.16800,1.64300,1.67100,10
6504,2.20047,1.05400,2.16900,1.72300,10
6505,1.95144,1.39400,1.97800,1.71000,10
6506,2.89592,1.15200,2.43400,1.70600,10
6507,2.40226,1.34800,2.80600,1.89200,10
6508,2.45831,1.37400,2.46700,1.70100,10
6509,2.39969,1.43700,2.37600,1.70700,10
6510,2.04154,1.16500,1.95800,1.87100,10
6511,2.02660,1.33100,2.06100,1.68300,10
6512,2.02901,1.27800,2.01800,1.72100,10
6513,1.94681,1.15800,1.96100,1.68600,10
6514,2.31513,1.30100,2.30200,1.88500,10
6515,2.03874,1.46100,2.01500,1.72400,10
6516,1.81887,1.77600,1.84100,1.73100,10
6517,1.90459,1.39400,1.91100,1.70400,10
6518,1.82274,1.38900,1.78200,1.70700,10
6519,2.39912,1.56100,2.30300,1.69900,10
6520,2.16805,1.20800,2.18600,1.74400,10
6521,2.45395,1.47000,2.44700,1.70000,10
6522,3.61734,1.35500,2.23300,1.70000,10
6523,3.40014,1.37400,4.54900,1.70500,10
6524,2.42217,1.31200,2.31300,1.66700,10
6525,1.75061,1.10500,1.73400,1.82600,10
6526,1.99446,1.08200,1.79800,1.67500,10
6527,1.69058,1.06800,1.73400,1.67500,10
6528,1.84392,1.07700,1.83100,1.70000,10
6529,3.41172,1.18400,3.30800,1.70000,10
6530,2.21534,1.19000,1.98200,1.70700,10
6531,2.03946,1.02300,1.96800,1.74600,10
6532,2.38427,1.75500,2.46900,1.71600,10
6533,4.45723,1.02900,1.88400,1.71000,10
6534,2.93930,1.33600,2.15700,1.71400,10
6535,3.37283,2.07400,4.03300,1.88900,10
6536,2.43705,2.75000,2.51200,1.70300,10
6537,1.95065,1.50600,1.94600,1.72200,10
6538,1.79436,1.25400,1.78100,1.82700,10
6539,1.94779,1.17000,1.91500,1.70600,10
6540,2.23110,1.33600,2.20000,1.69200,10
6541,2.89599,1.32000,2.04400,1.69200,10
6542,3.15574,1.14000,3.83200,1.69800,10
6543,2.37838,1.34200,2.33600,1.70400,10
6544,1.86361,1.59200,1.85500,1.70400,10
6545,2.33303,1.21200,2.15600,1.69400,10
6546,2.71782,1.86500,2.50700,1.68800,10
6547,2.34673,1.41800,2.47100,1.69000,10
6548,3.78533,1.34000,3.61700,1.90900,10
6549,2.43092,1.20300,2.39200,1.71300,10
6550,2.33774,1.37400,2.31500,1.74400,10
6551,2.42380,1.08800,2.34400,1.69000,10
6552,2.12778,1.15200,2.19600,1.70500,10
6553,2.22669,1.04800,2.15000,1.73700,10
6554,2.12106,1.75000,2.14400,1.72100,10
6555,2.20492,1.45900,2.16600,1.70900,10
6556,2.53199,1.49100,2.51600,1.69800,10
6557,4.20955,1.85200,4.06300,1.68500,10
6558,2.63476,1.52500,2.64200,1.71000,10
6559,1.90925,1.19700,1.91400,1.71200,10
6560,1.90568,1.05200,1.84600,1.70400,10
6561,2.04370,1.78100,2.08300,1.72400,10
6562,2.34659,1.17100,2.35600,1.91800,10
6563,2.00697,1.30600,1.97400,1.69900,10
6564,2.06551,1.58700,2.06500,1.70100,10
6565,2.65631,1.28000,2.18500,1.75300,10
6566,1.81531,1.09400,2.02200,1.69300,10
6567,2.04129,1.38000,1.98300,1.68000,10
6568,1.98264,1.34200,1.99800,1.72300,10
6569,2.12160,1.30100,2.06800,1.71000,10
6570,2.30512,1.23900,2.28600,1.69500,10
6571,2.20702,1.18400,2.14900,1.70700,10
6572,2.09403,2.00900,2.14900,1.70700,10
6573,2.46350,1.39000,2.34500,1.71000,10
6574,2.58155,1.28700,2.55400,1.69800,10
6575,2.90218,2.33400,2.91200,1.68700,10
6576,4.32298,1.46300,2.87300,1.88800,10
6577,3.24735,1.42400,3.03400,1.71500,10
6578,4.13471,2.26500,4.33100,1.83200,10
6579,4.31642,1.65300,4.21800,1.68000,10
6580,4.54941,1.71700,4.36100,1.73800,10
6581,4.83983,1.62000,4.81200,1.71100,10
6582,3.24595,1.66400,3.39400,1.69400,10
6583,3.72350,1.59600,3.75900,1.72300,10
6584,4.65829,2.48700,4.59100,1.69800,10
6585,3.45355,1.81000,3.54500,1.69200,10
6586,3.86486,1.65200,3.36700,1.71100,10
6587,4.46078,1.35200,4.43700,1.66900,10
6588,3.56592,1.47500,2.72300,1.77700,10
6589,3.35806,1.34300,3.35400,1.67600,10
6590,2.51372,1.01700,2.27100,1.73500,10
6591,1.99744,1.29300,1.98600,1.75300,10
6592,2.12874,1.13400,2.14000,1.72400,10
6593,2.22911,1.77500,2.17500,1.71300,10
6594,2.27541,1.27600,2.22300,1.75600,10
6595,2.44914,1.35800,2.51100,1.66600,10
6596,2.21064,1.27000,2.09500,1.70000,10
6597,2.07795,1.34900,2.12300,1.68700,10
6598,2.40969,1.36500,2.40400,1.71900,10
6599,2.05022,1.57100,2.04800,1.87600,10
6600,2.12002,1.22700,2.10500,1.71700,10
6601,1.86142,1.06700,1.87300,1.69000,10
6602,2.15472,1.10300,2.14700,1.70400,10
6603,1.98516,1.21000,1.94900,1.85300,10
6604,1.95645,1.06000,1.91700,1.72200,10
6605,2.39867,1.62600,2.37800,1.72700,10
6606,2.58971,1.88600,2.03000,1.66000,10
6607,2.12001,1.01800,2.17700,1.68500,10
6608,2.28106,0.93500,2.03700,1.70800,10
6609,2.30517,1.01200,2.47000,1.72700,10
6610,2.04186,1.12700,2.03600,1.72500,10
6611,1.71278,1.12000,1.71600,1.72500,10
6612,2.73458,1.05200,2.14200,1.73000,10
6613,2.04578,1.10400,2.09900,1.72700,10
6614,2.11574,1.24700,2.10900,1.71400,10
6615,1.79191,1.36400,1.79700,1.66800,10
6616,2.12344,1.06300,2.09000,1.72500,10
6617,2.49245,1.41400,2.48100,1.76900,10
6618,2.18009,1.30800,2.12300,1.70600,10
6619,3.35743,1.67200,2.19300,1.70600,10
6620,3.23220,1.09400,4.18300,1.73300,10
6621,1.96481,1.33200,1.95800,1.67700,10
6622,2.31711,1.17500,2.25400,1.69400,10
6623,2.27868,1.11500,2.21700,1.72900,10
6624,2.01650,1.56900,2.06900,1.71500,10
6625,2.00477,1.25300,1.93400,1.69700,10
6626,1.83412,1.70600,1.85600,1.84400,10
6627,1.95194,1.54200,1.91900,1.68900,10
6628,2.21347,1.27200,2.16300,1.71300,10
6629,2.07172,1.26300,2.14400,1.89200,10
6630,1.91799,1.04800,1.90700,1.72500,10
6631,2.22741,1.09400,2.16600,1.70400,10
6632,1.90214,1.07000,1.87900,1.70400,10
6633,2.21171,1.17800,1.89700,1.69000,10
6634,2.01132,1.62000,2.10100,1.89300,10
6635,2.17763,1.18900,2.13000,1.71600,10
6636,1.96541,1.29000,1.95500,1.73900,10
6637,2.20834,1.07200,2.20300,1.71300,10
6638,2.24300,1.02700,1.91700,1.68800,10
6639,1.94715,1.17300,1.94900,1.68800,10
6640,2.25395,1.21100,1.95400,1.69600,10
6641,1.87237,1.09700,1.86000,1.87000,10
6642,2.93951,1.42300,2.83800,1.72700,10
6643,2.01982,1.87800,2.00800,1.73600,10
6644,2.51749,1.68900,2.52300,1.72800,10
6645,2.63054,1.60500,2.30500,1.72800,10
6646,4.80990,1.53100,4.75800,1.73300,10
6647,2.76410,2.36600,2.79200,1.73700,10
6648,2.31745,1.64100,2.14000,1.71900,10
6649,1.94297,1.60600,1.93400,1.72900,10
6650,2.18617,1.58100,2.20500,1.71400,10
6651,1.85145,1.25700,1.84600,1.72100,10
6652,1.89563,1.16200,1.86400,1.74400,10
6653,1.77203,1.18900,1.78700,1.67800,10
6654,5.58300,1.07500,5.19800,1.74900,10
6655,2.42906,1.08600,2.58000,1.71200,10
6656,2.07576,1.43500,2.04900,1.74100,10
6657,2.29936,1.16900,2.27200,1.72600,10
6658,1.97886,1.73500,2.00000,1.72600,10
6659,2.72179,1.19700,2.38500,1.68200,10
6660,2.89305,1.37500,2.88200,1.73200,10
6661,3.11780,2.20800,2.75100,1.87500,10
6662,4.62413,1.14500,2.89600,1.87500,10
6663,3.09129,1.14200,4.87200,1.69100,10
6664,2.08763,1.20600,2.01700,1.69100,10
6665,1.94481,1.42700,1.99600,1.76500,10
6666,2.36734,1.30600,2.17400,1.74300,10
6667,2.53049,1.38500,2.22700,1.73500,10
6668,2.33339,1.17500,2.18600,1.72600,10
6669,2.85793,1.37500,2.75800,1.68300,10
6670,2.15407,1.42600,2.13500,1.84700,10
6671,2.45838,1.53500,2.42200,1.72200,10
6672,1.92014,1.79900,1.94400,1.70900,10
6673,2.51716,1.18600,2.49400,1.68200,10
6674,2.24806,1.36100,2.25500,1.75400,10
6675,2.27952,1.36900,2.23900,1.69100,10
6676,2.40512,1.73300,2.38600,1.74300,10
6677,3.02744,1.22900,3.02400,1.68700,10
6678,2.57443,1.56500,2.56800,1.75200,10
6679,2.72504,1.48200,2.70200,1.69300,10
6680,2.22178,1.19400,2.15400,2.02000,10
6681,2.11138,1.54500,2.07400,1.70300,10
6682,1.95639,1.31400,2.04100,1.72900,10
6683,2.33267,1.28400,2.28900,1.76600,10
6684,1.96708,1.17800,1.95400,1.88700,10
6685,2.83321,1.15500,2.80900,1.71600,10
6686,2.05987,1.08100,2.07300,1.69700,10
6687,2.33367,1.06800,2.31100,1.74000,10
6688,2.15701,1.02600,2.04800,1.71800,10
6689,2.10884,1.74300,2.02900,1.74300,10
6690,2.27407,1.76600,2.27600,1.73300,10
6691,2.75763,1.70400,2.85800,1.71700,10
6692,2.25584,1.46700,2.25300,1.73000,10
6693,1.98768,1.29300,1.95100,1.73000,10
6694,4.17005,1.19200,2.63000,1.71200,10
6695,3.79061,1.76200,3.97100,1.71200,10
6696,7.68427,2.27100,6.76900,1.73900,10
6697,3.13053,2.40600,3.04100,1.73900,10
6698,4.65714,2.18200,5.00300,1.71900,10
6699,5.50586,1.85100,5.41500,1.75900,10
6700,4.12427,2.74900,4.18300,1.69100,10
6701,4.08441,2.87500,3.78000,1.71900,10
6702,3.83164,1.91400,3.89100,1.70700,10
6703,4.92050,1.80600,4.93100,1.73300,10
6704,5.85835,1.86300,5.70600,1.87700,10
6705,5.93991,3.76900,6.09100,1.84000,10
6706,5.15726,3.22400,4.95400,1.69800,10
6707,3.53608,1.66900,2.73300,1.69800,10
6708,6.57865,3.12500,5.53700,1.94800,10
6709,4.59679,1.93000,3.17900,1.94800,10
6710,10.62642,2.94800,11.58300,1.73100,10
6711,2.96820,3.22900,3.13200,1.69300,10
6712,3.54049,1.63100,3.00600,1.70800,10
6713,4.73674,2.69100,4.40700,1.78100,10
6714,4.44520,2.10200,4.27300,1.68400,10
6715,5.71099,2.27300,5.35000,1.88900,10
6716,3.54937,2.16700,3.33200,1.72800,10
6717,5.10521,1.50300,5.18600,1.73800,10
6718,5.27327,2.92200,4.83100,1.71600,10
6719,5.02327,2.80600,4.30200,1.67300,10
6720,4.12221,2.45300,4.29200,1.65000,10
6721,2.83958,2.33600,2.85400,1.69400,10
6722,2.22990,1.68100,2.22700,1.89500,10
6723,2.14792,1.28900,2.12200,1.72100,10
6724,2.24687,1.24200,2.18300,1.72000,10
6725,2.10148,1.64000,2.13600,1.68700,10
6726,1.85103,1.24800,1.85400,1.83100,10
6727,2.03041,1.15600,2.02800,1.67400,10
6728,2.07952,1.09400,2.00600,1.69000,10
6729,1.99054,1.23000,2.04400,1.71100,10
6730,3.49262,1.26700,3.46600,1.86000,10
6731,2.11905,1.18300,2.04600,1.66400,10
6732,2.06750,1.60200,2.09500,1.76300,10
6733,2.91110,1.30700,1.93200,1.71900,10
6734,1.74747,1.42100,1.79000,1.71900,10
6735,2.16805,1.24900,2.11400,1.68600,10
6736,2.08009,1.21700,2.05200,1.71800,10
6737,2.18013,1.38900,2.13600,1.69600,10
6738,1.86355,1.34400,1.93600,1.67500,10
6739,2.00774,1.19700,1.99000,1.71300,10
6740,1.94366,1.21400,1.86600,1.68000,10
6741,1.93068,1.43800,1.96200,1.84300,10
6742,2.44051,1.31700,2.43300,1.71200,10
6743,2.26513,1.34900,2.18500,1.72100,10
6744,2.08849,1.39700,2.14400,1.73900,10
6745,2.40870,1.10800,2.36600,1.89700,10
6746,2.50124,1.24100,2.51500,1.72100,10
6747,2.34244,1.00300,2.33000,1.72000,10
6748,2.06311,1.19500,2.00600,1.69400,10
6749,2.82643,1.17100,2.61600,1.74400,10
6750,7.09067,1.11800,2.59600,1.71300,10
6751,4.46799,1.78900,8.60200,1.72800,10
6752,2.56525,1.78400,2.57300,1.73000,10
6753,2.29698,1.41500,2.31000,1.70000,10
6754,2.23218,1.12100,2.21300,1.73900,10
6755,2.09515,1.25400,2.09900,1.71900,10
6756,2.36408,1.27300,2.36000,1.90600,10
6757,2.21702,1.07600,2.11800,1.72200,10
6758,1.86003,1.33500,1.93500,1.69600,10
6759,3.12492,1.22200,2.90200,1.69600,10
6760,2.17885,1.24700,2.38000,1.68100,10
6761,2.07746,1.14600,2.07900,1.71300,10
6762,2.32253,1.26900,2.30900,1.72100,10
6763,2.63400,1.13300,2.61500,1.70600,10
6764,2.78964,1.27500,2.61800,1.70600,10
6765,4.09476,1.20300,2.80200,1.70000,10
6766,1.79218,1.59200,2.69300,1.70000,10
6767,2.52561,1.84400,2.51400,1.70000,10
6768,5.73200,2.01300,5.45100,1.71800,10
6769,2.78064,1.90800,2.78000,1.71200,10
6770,2.75987,1.35300,2.75700,1.71200,10
6771,3.58761,1.87800,3.59200,1.66400,10
6772,2.51514,1.02600,2.46700,1.73700,10
6773,2.05763,1.18000,2.02000,1.68500,10
6774,2.29393,1.43300,2.29700,1.70600,10
6775,2.41178,1.42200,2.38100,1.67800,10
6776,2.08855,1.32600,2.06800,1.69800,10
6777,2.72013,1.65700,2.71500,1.70400,10
6778,1.94268,1.62000,1.94100,1.87200,10
6779,1.94577,1.27500,1.90100,1.70400,10
6780,2.05397,1.16900,2.06400,1.71000,10
6781,1.87223,1.06100,1.86100,1.70500,10
6782,1.91440,1.12700,1.90600,1.89500,10
6783,1.71431,1.10700,1.64800,1.68900,10
6784,2.78541,1.51500,2.67400,1.71500,10
6785,2.35219,1.19300,2.34200,1.74000,10
6786,2.10762,1.05700,2.10800,1.68800,10
6787,2.09816,1.01500,2.05800,1.68900,10
6788,1.71950,1.04900,1.73800,1.69200,10
6789,5.07584,1.14500,5.04100,1.69000,10
6790,1.99741,1.08100,1.97400,1.69900,10
6791,2.25638,1.32600,2.27500,1.73400,10
6792,3.14708,1.21500,2.46100,1.73400,10
6793,3.27685,1.35100,3.71600,1.72000,10
6794,2.32585,1.17300,2.31800,1.70100,10
6795,2.23921,1.16800,2.21600,1.70100,10
6796,2.49917,1.41000,2.24100,1.72100,10
6797,2.16075,1.26700,2.30900,1.73300,10
6798,2.09401,1.30500,2.07700,1.73000,10
6799,2.08815,1.04800,2.00100,1.69200,10
6800,1.95938,1.42200,2.01600,1.69900,10
6801,2.25829,1.05400,2.23900,1.73700,10
6802,2.15990,1.22300,2.08500,1.73000,10
6803,1.99802,1.65200,2.03400,1.86300,10
6804,2.08832,1.26700,2.05100,1.71000,10
6805,1.87907,1.44900,1.86600,1.73000,10
6806,2.18336,1.52100,2.18000,1.71900,10
6807,2.74634,1.31900,2.72200,1.87700,10
6808,2.36919,1.13200,2.39700,1.70500,10
6809,2.74850,1.12700,2.21700,1.68600,10
6810,2.12441,1.54200,2.13500,1.70200,10
6811,2.25524,1.35600,2.21400,1.68000,10
6812,1.87529,1.05300,1.90500,1.71400,10
6813,2.47557,1.01000,2.46400,1.71300,10
6814,2.07586,1.31400,2.05100,1.68900,10
6815,1.80765,1.70900,1.81000,1.72800,10
6816,1.83296,1.48200,1.82100,1.71800,10
6817,2.02004,1.20900,2.05600,1.72900,10
6818,1.81557,1.01900,1.79400,1.67300,10
6819,2.13287,1.08300,2.13400,1.89400,10
6820,2.12084,1.17800,2.05000,1.70200,10
6821,2.60275,1.11800,2.54500,1.72300,10
6822,2.25801,1.75900,2.21600,1.95400,10
6823,1.88732,1.38400,1.94200,1.67500,10
6824,2.02992,1.12400,1.99400,1.71900,10
6825,2.28785,1.11100,2.31700,1.72300,10
6826,2.04002,1.24600,2.05400,1.89800,10
6827,1.91534,1.12500,1.81000,1.89800,10
6828,1.89679,1.03700,1.73100,1.66400,10
6829,2.36565,1.17000,2.34700,1.74500,10
6830,2.36697,1.05900,2.38300,1.70300,10
6831,2.22128,1.14000,2.22200,1.65900,10
6832,2.24411,1.23100,2.19200,1.75600,10
6833,2.24928,1.22500,2.24400,1.75600,10
6834,2.62970,1.40700,2.61500,1.86800,10
6835,3.04567,1.13000,1.88700,1.86800,10
6836,3.69739,1.30900,4.57100,1.85000,10
6837,2.23496,1.56800,2.35300,1.72800,10
6838,2.24338,1.32100,2.20400,1.68200,10
6839,2.47743,1.48400,2.46900,1.69900,10
6840,2.52460,1.30700,2.45600,1.91800,10
6841,2.16440,1.80400,2.20200,1.73200,10
6842,2.65267,1.11600,2.37800,1.73500,10
6843,2.14378,1.43000,2.17300,1.73500,10
6844,2.38889,1.48700,2.38300,1.70500,10
6845,2.59136,1.13400,2.38500,1.73300,10
6846,2.43072,1.63600,2.59800,1.70900,10
6847,2.47238,1.64600,2.17200,1.69700,10
6848,1.99476,1.53300,2.04800,1.69700,10
6849,3.48789,1.95400,3.38900,1.71900,10
6850,2.29222,1.55800,2.36800,1.90900,10
6851,3.14147,1.43700,2.81100,1.67800,10
6852,1.94503,1.37600,1.96100,1.70600,10
6853,1.66736,1.09500,1.67100,1.70600,10
6854,2.60880,1.09100,1.53100,1.69900,10
6855,3.57355,1.38100,4.23500,1.71400,10
6856,2.15242,1.37300,2.18300,1.71900,10
6857,2.07733,1.32000,2.06100,1.69500,10
6858,2.26719,1.44700,2.23600,1.70600,10
6859,2.16691,1.44400,2.16100,1.73500,10
6860,1.94761,1.22200,1.90600,1.68900,10
6861,2.00967,1.57900,1.99400,1.88600,10
6862,2.86877,1.54400,2.89600,1.70400,10
6863,2.09675,1.20500,2.04600,1.76800,10
6864,2.65157,2.72700,2.45300,1.88200,10
6865,1.75317,1.48000,1.99400,1.88200,10
6866,2.69908,1.18600,2.55700,1.74300,10
6867,2.57064,1.45000,2.53400,1.71300,10
6868,2.53031,1.30700,2.54900,1.94000,10
6869,1.95732,1.38800,1.95600,1.69000,10
6870,1.85674,1.02400,1.86100,1.73500,10
6871,2.05091,1.17000,2.03800,1.69500,10
6872,2.06113,0.94100,1.86900,1.72500,10
6873,2.03961,1.62800,2.19700,1.72500,10
6874,3.71657,1.02700,2.83100,1.65500,10
6875,1.98943,1.12100,1.95300,1.90200,10
6876,1.80303,1.71400,1.82100,1.70600,10
6877,3.78176,1.47300,2.06200,1.71500,10
6878,3.29418,1.70500,4.57600,1.87200,10
6879,1.80647,1.41900,1.94600,1.87200,10
6880,3.14465,1.30400,2.39900,1.69700,10
6881,3.50711,1.57200,3.18900,1.87300,10
6882,4.24641,1.19700,2.35000,1.71800,10
6883,1.97558,1.12500,1.87400,1.75700,10
6884,2.02243,1.51800,2.07100,1.69800,10
6885,1.99998,1.42400,1.93400,1.69200,10
6886,1.99234,1.31900,2.01700,1.75400,10
6887,3.39399,1.52900,2.61800,1.68600,10
6888,2.08456,1.18500,2.83400,1.90700,10
6889,2.23005,1.43100,2.22800,1.69200,10
6890,2.66753,1.32500,2.68700,1.73300,10
6891,2.12677,1.18000,2.13100,1.88500,10
6892,1.94059,1.08300,1.87400,1.69500,10
6893,1.84975,1.17100,1.89300,1.71200,10
6894,1.98234,1.37700,1.91900,1.73900,10
6895,2.29170,1.47400,2.23700,1.91500,10
6896,3.11406,1.54600,3.17800,1.73800,10
6897,2.21234,1.32600,2.20100,1.69400,10
6898,2.04894,1.35600,2.05700,1.71500,10
6899,2.03888,1.46400,2.02400,1.71500,10
6900,1.99571,1.37500,1.93800,1.72000,10
6901,2.53586,1.45200,2.41500,1.69800,10
6902,1.92642,1.20100,1.90800,1.70500,10
6903,2.25045,1.11100,2.24800,1.91800,10
6904,2.55319,1.30300,2.53400,1.70500,10
6905,2.65425,1.52100,2.57300,1.69900,10
6906,2.85979,1.35300,2.80100,1.84900,10
6907,2.83589,1.30400,2.68500,1.71700,10
6908,2.55442,1.57300,2.58300,1.72500,10
6909,2.53313,1.56500,2.53800,1.90200,10
6910,2.47104,1.40200,2.43900,1.70500,10
6911,2.43753,1.22300,2.44200,1.72600,10
6912,2.34192,1.22900,2.36800,1.71200,10
6913,2.25565,1.26400,2.24200,1.69600,10
6914,2.03881,1.20600,2.04500,1.72300,10
6915,2.12301,1.12000,2.08300,1.68800,10
6916,2.23140,0.97500,2.14700,1.90000,10
6917,2.02691,1.23800,2.04700,1.69800,10
6918,1.94237,1.10900,1.92900,1.70100,10
6919,2.35405,1.00600,2.34500,1.74300,10
6920,3.93615,1.33400,2.04100,1.68700,10
6921,2.11403,1.01000,2.10700,1.68200,10
6922,1.83436,0.96500,1.81700,1.68200,10
6923,2.86271,1.05100,2.55400,1.69100,10
6924,2.34482,1.15300,1.93500,1.68400,10
6925,3.11475,1.08100,2.88300,1.73800,10
6926,2.43072,1.00200,2.18000,1.67200,10
6927,2.28969,1.02400,2.22000,1.70500,10
6928,2.26242,1.14700,2.23400,1.72900,10
6929,2.18902,1.17400,2.02500,1.70900,10
6930,2.07679,1.68000,2.18200,2.00200,10
6931,1.66190,1.12000,1.66000,1.68300,10
6932,2.88033,1.15900,2.87700,1.70100,10
6933,2.50082,1.20900,2.49500,1.70100,10
6934,2.49557,0.99600,2.49500,1.84800,10
6935,2.21735,1.23300,2.03000,1.71200,10
6936,1.91249,1.56500,2.09200,1.71600,10
6937,2.30229,0.96600,2.24700,1.90100,10
6938,2.40923,1.56900,2.37000,1.69900,10
6939,2.60876,1.20700,2.63900,1.72900,10
6940,2.02560,1.16200,2.04100,1.69300,10
6941,2.19657,1.19500,2.17200,1.68700,10
6942,1.86667,1.10200,1.86600,1.71400,10
6943,1.99189,0.97900,1.81400,1.70400,10
6944,1.80384,1.92500,1.84000,1.68600,10
6945,1.68783,1.29700,1.69700,1.68600,10
6946,1.97066,1.20600,1.72900,1.70300,10
6947,2.58394,1.48500,1.88200,1.72100,10
6948,2.02698,1.55200,2.37000,1.71800,10
6949,1.85102,1.08100,1.83700,1.71800,10
6950,2.01847,1.00200,1.73300,1.69900,10
6951,2.19906,0.99000,2.02200,1.73100,10
6952,2.15102,1.56200,2.12000,1.70100,10
6953,2.13817,1.51300,2.11300,1.88500,10
6954,2.04351,1.41700,1.99700,1.67800,10
6955,2.29658,1.74000,2.27400,1.67800,10
6956,1.89647,1.61900,1.96300,1.69700,10
6957,3.57067,1.33500,1.68800,1.69700,10
6958,3.08717,1.09400,4.57700,1.70700,10
6959,2.05694,1.71200,2.01600,1.73000,10
6960,1.92120,1.55500,1.86600,1.73000,10
6961,2.34992,1.29300,1.96300,1.86500,10
6962,4.60446,1.33600,2.25600,1.70100,10
6963,2.12053,1.43800,2.26100,1.84600,10
6964,2.11977,1.50500,2.14100,1.68700,10
6965,2.33359,1.30900,2.31100,1.74300,10
6966,3.08664,1.10600,2.21400,1.68900,10
6967,1.87384,1.22000,1.89900,1.70300,10
6968,2.15586,1.06800,2.16500,1.70200,10
6969,3.12500,1.02700,2.85000,1.73000,10
6970,1.93724,1.18500,1.98700,1.68000,10
6971,1.93326,1.09000,1.92400,1.71000,10
6972,2.08176,1.11900,2.06500,1.67600,10
6973,2.06556,1.06600,2.05600,1.71500,10
6974,1.94951,1.19900,1.93500,1.90500,10
6975,2.53007,1.12600,2.49400,1.72200,10
6976,2.96192,1.17700,2.94700,1.70500,10
6977,3.19367,1.12200,2.89200,1.88400,10
6978,2.61847,1.53600,2.59200,1.71800,10
6979,2.43456,1.62400,2.43200,1.75200,10
6980,2.48746,1.65500,2.45200,1.94400,10
6981,2.19465,1.90600,2.24200,1.70200,10
6982,1.98410,1.56700,1.99500,1.67900,10
6983,2.04955,1.34900,2.03800,1.67900,10
6984,2.00720,1.38300,1.97900,1.73300,10
6985,2.17693,1.18300,1.96900,1.68400,10
6986,2.36711,1.03800,2.28300,1.68900,10
6987,1.99349,1.07100,1.98600,1.71300,10
6988,2.11663,1.06000,2.10600,1.90100,10
6989,2.07707,1.09600,2.05800,1.71500,10
6990,2.18380,0.97500,2.11300,1.86900,10
6991,2.09630,1.11900,2.10600,1.74900,10
6992,2.11507,1.30500,2.11200,1.71600,10
6993,1.98346,1.14000,1.97700,1.73700,10
6994,2.26798,1.09200,2.17400,1.72200,10
6995,2.04837,1.41600,1.97600,1.73000,10
6996,1.82924,1.67400,1.95100,1.90500,10
6997,2.13230,1.54100,2.10600,1.71200,10
6998,2.27464,1.28300,2.18400,1.76700,10
6999,2.20713,1.27600,2.21900,1.72100,10
7000,1.74969,1.03400,1.72700,1.69000,10
7001,2.74658,0.96400,1.80800,1.69000,10
7002,2.90408,1.09300,3.04200,1.71600,10
7003,5.14049,2.04800,3.70000,1.86300,10
7004,4.40928,3.94900,4.45800,1.73100,10
7005,5.97665,2.98700,5.35900,1.74000,10
7006,5.60335,1.96000,5.55000,1.90200,10
7007,4.55402,3.13100,4.37400,1.70800,10
7008,6.32922,3.63000,6.37100,1.70300,10
7009,6.11917,5.47500,5.63400,1.75000,10
7010,3.36660,2.54000,3.22400,1.69700,10
7011,6.82646,3.92200,5.92900,1.86800,10
7012,6.03723,1.85100,7.13800,1.76200,10
7013,6.42008,2.89900,5.44000,1.71900,10
7014,4.99838,4.91700,5.54900,1.72200,10
7015,4.59748,3.18000,4.27800,1.88300,10
7016,4.45984,1.94500,4.14300,1.71500,10
7017,4.84166,2.49900,3.76300,1.70300,10
7018,4.71933,2.10700,4.92600,1.69700,10
7019,3.62441,2.38900,3.66100,1.87000,10
7020,4.19737,1.66100,3.77200,1.75500,10
7021,4.68490,1.68900,4.45200,1.71000,10
7022,7.74320,1.73900,7.49500,1.70800,10
7023,5.28406,3.03100,4.46700,1.67100,10
7024,3.97563,3.00900,3.81400,1.86200,10
7025,3.02318,2.94800,2.69800,1.71500,10
7026,2.27518,1.78800,2.26600,1.88600,10
7027,2.23432,1.68800,2.24300,1.69700,10
7028,2.05418,1.40900,2.05100,1.73600,10
7029,2.05359,1.17500,2.05400,1.70000,10
7030,2.26623,1.10700,2.24600,1.69900,10
7031,1.82796,1.20100,1.82200,1.68100,10
7032,2.44928,1.26500,2.40700,1.69500,10
7033,2.38904,1.03200,2.39000,1.73600,10
7034,2.96359,1.23700,2.96700,1.73400,10
7035,4.05459,1.32300,3.78300,1.67900,10
7036,3.69634,1.73800,3.74800,1.68000,10
7037,3.05284,2.02800,3.19300,1.73100,10
7038,7.35192,2.73400,5.99400,1.67100,10
7039,5.93686,2.31000,5.10000,1.72200,10
7040,3.16158,2.50300,3.71000,1.73600,10
7041,4.81318,1.27100,3.72800,1.68900,10
7042,4.19224,1.20200,4.01900,1.69900,10
7043,3.66942,2.42600,3.59100,1.69900,10
7044,4.28187,1.89000,4.17300,1.70100,10
7045,3.37957,2.32800,3.57300,1.70500,10
7046,4.55083,2.10100,4.35900,1.89100,10
7047,4.92503,1.65200,4.72400,1.68300,10
7048,4.76225,4.00900,4.69800,1.68700,10
7049,5.78700,3.46400,5.16200,1.89900,10
7050,2.95655,2.64000,3.51700,1.71900,10
7051,6.19707,1.53700,4.52400,1.72500,10
7052,3.05407,1.32500,2.99600,1.70800,10
7053,2.32281,1.07800,2.30100,1.88200,10
7054,2.23274,0.96500,2.12400,1.68600,10
7055,1.85390,0.97200,1.93900,1.70200,10
7056,2.09558,1.11700,2.09800,1.73200,10
7057,1.91524,0.96300,1.80700,1.72700,10
7058,1.91830,1.34500,1.83900,1.71900,10
7059,1.75290,1.03000,1.84900,1.70100,10
7060,1.95690,1.02200,1.90100,1.68900,10
7061,2.21928,1.37500,2.24300,1.71900,10
7062,1.88221,1.23900,1.90500,1.92200,10
7063,4.18342,0.88100,2.21900,1.70800,10
7064,2.22164,1.08800,2.26100,1.92900,10
7065,2.31423,1.09900,2.24500,1.72100,10
7066,2.28753,1.11200,2.12800,1.69300,10
7067,1.71258,1.92100,1.78700,1.71700,10
7068,2.23758,1.42100,2.28100,1.69500,10
7069,2.16521,1.22900,2.06700,1.88100,10
7070,2.00842,1.73600,2.07700,1.73700,10
7071,1.95540,1.55700,1.84700,1.74500,10
7072,1.95046,1.13800,1.90800,1.70900,10
7073,1.95021,1.23800,1.93500,1.68800,10
7074,1.82517,1.10500,1.82400,1.67200,10
7075,1.76870,1.12800,1.76500,1.68000,10
7076,2.39855,1.70300,2.23200,1.72900,10
7077,2.43235,1.57700,2.48800,1.91500,10
7078,2.27827,1.47300,1.94200,1.73200,10
7079,1.72086,1.37800,2.03600,1.72800,10
7080,1.95184,1.12700,1.92200,1.85000,10
7081,2.36589,1.21700,2.29400,1.71400,10
7082,2.34035,1.06300,2.41600,1.68400,10
7083,2.38352,1.02200,2.29000,1.75200,10
7084,2.15785,1.35100,2.10300,1.74500,10
7085,2.17429,1.67200,2.11800,1.73400,10
7086,1.95370,1.29800,1.93400,1.71400,10
7087,2.01443,1.14400,2.01400,1.74800,10
7088,2.04367,1.28000,1.98800,1.70700,10
7089,1.80114,1.03900,1.82000,1.73300,10
7090,1.87978,0.98100,1.87200,1.71000,10
7091,2.06898,1.11900,2.04900,1.73200,10
7092,2.21219,1.22500,2.18000,1.72600,10
7093,2.32004,1.18500,2.32000,1.88700,10
7094,3.60119,1.23100,2.00500,1.88700,10
7095,3.17213,1.05900,4.43700,1.85000,10
7096,2.17931,0.96700,2.17800,1.69600,10
7097,1.99329,1.20200,1.97200,1.67000,10
7098,1.91875,1.06600,1.90700,1.70600,10
7099,1.89139,1.06900,1.76300,1.74400,10
7100,2.02474,1.72800,2.11000,1.89000,10
7101,2.39971,1.59400,2.37400,1.71000,10
7102,2.11485,1.26900,2.11800,1.71800,10
7103,2.22854,1.47100,2.14900,1.72900,10
7104,2.02420,1.40800,1.99300,1.72300,10
7105,2.09398,1.45300,2.06100,1.73200,10
7106,2.18473,1.44200,2.25900,1.70000,10
7107,2.30163,1.16000,2.28800,1.92700,10
7108,3.54579,1.95100,2.26900,1.71400,10
7109,2.42992,1.09400,2.23900,1.70200,10
7110,1.83064,1.33800,1.96500,1.68400,10
7111,2.11334,1.09700,2.12400,1.69300,10
7112,2.15363,0.97900,2.12000,1.76400,10
7113,2.28138,1.32900,2.22600,1.68100,10
7114,1.84826,1.29200,1.84600,1.68100,10
7115,2.27657,1.11200,1.99400,1.65200,10
7116,2.32906,0.97200,2.31500,1.72600,10
7117,1.96241,1.01700,1.95500,1.70400,10
7118,1.90064,1.18700,1.87100,1.69200,10
7119,2.72757,1.28400,2.69900,1.72700,10
7120,1.88452,1.11900,1.88200,1.70700,10
7121,2.11545,1.08000,2.08300,1.68000,10
7122,2.62632,0.92400,2.64200,1.88600,10
7123,2.08024,1.02000,2.06700,1.71600,10
7124,2.19846,1.07900,2.20100,1.73700,10
7125,2.17648,1.28000,2.17500,1.90800,10
7126,1.92261,0.98000,1.86100,1.66200,10
7127,1.99890,1.08600,2.00500,1.70800,10
7128,2.38387,1.25900,2.39200,1.72700,10
7129,2.04779,1.23700,1.98200,1.69100,10
7130,1.88531,2.10000,1.87600,1.86500,10
7131,2.05428,1.33100,2.07300,1.71700,10
7132,2.74282,1.38600,1.77200,1.72800,10
7133,1.34133,1.12200,1.82400,1.72800,10
7134,2.27304,1.43400,2.00100,1.75500,10
7135,2.16780,1.15200,1.74300,1.75500,10
7136,2.74503,1.15900,2.65300,1.71700,10
7137,1.97500,1.13900,1.91600,1.69700,10
7138,4.07293,0.98400,1.80200,1.70200,10
7139,1.80996,1.12200,1.81900,1.74300,10
7140,1.89316,1.05200,1.73900,1.74300,10
7141,2.40832,1.05800,2.09500,1.69800,10
7142,2.03343,0.98800,2.09700,1.70200,10
7143,2.35954,1.00700,2.11000,1.74300,10
7144,2.46198,0.97900,2.41800,1.70700,10
7145,2.43525,1.34900,2.22600,1.94600,10
7146,1.63988,1.27900,1.86400,1.72300,10
7147,2.16235,1.54500,2.13600,1.66600,10
7148,3.10497,1.20700,2.08900,1.66600,10
7149,4.85226,1.11400,3.66300,1.72400,10
7150,2.54621,1.07400,2.88800,1.67800,10
7151,4.32371,1.05800,4.16500,1.78500,10
7152,2.66409,1.75300,2.17200,1.83900,10
7153,1.76644,1.40600,1.75400,1.67000,10
7154,1.84397,1.03100,1.84800,1.74700,10
7155,2.36683,1.70600,2.37600,1.70300,10
7156,2.85980,1.04100,2.63200,1.69400,10
7157,2.83774,1.05600,2.11600,1.70100,10
7158,1.38731,1.14300,2.11000,1.71700,10
7159,2.05537,1.12100,2.01700,1.71400,10
7160,2.39159,1.00900,2.38200,1.70400,10
7161,2.13062,1.04400,2.11300,1.69300,10
7162,2.06158,1.07400,2.08300,1.70600,10
7163,1.98790,1.11800,1.81500,1.70700,10
7164,2.35623,1.04700,2.03000,1.70300,10
7165,1.64856,1.10700,1.91800,1.66200,10
7166,1.93111,0.92100,1.93100,1.69100,10
7167,1.89926,1.45300,1.87900,1.77000,10
7168,4.61061,1.01200,2.32200,1.67800,10
7169,2.06771,1.25200,2.07200,1.72600,10
7170,1.97514,1.19800,1.94700,1.68900,10
7171,2.05522,1.12100,2.08000,1.65900,10
7172,1.93934,1.04000,1.87400,1.71000,10
7173,1.90180,1.34600,1.91500,1.71500,10
7174,2.45259,1.10300,2.42700,1.73000,10
7175,2.95772,1.11000,2.96300,1.69900,10
7176,2.44724,1.22100,2.43300,1.73100,10
7177,2.29852,1.14900,2.29800,1.68700,10
7178,2.41713,1.27500,2.36100,1.69400,10
7179,2.27232,1.16600,2.30300,1.90700,10
7180,2.44384,1.00700,2.45000,1.69100,10
7181,2.13608,0.98000,2.13500,1.69100,10
7182,3.09080,0.99300,1.93300,1.69100,10
7183,3.16537,0.99400,4.10700,1.72500,10
7184,1.99383,1.07400,1.97200,1.67800,10
7185,1.89944,0.98500,1.89100,1.67200,10
7186,2.12012,1.13500,2.08500,1.87800,10
7187,2.16531,1.11700,2.16800,1.71000,10
7188,2.17874,1.33500,2.17700,1.71300,10
7189,1.79779,1.32500,1.80400,1.71300,10
7190,2.42041,1.15700,2.38800,1.67900,10
7191,2.63188,1.03000,2.58000,1.69400,10
7192,2.16194,1.27900,2.18400,1.72100,10
7193,2.68124,1.19500,2.67400,1.69700,10
7194,1.89745,1.24200,1.85300,1.66900,10
7195,2.14653,1.76400,2.15800,1.73700,10
7196,1.98812,1.24500,1.99700,1.87300,10
7197,2.03166,1.13000,2.01400,1.69800,10
7198,1.81038,1.11500,1.81900,1.69200,10
7199,2.26443,1.76200,1.97100,1.70700,10
7200,1.90230,1.50800,2.14200,1.66400,10
7201,1.83647,1.15200,1.75200,1.87500,10
7202,2.02827,1.20500,1.99700,1.70700,10
7203,2.18438,1.11000,2.18100,1.75500,10
7204,2.14504,1.12400,2.07200,1.69300,10
7205,2.42708,1.21100,2.40700,1.72600,10
7206,2.40822,1.16100,2.42000,1.68000,10
7207,1.96385,0.96700,1.95500,1.74500,10
7208,1.99000,1.70000,1.99600,1.67800,10
7209,2.25996,1.65200,2.25300,1.85500,10
7210,2.06113,1.34300,1.97500,1.67500,10
7211,2.22655,1.25500,2.28300,1.71700,10
7212,2.28630,1.07600,2.28100,1.83300,10
7213,1.76829,1.24400,1.76800,1.69800,10
7214,2.59091,1.04800,2.49300,1.68900,10
7215,2.05248,1.77400,2.10800,1.70400,10
7216,2.23763,1.20400,1.98400,1.71400,10
7217,2.99232,1.35700,2.82800,1.90500,10
7218,2.34643,1.88100,2.45000,1.81500,10
7219,2.40168,1.08600,2.13700,1.65900,10
7220,2.39035,0.91700,2.39300,1.69700,10
7221,2.08180,1.10900,2.02700,1.68300,10
7222,1.94031,1.37100,1.95400,1.68100,10
7223,1.82287,1.52300,1.82000,1.67900,10
7224,3.50718,1.52600,1.82700,1.89800,10
7225,3.39755,1.23600,4.87400,1.72000,10
7226,2.42923,1.33000,1.90300,1.90300,10
7227,1.68526,1.16900,2.08700,1.68600,10
7228,2.06124,1.01800,2.05200,1.72400,10
7229,1.87673,1.09400,1.85000,1.71600,10
7230,1.80877,1.03400,1.81300,1.71700,10
7231,2.13243,1.06700,2.13400,1.91000,10
7232,3.31097,1.10800,3.08200,1.70300,10
7233,2.41419,1.39800,2.42500,1.68500,10
7234,2.48835,1.16100,2.46700,1.71600,10
7235,2.32026,1.24300,2.30400,1.68800,10
7236,2.60844,1.15800,2.38500,1.71600,10
7237,3.39596,1.23800,2.80900,1.69800,10
7238,2.96048,2.80300,2.64300,1.71800,10
7239,2.46944,1.55900,2.93000,1.71100,10
7240,2.25109,2.14300,2.29500,1.72800,10
7241,2.36941,1.25200,2.38500,1.72800,10
7242,2.52133,1.16500,2.29600,1.70300,10
7243,2.32451,1.16000,2.17900,1.69900,10
7244,2.54252,1.83800,2.63400,1.89400,10
7245,2.19419,1.52900,2.16300,1.71300,10
7246,2.07309,1.22500,2.04500,1.73300,10
7247,2.08372,1.28700,2.10400,1.70400,10
7248,2.21437,1.20700,2.20800,1.73300,10
7249,1.99235,1.91200,1.98100,1.69600,10
7250,1.96055,1.15400,1.86500,1.74100,10
7251,2.07879,1.75200,2.12000,1.68800,10
7252,2.15497,1.22400,2.13500,1.90700,10
7253,1.96669,1.16600,1.96900,1.71400,10
7254,2.04693,1.29700,2.03300,1.73900,10
7255,2.35779,1.11200,1.81200,1.73900,10
7256,2.16731,1.58100,1.94500,1.77400,10
7257,2.81412,1.22000,2.57100,1.66900,10
7258,1.82068,1.03900,1.81600,1.72900,10
7259,1.92289,1.34000,1.85400,1.87200,10
7260,2.04366,1.66300,1.94600,1.72000,10
7261,2.73271,1.33100,2.24400,1.77800,10
7262,1.42311,1.28100,1.89000,1.77800,10
7263,2.36252,1.31900,2.10500,1.69400,10
7264,2.05901,1.38300,2.01900,1.66700,10
7265,2.00971,1.18800,1.99800,1.70000,10
7266,4.82356,1.24200,2.73200,1.84800,10
7267,2.05691,1.22100,2.07100,1.71300,10
7268,2.53869,1.22100,2.00300,1.68400,10
7269,1.61241,1.49900,2.13900,1.68400,10
7270,2.61697,1.08300,2.05300,1.72100,10
7271,4.86670,2.34000,1.97200,1.72100,10
7272,3.76450,1.19700,2.38800,1.88000,10
7273,2.72885,1.44100,2.64400,1.72600,10
7274,2.35981,1.54700,2.39500,1.72300,10
7275,2.58103,1.19100,2.14000,1.69700,10
7276,1.62498,1.11700,1.99300,1.72100,10
7277,2.07418,1.33400,1.99000,1.70000,10
7278,1.95152,1.47700,1.99100,1.68500,10
7279,2.55865,1.21400,2.53200,1.88800,10
7280,1.89197,1.09000,1.78000,1.88800,10
7281,2.48164,1.05300,2.07000,1.72800,10
7282,3.18422,1.17500,3.18900,1.86800,10
7283,4.32329,1.16000,4.14200,1.67600,10
7284,3.77070,2.13800,3.54000,1.67600,10
7285,2.39187,1.20200,2.12400,1.67800,10
7286,2.13375,1.17800,2.13100,1.73600,10
7287,1.83014,1.22300,1.84100,1.71300,10
7288,2.11775,0.98600,2.09900,1.67300,10
7289,2.23013,1.27600,2.04200,1.71100,10
7290,1.77264,1.39700,1.96200,1.71100,10
7291,4.07979,1.18000,3.44100,1.70100,10
7292,4.29215,1.13000,4.21500,1.66700,10
7293,2.86024,1.93100,3.23100,1.85400,10
7294,3.44778,1.35400,3.37000,1.68700,10
7295,4.00000,1.03200,3.70000,1.70300,10
7296,2.19550,1.24900,2.38900,1.91100,10
7297,2.13317,1.15700,2.11700,1.70600,10
7298,2.62345,0.98200,2.59200,1.69700,10
7299,2.22261,1.33200,2.23500,1.74200,10
7300,2.66372,1.25700,2.62200,1.72300,10
7301,2.13920,1.48300,2.06500,1.71100,10
7302,2.24490,1.70300,2.27900,1.72100,10
7303,2.30202,1.53800,2.27400,1.70100,10
7304,2.19948,1.38200,2.23200,1.89000,10
7305,2.01411,1.23500,1.97800,1.72400,10
7306,3.43497,1.70600,2.62600,1.90700,10
7307,1.58230,2.60100,2.21400,1.66600,10
7308,1.81036,1.24300,1.75400,1.66600,10
7309,2.17758,1.20100,2.06000,1.73700,10
7310,4.76421,1.27200,1.97600,1.87900,10
7311,2.82821,1.34000,2.56400,1.69300,10
7312,1.90504,1.88200,2.21800,1.72700,10
7313,2.09108,1.08900,1.88500,1.70700,10
7314,3.73114,1.44500,2.82900,1.71100,10
7315,3.14503,1.55100,3.26000,1.70700,10
7316,2.64285,1.43500,2.67000,1.70200,10
7317,2.05357,1.52800,2.05200,1.68700,10
7318,2.33318,1.36500,2.29600,1.75700,10
7319,2.05930,1.34300,2.07800,1.84900,10
7320,2.12026,1.29000,2.13000,1.70700,10
7321,2.82993,1.07500,2.81700,1.69700,10
7322,2.19633,1.26900,2.19000,1.72700,10
7323,2.20055,1.09900,2.19300,1.71500,10
7324,2.15620,1.11700,2.14800,1.71600,10
7325,2.79090,1.15200,2.78000,1.72000,10
7326,2.69785,1.20000,2.68200,1.68000,10
7327,2.17164,1.19600,2.17900,1.72000,10
7328,2.48528,1.35600,2.47500,1.70500,10
7329,2.10358,1.28400,2.07300,1.71100,10
7330,2.06802,0.96700,2.05200,1.71100,10
7331,2.55800,1.07700,2.21400,1.72600,10
7332,1.77460,1.33000,1.83400,1.88700,10
7333,2.26872,1.00200,2.22700,1.72500,10
7334,2.42969,1.02400,2.29100,1.73200,10
7335,4.52188,1.20500,4.13900,1.69500,10
7336,3.35415,1.20100,3.51700,1.70600,10
7337,4.53127,1.75300,4.56700,1.72600,10
7338,4.40577,2.14100,4.28200,1.70400,10
7339,5.84715,3.10000,5.29700,1.74500,10
7340,7.98671,2.48600,6.66600,1.66700,10
7341,4.84669,2.55300,5.01000,1.72300,10
7342,8.63281,3.32100,7.19100,1.70700,10
7343,7.60161,3.12000,7.22700,1.73400,10
7344,7.34269,3.75500,6.87200,1.70500,10
7345,8.13237,3.77000,7.93700,1.66800,10
7346,6.78138,3.11000,5.58700,1.72200,10
7347,4.83040,3.55000,4.86800,1.69600,10
7348,6.82434,2.20200,4.75600,1.73100,10
7349,3.29172,1.84400,3.76500,1.65900,10
7350,3.21621,2.69300,2.93200,1.69500,10
7351,6.97630,2.70800,6.47000,1.71500,10
7352,6.97097,2.21100,6.59100,1.72600,10
7353,6.85603,4.16000,6.62500,1.86200,10
7354,2.64476,3.26200,2.98100,1.69300,10
7355,2.26831,1.72100,2.33100,1.67600,10
7356,2.24365,1.27300,2.23300,1.69000,10
7357,2.40737,1.22700,2.35200,1.71100,10
7358,1.82807,1.10700,1.80300,1.68500,10
7359,1.85426,1.03200,1.83000,1.72300,10
7360,2.00813,1.58300,1.99100,1.69400,10
7361,1.99884,1.30600,1.99100,1.71000,10
7362,2.72161,1.25400,2.39400,1.82600,10
7363,1.75799,1.14300,2.12700,1.72000,10
7364,4.08826,1.02200,2.98600,1.71800,10
7365,2.14779,1.13600,2.47500,1.89600,10
7366,3.06175,1.27600,2.77400,1.89600,10
7367,4.51666,1.52800,4.18400,1.76700,10
7368,5.68600,1.86600,5.56600,1.69000,10
7369,3.24176,1.82600,3.37600,1.67300,10
7370,4.93955,2.04700,4.09400,1.68000,10
7371,6.46784,1.33200,6.03000,1.82700,10
7372,4.60152,1.90100,4.56700,1.68500,10
7373,4.13856,2.44900,3.75400,1.71200,10
7374,4.27152,1.63400,4.17900,1.71500,10
7375,3.85276,1.45900,3.89700,1.69100,10
7376,5.56984,2.71900,5.53400,1.89800,10
7377,5.31206,2.88600,4.89500,1.69100,10
7378,7.01450,2.21800,5.96900,1.69600,10
7379,5.58848,2.33400,5.28800,1.71700,10
7380,4.67798,3.38300,5.17900,1.70300,10
7381,5.00617,2.34100,5.00300,1.75600,10
7382,7.30027,2.70000,6.86100,1.75500,10
7383,5.25847,3.68100,5.16300,1.71000,10
7384,5.50752,3.65200,5.39800,1.68300,10
7385,4.24755,3.13800,4.06800,1.70400,10
7386,6.82695,3.02500,6.61400,1.76000,10
7387,5.16771,2.52500,4.94800,1.70000,10
7388,5.81144,3.52500,5.50500,1.89800,10
7389,4.96179,4.28500,4.25000,1.89800,10
7390,6.53426,2.57100,5.30200,1.72600,10
7391,5.87311,3.00300,5.20500,1.88500,10
7392,5.16924,3.12800,5.71100,1.68800,10
7393,6.18037,2.38300,5.50900,1.70000,10
7394,4.60605,3.90400,3.90300,1.88500,10
7395,6.68562,2.92100,6.41200,1.70900,10
7396,8.16868,5.64800,6.20400,1.71800,10
7397,2.13875,2.75800,3.07300,1.71800,10
7398,6.23409,3.61100,5.48200,1.70600,10
7399,4.05173,2.64400,3.77500,1.67900,10
7400,5.26117,2.65100,5.49600,1.68000,10
7401,7.04288,2.58700,3.48300,1.71300,10
7402,4.22406,2.92500,3.82800,1.68100,10
7403,5.52635,3.35000,3.94200,1.75200,10
7404,5.11904,2.67300,4.49100,1.70400,10
7405,6.09090,3.19800,4.74000,1.68900,10
7406,4.33804,1.73600,4.44200,1.71800,10
7407,5.06997,1.89800,4.88200,1.76000,10
7408,4.88952,3.23900,5.01800,1.70800,10
7409,4.02040,2.44500,2.70100,1.70800,10
7410,6.26026,3.82000,6.70200,1.68700,10
7411,5.11337,3.75800,4.01700,1.67300,10
7412,4.00753,3.32900,3.74600,1.67300,10
7413,7.24888,1.86400,6.92800,1.71700,10
7414,4.29799,4.80400,3.14100,1.67300,10
