frame,frame_ms,game_ms,render_ms,gpu_ms,instances
0,3.63659,2.51900,3.55400,1.63000,1
1,4.59779,1.86600,4.22000,1.79400,1
2,5.07824,1.22600,5.22700,1.68400,1
3,2.96542,0.95900,2.59900,1.70700,1
4,3.12630,1.32400,3.47000,1.70700,1
5,5.60228,1.15400,5.17700,1.65900,1
6,3.92459,1.84500,3.73800,1.65900,1
7,1.98442,1.60200,2.43300,1.62200,1
8,3.33658,0.95100,3.48100,1.64500,1
9,4.71149,1.37500,4.62000,1.60600,1
10,3.79838,2.79800,3.88100,1.80800,1
11,5.15358,1.01000,5.14400,1.67400,1
12,4.69383,1.25000,3.17600,1.65700,1
13,5.36863,2.59100,5.43800,1.65700,1
14,6.13140,2.06700,6.66100,1.92100,1
15,5.87407,2.18800,5.32200,1.64500,1
16,2.27176,1.60100,2.23400,1.68000,1
17,5.31442,1.20500,4.04400,1.82900,1
18,4.03314,1.45700,3.80000,1.60400,1
19,3.39972,1.92300,3.37600,1.62700,1
20,2.84726,1.93300,2.10200,1.62700,1
21,4.11381,2.03000,3.97500,1.62400,1
22,7.50318,1.67600,7.45000,1.65400,1
23,4.00462,0.93500,3.77500,1.65700,1
24,4.89002,2.59200,4.90700,1.62400,1
25,3.11182,2.20600,3.09000,1.75800,1
26,6.22464,2.07100,4.35400,1.62600,1
27,4.94842,1.98200,3.92300,1.65300,1
28,6.03972,3.41000,7.11100,1.63400,1
29,6.20454,1.53400,5.80600,1.60800,1
30,3.23442,2.17000,3.04200,1.60100,1
31,4.11731,1.77200,4.13500,1.69800,1
32,3.99812,2.00700,3.94500,1.60500,1
33,4.91722,1.27800,4.38800,1.61000,1
34,4.62351,2.57400,4.60400,1.69200,1
35,5.49442,2.19100,4.82600,1.65100,1
36,4.16361,2.60300,3.57400,1.66300,1
37,4.80905,2.37700,4.19100,1.62500,1
38,2.26193,2.86100,2.58000,1.62500,1
39,6.43548,1.82900,6.01000,1.79900,1
40,3.97807,1.35300,3.25800,1.70000,1
41,5.49664,1.54200,5.93000,1.63800,1
42,5.20504,2.05800,5.11700,1.85600,1
43,5.46378,2.02000,5.53000,1.62500,1
44,5.31584,2.41500,4.64100,1.61400,1
45,6.15759,1.47900,4.93500,1.76500,1
46,3.24588,1.46800,3.09700,1.66100,1
47,3.70036,1.93300,3.59800,1.66100,1
48,5.02983,2.35200,3.96900,1.62400,1
49,2.40171,1.83100,3.41600,1.81000,1
50,3.74806,1.98400,3.62800,1.67900,1
51,3.23416,1.13500,3.22700,1.65100,1
52,4.32331,2.07500,4.12800,1.63000,1
53,4.67626,1.72900,4.52200,1.71700,1
54,3.49570,2.33300,3.39200,1.79300,1
55,3.83814,1.17100,3.41500,1.71200,1
56,3.96762,1.70700,3.98300,1.67200,1
57,3.58655,1.51100,3.50500,1.61100,1
58,3.19925,0.85000,3.19600,1.65500,1
59,4.41703,0.87900,4.38800,1.66100,1
60,3.44829,2.22800,3.38500,1.63400,1
61,3.95800,1.93000,3.45700,1.65800,1
62,2.55335,1.83600,2.32200,1.65800,1
63,5.60462,1.35300,4.22300,1.71900,1
64,6.91872,1.45900,4.67500,1.61200,1
65,3.39389,2.16900,3.17400,1.65600,1
66,1.90269,1.61500,1.90700,1.65600,1
67,5.58252,1.57300,4.99200,1.59800,1
68,3.57331,1.95100,3.35300,1.66200,1
69,5.39772,1.32500,4.90300,1.68400,1
70,3.63613,2.38700,3.86900,1.78700,1
71,3.15556,1.60000,3.31000,1.62400,1
72,3.29447,2.29000,3.25900,1.62400,1
73,5.07553,0.92700,3.93700,1.62800,1
74,5.37426,1.19600,5.39700,1.80600,1
75,6.66856,1.47600,6.51900,1.69300,1
76,2.82490,2.24500,2.73100,1.65300,1
77,2.46093,1.07800,2.55900,1.65500,1
78,2.38627,1.43300,2.39400,1.82700,1
79,2.90458,1.18700,2.76700,1.62600,1
80,2.60298,1.17500,2.44500,1.64700,1
81,2.39281,1.52900,2.34900,1.61800,1
82,2.51721,0.84700,2.47400,1.63500,1
83,3.18745,1.09900,2.97100,1.58500,1
84,3.93780,0.88500,2.16000,1.80000,1
85,2.40613,0.95100,3.77600,1.65700,1
86,3.93994,0.93300,3.89500,1.64500,1
87,3.85105,1.27000,3.27500,1.65200,1
88,3.78218,1.38000,3.25700,1.65600,1
89,2.39382,0.88100,2.68300,1.83700,1
90,3.31520,1.59900,3.15700,1.83700,1
91,3.69361,2.31700,3.81200,1.68200,1
92,2.86736,1.16200,2.90000,1.67400,1
93,7.70610,0.98100,7.27700,1.66900,1
94,5.13669,3.75400,5.02600,1.71200,1
95,9.02941,4.67800,3.29900,1.68000,1
96,3.95887,1.83600,3.27900,1.80400,1
97,2.66654,1.35800,2.66000,1.59000,1
98,3.31442,1.87800,3.44900,1.63700,1
99,2.67502,1.23300,2.42100,1.64400,1
100,5.45207,1.81400,3.70300,1.80400,1
101,3.52958,1.38200,2.72000,1.60500,1
102,3.49408,0.88400,1.93300,1.67200,1
103,3.59996,0.98900,3.44600,1.60600,1
104,2.68322,1.20000,2.62700,1.60600,1
105,5.48537,1.04100,4.57300,1.65400,1
106,4.61781,1.23100,4.48700,1.67000,1
107,3.09388,2.24100,3.03200,1.67100,1
108,3.56032,1.51600,2.94600,1.65800,1
109,3.78733,1.55900,2.89600,1.67500,1
110,1.85434,1.06000,2.02200,1.67500,1
111,4.16775,0.96800,2.74800,1.61600,1
112,2.22435,0.99400,2.64800,1.63400,1
113,2.93193,0.77400,2.44300,1.64900,1
114,3.62182,1.42100,3.30300,1.65400,1
115,2.81417,1.56100,3.03000,1.65700,1
116,2.65662,1.32200,2.37900,1.69800,1
117,4.91542,1.22400,4.62100,1.63200,1
118,3.84283,2.47000,3.75400,1.63800,1
119,3.94118,2.90800,4.34800,1.64200,1
120,2.93528,1.27500,2.10400,1.64200,1
121,4.74108,1.19100,5.09500,1.62100,1
122,4.14773,1.24900,3.76900,1.60300,1
123,3.49324,1.75200,3.69300,1.64700,1
124,6.96436,1.75700,6.06500,1.76800,1
125,4.14437,2.18300,4.32400,1.64900,1
126,5.55324,2.91600,4.66300,1.62800,1
127,3.77329,2.05900,4.60300,1.80900,1
128,3.94331,2.94400,3.93700,1.63200,1
129,4.09366,1.56100,4.13500,1.66300,1
130,2.96533,1.78300,2.89900,1.64900,1
131,4.82018,2.17200,4.73600,1.80600,1
132,3.15724,2.23900,3.13900,1.65100,1
133,4.29222,2.06100,4.25900,1.66300,1
134,4.07587,2.46200,3.91400,1.61200,1
135,2.97079,1.82400,2.90000,1.90200,1
136,2.87455,2.68100,2.76000,1.90200,1
137,3.69090,1.07500,3.21700,1.63800,1
138,3.93417,1.57900,3.81700,1.63800,1
139,4.22958,1.29000,3.35200,1.65500,1
140,7.48410,2.43700,7.02900,1.66000,1
141,3.82928,1.95600,3.92700,1.64000,1
142,3.63787,1.62700,3.66900,1.62900,1
143,3.74316,1.78400,3.61300,1.64000,1
144,5.47437,1.20900,4.84000,1.64000,1
145,4.84058,1.04900,2.76700,1.64000,1
146,6.33978,1.52400,4.63100,1.62300,1
147,4.24984,2.49000,4.25800,1.63900,1
148,4.11578,3.15900,3.48900,1.65000,1
149,4.28421,1.19100,4.29500,1.63300,1
150,4.44659,0.99500,3.94700,1.64500,1
151,4.16845,2.72400,4.09200,1.62500,1
152,4.42438,1.64700,3.83000,1.64200,1
153,3.43978,1.27700,3.83400,1.62800,1
154,3.77011,1.19700,3.69700,1.69600,1
155,5.63986,1.62200,5.32600,1.61600,1
156,4.21164,2.16700,4.16900,1.63700,1
157,4.35989,1.79300,3.26100,1.63400,1
158,5.54131,1.96200,3.72600,1.62100,1
159,5.25320,1.83000,5.17300,1.67800,1
160,4.73954,1.41500,3.66100,1.63500,1
161,2.29121,1.93400,2.93100,1.65400,1
162,2.48011,1.37600,2.21500,1.81600,1
163,3.01441,2.14500,2.50000,1.66000,1
164,3.45427,0.93100,3.27700,1.63000,1
165,3.59895,1.92400,3.38600,1.63800,1
166,3.93309,2.79000,4.26200,1.61800,1
167,4.61361,2.33600,4.61100,1.80500,1
168,6.11857,2.30100,4.92500,1.63600,1
169,2.77749,1.40200,2.76500,1.63800,1
170,3.21379,1.79700,2.65500,1.62100,1
171,2.75644,1.13100,2.74100,1.62100,1
172,3.54436,1.49700,3.33000,1.66100,1
173,2.18309,1.95300,2.13700,1.64600,1
174,3.35025,0.87300,3.31400,1.66200,1
175,2.80626,1.41800,2.81200,1.66200,1
176,7.20463,0.89800,4.58500,1.87400,1
177,3.57512,1.41200,2.85100,1.63700,1
178,5.16169,1.99700,4.80400,1.69000,1
179,3.82500,1.58900,3.30700,1.60800,1
180,3.68495,1.66900,3.81300,1.80600,1
181,4.13475,1.61100,3.50800,1.64200,1
182,6.55644,1.73400,6.26800,1.64000,1
183,3.94854,3.78900,3.99200,1.81400,1
184,3.69789,1.97000,3.23500,1.62100,1
185,3.88300,1.59100,3.71100,1.65700,1
186,4.16002,1.98900,4.07600,1.64200,1
187,3.29833,2.26100,3.51300,1.63400,1
188,3.67691,1.16100,3.49100,1.77100,1
189,3.76858,1.84800,3.76500,1.65300,1
190,2.94295,1.63500,2.70500,1.63100,1
191,4.45696,0.90400,3.53100,1.64300,1
192,2.81118,1.60600,2.66500,1.81700,1
193,3.31780,0.92400,3.54300,1.77000,1
194,3.68462,1.44100,3.52000,1.64100,1
195,3.14656,1.75700,3.18600,1.64100,1
196,4.52325,1.16100,3.19100,1.62300,1
197,8.10370,2.12700,7.40700,1.82900,1
198,6.79435,1.33800,5.90400,1.73900,1
199,6.36446,2.38700,4.96900,1.63600,1
200,5.58468,4.32000,6.38800,1.67500,1
201,5.56973,3.54000,4.69400,1.67500,1
202,4.91244,2.89900,5.51200,1.89500,1
203,4.13455,2.57500,3.91400,1.71000,1
204,2.68864,1.66500,2.72100,1.60000,1
205,4.26722,1.10200,4.08200,1.69200,1
206,3.58761,1.30600,2.72600,1.67100,1
207,5.56405,1.88100,3.60700,1.66500,1
208,3.09775,1.54500,5.08100,1.66500,1
209,3.67702,1.65400,3.04900,1.64500,1
210,3.35837,1.04100,3.84300,1.64300,1
211,3.45989,1.89000,3.52400,1.78600,1
212,5.01696,2.19100,4.56000,1.70900,1
213,3.24965,1.91600,2.97800,1.62400,1
214,4.30821,1.26700,2.91100,1.65300,1
215,3.60472,1.68500,3.48900,1.88900,1
216,3.56700,1.93400,3.63900,1.65000,1
217,3.01289,0.86900,2.79900,1.65000,1
218,5.06761,1.51600,3.38100,1.67100,1
219,4.40127,0.93100,3.68400,1.81100,1
220,3.20927,1.19700,3.16500,1.81100,1
221,6.00510,1.18700,5.05300,1.61400,1
222,3.37374,1.69200,2.91500,1.61100,1
223,2.94647,1.63600,2.68400,1.82300,1
224,3.95337,1.69900,3.68300,1.66700,1
225,3.78499,1.44600,2.73600,1.66700,1
226,4.57012,1.54800,5.21900,1.64600,1
227,4.06754,2.20500,4.06000,1.83300,1
228,5.07942,1.23700,4.58700,1.79400,1
229,4.00052,1.03400,4.33600,1.66900,1
230,3.51766,1.81800,3.47800,1.64200,1
231,1.96765,1.70500,2.11300,1.61400,1
232,3.21679,1.18200,2.65600,1.64800,1
233,2.58762,1.33100,2.44900,1.61600,1
234,3.47381,1.10800,2.87500,1.65200,1
235,3.37542,1.57900,3.48300,1.59800,1
236,3.45119,1.30200,2.21900,1.59800,1
237,5.42023,1.40200,5.48400,1.64100,1
238,2.97761,1.59000,2.77100,1.70100,1
239,3.17163,2.49800,2.96700,1.62500,1
240,4.46299,1.57500,4.64200,1.65500,1
241,3.99822,2.05200,3.98700,1.66600,1
242,3.95343,1.37100,3.95400,1.66200,1
243,3.27836,2.02500,3.28300,1.62000,1
244,7.49203,1.32100,3.71500,1.62000,1
245,5.61924,1.04200,3.89700,1.81800,1
246,2.68964,1.90800,2.66800,1.62000,1
247,2.61251,1.18300,2.82300,1.62000,1
248,3.68016,2.60200,2.26800,1.66400,1
249,3.31524,0.86100,3.00600,1.59500,1
250,2.62120,0.98600,2.66000,1.62400,1
251,3.61967,0.69000,3.17500,1.74100,1
252,2.87661,1.16700,2.87000,1.61900,1
253,4.52035,1.22900,3.74400,1.64200,1
254,3.32308,1.94400,2.87900,1.69700,1
255,5.49512,3.27500,5.09700,1.67200,1
256,4.48831,1.47700,4.30200,1.62900,1
257,2.45660,1.73500,2.53300,1.63400,1
258,3.06331,1.48400,3.36600,1.63300,1
259,3.72054,1.83000,3.23700,1.59800,1
260,3.19619,1.81400,2.68800,1.68100,1
261,2.73526,0.76000,2.75300,1.64200,1
262,2.43598,1.37300,2.38800,1.65100,1
263,4.65311,1.51200,4.07800,1.59500,1
264,5.12742,1.63900,2.98200,1.59500,1
265,3.97068,2.96000,4.49900,1.62900,1
266,2.79608,3.53800,2.84400,1.63000,1
267,2.60237,1.72600,1.83000,1.67800,1
268,1.91485,1.17900,1.91600,1.67800,1
269,4.73339,1.15300,2.90600,1.72800,1
270,2.81534,1.29400,2.54400,1.63000,1
271,4.06260,0.95400,1.82900,1.63000,1
272,4.27492,1.06000,6.25800,1.66100,1
273,4.12207,1.09300,3.13200,1.60500,1
274,3.37418,1.14100,3.37000,1.66200,1
275,2.46692,1.50700,2.34600,1.66100,1
276,3.22034,1.19800,3.25500,1.66600,1
277,2.71101,3.13700,2.76700,1.62800,1
278,3.84599,1.96300,2.87900,1.64200,1
279,3.03232,1.97100,3.23700,1.68900,1
280,3.45051,1.53000,3.19900,1.64100,1
281,4.31604,1.50800,4.04500,1.62900,1
282,6.22635,1.02100,3.95400,1.81300,1
283,4.80745,2.05400,4.78600,1.63200,1
284,8.63952,3.52800,5.93700,1.66100,1
285,4.98659,1.01300,3.60800,1.63600,1
286,4.12729,2.33300,3.01800,1.63600,1
287,3.53403,1.02800,3.40100,1.62000,1
288,3.84462,1.79400,3.73800,1.63600,1
289,6.40252,1.67700,3.61800,1.65400,1
290,4.56884,2.05700,4.07500,1.65500,1
291,2.64756,1.53400,2.80500,1.61800,1
292,3.03313,1.64200,2.98900,1.61800,1
293,4.69455,1.41300,3.89800,1.64300,1
294,4.60262,2.03200,4.49500,1.72400,1
295,4.13502,1.34100,4.06000,1.66900,1
296,4.03701,1.30800,4.01100,1.65800,1
297,3.41568,2.33600,2.80800,1.77800,1
298,4.17654,1.24000,3.08200,1.71400,1
299,4.70801,1.01800,4.01600,1.69600,1
300,3.05332,0.88000,3.00400,1.63600,1
301,5.35403,2.17600,4.93100,1.62400,1
302,5.07412,2.41400,4.55600,1.64400,1
303,3.08487,2.66900,2.81800,1.64400,1
304,3.80985,1.14300,3.40100,1.71900,1
305,13.06443,1.40100,13.37900,1.64600,1
306,3.72815,1.65100,3.66000,1.63500,1
307,6.81935,2.02900,5.38700,1.63600,1
308,3.03124,1.51500,3.06700,1.61200,1
309,5.63815,2.32800,5.59900,1.63200,1
310,3.45455,1.39100,3.45300,1.61900,1
311,4.31784,1.99900,4.27700,1.62600,1
312,3.95537,1.34400,3.51900,1.67300,1
313,4.43735,1.77600,4.47300,1.64700,1
314,5.44849,2.40600,3.86200,1.87200,1
315,3.49791,2.02500,4.94500,1.62500,1
316,6.14864,3.17800,5.47900,1.69100,1
317,5.56849,2.84700,5.59700,1.66500,1
318,3.88000,2.40500,3.93200,1.85200,1
319,3.86894,1.56000,2.69300,1.63600,1
320,4.04377,1.36700,4.05000,1.62100,1
321,2.77353,1.72200,2.78800,1.66900,1
322,4.24122,1.16000,3.30900,1.63600,1
323,6.05554,1.64700,4.95500,1.61700,1
324,2.31162,1.93000,3.28400,1.65400,1
325,3.04159,1.09400,3.06200,1.63900,1
326,5.75329,1.13700,5.75100,1.82400,1
327,2.88558,1.05300,2.85300,1.64000,1
328,4.32818,0.79300,3.74200,1.63300,1
329,3.49169,1.48000,3.49500,1.64700,1
330,4.74191,1.15400,3.43300,1.62800,1
331,3.62311,1.50000,4.60400,1.61200,1
332,3.97671,2.44700,3.85700,1.65100,1
333,3.54701,1.65500,3.35900,1.63300,1
334,3.87763,1.87500,3.82500,1.62500,1
335,5.03555,1.93300,4.70500,1.66700,1
336,5.30454,2.06100,4.52500,1.61600,1
337,5.00902,2.79500,4.79000,1.62100,1
338,3.75388,2.02800,3.88000,1.64600,1
339,3.06154,1.59200,2.89500,1.65600,1
340,6.56616,1.25200,4.36200,1.64000,1
341,5.06956,2.16200,3.61600,1.67200,1
342,3.88266,1.71500,3.83400,1.67200,1
343,3.75625,1.44800,3.67300,1.61200,1
344,4.36881,2.17400,3.98600,1.63800,1
345,3.55249,1.91800,3.41400,1.66800,1
346,4.53074,1.38200,4.29700,1.64000,1
347,4.09764,1.71900,3.68700,1.63000,1
348,4.17814,2.00200,4.18800,1.63700,1
349,3.85875,1.43400,3.45000,1.63700,1
350,4.60863,1.86900,4.28300,1.61300,1
351,3.89122,0.93200,3.84600,1.64200,1
352,2.62562,2.50000,2.60700,1.68000,1
353,4.86904,1.38400,4.56400,1.64600,1
354,3.32806,1.32000,3.24600,1.66600,1
355,3.46409,1.36800,3.52600,1.66100,1
356,4.31836,1.58200,3.25300,1.64900,1
357,5.06536,0.91900,4.86600,1.64900,1
358,4.76554,0.92900,4.29400,1.81200,1
359,5.92930,2.50200,6.02100,1.63200,1
360,4.50680,1.85400,4.06600,1.63900,1
361,2.84430,2.32500,2.81000,1.81800,1
362,5.24526,0.98500,3.23200,1.63600,1
363,4.50069,1.10600,5.05500,1.63600,1
364,3.82553,1.72400,2.40000,1.66600,1
365,2.86820,2.12800,2.94400,1.80400,1
366,3.46663,1.49700,3.12500,1.65200,1
367,2.91784,1.39700,2.51500,1.67000,1
368,3.15699,1.73000,2.89000,1.64500,1
369,4.03790,1.23700,2.88300,1.65300,1
370,4.87772,1.31000,3.05400,1.86000,1
371,3.64467,2.01200,3.61800,1.66600,1
372,2.90219,0.82600,2.38600,1.61300,1
373,2.97843,0.92500,2.99200,1.62100,1
374,3.35192,1.18200,3.23100,1.65800,1
375,2.40299,1.34300,2.39100,1.65800,1
376,3.96202,1.49400,3.54800,1.64700,1
377,3.08940,1.95800,2.97600,1.65500,1
378,2.82972,1.76400,2.50100,1.65500,1
379,5.00947,1.87300,3.91400,1.70500,1
380,3.60104,2.09300,3.23100,1.63200,1
381,3.00765,1.79400,3.33900,1.61400,1
382,2.54087,1.70300,2.60200,1.61400,1
383,4.88635,0.93800,4.17200,1.64600,1
384,5.78490,1.08400,5.69800,1.68900,1
385,4.43944,1.94100,4.07000,1.61900,1
386,3.52017,1.96400,2.61400,1.59200,1
387,2.94750,1.57300,2.44200,1.59200,1
388,4.36603,1.51200,3.92800,1.83000,1
389,4.01993,2.19100,3.13800,1.62400,1
390,3.09911,1.12500,3.17800,1.67000,1
391,2.81737,1.47700,2.66800,1.67000,1
392,5.06815,1.51900,4.67800,1.64900,1
393,3.73160,1.05400,3.71200,1.80300,1
394,4.53458,1.13000,4.57900,1.65700,1
395,2.92213,1.13900,2.92700,1.66800,1
396,5.84801,1.33600,5.10800,1.63800,1
397,4.38131,1.08000,4.21100,1.68900,1
398,4.25718,1.20900,4.35300,1.66500,1
399,3.98640,1.80700,2.83300,1.63200,1
400,5.66978,2.56100,5.70300,1.65100,1
401,4.47794,2.31100,4.43600,1.80100,1
402,3.58591,1.83700,3.42300,1.63500,1
403,3.57147,1.21500,2.99000,1.64000,1
404,3.84434,1.04300,3.31400,1.62300,1
405,3.82688,1.78100,3.81000,1.84200,1
406,5.50468,1.45600,5.46300,1.69100,1
407,5.35426,2.26500,5.06000,1.66600,1
408,4.76271,1.72700,3.65900,1.86900,1
409,2.83711,1.62600,2.91000,1.69200,1
410,6.30167,2.38900,6.18900,1.64400,1
411,3.71506,2.08100,4.11200,1.64900,1
412,5.17411,1.36000,4.78500,1.87500,1
413,9.99224,2.42600,9.24800,1.67900,1
414,6.66540,4.67600,7.00400,1.67600,1
415,3.07348,2.26000,2.78600,1.65800,1
416,4.85286,1.90600,3.98500,1.65500,1
417,3.77495,1.16800,3.94900,1.66100,1
418,5.57332,1.19300,5.29900,1.65600,1
419,4.85393,2.39300,5.02800,1.64700,1
420,3.69723,1.43300,3.55700,1.65700,1
421,5.08451,2.14200,5.07100,1.64000,1
422,4.02314,1.52100,4.10300,1.61100,1
423,2.74317,1.67800,2.48500,1.61100,1
424,4.10683,1.30400,3.55600,1.64200,1
425,3.86381,1.57700,3.31700,1.64100,1
426,5.00729,1.56500,3.93400,1.65000,1
427,4.27256,1.45000,4.28300,1.63700,1
428,3.23265,1.56400,3.24800,1.67400,1
429,3.72072,1.15300,3.20600,1.67700,1
430,2.47390,1.46800,2.47600,1.82700,1
431,2.09469,0.84900,1.89600,1.82700,1
432,2.54739,0.82400,2.52500,1.63500,1
433,3.13579,1.07800,3.09900,1.62600,1
434,3.64117,0.97800,3.45600,1.65500,1
435,3.49914,2.68200,3.51200,1.67300,1
436,4.66541,1.37600,4.16300,1.65300,1
437,3.33939,1.03300,3.45000,1.63600,1
438,3.53966,2.62400,3.55500,1.67900,1
439,5.20767,2.33500,5.18800,1.65000,1
440,6.89494,3.16300,6.86300,1.62700,1
441,9.61056,1.51300,5.72000,1.61000,1
442,4.25391,1.17700,4.52000,1.67100,1
443,5.62913,2.96900,5.54100,1.63600,1
444,6.05439,2.73500,5.49200,1.65900,1
445,4.70531,2.08700,5.02200,1.85600,1
446,4.35258,1.74800,3.84000,1.64400,1
447,3.96038,2.05600,3.42200,1.66100,1
448,6.02927,2.24400,4.77500,1.81900,1
449,3.89603,1.77200,3.14300,1.64800,1
450,2.71185,1.37000,2.25300,1.64800,1
451,4.95729,2.01400,4.63700,1.64000,1
452,3.75343,1.63700,3.11700,1.63200,1
453,5.45269,2.12100,2.88000,1.79400,1
454,2.36400,1.90500,4.24100,1.64700,1
455,4.45563,2.67300,4.41200,1.63000,1
456,3.41079,1.09700,3.44400,1.62600,1
457,4.25757,1.84500,4.01700,1.66000,1
458,3.02309,1.20200,3.19800,1.64200,1
459,4.01411,2.42300,3.90300,1.64200,1
460,3.79351,1.99600,2.86500,1.64500,1
461,4.39506,1.08200,4.11200,1.80600,1
462,4.53096,2.04700,4.45800,1.61400,1
463,3.13892,0.85100,3.18100,1.62600,1
464,3.73851,2.06500,3.25200,1.64600,1
465,6.14178,1.03100,4.34000,1.66600,1
466,5.27066,1.40400,5.01900,1.64100,1
467,4.24108,2.27500,4.42300,1.67500,1
468,5.68095,1.43200,5.57300,1.66100,1
469,4.24560,2.45500,3.88300,1.64600,1
470,3.37649,1.92200,3.38800,1.62600,1
471,3.55405,1.59700,3.21000,1.62600,1
472,4.84034,2.27700,5.17100,1.70000,1
473,2.33382,1.54800,2.09000,1.70000,1
474,3.44788,1.98300,3.33800,1.64200,1
475,2.97943,1.36700,2.97200,1.64400,1
476,4.98928,1.30300,3.72300,1.62500,1
477,4.35198,2.03500,3.01500,1.62500,1
478,6.68793,3.13400,6.83900,1.64600,1
479,3.85314,1.47300,3.64000,1.62000,1
480,2.76609,1.15000,2.62900,1.67300,1
481,8.78026,1.38600,8.61000,1.65100,1
482,4.83963,0.92000,4.17900,1.65700,1
483,4.57366,1.02600,4.50400,1.65800,1
484,4.91150,1.33600,4.94700,1.76900,1
485,4.33934,1.30800,4.20800,1.67200,1
486,5.45300,2.64900,5.42900,1.64700,1
487,3.18673,2.05100,3.14200,1.82400,1
488,3.64660,1.10700,3.55800,1.61200,1
489,6.22978,1.58300,6.27300,1.63600,1
490,3.81271,1.51000,3.51700,1.63000,1
491,3.83540,1.89000,3.80900,1.84800,1
492,3.30933,1.87700,2.56100,1.62300,1
493,6.10879,1.18100,5.59200,1.62400,1
494,7.70263,2.34200,7.34200,1.66300,1
495,3.31128,2.41300,3.39100,1.61800,1
496,4.34924,2.51400,3.52800,1.62900,1
497,7.50610,1.42900,6.89600,1.62100,1
498,4.89461,1.10700,4.81700,1.65900,1
499,4.99072,2.09700,4.59700,1.64500,1
500,4.85707,3.02300,4.76100,1.64100,1
501,3.73671,2.08300,3.12500,1.62800,1
502,4.13257,1.31400,3.34300,1.62200,1
503,4.10349,1.40500,4.30900,1.65200,1
504,4.46997,1.68300,4.30100,1.65200,1
505,6.31489,1.46200,5.00800,1.65500,1
506,5.89042,1.72600,5.43700,1.72100,1
507,4.39332,1.79200,4.23800,1.61000,1
508,4.38742,2.52600,4.07900,1.64800,1
509,3.74740,2.67900,3.57600,1.63800,1
510,5.21223,1.41100,3.14500,1.63800,1
511,5.48426,1.65600,6.47100,1.82400,1
512,12.37862,3.18600,11.94700,1.71900,1
513,4.45412,6.24400,4.70900,1.66700,1
514,3.37245,2.95500,3.48800,1.66200,1
515,5.91878,1.67900,5.96400,1.65500,1
516,3.96057,1.20900,3.65100,1.63700,1
517,4.08958,0.96100,3.86100,1.63700,1
518,3.94272,1.56300,3.68800,1.62200,1
519,3.02721,2.20600,2.82700,1.62600,1
520,3.26841,1.08100,3.49000,1.62400,1
521,5.69362,1.07800,4.98900,1.64100,1
522,1.95487,1.43900,2.57100,1.57700,1
523,3.98984,1.47600,3.93100,1.62600,1
524,6.13076,0.94700,5.02000,1.63500,1
525,3.91307,1.11600,3.54500,1.65400,1
526,3.99891,1.12000,4.19900,1.64200,1
527,4.29781,1.16100,3.70300,1.64600,1
528,3.67060,1.44400,3.17500,1.68600,1
529,4.04476,1.48500,3.12400,1.80700,1
530,4.44628,1.19500,3.56100,1.80700,1
531,5.34082,0.75800,3.91400,1.66200,1
532,4.46549,0.92200,4.34100,1.64700,1
533,3.38799,1.48800,3.39100,1.64700,1
534,3.49355,0.75500,3.49100,1.66400,1
535,2.84335,1.61300,2.69400,1.62900,1
536,4.00155,0.69400,3.76600,1.62800,1
537,3.00385,0.85900,2.97500,1.66400,1
538,4.99840,0.68100,5.15300,1.66400,1
539,4.00729,0.91100,3.50600,1.64200,1
540,2.58625,0.76400,2.46200,1.64200,1
541,3.55581,1.27000,3.61900,1.65800,1
542,3.50496,1.74900,3.57300,1.70700,1
543,4.24232,1.39200,4.02900,1.80200,1
544,4.29322,2.01500,4.21000,1.62900,1
545,3.28437,1.55200,3.24600,1.61000,1
546,2.89898,1.18500,2.92800,1.61100,1
547,3.55609,2.30000,3.45800,1.80400,1
548,3.20454,1.96800,3.25900,1.63200,1
549,4.33910,1.83900,4.29800,1.63700,1
550,4.92346,0.83200,4.90500,1.61000,1
551,4.56476,1.67200,4.19700,1.93200,1
552,4.48940,3.00200,4.46600,1.63900,1
553,3.57185,1.76600,3.66500,1.68000,1
554,4.46775,1.03000,4.35800,1.58500,1
555,3.15873,1.32400,3.35000,1.62200,1
556,2.80630,0.92700,2.77600,1.61000,1
557,4.50632,1.32700,4.21500,1.64900,1
558,5.10355,1.89200,4.02800,1.63200,1
559,7.72990,2.28500,7.82500,1.63800,1
560,4.01406,1.38300,3.90800,1.64000,1
561,3.15664,1.29200,2.92500,1.61300,1
562,3.28261,1.02200,2.34100,1.63800,1
563,3.77525,0.81700,3.61600,1.87400,1
564,2.91082,1.26200,2.82500,1.65100,1
565,3.11493,1.23000,2.86800,1.60600,1
566,3.50364,1.36700,3.55300,1.61500,1
567,3.59701,1.95800,3.55600,1.73700,1
568,3.02281,1.63700,2.97800,1.80600,1
569,3.05106,1.63600,3.07100,1.61200,1
570,2.71582,1.24600,2.77600,1.61500,1
571,3.49969,0.82900,2.20300,1.65900,1
572,2.67173,1.56700,2.68100,1.65900,1
573,2.58798,1.26400,2.44900,1.66600,1
574,3.80093,1.30500,3.52900,1.65100,1
575,5.53453,2.03900,4.73100,1.63900,1
576,4.00403,2.46300,3.89200,1.69900,1
577,4.16810,2.13400,4.16200,1.64600,1
578,2.06671,1.17400,2.50900,1.95100,1
579,3.41806,1.45400,3.55900,1.60000,1
580,2.66453,0.92700,2.52400,1.65400,1
581,2.85008,1.13800,2.32000,1.63300,1
582,3.08048,1.43400,2.86800,1.67900,1
583,2.44764,1.17500,2.52900,1.65100,1
584,3.52439,1.09900,3.03300,1.63500,1
585,2.35472,1.38500,2.12300,1.60600,1
586,3.44569,1.94400,3.37500,1.62800,1
587,5.43919,1.10500,3.64900,1.62800,1
588,3.83869,1.19300,3.88300,1.85900,1
589,4.40531,1.69500,4.44700,1.64700,1
590,4.01607,1.50000,3.17600,1.67000,1
591,3.58856,1.50900,3.31000,1.64500,1
592,3.15707,3.12400,2.86200,1.64500,1
593,3.18219,1.69400,2.53800,1.81400,1
594,4.56489,2.07700,4.60300,1.62300,1
595,4.00356,1.37200,3.57100,1.64700,1
596,4.11975,1.93600,4.30300,1.64400,1
597,4.02327,1.79500,3.44700,1.82500,1
598,3.25950,1.87100,3.38800,1.60100,1
599,3.84798,1.54400,2.55500,1.60100,1
600,3.51416,1.60000,3.87500,1.65100,1
601,3.75482,2.16100,3.35400,1.84400,1
602,4.84518,1.15400,3.80900,1.65400,1
603,4.75433,1.54700,4.79000,1.62400,1
604,3.15873,1.39500,2.87600,1.63500,1
605,3.12399,1.90600,2.81700,1.65000,1
606,6.28761,1.74200,3.85500,1.63100,1
607,4.21835,1.17600,3.99300,1.62600,1
608,8.24006,1.77800,8.01600,1.64400,1
609,2.94270,1.41200,2.97100,1.61600,1
610,5.59451,1.97600,4.40900,1.65400,1
611,5.71163,2.40600,5.34400,1.65000,1
612,4.83032,2.22500,4.86500,1.79200,1
613,5.10980,2.10000,5.08100,1.66200,1
614,5.10985,3.96300,3.06000,1.68500,1
615,2.63471,1.54600,3.65700,1.68500,1
616,4.15040,0.99200,4.06600,1.60600,1
617,5.18111,1.76600,4.88400,1.64900,1
618,5.71470,1.48500,5.68200,1.62400,1
619,3.45254,1.90400,3.27200,1.63200,1
620,5.03794,1.74700,4.75500,1.74500,1
621,4.15680,1.16000,3.73600,1.65000,1
622,4.01554,1.69700,3.68100,1.64700,1
623,6.55953,2.08600,5.43300,1.63200,1
624,3.44155,1.69300,4.13700,1.62900,1
625,6.28965,1.20700,3.59400,1.61100,1
626,3.72093,1.24400,2.51000,1.85000,1
627,1.88527,1.15600,2.27000,1.85000,1
628,6.08547,1.40100,4.94400,1.60600,1
629,4.08171,0.95800,3.78800,1.66300,1
630,2.94453,2.13400,3.33300,1.63600,1
631,3.95554,1.71000,3.60400,1.65000,1
632,4.29142,1.60800,4.25300,1.71300,1
633,3.16308,1.65700,2.61500,1.62200,1
634,4.13569,2.84700,3.76500,1.72300,1
635,2.63276,1.75900,2.86000,1.79900,1
636,12.41981,1.30600,9.73000,1.61600,1
637,5.31093,3.22500,5.72700,1.69100,1
638,4.13933,3.42200,4.03700,1.68700,1
639,3.01184,1.90700,3.11800,1.65700,1
640,4.07248,1.05200,3.78500,1.64800,1
641,3.76641,1.58400,3.66700,1.82500,1
642,3.23340,1.69500,3.37300,1.80600,1
643,3.69676,2.17700,3.14800,1.60200,1
644,3.26372,1.41900,3.07600,1.61700,1
645,3.84858,1.32000,3.25000,1.61700,1
646,2.97233,1.32700,2.44100,1.62600,1
647,4.38163,1.01600,3.20800,1.61800,1
648,1.84860,0.87100,2.67400,1.60500,1
649,3.48669,1.69900,3.14200,1.60100,1
650,3.05242,2.00100,3.02200,1.66500,1
651,3.60202,0.89600,3.62400,1.72200,1
652,3.22246,1.34400,3.21700,1.63100,1
653,3.92084,0.96800,2.46700,1.63100,1
654,4.31648,0.87300,5.22500,1.60200,1
655,3.53497,1.67400,3.54300,1.60200,1
656,6.45557,1.23000,5.55900,1.62100,1
657,5.60928,2.43400,4.64000,1.65800,1
658,5.22198,2.52200,4.96100,1.68900,1
659,4.00635,1.46300,3.92800,1.61600,1
660,4.28038,2.12000,4.30000,1.63800,1
661,2.89568,1.32500,2.64100,1.64000,1
662,7.45801,1.98900,4.50900,1.64100,1
663,4.05166,3.27200,3.83400,1.65600,1
664,2.58105,1.16900,2.68700,1.62100,1
665,2.55152,1.34200,2.45300,1.66000,1
666,2.56802,1.40300,2.52000,1.64800,1
667,2.57808,0.93400,2.72800,1.80700,1
668,2.94802,1.19600,2.82000,1.86000,1
669,3.68081,0.84300,3.75500,1.64400,1
670,3.27127,1.07700,2.45700,1.64400,1
671,5.46172,1.15700,3.88400,1.63600,1
672,4.46700,1.28800,3.98200,1.62200,1
673,2.52293,2.70600,2.49100,1.60400,1
674,2.28979,0.91000,2.16000,1.64700,1
675,4.22737,0.93000,2.92500,1.64700,1
676,5.52418,1.21100,4.47200,1.82400,1
677,2.25604,1.50200,2.26700,1.63000,1
678,4.07211,0.90600,3.26400,1.65100,1
679,4.69647,1.12100,4.59400,1.63100,1
680,3.23771,1.09100,3.05600,1.62600,1
681,3.13381,1.42300,2.92500,1.62600,1
682,4.82957,1.05600,4.14400,1.74700,1
683,4.11988,1.26700,2.72600,1.61100,1
684,3.00454,1.67700,2.91100,1.63900,1
685,2.86007,1.03700,2.77300,1.59800,1
686,2.82619,0.85800,2.63200,1.78400,1
687,3.73126,1.23500,3.94700,1.64900,1
688,4.10912,1.93700,3.67500,1.62900,1
689,4.50773,1.29200,3.83000,1.65800,1
690,4.67041,1.28600,4.81000,1.62500,1
691,6.98322,1.99100,6.98400,1.64400,1
692,4.03001,1.82900,4.02900,1.63900,1
693,6.44381,2.24500,6.04000,1.77200,1
694,4.62746,3.83400,3.88700,1.65000,1
695,4.84268,2.33500,3.52100,1.63000,1
696,5.62849,1.83300,4.38100,1.70600,1
697,4.43834,1.44500,4.82800,1.64000,1
698,3.91408,1.67300,3.82500,1.64500,1
699,6.53202,1.38400,5.97200,1.68300,1
700,4.14984,1.41600,4.24100,1.65500,1
701,3.38776,1.03700,3.22000,1.61400,1
702,2.63485,1.67900,2.63500,1.62300,1
703,4.64454,0.95300,3.98000,1.63600,1
704,3.97876,3.50800,3.10200,1.83900,1
705,3.31791,2.07200,4.13200,1.63400,1
706,6.16380,1.38800,4.17900,1.63000,1
707,4.12900,1.70900,4.00600,1.68200,1
708,3.96287,2.66400,3.31500,1.81600,1
709,4.34377,1.01200,4.69800,1.69700,1
710,4.55906,0.96900,4.83700,1.64400,1
711,3.75347,1.73800,2.53300,1.65700,1
712,3.65795,3.10200,4.28100,1.67900,1
713,6.03920,2.43400,6.10200,1.61600,1
714,4.58020,1.60700,3.67800,1.63200,1
715,2.38467,1.34300,2.66200,1.86100,1
716,4.13755,1.48200,3.50000,1.63100,1
717,4.84827,1.41100,4.31600,1.63300,1
718,3.21260,1.03900,3.16700,1.64500,1
719,4.95911,2.34900,4.81900,1.93500,1
720,4.44176,3.50300,4.17500,1.62400,1
721,3.63787,1.73400,3.12600,1.66300,1
722,4.54623,2.22300,4.32400,1.62400,1
723,4.34134,1.78400,3.63400,1.69200,1
724,5.75343,1.38200,5.81500,1.66400,1
725,4.99047,2.26700,4.94800,1.63900,1
726,5.01433,1.92000,3.45000,1.66500,1
727,3.29020,1.80600,2.73800,1.61900,1
728,2.85483,1.07700,3.40500,1.62700,1
729,2.74963,1.47500,2.75300,1.65500,1
730,3.53989,1.39600,3.53800,1.64100,1
731,4.25758,1.41800,3.08900,1.66100,1
732,3.30726,2.20600,3.81900,1.66100,1
733,4.95661,2.46800,5.15000,1.64000,1
734,4.84604,2.28600,4.64400,1.60200,1
735,6.43594,2.04400,6.15600,1.61800,1
736,4.70698,1.31800,3.88100,1.69700,1
737,4.92121,2.58200,4.26400,1.62200,1
738,4.07523,1.73400,4.14400,1.72000,1
739,4.50461,1.73000,3.94400,1.61300,1
740,6.00180,2.51000,5.30100,1.60500,1
741,4.26977,1.48400,3.33300,1.61900,1
742,2.41572,1.38200,3.36300,1.81700,1
743,3.52355,1.27100,3.46100,1.65900,1
744,4.76393,1.40900,3.52700,1.64300,1
745,2.41876,1.98400,2.70800,1.68200,1
746,7.78594,1.37300,5.08100,1.68200,1
747,10.50164,6.46700,12.32400,1.65600,1
748,5.89169,3.97500,5.52300,1.67700,1
749,2.53310,1.51900,2.95000,1.64600,1
750,4.59752,2.97200,2.85300,1.61900,1
751,1.80177,1.96400,2.68000,1.61900,1
752,3.35984,0.88700,3.20500,1.65400,1
753,3.52595,1.77000,3.76200,1.83200,1
754,3.33839,1.58100,2.47800,1.61700,1
755,2.03195,1.39300,2.09700,1.66500,1
756,4.79559,2.76000,4.28400,1.64200,1
757,2.06949,0.96500,2.57600,1.65000,1
758,4.06518,1.29000,4.01000,1.65400,1
759,3.33290,1.67600,3.14600,1.63800,1
760,2.51987,1.67900,2.79900,1.62200,1
761,3.29216,0.86400,3.28700,1.63400,1
762,4.25421,0.99000,3.08400,1.63700,1
763,3.12751,1.46500,3.33300,1.65200,1
764,4.29146,2.07100,3.86700,1.62100,1
765,3.57315,1.68200,4.00000,1.68400,1
766,3.27520,1.60400,3.35000,1.61700,1
767,3.29746,1.93300,3.34700,1.61700,1
768,3.10030,1.37900,2.81600,1.65400,1
769,4.58550,2.05600,3.63700,1.61400,1
770,3.95749,1.87900,3.68600,1.63300,1
771,3.23501,1.35600,3.54700,1.61500,1
772,6.01575,0.86800,5.93200,1.65700,1
773,8.91617,1.99400,8.14800,1.60700,1
774,5.19045,2.76600,5.38800,1.63600,1
775,3.08345,1.79400,3.23200,1.65800,1
776,3.73855,1.85500,2.94700,1.59100,1
777,5.37351,1.08300,4.56200,1.62100,1
778,5.70499,0.98700,5.77300,1.63300,1
779,4.28654,1.89800,4.13900,1.64600,1
780,5.15685,1.92400,4.53500,1.69000,1
781,4.57062,1.41000,4.58700,1.59600,1
782,3.96630,2.18700,3.45600,1.64100,1
783,3.52804,1.91400,3.71000,1.64200,1
784,3.63362,1.61400,3.30000,1.64200,1
785,3.70393,1.63200,3.56800,1.61600,1
786,3.52185,1.89900,3.52100,1.83400,1
787,3.49568,1.31100,3.48400,1.81100,1
788,3.17706,1.20900,2.76700,1.62400,1
789,3.59806,1.24700,3.21100,1.66500,1
790,3.02798,0.89900,3.13500,1.61600,1
791,2.87887,1.54400,2.88900,1.62100,1
792,2.83949,1.53100,2.80000,1.62800,1
793,3.01126,1.80500,2.96000,1.64800,1
794,2.92179,1.40400,2.95500,1.63600,1
795,3.64261,2.06600,3.67300,1.62600,1
796,3.25609,0.88200,3.23700,1.61600,1
797,4.03238,2.03100,3.90300,1.97000,1
798,4.48807,1.13600,4.48200,1.61500,1
799,4.58761,1.34000,4.17400,1.65300,1
800,3.44145,1.33600,3.32000,1.63200,1
801,4.36080,2.04900,3.72700,1.62500,1
802,3.24154,1.75900,2.93800,1.68400,1
803,1.89789,2.45900,2.51200,1.65000,1
804,4.03930,0.81100,3.08200,1.62800,1
805,2.99056,0.91000,3.64800,1.66700,1
806,3.83376,1.70100,3.25500,1.81600,1
807,5.47778,2.62600,5.39200,1.64400,1
808,3.94981,2.35600,4.23000,1.61300,1
809,5.11316,4.44900,3.91300,1.64100,1
810,4.24670,1.75700,4.24500,1.66200,1
811,4.25536,1.89500,4.31200,1.64400,1
812,5.63724,2.70100,4.88800,1.62100,1
813,6.66709,2.47400,6.32000,1.88600,1
814,2.97961,2.63200,3.11700,1.88600,1
815,6.30180,1.16500,4.58300,1.63200,1
816,3.55713,2.52900,4.46200,1.63800,1
817,6.71042,2.83500,6.63800,1.65400,1
818,3.96107,2.22900,3.78500,1.70000,1
819,3.51173,1.94700,3.43100,1.70000,1
820,5.26383,1.60000,3.25600,2.00700,1
821,3.82875,1.01700,4.48700,1.64100,1
822,6.94540,1.00500,6.99000,1.62600,1
823,5.36760,1.56100,3.83100,1.66100,1
824,3.08532,1.83000,3.09900,1.63100,1
825,2.96797,1.61600,2.45400,1.63100,1
826,4.07516,1.89400,4.14700,1.68000,1
827,4.35378,2.23200,4.26900,1.68000,1
828,3.71505,2.05000,3.65500,1.66600,1
829,6.70655,2.47800,5.13700,1.61900,1
830,4.54419,1.91900,3.79500,1.63600,1
831,3.58434,1.16400,3.52200,1.64400,1
832,2.92823,1.40500,3.00300,1.61800,1
833,2.93535,1.09500,2.67200,1.63900,1
834,5.44555,1.28800,3.08600,1.66900,1
835,4.65831,2.43900,4.19900,1.66000,1
836,6.05774,1.93100,6.25800,1.67900,1
837,5.50598,1.98600,5.00700,1.63200,1
838,5.08464,1.20400,4.95500,1.67900,1
839,5.65179,2.09700,5.15200,1.62900,1
840,4.28566,1.23200,4.33100,1.67500,1
841,3.80904,1.74600,3.58300,1.64100,1
842,4.67838,1.70600,3.38200,1.84200,1
843,4.42416,1.11300,5.35200,1.64600,1
844,4.58255,1.97500,4.84200,1.64100,1
845,5.31083,2.59100,5.07900,1.83000,1
846,4.79095,1.59700,3.85600,1.66200,1
847,4.80768,0.90900,4.73700,1.63600,1
848,4.42042,0.83800,4.42000,1.64600,1
849,5.72842,1.02900,4.96700,1.79100,1
850,3.75765,1.07900,3.50800,1.64500,1
851,4.98132,2.72700,4.31300,1.64300,1
852,3.17585,1.67000,3.28100,1.67900,1
853,8.75136,2.16400,6.27000,1.64600,1
854,2.28923,2.67100,4.70900,1.64600,1
855,3.54264,2.75800,3.48900,1.63300,1
856,3.18238,2.04400,2.55800,1.83500,1
857,5.80277,1.56400,5.39500,1.64200,1
858,8.33010,3.25000,8.50300,1.65400,1
859,4.59139,3.76200,4.66300,1.68900,1
860,3.55639,2.98600,3.01900,1.66100,1
861,2.44653,1.46600,3.06900,1.64000,1
862,2.93897,1.09100,2.86000,1.63000,1
863,3.57492,1.34800,3.24100,1.63900,1
864,3.10779,2.31100,3.06300,1.97000,1
865,2.30875,1.44700,2.33700,1.97000,1
866,2.74230,1.04700,2.47700,1.65900,1
867,2.38560,1.95800,2.16200,1.70000,1
868,2.44095,0.95700,2.21500,1.62800,1
869,2.54134,1.91500,2.18000,1.63200,1
870,1.98200,1.30600,2.15300,1.86300,1
871,3.16328,1.93500,2.92200,1.64600,1
872,2.78354,1.45100,2.50000,1.67300,1
873,2.30728,1.62600,2.15100,1.62500,1
874,1.66798,0.80400,1.69400,1.62500,1
875,3.94603,1.23200,3.29000,1.65400,1
876,3.40038,1.79700,3.09100,1.81100,1
877,2.91762,0.89800,2.54300,1.64400,1
878,2.70409,1.37000,2.42800,1.68700,1
879,2.53540,1.35200,2.39100,1.59800,1
880,2.58376,0.98300,2.61700,1.64400,1
881,2.47614,2.11300,2.46400,1.64400,1
882,3.61219,0.86300,3.56200,1.66900,1
883,3.35311,1.16900,3.33800,1.64000,1
884,3.49783,0.98700,2.77700,1.64700,1
885,3.59280,1.62300,3.24000,1.66500,1
886,2.76943,1.60200,3.05900,1.70300,1
887,2.96573,1.91600,2.54900,1.62200,1
888,3.15343,1.32800,2.52600,1.79100,1
889,2.92258,1.19300,2.81300,1.65300,1
890,2.50565,1.57600,2.64200,1.62700,1
891,3.56455,1.90900,3.27900,1.68500,1
892,2.93252,1.40000,2.85100,1.65000,1
893,4.63801,1.06100,4.26900,1.80000,1
894,2.60536,1.30800,2.68600,1.62500,1
895,3.16541,1.55000,3.23400,1.64200,1
896,3.86160,1.22400,2.85700,1.64200,1
897,3.52839,0.97700,2.76100,1.66000,1
898,2.67770,1.26900,2.67400,1.66000,1
899,2.70452,1.62300,2.74000,1.59900,1
900,3.12860,0.97700,3.00600,1.68800,1
901,3.03894,0.88700,2.74900,1.65700,1
902,2.88325,1.08200,3.17400,1.66000,1
903,3.21649,1.41000,2.81600,1.66400,1
904,3.41163,2.10400,3.22800,1.64600,1
905,2.50156,0.97700,2.43400,1.63300,1
906,3.10885,0.92800,2.56300,1.63300,1
907,3.43683,0.91300,3.54000,1.64800,1
908,2.87067,1.10600,2.99700,1.66800,1
909,4.92117,4.21300,2.99700,1.62500,1
910,2.59556,1.77700,3.18700,1.62500,1
911,2.67706,0.75300,2.77500,1.63300,1
912,4.90851,1.39000,3.90400,1.63500,1
913,3.94566,2.98000,3.89400,1.63600,1
914,3.36130,1.92300,3.35000,1.67100,1
915,3.04672,1.98500,3.08700,1.60300,1
916,3.96272,2.70500,3.69500,1.67100,1
917,4.28740,1.54200,4.22100,1.64700,1
918,4.15171,1.62000,3.94400,1.65400,1
919,3.50178,1.33600,3.46300,1.60100,1
920,3.99277,0.85300,3.72500,1.66200,1
921,3.31725,1.79800,2.72900,1.61400,1
922,3.00059,0.77400,3.18800,1.61400,1
923,4.89544,1.42100,3.50000,1.64200,1
924,5.65138,0.82300,4.58400,1.64700,1
925,4.53339,1.66700,3.36500,1.63000,1
926,2.41142,0.99100,2.48800,1.86000,1
927,4.06562,1.68500,3.75500,1.63000,1
928,4.45778,1.04900,4.33200,1.65800,1
929,5.49185,0.89400,5.35800,1.65200,1
930,5.15376,1.84900,5.21700,1.81900,1
931,4.98960,2.37600,4.67700,1.63500,1
932,6.13306,2.92900,5.83600,1.65700,1
933,4.38741,1.55500,4.18400,1.80700,1
934,3.80202,1.99900,4.04100,1.65500,1
935,4.33471,1.40900,3.57900,1.67700,1
936,3.42359,2.16900,3.23100,1.66300,1
937,6.84856,3.73500,6.61300,1.63500,1
938,4.60778,2.82800,4.61600,1.73100,1
939,4.20859,2.27600,3.56100,1.65600,1
940,5.10725,1.16100,3.77700,1.71100,1
941,3.74622,0.97900,2.94600,1.61100,1
942,4.23313,1.92100,4.23700,1.63300,1
943,4.31593,1.75200,4.17000,1.82300,1
944,3.30331,0.94700,2.96100,1.62300,1
945,3.26132,1.42000,3.02100,1.66600,1
946,4.38690,1.41100,4.35300,1.63800,1
947,3.62436,2.17900,3.16100,1.60900,1
948,4.81156,2.70000,4.66600,1.65300,1
949,4.92953,1.52100,3.20900,1.60700,1
950,3.59352,1.17800,2.91600,1.59300,1
951,4.22353,1.66700,3.58900,1.59500,1
952,7.24773,1.52600,5.74600,1.61600,1
953,3.52165,2.26000,3.52100,1.64500,1
954,6.22022,1.57500,5.06700,1.66500,1
955,4.28485,1.86600,4.24000,1.64200,1
956,5.15615,2.60900,5.41600,1.63400,1
957,3.55203,0.98700,3.44200,1.61200,1
958,3.77896,1.40300,3.15700,1.67600,1
959,3.99293,1.22500,3.84900,1.64200,1
960,4.11332,1.63600,4.17500,1.60000,1
961,4.61421,1.67300,3.63400,1.63400,1
962,2.50427,0.92900,3.46100,1.62800,1
963,4.05999,2.33600,3.45800,1.64500,1
964,3.17559,2.14700,3.14400,1.84200,1
965,4.15092,1.41600,4.08600,1.60900,1
966,4.15898,1.77300,3.96700,1.60900,1
967,3.79284,2.05100,3.63300,1.63400,1
968,5.29940,2.07100,4.26800,1.64800,1
969,5.51932,2.43500,4.20900,1.66000,1
970,6.40785,2.02100,6.60700,1.66000,1
971,8.35948,1.36700,5.45800,1.65700,1
972,4.00994,1.58100,3.09600,1.65700,1
973,6.22353,1.26500,5.65300,1.67000,1
974,5.51342,1.44600,5.38800,1.64500,1
975,6.24385,1.42400,6.02800,1.63400,1
976,4.71876,3.52300,4.78200,1.64400,1
977,4.46283,2.17800,4.13500,1.76900,1
978,7.69061,1.54600,6.32700,1.69000,1
979,5.59619,4.15900,4.53600,1.66800,1
980,3.88891,3.95700,4.84700,1.66800,1
981,4.04939,3.09600,4.02700,1.66400,1
982,4.14377,3.06700,4.09300,1.64700,1
983,3.27266,2.20200,3.32700,1.65800,1
984,4.38634,2.60600,4.20200,2.00700,1
985,4.96917,1.08400,5.18100,1.68100,1
986,3.67655,1.02100,3.59600,1.62000,1
987,3.99639,0.90400,3.56200,1.70300,1
988,3.74019,1.05100,3.05000,1.70300,1
989,4.14706,2.34600,2.76200,1.63100,1
990,4.20164,1.99800,2.21000,1.63800,1
991,2.70296,1.80000,3.12700,1.68800,1
992,4.11319,1.24000,4.40700,1.84200,1
993,4.76344,1.56800,4.20800,1.64000,1
994,5.24090,1.93400,4.32000,1.62900,1
995,3.84413,3.59000,2.66400,1.62800,1
996,5.25218,3.28000,4.95200,1.63200,1
997,4.71519,2.79100,3.41300,1.63000,1
998,4.21665,1.11700,3.50700,1.63000,1
999,8.55292,1.53800,4.02900,1.67600,1
1000,3.04754,1.77300,4.34400,1.67600,1
1001,4.43451,2.20100,4.37200,1.64000,1
1002,6.06098,1.16500,4.20800,1.67700,1
1003,3.98844,1.50800,4.07600,1.71800,1
1004,5.29606,1.98100,4.68800,1.64800,1
1005,3.68593,1.57200,3.50600,1.63100,1
1006,3.30901,1.27600,3.30700,1.97500,1
1007,2.68658,0.88300,2.72600,1.62900,1
1008,3.89208,1.40500,3.93700,1.64700,1
1009,3.69425,2.22600,3.03500,1.63700,1
1010,1.77741,2.35100,2.00700,1.63700,1
1011,4.22341,1.27600,4.25500,1.62500,1
1012,4.24656,3.17300,4.05600,1.68500,1
1013,2.37005,2.51700,2.33600,1.68500,1
1014,3.96376,1.43800,3.39800,1.63800,1
1015,3.67832,1.08400,3.72900,1.64900,1
1016,3.94270,1.02300,3.93900,1.82800,1
1017,3.61593,1.87600,3.13300,1.64700,1
1018,5.62340,2.29400,5.90000,1.66800,1
1019,8.80698,3.67900,7.56300,1.64100,1
1020,5.20731,2.97900,3.88400,1.66100,1
1021,4.58667,1.53600,4.23400,1.62200,1
1022,6.41684,1.48100,5.14400,1.84800,1
1023,3.71950,1.61500,4.98400,1.65700,1
1024,3.56191,2.59600,3.12100,1.68800,1
1025,5.41901,3.35700,3.20000,1.71800,1
1026,4.39762,1.24500,4.39000,1.65700,1
1027,3.84741,2.73900,3.79600,1.69100,1
1028,3.39033,1.30400,3.13200,1.62400,1
1029,5.39838,1.94700,5.11500,1.64900,1
1030,3.30798,3.39000,3.15900,1.80400,1
1031,7.78150,1.22000,6.93500,1.60200,1
1032,4.19496,1.20600,3.78900,1.70800,1
1033,5.03331,2.03000,4.43000,1.70800,1
1034,5.51987,2.70000,5.87300,1.63400,1
1035,5.68418,3.06100,4.83000,1.68100,1
1036,4.73396,2.09900,4.03900,1.64300,1
1037,5.63409,2.09400,5.28700,1.61100,1
1038,4.89717,2.16800,4.29700,1.64100,1
1039,3.75264,2.36000,3.13400,1.68300,1
1040,4.48602,0.97600,3.21900,1.58300,1
1041,4.43150,2.37400,4.18600,1.63900,1
1042,5.36568,2.02600,4.97400,1.66800,1
1043,3.44813,3.73000,3.63200,2.01000,1
1044,2.54608,3.00100,2.17600,1.64800,1
1045,4.89869,1.35600,4.42800,1.65800,1
1046,2.83193,2.02700,3.18100,1.61900,1
1047,3.21071,1.67200,2.87500,1.65900,1
1048,2.17873,1.51400,2.36200,1.64700,1
1049,8.09094,1.17100,6.01300,1.65900,1
1050,3.60798,2.33200,3.88800,1.66100,1
1051,4.96708,1.47500,4.92300,1.68000,1
1052,4.02609,2.85700,4.19100,1.82900,1
1053,3.24931,1.03400,2.98700,1.66600,1
1054,2.60101,2.53600,2.26000,1.66600,1
1055,4.36131,1.85200,4.08800,1.69200,1
1056,4.57058,1.14900,4.55500,1.69200,1
1057,3.83205,1.05600,3.73500,1.63800,1
1058,4.34443,2.10300,4.39900,1.64800,1
1059,3.98723,2.14200,3.26600,1.64300,1
1060,4.01391,1.47900,4.18600,1.97700,1
1061,3.31498,1.63100,3.26000,1.69400,1
1062,3.05271,0.99100,2.89800,1.69400,1
1063,4.67291,2.25800,3.46300,1.62200,1
1064,5.62343,2.62600,6.39300,1.61200,1
1065,4.31780,1.20300,4.44500,1.64700,1
1066,4.66280,1.58300,4.20800,1.64700,1
1067,3.04955,1.90400,3.44400,1.60700,1
1068,6.30826,0.98400,5.74200,1.67500,1
1069,3.96445,1.55700,4.02700,1.67500,1
1070,4.69829,1.64800,4.56600,1.64600,1
1071,3.92765,1.44800,3.93200,1.67400,1
1072,3.23954,2.25000,3.31100,1.63700,1
1073,3.26400,1.34800,2.99500,1.64700,1
1074,3.55184,2.10000,3.22100,1.62400,1
1075,3.11743,1.43800,3.29600,1.65600,1
1076,4.26202,1.01800,3.45800,1.63900,1
1077,7.26547,5.08400,7.61200,1.67100,1
1078,6.37390,3.85100,6.37300,1.66600,1
1079,3.87908,4.11300,3.97600,1.66600,1
1080,3.34817,2.26200,3.43100,1.65900,1
1081,4.73962,1.29200,3.72600,1.64700,1
1082,5.09451,1.80900,3.78600,1.66000,1
1083,3.91649,2.34600,3.96300,2.00800,1
1084,2.17665,1.80100,2.20000,1.67700,1
1085,4.45440,1.18700,2.53500,1.67700,1
1086,4.04445,1.03100,5.15600,1.65700,1
1087,2.61325,1.04200,2.16400,1.64700,1
1088,2.72067,1.74900,2.65800,1.59300,1
1089,3.29709,1.20100,2.28200,1.63100,1
1090,3.39067,0.95100,3.26800,1.62900,1
1091,2.31644,1.19600,2.24000,1.62900,1
1092,2.06159,1.26800,2.15200,1.62400,1
1093,2.87100,1.22200,2.86800,1.71200,1
1094,2.62826,0.85000,2.52900,1.99200,1
1095,3.86399,1.27700,3.79500,1.65900,1
1096,3.37002,2.10600,3.17500,1.62600,1
1097,3.82007,1.26900,3.94300,1.62600,1
1098,3.69022,2.79600,3.59600,1.64400,1
1099,3.94634,1.52100,3.78100,1.63700,1
1100,3.01497,1.54300,2.92600,1.65400,1
1101,3.73494,1.23200,2.93600,1.61700,1
1102,3.96626,1.78400,2.69100,1.64200,1
1103,4.33467,0.93600,4.22800,1.63700,1
1104,3.99570,2.03400,3.91900,1.64200,1
1105,3.82788,1.35200,2.46200,1.64200,1
1106,5.78632,1.49500,6.90300,1.65100,1
1107,4.43294,1.43900,3.49700,1.65100,1
1108,6.68222,1.68800,5.43500,1.63100,1
1109,4.82116,2.38800,4.93300,1.62100,1
1110,4.96198,2.51300,4.51300,1.79200,1
1111,3.29090,2.24100,2.43300,1.79200,1
1112,6.90815,1.45000,7.46900,1.64500,1
1113,3.72528,1.37300,3.51300,1.67000,1
1114,3.97786,2.61000,3.99300,1.63700,1
1115,4.48236,2.89400,4.43800,1.66800,1
1116,6.81168,1.76600,6.15500,1.63700,1
1117,3.12364,1.15400,2.92900,1.63900,1
1118,4.63849,1.83600,4.47000,1.63900,1
1119,5.19538,1.55200,5.02500,1.62200,1
1120,5.12535,2.21100,4.40900,1.66700,1
1121,3.89274,1.17600,2.36300,1.61100,1
1122,4.30810,1.32700,4.50200,1.66000,1
1123,2.67956,0.90500,2.68400,1.61500,1
1124,5.82818,1.75900,5.59700,1.61500,1
1125,3.20937,1.52800,2.94900,1.81300,1
1126,3.28692,1.61000,3.43500,1.63800,1
1127,4.20017,1.35700,3.79100,1.62700,1
1128,3.66902,2.11700,3.69500,1.65100,1
1129,3.94430,1.27400,4.05100,1.81900,1
1130,4.51668,1.82000,4.44200,1.63300,1
1131,3.25176,1.32700,3.12500,1.65100,1
1132,3.19612,1.66900,3.26100,1.63200,1
1133,4.11972,1.84300,4.16500,1.68000,1
1134,5.11506,1.77600,4.84000,1.64700,1
1135,3.32202,1.80500,2.46900,1.64700,1
1136,4.82629,1.21300,4.28000,1.63200,1
1137,3.48744,0.97100,3.43400,1.63300,1
1138,4.67986,1.49300,4.07000,1.63300,1
1139,4.22323,2.70300,4.69100,1.67500,1
1140,6.82678,2.13500,6.20700,1.95300,1
1141,4.75089,5.27400,3.44400,1.95300,1
1142,2.43683,1.24400,2.79500,1.67600,1
1143,5.31243,1.71900,4.69400,1.68300,1
1144,3.51522,1.70700,3.35000,1.64400,1
1145,5.40978,1.94900,2.71500,1.64400,1
1146,5.56174,1.42100,6.70600,1.63200,1
1147,5.55113,1.19700,5.56400,1.64200,1
1148,4.08639,3.39700,3.80600,1.64200,1
1149,5.15030,1.24100,5.05100,1.66200,1
1150,3.29946,2.13100,2.93400,1.63200,1
1151,4.67040,2.45500,4.95800,1.61500,1
1152,3.10630,1.25700,3.06600,1.62500,1
1153,4.57005,1.47700,4.27100,1.67800,1
1154,3.72624,0.91700,3.49300,1.67800,1
1155,3.79827,1.05600,3.12500,1.65100,1
1156,3.22111,0.95300,3.14500,1.65000,1
1157,3.41388,1.33000,3.08500,1.69700,1
1158,4.33784,1.20300,4.13700,1.66300,1
1159,6.50508,2.38100,5.59900,1.62100,1
1160,3.67837,2.62400,3.58100,1.81900,1
1161,3.29234,2.07400,3.27700,1.65600,1
1162,4.68067,1.39700,4.45600,1.65600,1
1163,4.04354,2.03700,3.41700,1.63600,1
1164,6.01566,3.05400,5.58300,1.65600,1
1165,2.70411,2.65900,2.59400,1.66400,1
1166,5.97289,1.91200,4.64800,1.63100,1
1167,2.88290,3.23800,3.32300,1.63900,1
1168,5.60263,1.16200,5.52700,1.62700,1
1169,4.37611,0.94700,4.39800,1.68900,1
1170,4.87795,1.49300,4.78500,1.62800,1
1171,6.15204,1.20200,5.95600,1.65800,1
1172,3.84423,3.98500,3.85200,1.64500,1
1173,5.67505,3.00000,4.72600,1.63700,1
1174,6.25460,3.38100,5.74500,1.63700,1
1175,7.85763,1.17900,6.76900,1.66200,1
1176,8.09240,2.11900,7.65400,1.66400,1
1177,8.04511,4.58000,8.16100,1.90000,1
1178,4.65378,5.64900,4.90300,1.67400,1
1179,3.71957,2.97600,3.48600,1.72100,1
1180,3.78937,3.17300,3.91900,1.64800,1
1181,2.66981,1.07900,2.51800,1.66600,1
1182,2.31244,0.88500,2.46500,1.62700,1
1183,4.71262,0.83400,4.88500,1.67300,1
1184,4.44877,1.32600,3.28800,1.93500,1
1185,2.93571,1.73100,3.60900,1.63300,1
1186,3.42056,1.59600,3.39100,1.64700,1
1187,4.53316,1.15200,4.20000,1.63600,1
1188,5.65707,1.55200,5.06400,1.65800,1
1189,6.17185,1.16300,6.38900,1.64000,1
1190,5.66672,1.75400,4.63000,1.65500,1
1191,3.89272,0.94700,3.89400,1.60900,1
1192,6.96732,0.77400,6.95800,1.69900,1
1193,4.09552,1.45600,4.09100,1.62100,1
1194,5.30016,0.93100,5.28900,1.59400,1
1195,4.22101,0.73100,3.68200,1.66300,1
1196,3.32449,1.02300,3.32000,1.67100,1
1197,4.31879,0.82300,3.50700,1.62800,1
1198,4.09827,0.92700,3.46200,1.63000,1
1199,3.62056,1.06100,3.66900,1.77100,1
1200,4.30231,0.90000,3.21900,1.65400,1
1201,5.26527,0.89900,4.38100,1.62900,1
1202,5.10146,1.34700,5.37800,1.66400,1
1203,5.01590,2.69100,4.46100,1.63300,1
1204,4.32675,2.84500,4.05500,1.64000,1
1205,4.05730,2.98300,3.35300,1.68100,1
1206,3.83626,3.63200,3.87500,1.64600,1
1207,3.78332,1.80000,3.88200,1.64800,1
1208,2.63475,1.55400,2.72900,1.69300,1
1209,4.99099,0.86000,3.31800,1.64800,1
1210,3.04644,1.75400,2.98700,1.64800,1
1211,4.26127,1.32000,3.42800,1.68500,1
1212,5.69583,1.87300,5.41800,1.63100,1
1213,2.97827,1.77100,3.01800,1.64700,1
1214,4.31498,2.03100,4.19300,1.81900,1
1215,6.09600,1.50700,5.29400,1.64700,1
1216,5.76516,1.45700,4.72600,1.65200,1
1217,3.78043,1.04000,3.77100,1.60700,1
1218,4.86949,1.56900,3.85900,1.67700,1
1219,4.78380,1.87500,4.15800,1.64500,1
1220,4.58572,1.85600,3.10200,1.66000,1
1221,3.70526,1.38700,3.91100,1.87800,1
1222,4.55121,1.86300,4.03500,1.64700,1
1223,4.86442,1.42200,5.16200,1.63400,1
1224,4.31373,2.08600,3.53100,1.62800,1
1225,2.16979,0.92000,3.16100,1.83900,1
1226,4.96844,2.97400,4.50500,1.64200,1
1227,6.58811,1.38000,5.25800,1.64500,1
1228,7.15308,2.50400,7.11300,1.62400,1
1229,5.96272,2.21300,6.02900,1.69600,1
1230,5.90155,2.32800,5.34200,1.63300,1
1231,5.00045,2.78700,4.94100,1.84100,1
1232,3.85013,2.99600,3.85900,1.59800,1
1233,2.39885,1.41800,2.43000,1.59800,1
1234,5.86744,2.39700,3.00500,1.67300,1
1235,4.85547,1.21400,4.46400,1.78500,1
1236,3.05491,1.50900,3.25200,1.63300,1
1237,3.37936,1.13600,3.56300,1.59400,1
1238,2.87609,1.09900,2.87700,1.64700,1
1239,3.70704,1.21500,3.70200,1.64700,1
1240,3.46722,1.67700,3.34400,1.82100,1
1241,5.96781,1.24900,5.49700,1.61600,1
1242,6.50847,1.30800,6.28700,1.65100,1
1243,3.92498,1.47800,3.82100,1.81300,1
1244,3.79011,1.38800,3.21700,1.62100,1
1245,2.12682,1.12400,2.71000,1.60800,1
1246,5.27087,1.89700,4.97200,1.69800,1
1247,3.93714,1.70200,3.59300,1.62600,1
1248,3.02649,1.27400,2.29700,1.62800,1
1249,3.73435,1.79400,4.49500,1.64500,1
1250,3.53436,2.05200,3.61300,1.66900,1
1251,3.87876,1.32400,3.82700,1.61800,1
1252,4.31532,1.93900,3.90500,1.61200,1
1253,2.68805,1.50700,2.64200,1.66700,1
1254,3.80657,1.03500,3.71100,1.65000,1
1255,2.97513,0.79000,3.08800,1.66300,1
1256,3.58731,0.97800,3.33600,1.62900,1
1257,4.27748,0.99000,3.28800,1.62900,1
1258,4.44812,1.05800,5.33100,1.86600,1
1259,5.03404,1.14200,4.73400,1.65400,1
1260,4.98029,1.75400,3.69300,1.61100,1
1261,2.19786,0.86700,3.28300,1.63800,1
1262,3.78632,1.04500,2.68200,1.63800,1
1263,4.58863,1.04700,4.32800,1.63800,1
1264,3.62399,1.04500,3.52900,1.62600,1
1265,5.18777,2.18000,4.50300,1.65100,1
1266,3.99114,1.98800,3.74800,1.63700,1
1267,7.50324,2.03900,7.22000,1.65300,1
1268,3.00868,1.12300,3.15000,1.95200,1
1269,4.55463,2.16500,4.34900,1.60100,1
1270,4.41352,3.15100,4.46300,1.69100,1
1271,3.35313,2.82200,3.40900,1.63900,1
1272,4.42223,2.24200,3.15400,1.64800,1
1273,4.55760,1.24400,2.65300,1.62900,1
1274,3.79621,1.73100,3.06400,1.62900,1
1275,4.71856,2.08500,4.43300,1.64700,1
1276,3.62326,1.87200,3.48500,1.86100,1
1277,2.84905,1.43700,2.35800,1.86100,1
1278,3.81158,0.99300,3.75300,1.61800,1
1279,3.54457,1.40800,3.54100,1.66000,1
1280,4.32717,1.05100,4.13200,1.65700,1
1281,3.54721,1.62200,3.26900,1.62700,1
1282,3.59945,1.77600,3.45400,1.63500,1
1283,3.69617,2.17900,3.18500,1.67900,1
1284,3.78717,2.66900,4.49400,1.63400,1
1285,3.39925,2.60900,3.39000,1.63000,1
1286,6.45811,1.19700,6.24200,1.63400,1
1287,3.99891,2.13600,3.53100,1.63300,1
1288,2.31117,0.90700,2.66000,1.63600,1
1289,3.68635,0.89600,3.15800,1.63400,1
1290,4.00921,0.75800,4.40500,1.63800,1
1291,2.99437,0.91300,3.01600,1.64700,1
1292,6.00798,0.89200,3.95900,1.65000,1
1293,4.32159,1.35800,4.96300,1.66600,1
1294,4.67567,1.48500,3.86300,1.66600,1
1295,2.99684,1.19800,3.17500,1.66000,1
1296,6.02409,0.99700,5.33400,1.66700,1
1297,2.97560,1.71200,2.91100,1.82900,1
1298,2.35709,1.73700,2.72300,1.62500,1
1299,9.31739,1.09700,8.13000,1.68900,1
1300,5.86225,3.58400,6.06000,1.70500,1
1301,4.56655,3.21900,4.44500,1.76100,1
1302,3.04684,2.40700,2.56800,1.64800,1
1303,3.45499,2.39600,3.93000,1.64700,1
1304,5.10834,1.46400,4.59200,1.63900,1
1305,3.94348,1.99400,3.48200,1.66700,1
1306,3.47990,1.35800,3.08300,1.65700,1
1307,3.97122,1.42400,3.67200,1.64700,1
1308,4.25567,1.90300,3.97000,1.72500,1
1309,3.29678,1.94100,3.26600,1.63000,1
1310,2.75297,1.03800,2.71800,1.67800,1
1311,3.30198,0.79700,2.88600,1.61900,1
1312,3.19355,1.19300,3.01700,1.69200,1
1313,3.16824,2.04800,3.24700,1.63400,1
1314,2.63409,0.95500,2.19700,1.64000,1
1315,2.99726,1.66500,2.83700,1.63200,1
1316,2.47954,1.41500,2.50200,1.61700,1
1317,2.65496,1.42900,2.57000,1.62900,1
1318,2.90153,1.49900,3.06700,1.62900,1
1319,5.47324,1.11600,3.79400,1.96400,1
1320,2.61041,1.19900,3.50800,1.63400,1
1321,3.09834,2.66700,3.06600,1.66800,1
1322,3.08628,1.19800,2.91200,1.61600,1
1323,3.25973,1.18000,2.53500,1.63300,1
1324,3.37388,0.81400,3.45600,1.63300,1
1325,6.45483,1.37000,3.95900,1.64800,1
1326,4.94109,0.97000,4.72300,1.62800,1
1327,3.96122,2.17700,4.34800,1.64700,1
1328,4.02428,2.86400,3.55900,1.79600,1
1329,2.37547,1.75100,1.90600,1.79600,1
1330,5.13301,0.92000,4.33100,1.65800,1
1331,5.25448,3.38300,5.42500,1.67100,1
1332,3.22627,2.16200,3.07700,1.64000,1
1333,4.90203,2.03200,4.72300,1.64000,1
1334,4.32488,1.44500,3.17500,1.70500,1
1335,5.75844,1.67900,5.30000,1.81900,1
1336,3.32517,1.27500,2.56800,1.81900,1
1337,3.99811,1.00100,3.07400,1.61500,1
1338,3.57203,1.44400,3.33000,1.66000,1
1339,5.99935,2.85300,6.02700,1.79300,1
1340,5.24068,2.47000,4.51900,1.69000,1
1341,2.16069,1.52700,2.90800,1.69000,1
1342,4.15547,1.43100,3.61700,1.63200,1
1343,3.53887,1.04200,3.25700,1.67100,1
1344,3.82013,1.30100,3.81500,1.79900,1
1345,4.59561,0.94000,4.26100,1.64300,1
1346,5.37795,1.04600,4.59200,1.63100,1
1347,4.56403,1.69400,5.20300,1.68000,1
1348,3.70723,0.97700,3.53800,1.62400,1
1349,3.42053,3.13000,3.40400,1.66500,1
1350,3.54645,1.86000,3.67200,1.63800,1
1351,3.99319,1.98300,4.01300,1.63300,1
1352,3.18108,0.93400,2.70600,1.63300,1
1353,4.67135,1.64200,4.00700,1.63000,1
1354,5.00013,1.05400,5.59500,1.64500,1
1355,9.95059,5.40700,4.64600,1.64200,1
1356,4.25424,2.63300,4.70500,1.65500,1
1357,5.32983,1.43900,5.26200,1.62600,1
1358,4.90822,1.81300,4.98400,1.62700,1
1359,5.89626,0.94500,5.88500,1.61400,1
1360,6.16901,1.19000,6.04100,1.66400,1
1361,3.81408,2.22400,2.94800,1.66200,1
1362,3.27059,1.68400,3.27200,1.62000,1
1363,3.86126,0.87700,3.63600,1.65000,1
1364,2.68140,1.46800,2.66500,1.66700,1
1365,4.42305,1.86100,2.96200,1.66700,1
1366,6.70991,1.12300,6.47400,1.61400,1
1367,5.33941,1.74900,5.21200,1.63600,1
1368,3.96791,2.45800,3.29200,1.63600,1
1369,7.49617,1.62100,7.67900,1.61400,1
1370,5.13090,1.76200,4.30000,1.63200,1
1371,5.29960,1.88700,5.02300,1.94300,1
1372,3.14367,3.00700,2.62800,1.64200,1
1373,4.25314,1.25300,4.24500,1.64000,1
1374,2.52420,1.83000,2.39900,1.66000,1
1375,6.08906,1.01800,4.12500,1.66100,1
1376,2.62834,1.05600,2.73600,1.63700,1
1377,4.13803,1.06700,4.00300,1.66900,1
1378,2.94444,1.17300,2.89000,1.66900,1
1379,4.19591,0.94500,4.09500,1.63400,1
1380,4.50261,1.96300,4.59700,1.97400,1
1381,4.43583,1.46000,4.22900,1.76300,1
1382,3.64275,1.69300,3.83800,1.59300,1
1383,5.52915,1.96800,5.31000,1.64800,1
1384,3.65017,1.43300,3.14900,1.67500,1
1385,4.32723,2.62700,3.40300,1.65200,1
1386,3.41634,2.00600,2.97800,1.72900,1
1387,3.41855,2.26900,3.68400,1.64800,1
1388,4.13083,1.81600,3.86200,1.64800,1
1389,4.48805,1.35600,4.49100,1.59800,1
1390,4.61553,1.61100,4.24000,1.60100,1
1391,3.39621,1.63400,3.25400,1.65900,1
1392,3.09406,1.38500,3.19000,1.62700,1
1393,6.18832,0.91700,5.69000,1.62200,1
1394,4.51381,1.49800,3.54400,1.62100,1
1395,5.08658,2.28000,4.76000,1.60100,1
1396,3.80623,2.35000,3.55000,1.95400,1
1397,2.77033,1.22400,2.63000,1.66600,1
1398,4.53255,1.12000,4.15000,1.65400,1
1399,5.12435,1.34000,5.42800,1.65300,1
1400,4.23633,1.25700,4.04300,1.67600,1
1401,8.26467,1.23400,3.88000,1.67600,1
1402,4.54034,2.34400,8.51400,1.58900,1
1403,4.35297,1.58600,3.21800,1.58900,1
1404,4.86370,1.39300,4.54000,1.60800,1
1405,7.93279,1.49200,6.06100,1.63200,1
1406,3.88916,1.86900,4.05700,1.63700,1
1407,3.19136,1.39000,3.01000,1.64200,1
1408,3.83735,1.00900,3.14700,1.63200,1
1409,3.32871,1.53000,3.64800,1.61900,1
1410,3.14934,1.92700,3.30600,1.65200,1
1411,4.56806,1.62400,4.53700,1.65000,1
1412,5.28140,2.21800,5.10300,1.70700,1
1413,4.19282,1.58100,2.95300,1.62400,1
1414,3.08487,1.75200,2.98800,1.78600,1
1415,6.80154,2.21800,6.28100,1.65500,1
1416,5.74065,4.44500,4.79200,1.68600,1
1417,4.09092,4.59700,4.54800,1.68600,1
1418,3.70983,2.91800,3.34800,1.83500,1
1419,2.12710,1.69900,2.08200,1.68300,1
1420,2.99613,1.65100,2.64300,1.68300,1
1421,3.06415,1.41000,2.31600,1.62000,1
1422,2.67872,1.36700,2.16900,1.69600,1
1423,2.48325,1.10300,2.05800,1.69600,1
1424,2.52116,1.02300,2.25700,1.61900,1
1425,3.01266,1.41700,3.00500,1.64400,1
1426,2.71407,1.69900,2.72600,1.64800,1
1427,2.72663,1.30900,2.61600,1.64300,1
1428,1.80270,1.03400,1.82600,1.60800,1
1429,2.71671,1.62800,2.30100,1.83700,1
1430,2.19140,1.76600,1.85300,1.83700,1
1431,3.90659,0.75000,4.38400,1.62100,1
1432,3.64350,1.24300,3.61900,1.65000,1
1433,4.20406,0.86200,4.22000,1.62900,1
1434,4.40132,1.21200,4.31000,1.64700,1
1435,3.70784,1.61900,3.16200,1.64700,1
1436,6.42663,1.64900,4.79800,1.64400,1
1437,4.04358,1.10500,4.06700,1.60900,1
1438,3.08057,1.10000,2.95500,1.76900,1
1439,3.24202,1.07600,2.80700,1.68300,1
1440,5.17500,0.84700,4.49600,1.62500,1
1441,2.83037,1.30900,3.22800,1.66700,1
1442,4.26958,1.48500,3.96700,1.62300,1
1443,4.28517,0.91600,4.05200,1.63700,1
1444,4.76205,1.32800,4.46900,1.65100,1
1445,3.37399,1.33500,3.62100,1.60200,1
1446,5.53116,2.20900,3.75000,1.65100,1
1447,1.87251,0.99400,2.23200,1.60600,1
1448,3.96012,2.04400,3.95900,1.65700,1
1449,5.31338,1.15500,4.81800,1.64900,1
1450,3.30535,2.12600,3.34100,1.66000,1
1451,4.92827,1.14500,4.41800,1.61300,1
1452,4.32889,2.59600,4.12500,1.61300,1
1453,3.56377,1.11200,2.71200,1.65500,1
1454,3.45947,1.14100,2.86500,1.69400,1
1455,3.18735,1.18500,3.01100,1.63100,1
1456,3.24676,0.99100,2.52900,1.67100,1
1457,2.87969,1.88700,2.92700,1.62900,1
1458,2.02624,1.97400,2.18100,1.64800,1
1459,3.67851,0.90900,3.52600,1.63700,1
1460,3.98235,1.58800,3.58200,1.82100,1
1461,3.46101,1.65600,3.48100,1.68500,1
1462,3.88354,2.28100,3.84000,1.70000,1
1463,3.06912,1.80400,2.87900,1.70100,1
1464,5.27774,2.74500,4.89100,1.66900,1
1465,3.27470,1.11600,3.72100,1.64700,1
1466,3.93717,1.71500,3.90500,1.63000,1
1467,3.28895,1.61200,3.24000,1.62100,1
1468,4.03531,2.95100,4.03700,1.69500,1
1469,3.18613,1.52000,3.11700,1.87800,1
1470,4.19331,1.36900,3.98300,1.65700,1
1471,4.96579,1.39600,4.84900,1.64300,1
1472,3.77426,2.34200,3.83000,1.64800,1
1473,5.00167,1.73800,4.64000,1.97100,1
1474,4.20872,1.76300,4.07600,1.66500,1
1475,4.44203,1.22800,5.12300,1.65200,1
1476,4.03643,0.90600,3.92300,1.61300,1
1477,4.51530,2.40100,3.91900,1.81400,1
1478,4.43926,1.77300,5.12000,1.71700,1
1479,5.43983,1.75500,5.25500,1.64700,1
1480,3.62197,2.41400,3.66700,1.67500,1
1481,4.35736,2.37800,4.18500,1.65600,1
1482,4.56216,2.29100,3.23200,1.62600,1
1483,7.07034,1.47300,6.90300,1.66900,1
1484,5.41842,2.40300,5.45800,1.66200,1
1485,3.40254,1.51700,3.40000,1.62100,1
1486,3.47112,1.44900,3.25700,1.64700,1
1487,6.01273,1.80400,5.40800,1.74800,1
1488,3.99372,1.77300,3.05800,1.65700,1
1489,4.47551,1.95400,4.55000,1.61500,1
1490,3.85489,0.99900,4.18200,1.62600,1
1491,6.19518,1.06200,5.27700,1.70000,1
1492,3.57112,2.36300,3.61900,1.62500,1
1493,5.77823,1.96000,4.41100,1.58500,1
1494,4.58609,1.75300,4.23700,1.66100,1
1495,3.57750,0.95500,3.46700,1.66100,1
1496,4.34994,1.38300,4.41100,1.66500,1
1497,4.14896,0.93600,4.02600,1.64100,1
1498,6.47937,3.46700,6.49900,1.64500,1
1499,4.24216,2.28100,4.12100,1.60300,1
1500,6.12204,1.90000,6.10000,1.62700,1
1501,3.66437,1.13500,2.84100,1.62700,1
1502,4.32414,1.51200,4.49900,1.66900,1
1503,5.67188,2.01200,5.97600,1.65200,1
1504,8.50164,1.38500,5.87100,1.65200,1
1505,4.61488,1.01100,6.80200,1.86300,1
1506,3.58796,2.15300,3.56500,1.66800,1
1507,5.92452,1.91200,4.60500,1.64500,1
1508,6.70437,2.33000,6.82000,1.63000,1
1509,4.36580,2.68300,4.18100,1.62200,1
1510,2.32425,1.60100,2.38200,1.63600,1
1511,4.54922,2.51300,3.61000,1.85000,1
1512,3.56894,1.52500,3.63200,1.63100,1
1513,3.32931,2.63100,3.32100,1.66300,1
1514,3.30994,1.71600,3.34700,1.69200,1
1515,3.69341,1.10700,3.53800,1.65100,1
1516,4.98226,0.87100,4.87000,1.79700,1
1517,3.94223,1.01700,3.96900,1.70200,1
1518,5.37850,1.21800,5.34400,1.68800,1
1519,4.21324,0.89800,3.93600,1.62600,1
1520,4.83598,2.08700,3.95900,1.65500,1
1521,4.10059,1.92400,3.73700,1.60900,1
1522,6.07743,2.46700,5.81100,1.66800,1
1523,3.99239,1.58700,4.14000,1.81200,1
1524,4.61846,2.05200,4.62200,1.66900,1
1525,6.68494,2.43900,6.67800,1.64000,1
1526,3.49019,1.68800,3.00800,1.66900,1
1527,4.46143,1.40600,4.01700,1.64300,1
1528,4.32744,1.57800,4.34400,1.67000,1
1529,4.47076,1.19400,4.05600,1.65400,1
1530,3.95374,0.81600,2.93100,1.70900,1
1531,3.98272,1.14000,3.81300,1.65100,1
1532,5.51576,2.38300,5.63400,1.64800,1
1533,4.12786,1.72900,4.18000,1.64900,1
1534,3.55936,1.28900,3.47400,1.86400,1
1535,3.39146,1.22000,3.31500,1.63500,1
1536,5.40512,1.41900,5.48000,1.68100,1
1537,4.88517,1.94500,4.67100,1.61000,1
1538,4.93415,2.52500,4.14400,1.80500,1
1539,5.84371,1.22100,5.65500,1.68000,1
1540,5.84043,2.78100,5.55900,1.69800,1
1541,4.71219,3.99200,4.94100,2.00500,1
1542,3.81330,2.63300,3.89100,1.68900,1
1543,5.97675,3.67600,4.27900,1.64800,1
1544,3.72958,1.70800,3.63000,1.70100,1
1545,5.35480,1.38100,3.31300,1.70200,1
1546,4.84111,1.55800,3.55200,1.65000,1
1547,4.63356,3.55700,5.67400,1.67100,1
1548,4.76807,2.27500,4.50800,1.69600,1
1549,2.96270,1.73600,2.90200,1.67500,1
1550,4.96711,1.26000,5.00100,1.70900,1
1551,4.19965,1.56600,4.15800,1.61400,1
1552,3.46142,1.34600,3.13100,1.80200,1
1553,3.87023,1.11900,3.80800,1.63100,1
1554,4.38298,0.86800,4.21000,1.65300,1
1555,3.89900,2.94600,3.88900,1.65800,1
1556,4.60115,3.18200,4.51700,1.63300,1
1557,3.41574,1.14400,3.28600,1.65300,1
1558,4.68461,1.75900,4.00200,1.64200,1
1559,2.27090,1.41400,3.06500,1.61900,1
1560,3.91383,1.39100,3.00200,1.68400,1
1561,3.11658,1.06800,3.16900,1.66600,1
1562,3.19410,0.94600,2.90400,1.66600,1
1563,4.84631,0.88200,3.51000,1.65400,1
1564,2.58336,1.02400,2.59500,1.67000,1
1565,2.33669,1.17000,1.97100,1.66800,1
1566,3.51729,2.36100,3.67200,1.83300,1
1567,3.18140,2.13400,3.04500,1.62300,1
1568,3.74516,1.49300,2.91400,1.63300,1
1569,3.31484,0.94400,2.49100,1.61700,1
1570,3.56367,1.52900,3.27900,1.66100,1
1571,3.54288,0.97500,3.90900,1.66000,1
1572,7.78327,1.58400,7.72800,1.67100,1
1573,3.42170,2.00400,3.40900,1.64000,1
1574,5.29644,1.09500,5.18900,1.61000,1
1575,7.57332,0.94900,7.33200,1.63100,1
1576,5.34295,1.08800,4.76900,1.64200,1
1577,4.61423,1.05800,3.87400,1.65600,1
1578,4.95560,1.23100,4.25500,1.61100,1
1579,2.40226,1.12200,2.30200,1.65900,1
1580,3.25246,2.08800,3.12200,1.64000,1
1581,2.31927,1.35500,2.27500,1.64500,1
1582,5.13829,1.32000,4.49300,1.66700,1
1583,4.48997,3.91300,4.48000,1.63800,1
1584,3.71717,1.89600,3.49900,1.63100,1
1585,3.66988,1.34300,3.87500,1.69000,1
1586,2.70431,2.51900,1.95600,1.69000,1
1587,5.79010,0.89000,5.14800,1.62600,1
1588,3.90383,2.83400,4.18900,1.65700,1
1589,3.78125,1.13500,3.81400,1.67400,1
1590,4.13880,1.51200,3.59900,1.64200,1
1591,2.79115,1.74400,2.89700,1.65700,1
1592,3.99408,1.46900,3.51000,1.64600,1
1593,2.40193,1.58700,2.65800,1.60500,1
1594,2.77438,1.44300,2.57600,1.61800,1
1595,2.96801,0.98000,2.87300,1.98700,1
1596,7.70547,1.62300,6.83600,1.66000,1
1597,4.46565,1.45000,4.93200,1.64500,1
1598,5.68593,2.14200,5.54700,1.85600,1
1599,4.84153,2.44200,4.72900,1.60100,1
1600,3.95849,1.42500,3.88300,1.71100,1
1601,3.85583,0.99300,3.85500,1.65700,1
1602,3.66313,1.20700,3.61500,1.65500,1
1603,4.41132,1.82300,4.41000,1.62800,1
1604,3.54627,0.95200,3.41500,1.63400,1
1605,3.84363,3.16000,3.11500,1.63700,1
1606,2.90852,1.09900,3.62100,1.69900,1
1607,4.08928,1.19200,4.10900,1.63500,1
1608,3.51182,1.49500,2.85900,1.70200,1
1609,6.02857,0.86700,5.79300,1.66300,1
1610,3.54648,1.93000,3.50300,1.66300,1
1611,5.76339,1.15400,4.61400,1.67000,1
1612,3.24655,2.13200,2.98500,1.63800,1
1613,4.84459,2.66100,4.94200,1.62400,1
1614,4.11331,1.35800,4.19800,1.65800,1
1615,6.27337,1.24700,4.53600,1.64600,1
1616,3.57320,1.41300,3.54900,1.64300,1
1617,3.28337,2.07000,3.12500,1.69900,1
1618,5.92510,0.99000,2.86200,1.65700,1
1619,4.77671,1.46500,4.45100,1.62800,1
1620,5.48400,1.42700,4.04900,1.64100,1
1621,4.66996,0.87400,3.22100,1.61600,1
1622,4.12752,1.07700,3.23200,1.62800,1
1623,2.80769,1.48100,3.72300,1.63200,1
1624,4.53168,1.09000,2.70700,1.63200,1
1625,4.16789,1.00000,5.30800,1.99000,1
1626,3.56729,1.14600,3.35100,1.62400,1
1627,3.63848,1.28400,3.58700,1.62400,1
1628,4.19876,2.30200,3.22800,1.62100,1
1629,4.35195,1.64500,4.91600,1.78200,1
1630,3.32317,1.48400,3.17100,1.62400,1
1631,3.50165,1.67000,3.30300,1.60000,1
1632,2.50076,0.99700,2.59500,1.64200,1
1633,4.46339,0.90100,3.88500,1.63000,1
1634,2.64798,1.03200,2.64600,1.62900,1
1635,4.25880,0.75600,3.64200,1.66000,1
1636,3.27996,0.88700,3.12000,1.66000,1
1637,3.31954,0.75200,3.22600,1.71000,1
1638,5.99538,2.72000,5.43000,1.67900,1
1639,4.08608,2.85000,4.09000,1.64200,1
1640,4.07220,1.33700,3.42800,1.63800,1
1641,3.21609,1.15900,2.41800,1.60400,1
1642,3.15297,1.64700,3.28300,1.61600,1
1643,2.80462,1.67100,2.91900,1.78300,1
1644,5.17004,0.98300,3.59200,1.78300,1
1645,8.76634,0.94800,9.57000,1.68000,1
1646,5.46796,1.44500,5.06600,1.64200,1
1647,6.69995,3.09000,5.88300,1.70600,1
1648,4.05326,2.97800,3.85700,1.62100,1
1649,3.44172,1.95200,3.51800,1.64200,1
1650,2.51059,1.95800,2.34500,1.64200,1
1651,3.74764,1.95400,2.97400,1.60800,1
1652,7.30364,4.56300,6.78300,1.64400,1
1653,6.14366,4.30300,6.09800,1.73600,1
1654,5.03110,3.34200,5.08200,1.64000,1
1655,4.85747,2.81500,3.29900,1.64900,1
1656,3.51326,2.45200,5.13800,1.64900,1
1657,4.47668,1.50000,4.18000,1.66700,1
1658,4.04305,1.32000,3.57100,1.63700,1
1659,3.90265,0.91100,3.44600,1.64800,1
1660,3.83988,1.33000,3.82900,1.64100,1
1661,3.53265,3.04300,3.48600,1.63200,1
1662,4.96423,1.71100,5.26000,1.64400,1
1663,3.49578,1.21000,3.34100,1.64100,1
1664,4.52233,2.41800,4.26800,1.80100,1
1665,3.82306,2.34400,3.87700,1.64900,1
1666,3.65615,1.81100,3.53100,1.66000,1
1667,3.30186,1.77600,3.06500,1.62500,1
1668,3.68991,1.47700,3.70600,1.69800,1
1669,3.84515,1.32700,3.86500,1.77700,1
1670,2.33616,1.34600,2.21900,1.62400,1
1671,2.67105,1.05300,1.92700,1.65400,1
1672,4.32835,0.98600,4.90700,1.68600,1
1673,4.45658,1.02100,4.07900,1.70400,1
1674,3.16881,1.36200,3.17800,1.70400,1
1675,4.85420,1.31300,4.84800,1.66700,1
1676,2.31621,1.00100,2.32600,1.64500,1
1677,4.24690,1.22400,3.31100,1.65800,1
1678,4.26282,1.60700,3.67300,1.63700,1
1679,3.90405,2.49500,4.36200,1.63200,1
1680,4.46334,1.74200,4.50400,1.68000,1
1681,5.44409,2.00500,5.02800,1.64200,1
1682,3.80905,2.73000,3.32800,2.00700,1
1683,3.41800,1.84000,3.13200,1.62800,1
1684,2.34041,1.23500,2.52100,1.62800,1
1685,3.48242,0.99600,3.19400,1.62800,1
1686,2.91665,0.96600,2.61000,1.62800,1
1687,4.82487,1.65000,3.87500,1.81300,1
1688,3.20506,0.98500,3.71700,1.63700,1
1689,5.65899,2.77200,5.10100,1.67900,1
1690,3.44721,1.28500,3.36000,1.66700,1
1691,2.12250,0.94700,2.13500,1.99300,1
1692,2.45632,0.82900,2.45900,1.63200,1
1693,3.43220,1.01400,3.42400,1.63200,1
1694,7.10544,1.02400,6.66500,1.64600,1
1695,4.35598,1.72600,4.70100,1.58100,1
1696,3.67403,2.08300,3.56600,1.63400,1
1697,3.12860,1.19200,2.97500,1.65600,1
1698,3.11887,1.74100,3.08600,1.64100,1
1699,3.24086,1.61900,3.14200,1.64100,1
1700,2.79483,1.42000,2.65900,1.68000,1
1701,5.48360,1.43000,4.46200,1.62400,1
1702,4.09579,1.19700,3.48900,1.65500,1
1703,4.51352,1.07200,3.03000,1.66500,1
1704,5.02069,1.60400,5.15700,1.69100,1
1705,4.10355,2.66200,3.26200,1.67400,1
1706,3.99048,2.59300,4.11300,1.72600,1
1707,5.29278,1.51800,4.75500,1.66000,1
1708,3.85486,1.40700,3.83100,1.81400,1
1709,4.21130,1.79700,3.81200,1.60500,1
1710,3.31483,1.18300,3.35200,1.64500,1
1711,2.95388,1.70700,2.98500,1.64500,1
1712,6.23743,0.81000,5.89200,1.68800,1
1713,5.04481,0.87900,3.94600,1.62700,1
1714,4.42572,1.56700,3.68100,1.62700,1
1715,5.88901,1.85100,5.91800,1.97100,1
1716,3.64115,1.97100,3.95600,1.67800,1
1717,4.49840,1.21600,4.46000,1.60500,1
1718,3.53020,1.47400,2.96000,1.61900,1
1719,4.55625,1.31500,3.98900,1.66400,1
1720,3.11520,3.96800,3.38800,1.66400,1
1721,4.73913,1.12100,3.49400,1.64900,1
1722,2.87114,0.85900,2.22600,1.65100,1
1723,5.96778,0.94000,4.76400,1.81900,1
1724,3.75259,1.02100,3.40000,1.81900,1
1725,5.26507,1.89000,4.88100,1.63100,1
1726,3.66736,1.58200,3.44300,1.66500,1
1727,2.99391,1.81300,3.25800,1.62800,1
1728,2.99763,1.18700,2.99900,1.65200,1
1729,3.31223,1.75200,3.06400,1.61100,1
1730,3.59518,1.58500,3.46500,1.63700,1
1731,3.26956,0.88400,2.69700,1.65900,1
1732,3.66036,1.46500,3.36500,1.64100,1
1733,4.33882,0.72900,3.05100,1.68400,1
1734,4.15807,1.92500,4.11700,1.63300,1
1735,3.47500,0.86800,3.41400,1.65200,1
1736,3.17349,0.98600,3.06800,1.63600,1
1737,4.65964,1.36800,3.38000,1.67500,1
1738,3.20843,1.35500,2.66400,1.60800,1
1739,7.51443,1.36000,7.42500,1.64000,1
1740,5.03944,1.76200,5.00600,1.81000,1
1741,4.27341,1.45100,4.31200,1.62700,1
1742,3.40067,1.32100,3.35200,1.64200,1
1743,3.36803,1.25000,2.83500,1.62000,1
1744,3.38475,1.23900,3.08500,1.63100,1
1745,3.31867,2.16100,2.70700,1.65600,1
1746,2.84373,2.03700,1.99100,1.65900,1
1747,3.20295,2.18000,3.54900,1.66900,1
1748,3.05160,1.01500,3.00900,1.65000,1
1749,3.57775,1.49500,3.33200,1.81900,1
1750,7.24543,1.74900,7.11200,1.80200,1
1751,3.30156,2.07100,3.29000,1.61300,1
1752,2.91935,1.81700,2.93300,1.61300,1
1753,4.71224,1.18200,3.41500,1.68100,1
1754,2.55742,1.48200,2.85700,1.61000,1
1755,2.51233,0.92000,2.44900,1.65800,1
1756,3.91735,1.48400,2.80000,1.59900,1
1757,4.01234,1.00800,3.90500,1.66200,1
1758,2.57802,1.18100,2.77900,1.81900,1
1759,3.03860,1.66500,2.96200,1.68500,1
1760,5.49387,1.43700,5.40900,1.56900,1
1761,4.05166,1.37800,3.98700,1.63500,1
1762,4.86822,2.11000,4.37200,1.63500,1
1763,2.96401,2.39300,2.80200,1.65900,1
1764,4.31308,1.81400,4.08800,1.61900,1
1765,2.72050,1.11800,2.88200,1.61000,1
1766,3.76409,0.88900,3.44800,1.62000,1
1767,4.97114,0.79100,2.62600,1.65500,1
1768,8.07542,0.96300,6.48000,1.64100,1
1769,6.01544,1.91400,5.91900,1.69400,1
1770,5.36713,3.21300,5.01900,1.74300,1
1771,4.89090,2.92300,4.91500,1.67500,1
1772,2.95646,2.33100,2.76300,1.67300,1
1773,4.14922,1.53900,4.25600,1.81800,1
1774,3.25946,1.59400,2.95400,1.65700,1
1775,3.71486,2.07200,3.44000,1.68800,1
1776,3.82253,1.64000,2.98100,1.64100,1
1777,3.43192,1.51100,3.92900,1.61600,1
1778,3.02432,1.38800,2.62000,1.85700,1
1779,2.73511,1.15900,2.61800,1.64700,1
1780,2.76548,1.13500,2.75000,1.63300,1
1781,2.98959,1.68200,2.79500,1.68000,1
1782,5.02956,2.08400,5.11100,1.65300,1
1783,5.02231,1.98700,4.43700,1.84400,1
1784,3.19741,1.52600,3.73200,1.60900,1
1785,3.10964,2.16200,3.09800,1.65000,1
1786,2.86025,1.50200,2.85700,1.71000,1
1787,2.89726,1.19000,2.89600,1.71000,1
1788,4.54839,1.44800,2.72700,1.62700,1
1789,4.15182,1.15300,4.75300,1.66200,1
1790,3.20155,1.52100,3.18100,1.66200,1
1791,4.50076,1.27000,4.31700,1.79800,1
1792,5.01345,2.64200,4.84900,1.64700,1
1793,3.19146,1.44500,3.29600,1.61800,1
1794,2.53805,1.26400,2.41500,1.60300,1
1795,4.05575,1.16300,3.99400,1.66900,1
1796,3.04214,0.83400,3.17700,1.61900,1
1797,2.76416,1.03900,2.82100,1.81300,1
1798,4.16921,1.08000,4.17800,1.65000,1
1799,4.24206,1.52300,4.13900,1.63100,1
1800,3.09089,1.27900,3.01300,1.67200,1
1801,3.61498,1.39600,3.59600,1.63200,1
1802,5.30161,1.97900,5.34300,1.71600,1
1803,4.05146,1.91500,4.04500,1.61900,1
1804,5.07401,1.95400,4.80800,1.64700,1
1805,3.38048,1.56600,3.38500,1.86100,1
1806,3.79762,2.16000,3.81300,1.62600,1
1807,3.77558,2.17700,3.66500,1.67400,1
1808,3.27759,1.53600,2.89800,1.62300,1
1809,4.76742,1.13900,4.56500,1.81500,1
1810,7.05470,1.37600,7.12300,1.67400,1
1811,4.49484,3.57200,4.37900,1.63600,1
1812,3.41514,2.14700,3.24000,1.65900,1
1813,4.01444,1.66000,2.37100,1.65900,1
1814,6.50606,1.91100,6.76400,1.64900,1
1815,7.07377,1.36200,7.05600,1.67100,1
1816,5.20452,1.13300,4.86400,1.75200,1
1817,3.32213,1.96500,3.59000,1.66400,1
1818,3.24972,2.36900,3.24500,1.65000,1
1819,3.00114,1.69400,2.97200,1.62600,1
1820,2.88193,1.55000,2.99700,1.82500,1
1821,2.21472,0.98400,1.92900,1.82500,1
1822,3.06699,1.21600,2.53900,1.61600,1
1823,2.50382,1.19600,2.59300,1.63400,1
1824,2.72625,1.06000,2.65200,1.63000,1
1825,4.53484,0.79500,4.30000,1.67700,1
1826,2.98558,1.60000,3.08300,1.67300,1
1827,2.38595,1.10700,2.30400,1.64700,1
1828,2.95472,1.82700,3.06200,1.65700,1
1829,2.81439,2.49400,2.66500,1.65300,1
1830,2.47417,1.18600,2.55400,1.65300,1
1831,3.33081,1.68100,2.53700,1.71100,1
1832,3.15236,1.21800,2.86000,1.66800,1
1833,2.93015,1.00700,3.08800,1.65300,1
1834,3.23198,1.46900,2.85200,1.64900,1
1835,3.44199,1.12800,2.98800,1.63500,1
1836,3.83183,2.43100,3.19800,1.62800,1
1837,4.13727,0.81400,4.53100,1.79200,1
1838,3.78638,1.03900,3.72000,1.67000,1
1839,4.99037,1.16000,5.04000,1.62300,1
1840,5.22510,1.04100,5.06300,1.64800,1
1841,5.10887,1.29200,4.28000,1.65400,1
1842,5.62076,1.30800,4.99300,1.67300,1
1843,4.90914,1.99500,4.46900,1.62600,1
1844,4.39751,2.41900,3.88000,1.61700,1
1845,2.66178,1.38600,2.89000,1.64100,1
1846,4.20376,1.56800,3.58200,1.64100,1
1847,6.79794,1.00600,7.14000,1.63400,1
1848,3.70118,1.74400,3.23400,1.61300,1
1849,4.11400,2.09900,4.36500,1.67000,1
1850,4.00185,1.58800,3.90500,1.63500,1
1851,3.69219,0.92600,3.64700,1.80500,1
1852,5.07130,1.34900,4.68600,1.61800,1
1853,5.22950,2.00200,4.84500,1.63500,1
1854,3.97650,2.29200,3.44200,1.67000,1
1855,4.80969,1.43500,4.19800,1.60500,1
1856,4.86844,1.52400,4.83800,1.66200,1
1857,3.90799,1.69000,3.85200,1.65900,1
1858,3.87821,1.88800,3.87600,1.84300,1
1859,5.82231,1.46300,5.42300,1.64000,1
1860,4.61450,2.20500,4.64000,1.61600,1
1861,4.15912,2.66300,4.01700,1.64900,1
1862,4.37578,1.50200,2.48200,1.64500,1
1863,4.23476,3.11700,4.71400,1.64800,1
1864,5.07837,1.90500,4.95600,1.61300,1
1865,4.21643,2.94800,4.25200,1.62000,1
1866,3.98236,1.30900,3.47000,1.62200,1
1867,4.01730,1.84300,4.55000,1.61600,1
1868,4.97555,1.03300,3.27400,1.66200,1
1869,3.31347,1.64400,4.20900,1.61100,1
1870,5.71916,1.15400,5.03300,1.62000,1
1871,4.92319,1.77700,5.19200,1.61800,1
1872,3.05087,1.94500,3.35800,1.61300,1
1873,2.99457,0.87000,2.80100,1.65400,1
1874,3.33181,1.05200,2.68200,1.65400,1
1875,2.99021,1.21900,3.05800,1.66000,1
1876,3.99896,0.98100,3.79900,1.63000,1
1877,5.52786,0.97600,4.51000,1.66300,1
1878,7.27157,1.89400,7.55600,1.60000,1
1879,6.90184,2.31600,5.75200,1.67400,1
1880,4.71328,3.36800,4.81700,1.79000,1
1881,4.67981,2.73600,3.24500,1.87500,1
1882,2.61931,2.30000,3.42700,1.62100,1
1883,1.99250,1.16200,2.64800,1.63200,1
1884,3.98905,1.85700,3.13700,1.63000,1
1885,3.69316,1.33600,2.81700,1.64300,1
1886,4.29761,1.01700,3.00200,1.64300,1
1887,4.47139,1.95100,3.59100,1.84600,1
1888,4.04202,1.31300,3.75600,1.59300,1
1889,3.89697,1.04700,4.05300,1.78800,1
1890,4.02169,1.29400,3.28000,1.63500,1
1891,2.33308,1.23700,2.63900,1.60500,1
1892,4.61642,0.89000,4.20300,1.65300,1
1893,4.66782,3.49200,4.23000,1.65300,1
1894,3.26858,1.47300,3.32100,1.81000,1
1895,3.72029,2.13800,3.52900,1.65200,1
1896,4.96244,1.67900,4.85300,1.62000,1
1897,3.48502,1.22900,3.48800,1.67200,1
1898,22.74496,22.59100,3.48800,1.67200,1
1899,6.61323,2.10200,5.90000,1.67200,1
1900,4.80931,1.79500,4.62900,1.57200,1
1901,5.56224,1.57600,5.54900,1.76400,1
1902,5.05703,1.59800,5.03400,1.63400,1
1903,4.15441,1.87000,4.13700,1.64800,1
1904,2.71727,1.03500,2.68800,1.63300,1
1905,1.83564,1.54500,1.91800,1.76800,1
1906,4.38533,0.93800,2.12900,1.63700,1
1907,6.68600,1.13700,6.40200,1.65500,1
1908,3.97708,1.11100,4.39800,1.81000,1
1909,3.93080,2.17800,4.05600,1.85900,1
1910,4.40930,1.05800,4.63000,1.64700,1
1911,4.67803,2.81900,3.97600,1.71300,1
1912,4.93009,1.61500,4.39900,1.64000,1
1913,4.90347,1.33800,5.06700,1.81300,1
1914,4.74055,1.13700,4.07900,1.62400,1
1915,3.28647,1.76600,4.14400,1.63700,1
1916,4.64165,1.26100,3.64700,1.86100,1
1917,7.24899,1.40800,7.97500,1.69600,1
1918,6.51763,1.35000,6.55700,1.62700,1
1919,6.16545,2.06300,6.08500,1.65500,1
1920,3.55446,3.33200,3.19200,1.60700,1
1921,7.66960,1.45300,7.34200,1.66300,1
1922,8.63277,2.54000,8.21400,1.66800,1
1923,3.69067,2.21300,4.08500,1.64800,1
1924,6.18956,3.36500,6.14500,1.60400,1
1925,4.58329,3.39900,4.50100,1.83300,1
1926,4.53155,2.73800,4.17700,1.64000,1
1927,3.18853,1.38500,3.14000,1.60000,1
1928,3.84027,2.21300,2.56200,1.72300,1
1929,2.92545,2.00300,3.67900,1.82200,1
1930,4.23939,2.55400,3.11700,1.63000,1
1931,4.76269,4.77000,2.68500,1.62000,1
1932,4.29645,3.43600,4.10000,1.63300,1
1933,3.58012,2.57200,3.28700,1.83400,1
1934,7.93004,5.74200,8.23800,1.69600,1
1935,4.94687,1.65100,5.02400,1.66300,1
1936,5.98325,1.85900,5.93600,1.85600,1
1937,5.50199,1.51600,4.31900,1.62600,1
1938,5.34744,2.23900,5.18500,1.64600,1
1939,6.95274,3.05600,6.83300,1.81800,1
1940,6.27568,2.28400,5.23100,1.61900,1
1941,4.23633,2.25100,4.06600,1.77900,1
1942,4.79303,3.87800,4.77000,1.87800,1
1943,4.98751,1.34200,5.03400,1.83600,1
1944,26.24041,26.47400,5.03400,1.83600,1
1945,3.49131,1.51000,4.13800,1.83600,1
1946,4.22086,1.27000,3.80600,1.83600,1
1947,5.98978,1.62400,4.05200,1.65500,1
1948,4.24782,2.94200,3.87400,1.82600,1
1949,4.51063,2.45800,4.63900,1.59200,1
1950,3.70046,1.87300,3.34100,1.67400,1
1951,2.68079,1.68300,3.09900,1.62300,1
1952,3.85230,2.18800,3.51100,1.64800,1
1953,5.26837,1.53300,4.38400,1.65300,1
1954,3.59422,1.09300,4.89700,1.67400,1
1955,5.66646,1.98100,4.69800,1.68500,1
1956,5.27208,2.04000,4.12200,1.63500,1
1957,4.46643,1.36300,4.27000,1.66100,1
1958,5.11819,3.06800,3.19000,1.70300,1
1959,7.07346,1.24000,7.69300,1.70300,1
1960,2.61705,1.48300,2.67600,1.60800,1
1961,4.94900,2.92300,4.58100,1.63400,1
1962,3.02949,2.53600,3.08100,1.67000,1
1963,4.96383,1.75200,5.00400,1.70200,1
1964,4.18653,1.48900,3.09500,1.66500,1
1965,4.09533,1.97300,3.77800,1.64100,1
1966,3.92227,2.16000,4.11700,1.76700,1
1967,3.54396,1.40900,3.26000,1.81900,1
1968,2.98777,1.50300,3.03400,1.65000,1
1969,5.19334,1.06200,4.22600,1.67100,1
1970,4.34023,1.03300,3.98400,1.62600,1
1971,6.78498,5.94500,4.27600,1.62500,1
1972,6.97665,4.75800,9.14800,1.68500,1
1973,4.00764,4.39800,4.04000,1.63800,1
1974,2.91779,3.51500,3.08700,1.85700,1
1975,4.12636,1.88400,4.03700,1.63200,1
1976,3.07975,2.42700,3.01200,1.63700,1
1977,2.80327,1.46500,3.02000,1.63700,1
1978,5.15912,1.44900,4.38500,1.65400,1
1979,2.60982,1.20800,2.24900,1.65400,1
1980,4.79365,1.30700,4.31800,1.64800,1
1981,4.99616,1.11000,4.90000,1.63300,1
1982,4.77378,1.94900,4.79200,1.81100,1
1983,3.24705,2.17700,3.20900,1.69600,1
1984,4.14259,2.99300,4.08600,1.65600,1
1985,4.23401,0.99300,4.00300,1.64400,1
1986,4.65121,2.36400,3.21400,1.64400,1
1987,4.28397,1.03500,4.94500,1.65000,1
1988,5.52594,0.92900,4.90300,1.61600,1
1989,4.19593,1.77000,4.18300,1.62900,1
1990,4.39755,1.52100,4.32300,1.62200,1
1991,4.52322,2.18200,3.94800,1.64100,1
1992,7.46538,2.61200,5.57700,1.66700,1
1993,3.95831,1.17300,4.06100,1.80800,1
1994,4.48295,2.12800,4.43800,1.61400,1
1995,3.82691,1.32000,3.78800,1.63900,1
1996,5.71996,1.53000,3.98800,1.83200,1
1997,2.28196,1.08800,2.72500,1.83200,1
1998,5.71008,1.09000,2.93700,1.66500,1
1999,5.98725,1.60200,5.77100,1.72300,1
2000,4.73078,1.88400,4.62600,1.65700,1
2001,4.40024,1.19500,4.33300,1.64500,1
2002,4.85235,1.68000,4.69900,1.62700,1
2003,6.00413,0.79500,4.39900,1.66400,1
2004,4.56050,2.01000,4.96600,1.65900,1
2005,5.83686,2.33800,4.47900,1.64200,1
2006,3.77586,1.50600,3.91400,1.65200,1
2007,4.32152,2.61300,4.33500,1.81100,1
2008,3.86432,1.22200,3.25900,1.61900,1
2009,4.16286,1.45300,3.96100,1.62900,1
2010,4.03444,1.96500,4.63200,1.63300,1
2011,4.76354,0.97400,4.73900,1.65200,1
2012,3.74301,1.57500,3.11100,1.62100,1
2013,4.80801,1.17400,3.13500,1.63600,1
2014,3.96083,1.48100,2.62500,1.63600,1
2015,12.14885,1.22400,11.02500,1.66400,1
2016,6.39420,5.00100,6.49700,1.62100,1
2017,4.98377,3.03700,3.43300,1.65100,1
2018,4.77606,1.57200,3.83900,1.69000,1
2019,4.90174,2.23200,4.42000,1.69000,1
2020,6.46385,1.40400,6.34200,1.64000,1
2021,5.51554,1.12500,3.63300,1.63500,1
2022,2.34241,0.95400,2.35900,1.64500,1
2023,3.67311,1.77600,3.25800,1.61100,1
2024,5.93399,1.42300,3.34700,1.61100,1
2025,5.08129,1.21300,7.05900,1.74400,1
2026,4.92469,0.94400,5.00800,1.68200,1
2027,6.09675,1.32800,4.43500,1.84000,1
2028,3.81834,1.83900,4.72600,1.61800,1
2029,5.63447,2.13100,6.07900,1.62800,1
2030,4.57001,1.26500,4.26500,1.65400,1
2031,3.42419,2.13900,3.74700,1.62600,1
2032,4.11040,1.58100,3.43200,1.63300,1
2033,3.71886,1.44300,3.50800,1.68400,1
2034,4.39480,0.99600,4.57600,1.69900,1
2035,2.88382,2.21900,2.88600,1.61400,1
2036,7.11247,1.44700,6.58100,1.65900,1
2037,5.70943,2.15800,4.70000,1.65900,1
2038,6.24514,2.21500,6.01000,1.64800,1
2039,4.18581,2.11200,4.14100,1.59500,1
2040,4.47696,1.71800,3.64500,1.63900,1
2041,4.03343,1.95300,4.12800,1.63400,1
2042,4.35666,1.52800,3.84500,1.64600,1
2043,5.70535,2.63800,5.24100,1.62300,1
2044,7.32204,1.80200,6.43400,1.81600,1
2045,5.68219,1.51600,5.65800,1.63400,1
2046,3.39408,1.07500,3.32900,1.64400,1
2047,4.50625,1.23200,4.36400,1.65100,1
2048,4.53135,1.63200,4.23400,1.63800,1
2049,3.33994,2.23800,3.31600,1.63800,1
2050,3.28346,2.09600,3.07500,1.64100,1
2051,4.49872,1.32400,3.56900,1.63100,1
2052,3.99661,1.28100,4.15000,1.61600,1
2053,3.66511,0.99200,3.67300,1.61700,1
2054,4.47079,1.30700,3.94400,1.64600,1
2055,2.93603,1.83200,3.22200,1.61700,1
2056,3.94906,2.05400,4.01200,1.67100,1
2057,5.01326,3.02100,4.47000,1.63700,1
2058,3.29310,2.10600,3.87900,1.62100,1
2059,3.06260,1.61900,2.96300,1.61300,1
2060,4.98199,1.69800,4.25600,1.62600,1
2061,3.63594,1.54300,3.35400,1.64700,1
2062,3.77400,1.62700,3.59400,1.62400,1
2063,3.29134,2.48800,3.38800,1.70900,1
2064,3.09087,1.26800,3.13900,1.64700,1
2065,4.19834,1.34000,4.17100,1.81000,1
2066,3.81144,1.62100,3.48300,1.64400,1
2067,3.28255,1.75500,2.82600,1.61100,1
2068,5.67508,2.05000,5.05300,1.65700,1
2069,3.38337,0.87000,3.31700,1.83600,1
2070,3.82481,1.59700,3.13300,1.64400,1
2071,4.06238,1.37200,2.63300,1.64400,1
2072,5.66795,1.27100,5.30300,1.67500,1
2073,4.62917,2.50100,4.23800,1.64800,1
2074,4.45737,2.47600,4.03800,1.76400,1
2075,3.67304,1.36200,3.28700,1.64300,1
2076,3.75364,0.98300,3.21600,1.76200,1
2077,4.08715,1.89200,3.80200,1.81300,1
2078,5.52707,1.25200,5.70100,1.63500,1
2079,4.77272,1.18900,4.72400,1.64400,1
2080,7.17827,3.23300,7.08900,1.63100,1
2081,6.16184,2.48900,5.95300,1.72600,1
2082,4.69002,1.90200,4.93400,1.62900,1
2083,3.01752,1.79200,2.74900,1.64800,1
2084,5.97031,1.83500,5.46200,1.69000,1
2085,2.59219,1.71500,2.60600,1.65000,1
2086,4.81687,1.14500,3.83900,1.65000,1
2087,6.32741,1.77500,5.78300,1.83600,1
2088,8.86744,2.43700,6.61700,1.66600,1
2089,4.31663,3.48800,4.37500,1.88900,1
2090,3.58433,2.84400,3.54600,2.00300,1
2091,2.96492,2.00800,2.78100,1.66000,1
2092,6.56309,1.66500,3.91600,1.62600,1
2093,3.40384,1.21300,2.39000,1.62600,1
2094,6.18277,1.43700,4.68000,1.63800,1
2095,4.37875,1.37400,4.23400,1.61000,1
2096,4.60622,1.36800,4.45000,1.79000,1
2097,4.34420,1.33300,3.19100,1.71500,1
2098,4.36382,1.02200,5.48100,1.60200,1
2099,6.31547,1.02500,5.82700,1.62000,1
2100,4.25973,1.38100,4.25800,1.64000,1
2101,4.75062,1.71700,3.54500,1.64000,1
2102,5.75170,2.84300,5.36800,1.63500,1
2103,3.43030,1.56700,3.48300,1.80500,1
2104,3.21444,1.06300,2.59400,1.80500,1
2105,6.43562,1.42000,3.70800,1.63000,1
2106,2.99035,1.39200,4.13100,1.66100,1
2107,2.91466,1.14300,2.90700,1.63200,1
2108,2.49108,1.62100,2.44300,1.63200,1
2109,3.84848,0.94100,3.39200,1.61100,1
2110,5.25638,1.06500,3.53100,1.62500,1
2111,4.03669,0.92300,3.92200,1.63100,1
2112,4.54735,0.95300,4.84600,1.79600,1
2113,6.28871,0.88300,6.28400,1.62600,1
2114,3.13172,1.22800,2.96400,1.62600,1
2115,6.02552,0.95500,5.79700,1.60300,1
2116,4.62372,2.06700,3.72800,1.62200,1
2117,3.65047,1.90000,3.67600,1.62600,1
2118,4.17345,1.66900,3.23100,1.66000,1
2119,4.96809,2.02300,5.36900,1.60100,1
2120,4.36598,3.05600,4.41200,1.63000,1
2121,3.21378,1.71400,3.32300,1.63000,1
2122,5.37426,1.75500,4.27300,1.67200,1
2123,4.72695,2.71400,4.24100,1.66300,1
2124,2.69888,0.96300,2.70100,1.82200,1
2125,3.15739,1.00700,2.69300,1.64900,1
2126,2.81310,0.89100,2.82100,1.63600,1
2127,2.53867,0.72300,2.40400,1.63400,1
2128,3.06581,1.26000,2.62100,1.82800,1
2129,2.73028,2.76500,2.55100,1.60400,1
2130,2.39930,2.45600,2.67000,1.62800,1
2131,2.56920,1.63500,2.50500,1.64200,1
2132,2.50129,1.45000,2.62400,1.62600,1
2133,6.54839,1.40200,3.24100,1.63000,1
2134,3.35268,1.96000,3.53800,1.63000,1
2135,3.19909,1.40700,2.35100,1.82900,1
2136,3.90544,1.23900,4.05300,1.64900,1
2137,3.61234,1.84100,3.61500,1.63700,1
2138,3.01016,1.24900,2.48000,1.81900,1
2139,3.64274,1.19600,3.34100,1.82500,1
2140,3.39906,1.22100,3.25900,1.64100,1
2141,2.74689,0.98200,2.76100,1.64800,1
2142,2.96877,1.19900,3.21300,1.69500,1
2143,3.71598,1.32400,3.52600,1.64100,1
2144,3.01726,1.08700,2.95200,1.64700,1
2145,2.43776,1.26800,2.57700,1.65600,1
2146,3.36894,1.93700,3.40600,1.62700,1
2147,3.82126,1.51100,3.08100,1.63300,1
2148,2.18690,0.78800,2.92800,1.67000,1
2149,3.15276,1.21500,3.12500,1.65700,1
2150,4.02183,1.21900,3.71300,1.82900,1
2151,3.33298,0.87800,2.93600,1.67700,1
2152,3.99224,0.98800,3.89400,1.61800,1
2153,3.71057,1.32000,3.71200,1.65000,1
2154,3.08031,3.77400,2.57400,1.65200,1
2155,8.60528,1.65300,5.85900,1.61300,1
2156,4.65919,1.71200,2.95000,1.65000,1
2157,5.29627,1.57500,5.47500,1.87200,1
2158,5.00259,1.60900,2.87600,1.65300,1
2159,3.98843,1.56500,3.50900,1.66400,1
2160,7.68711,1.57700,6.20900,1.66000,1
2161,5.34931,1.83500,4.95800,1.64100,1
2162,3.02010,1.60600,2.89100,1.67500,1
2163,3.87618,1.44100,3.93800,1.80100,1
2164,6.21478,1.17200,6.00100,1.68800,1
2165,4.62541,1.39500,4.35500,1.66300,1
2166,3.97109,1.43100,4.17500,1.63400,1
2167,4.53944,1.00900,4.53300,1.67100,1
2168,3.79491,1.12400,3.63300,1.66000,1
2169,3.96788,1.63600,4.10700,1.65500,1
2170,4.37520,1.06100,3.98300,1.62700,1
2171,4.01237,2.44000,4.06800,1.78700,1
2172,5.02461,1.93700,4.76600,1.68300,1
2173,3.97730,1.47000,3.38300,1.68300,1
2174,4.06628,1.44000,3.77600,1.64500,1
2175,4.98040,1.34500,4.65000,1.71000,1
2176,5.40651,1.25300,4.53900,1.70100,1
2177,2.81789,1.54900,3.01400,1.59200,1
2178,2.67965,1.07900,2.67600,1.64900,1
2179,3.01567,0.82300,3.00500,1.64900,1
2180,5.56593,0.75000,4.50200,1.65100,1
2181,4.95417,1.15000,5.41300,1.63200,1
2182,4.61811,2.05500,4.61700,1.65300,1
2183,2.47587,1.01400,2.75500,1.65300,1
2184,5.71224,1.50700,4.01900,1.67200,1
2185,2.75274,1.63700,2.67400,1.63300,1
2186,2.99278,1.85500,2.38000,1.63300,1
2187,5.09909,2.69400,4.46200,1.77900,1
2188,4.68492,1.69800,4.31000,1.68300,1
2189,6.74136,1.54600,6.86100,1.65900,1
2190,4.53805,1.27900,4.21500,1.65900,1
2191,3.90631,1.85400,3.97400,1.83900,1
2192,4.14365,2.42500,3.44500,1.64200,1
2193,4.41682,1.36800,3.85800,1.69300,1
2194,3.95229,0.95500,3.89600,1.68400,1
2195,3.59394,1.74200,3.36600,1.81900,1
2196,9.49505,1.55700,8.20100,1.62900,1
2197,3.83705,1.29400,4.79200,1.64100,1
2198,5.99599,3.62600,4.02400,1.65600,1
2199,2.58390,4.70500,4.02400,1.61800,1
2200,2.40564,2.51900,3.46000,1.61800,1
2201,2.99664,3.00300,2.52200,1.65300,1
2202,4.04774,2.46900,3.40700,1.67100,1
2203,3.55388,1.47100,3.82600,1.67000,1
2204,7.20487,3.10800,6.88800,1.68100,1
2205,5.82990,4.52700,5.61000,1.79800,1
2206,5.12233,3.98500,4.93000,1.65000,1
2207,3.40915,3.32700,3.33400,1.65500,1
2208,6.40656,1.94900,4.32800,1.81700,1
2209,3.50964,1.17200,4.53000,1.63900,1
2210,4.67211,1.55000,3.69600,1.63700,1
2211,3.29022,2.14700,3.15900,1.63100,1
2212,3.22285,2.11500,2.91900,1.61300,1
2213,3.87237,1.21200,3.46000,1.86500,1
2214,3.82929,1.55400,3.48700,1.63700,1
2215,3.82183,2.25700,3.62200,1.62200,1
2216,7.63708,3.25600,5.35800,1.64000,1
2217,3.68390,1.11900,3.63900,1.89100,1
2218,2.41719,1.24500,2.23000,1.61400,1
2219,2.64711,1.23200,2.71500,1.60200,1
2220,2.68717,1.07400,2.24900,1.59600,1
2221,2.64931,1.13600,2.61700,1.59600,1
2222,4.68308,0.94200,2.18900,1.66400,1
2223,5.24166,1.78800,6.78200,1.65300,1
2224,3.85954,2.32900,3.67600,1.69300,1
2225,4.29422,1.03000,4.01600,1.69300,1
2226,4.13133,0.87500,4.21000,1.66400,1
2227,4.20084,1.81200,3.37600,1.66100,1
2228,3.81693,1.98300,2.68100,1.61500,1
2229,3.90358,1.30800,4.17100,1.69100,1
2230,2.91659,1.15700,2.49300,1.65700,1
2231,3.66039,1.39900,3.65600,1.63800,1
2232,2.84294,1.34300,2.83200,1.64700,1
2233,5.26469,0.74500,4.88100,1.64000,1
2234,3.45902,1.08400,2.98800,1.64300,1
2235,2.87416,1.33400,2.70100,1.83400,1
2236,2.54628,1.07300,2.88200,1.61400,1
2237,3.97904,0.87700,3.89500,1.62100,1
2238,2.97840,1.12100,3.02800,1.62100,1
2239,3.75981,1.83800,3.54400,1.64300,1
2240,3.14300,0.94000,3.05100,1.89000,1
2241,2.16502,2.32500,2.19000,1.89000,1
2242,4.50671,1.56400,4.10700,1.64700,1
2243,3.05165,1.36300,3.12200,1.69000,1
2244,2.61492,1.11700,2.33800,1.80400,1
2245,2.50187,2.19000,2.44000,1.61000,1
2246,2.91056,2.01100,3.15900,1.85000,1
2247,5.22739,3.46400,3.97500,1.60900,1
2248,4.55097,1.76200,4.64400,1.68000,1
2249,3.10348,1.31400,3.09700,1.63300,1
2250,3.40122,1.01500,3.19400,1.81000,1
2251,3.69801,1.94900,3.27700,1.63900,1
2252,2.19639,0.87600,2.58800,1.63000,1
2253,2.79209,0.87900,2.81700,1.62500,1
2254,3.20542,0.72500,2.82900,1.64000,1
2255,3.11213,1.41100,2.96500,1.65800,1
2256,3.49200,1.75300,3.44700,1.63700,1
2257,4.37354,1.63800,4.24100,1.59300,1
2258,3.72368,0.77900,3.29700,1.66100,1
2259,4.67775,0.74700,3.83600,1.61100,1
2260,4.17071,1.67900,4.44200,1.84800,1
2261,4.12012,2.05500,3.74600,1.65300,1
2262,4.40925,2.28100,4.57900,1.64700,1
2263,3.52422,2.17400,3.33600,1.60900,1
2264,6.47223,1.74000,5.37000,1.86600,1
2265,3.57821,1.83000,3.43600,1.66100,1
2266,7.47199,1.57000,5.80200,1.65700,1
2267,5.37872,1.54000,4.87900,1.80600,1
2268,3.68280,2.91600,3.91300,1.62200,1
2269,2.55686,1.07900,2.54100,1.62600,1
2270,3.86721,1.17900,3.82300,1.63500,1
2271,4.01291,1.31400,3.95500,1.85000,1
2272,3.83698,1.93700,3.74000,1.65500,1
2273,7.75261,2.73500,7.72100,1.73200,1
2274,3.82258,2.69800,3.76100,1.82600,1
2275,4.49084,3.08400,4.66000,1.70700,1
2276,6.49104,2.27200,4.07700,1.72100,1
2277,1.85692,1.46500,3.34300,1.72100,1
2278,3.89650,1.72500,3.59200,1.81200,1
2279,3.90218,2.38100,3.19300,1.63300,1
2280,3.74995,1.14000,3.81100,1.64500,1
2281,4.37382,1.85400,3.97200,1.70000,1
2282,4.14752,1.98500,3.54700,1.65800,1
2283,3.89662,1.03100,3.91100,1.67700,1
2284,3.40037,3.07100,3.38700,1.65500,1
2285,3.50590,1.13300,3.14500,1.65700,1
2286,4.75759,0.99700,5.07800,1.62400,1
2287,4.49414,1.03100,4.24400,1.83500,1
2288,4.59030,2.02600,4.50600,1.64500,1
2289,7.36152,1.90500,7.27300,1.63000,1
2290,3.88535,4.28800,2.62000,1.63200,1
2291,5.51913,3.60100,5.45400,1.61500,1
2292,4.60282,2.51000,3.94600,1.65500,1
2293,3.89014,1.10200,3.28200,1.64000,1
2294,4.29065,1.23500,3.64300,1.63000,1
2295,3.83657,1.59600,3.63700,1.63000,1
2296,5.75124,1.51400,4.92100,1.69200,1
2297,4.46444,1.09400,4.71100,1.65600,1
2298,7.17700,1.20400,7.03500,1.62200,1
2299,4.00220,2.15400,4.12600,1.65000,1
2300,5.11271,1.53200,3.98500,1.64000,1
2301,6.61639,1.43100,7.03900,1.62100,1
2302,6.09280,2.18400,5.00200,1.64300,1
2303,4.81977,2.68700,5.09500,1.81400,1
2304,3.57462,1.89500,3.24400,1.64000,1
2305,3.93832,1.16100,4.13000,1.64600,1
2306,3.18995,1.13800,3.19900,1.83700,1
2307,3.40039,0.92200,3.29100,1.62900,1
2308,4.75124,1.59600,4.51500,1.60700,1
2309,6.14698,1.68600,6.11000,1.65600,1
2310,3.75883,1.64300,3.79200,1.62400,1
2311,5.17446,1.09400,4.06300,1.80300,1
2312,5.47642,2.09500,6.00200,1.64900,1
2313,6.75831,2.51500,6.65800,1.67000,1
2314,9.49951,3.73100,9.17400,1.67600,1
2315,5.00921,4.10900,5.20000,1.72400,1
2316,2.89389,2.66700,2.95100,1.67200,1
2317,2.30161,1.64700,2.28600,1.67900,1
2318,1.99278,1.22100,1.95500,1.66500,1
2319,1.94862,1.00400,1.78100,1.64100,1
2320,3.23439,1.43100,2.39100,1.64100,1
2321,5.01822,1.94900,3.84400,1.61600,1
2322,3.97008,1.64600,3.89700,1.63600,1
2323,6.24306,3.01500,6.11600,1.63600,1
2324,2.91752,1.21400,3.02800,1.65600,1
2325,3.80143,1.41400,3.74900,1.63400,1
2326,3.79206,1.68700,3.02200,1.63400,1
2327,5.20128,1.71000,4.19400,1.63100,1
2328,4.12387,0.88500,4.09700,1.64500,1
2329,4.57296,1.32300,3.16600,1.65800,1
2330,3.87781,0.80800,3.82600,1.80400,1
2331,3.93944,1.12600,3.91200,1.65200,1
2332,4.34796,0.90400,4.34200,1.66100,1
2333,3.12286,1.28600,3.08700,1.61100,1
2334,2.93038,1.58800,2.76800,1.64800,1
2335,3.61118,1.38800,3.27100,1.63400,1
2336,3.57436,1.34300,2.93200,1.62000,1
2337,3.16698,1.30700,3.78200,1.64100,1
2338,5.13092,1.61800,5.10400,1.64800,1
2339,4.08309,0.94200,3.92300,1.83800,1
2340,3.43930,2.11400,3.30500,1.67700,1
2341,3.50441,1.70400,3.30300,1.65000,1
2342,4.01395,3.84500,4.19600,1.65000,1
2343,5.25538,1.60900,5.23200,1.63800,1
2344,2.77528,1.71900,2.89300,1.63800,1
2345,4.08712,1.00300,3.18700,1.67200,1
2346,3.19131,1.19600,2.80500,1.80800,1
2347,2.79306,1.82800,2.78900,1.62600,1
2348,6.29392,0.80500,6.18100,1.80000,1
2349,2.87447,1.69100,2.92900,1.64800,1
2350,2.11387,1.35300,2.09900,1.60400,1
2351,4.05335,2.83600,2.90000,1.69100,1
2352,3.52520,1.79500,3.09200,1.69100,1
2353,5.54126,1.58300,4.83400,1.63900,1
2354,4.54302,1.94300,4.59200,1.65700,1
2355,3.68329,1.70100,3.59300,1.80800,1
2356,5.07502,1.99100,4.28600,1.84200,1
2357,3.42197,1.46000,3.02700,1.59800,1
2358,7.26662,1.28600,6.66100,1.63000,1
2359,5.10150,1.06300,5.26400,1.79200,1
2360,4.21841,1.22700,4.17100,1.62700,1
2361,4.34886,1.62600,4.17200,1.68600,1
2362,4.79061,1.73800,4.94200,1.63900,1
2363,6.90324,1.68700,6.07900,1.80900,1
2364,4.80036,2.30700,4.74200,1.66000,1
2365,2.62492,1.33300,2.66000,1.65800,1
2366,4.77512,1.08700,4.20600,1.78800,1
2367,4.98663,1.89400,5.57800,1.62600,1
2368,4.44631,3.10100,4.36100,1.68900,1
2369,5.45285,2.30900,5.30700,1.59800,1
2370,5.42718,1.49400,4.76500,1.67500,1
2371,5.28873,1.37800,4.09400,1.62600,1
2372,4.81701,1.45600,5.01300,1.64300,1
2373,6.96091,3.61000,6.53200,1.61600,1
2374,7.92980,2.71600,8.03600,1.80600,1
2375,4.10688,2.34100,4.21600,1.80600,1
2376,6.66241,2.17000,6.61800,1.65100,1
2377,6.70958,3.39000,6.65900,1.60000,1
2378,5.72013,3.05800,5.29900,1.86900,1
2379,5.66095,2.41100,5.45600,1.65800,1
2380,2.88993,1.62900,2.79800,1.65800,1
2381,5.28447,2.46700,3.35000,1.69200,1
2382,4.18446,1.60100,3.98500,1.82100,1
2383,3.78639,1.61100,3.38100,1.66600,1
2384,4.86793,2.18500,5.02200,1.65400,1
2385,4.23456,1.51900,3.54500,1.66300,1
2386,3.95690,2.89800,4.21600,1.65700,1
2387,6.04130,5.26700,6.20700,1.70400,1
2388,3.98980,1.66500,3.92600,1.64400,1
2389,2.61945,1.63800,2.63800,1.65900,1
2390,3.81869,1.48900,3.64300,1.61000,1
2391,4.55015,1.30600,4.07600,1.63900,1
2392,6.07182,1.66100,5.96500,1.66100,1
2393,6.35008,1.33600,5.76800,1.80700,1
2394,3.11100,1.47300,3.13300,1.65100,1
2395,4.64039,1.38900,4.53900,1.63600,1
2396,3.99309,1.08300,4.04400,1.64200,1
2397,3.87768,1.60500,3.28500,1.67400,1
2398,4.42643,1.94400,4.64200,1.67400,1
2399,5.78067,2.33400,5.20200,1.64400,1
2400,1.83132,2.82000,2.56600,1.68700,1
2401,3.98656,2.30400,3.86500,1.83600,1
2402,4.76389,1.78200,4.60600,1.69200,1
2403,4.00919,1.49200,4.11500,1.64000,1
2404,3.38758,3.13800,3.35200,1.64000,1
2405,6.67107,1.71800,6.43700,1.62100,1
2406,4.77837,3.37600,3.86900,1.64700,1
2407,6.16119,2.15500,6.06100,1.61100,1
2408,7.29408,4.18000,6.61900,1.84300,1
2409,3.67401,2.07200,3.96200,1.66000,1
2410,4.44590,2.22100,4.52700,1.71400,1
2411,5.67054,3.48800,5.68600,1.69000,1
2412,4.19970,3.27700,3.60800,1.60700,1
2413,4.57810,4.30900,4.35800,1.63000,1
2414,4.22684,3.40900,4.28500,1.65100,1
2415,4.71703,1.07400,4.87600,1.62800,1
2416,5.72835,1.23000,5.63100,1.66400,1
2417,4.41612,2.82600,4.49600,1.83000,1
2418,4.32813,2.54200,3.78900,1.64300,1
2419,5.78591,3.10500,4.28400,1.64300,1
2420,11.76064,3.03600,11.26300,1.70300,1
2421,5.70630,6.97400,5.98900,1.74600,1
2422,4.43749,4.43000,4.69700,1.67400,1
2423,4.46649,2.56400,4.40200,1.66400,1
2424,5.11245,1.38400,5.06200,1.66700,1
2425,5.37101,2.82900,5.21500,1.64000,1
2426,2.36948,2.23400,2.51500,1.63400,1
2427,3.78091,2.27100,3.44600,1.63400,1
2428,3.64908,2.06000,3.64900,1.63700,1
2429,3.18423,1.34900,2.62100,1.67400,1
2430,3.63676,1.42900,3.63800,1.65000,1
2431,3.99944,1.22000,3.55000,1.64500,1
2432,4.54416,1.50000,3.94800,1.81800,1
2433,1.97570,1.04900,2.11400,1.81800,1
2434,2.33099,0.80400,2.69500,1.62500,1
2435,3.05849,1.39700,3.01100,1.63800,1
2436,3.53955,1.48300,3.18800,1.63700,1
2437,4.03646,0.87300,4.42300,1.62400,1
2438,4.17291,1.27300,3.69900,1.63000,1
2439,3.41362,1.86700,3.28400,1.63500,1
2440,5.56377,1.62100,4.60700,1.63100,1
2441,4.91681,2.75200,5.11900,1.66300,1
2442,4.41638,2.04300,4.72800,1.66300,1
2443,4.24803,3.00200,4.29900,1.67300,1
2444,3.14613,2.03900,3.16500,1.62600,1
2445,6.12716,0.95200,5.97900,1.83300,1
2446,5.93807,1.19000,6.01600,1.61300,1
2447,4.90136,2.75700,4.89600,1.61300,1
2448,7.36315,1.02000,7.14200,1.82200,1
2449,5.46507,1.16100,4.86000,1.67600,1
2450,2.90479,1.72000,3.49300,1.64200,1
2451,6.90983,1.03300,6.90100,1.86000,1
2452,6.49834,1.82500,4.60300,1.81600,1
2453,6.25596,2.22100,7.71400,1.81600,1
2454,3.83879,2.50600,3.87900,1.59300,1
2455,3.97573,1.94900,3.84500,1.63400,1
2456,3.49835,2.26900,2.96000,1.63000,1
2457,6.42692,2.94800,6.05900,1.62100,1
2458,4.40257,2.02900,4.33000,1.64400,1
2459,3.66304,1.25400,3.40300,1.71000,1
2460,3.11806,2.05600,3.33200,1.62900,1
2461,3.88979,1.75600,3.40800,1.63300,1
2462,4.09594,3.04100,3.51000,1.63000,1
2463,3.21944,1.54000,3.44300,1.63000,1
2464,4.00181,1.47400,3.99100,1.66200,1
2465,5.27031,1.12500,4.07500,1.63600,1
2466,4.12474,2.21400,4.08800,1.83500,1
2467,3.13389,1.12900,2.97100,1.62100,1
2468,3.74491,1.16000,3.08300,1.66200,1
2469,3.02041,1.01700,2.48500,1.61800,1
2470,10.90386,1.05000,8.74400,1.64500,1
2471,5.50163,2.77200,5.36600,1.62400,1
2472,7.59068,3.35500,6.08400,1.62700,1
2473,5.75947,3.28400,5.67500,1.66600,1
2474,6.18700,2.16000,3.21200,1.68000,1
2475,3.45318,1.46700,3.36800,1.60200,1
2476,3.91516,2.70900,3.76100,1.64900,1
2477,3.87590,1.42900,3.20300,1.63600,1
2478,4.02485,1.41100,2.94300,1.66500,1
2479,5.29372,1.07700,4.22500,1.63000,1
2480,3.47339,1.17900,3.53800,1.65400,1
2481,3.27907,2.43400,3.33600,1.61800,1
2482,3.86321,1.30300,3.67800,1.62400,1
2483,4.97064,2.35300,5.01300,1.72500,1
2484,4.00401,2.14400,4.00700,1.67900,1
2485,4.66641,1.52700,4.47900,1.62700,1
2486,5.27856,2.03400,5.32200,1.64100,1
2487,6.37342,2.98900,5.82000,1.61200,1
2488,4.83134,2.36000,4.75300,1.71700,1
2489,3.60298,1.91900,3.48200,1.64300,1
2490,2.81152,1.62300,2.83900,1.82100,1
2491,3.76506,1.61000,2.77000,1.60700,1
2492,3.12896,1.44300,2.69500,1.65000,1
2493,4.61562,1.71500,4.13900,1.64100,1
2494,3.64014,1.31100,3.66300,1.63500,1
2495,3.06075,1.81600,2.92000,1.64900,1
2496,3.47473,1.12000,3.48600,1.64900,1
2497,4.24544,0.92600,3.78500,1.77500,1
2498,3.18970,1.47700,3.35600,1.60200,1
2499,3.97072,0.98900,3.65400,1.78600,1
2500,3.93795,1.49800,3.64400,1.65700,1
2501,5.67785,1.03400,3.24600,1.65700,1
2502,5.01309,2.05600,6.97200,1.64600,1
2503,4.99648,2.17700,4.33600,1.84600,1
2504,4.01297,1.55100,3.72900,1.84600,1
2505,4.95734,3.11200,4.73800,1.64000,1
2506,3.76046,1.83900,3.60200,1.66900,1
2507,3.26476,1.19100,3.12400,1.82200,1
2508,2.99434,1.88500,3.31400,1.67700,1
2509,5.31143,1.08700,5.33800,1.67700,1
2510,4.68893,0.96900,4.28000,1.65300,1
2511,3.99380,1.19200,3.34900,1.61500,1
2512,5.03642,0.84000,4.74700,1.66500,1
2513,4.98756,1.57400,4.33100,1.78800,1
2514,4.35243,0.97800,3.66200,1.62900,1
2515,5.17389,2.89800,4.98900,1.62800,1
2516,3.27188,2.74900,3.42500,1.63500,1
2517,6.84173,1.66000,4.04700,1.65800,1
2518,6.44119,3.81300,6.51400,1.67200,1
2519,4.94421,5.27300,5.12100,1.68300,1
2520,4.10195,3.97200,3.85200,1.66600,1
2521,2.58928,1.88200,2.45300,1.66600,1
2522,4.94975,1.21900,3.05300,1.65100,1
2523,3.30170,1.62700,3.21100,1.62700,1
2524,3.55779,1.16000,2.92300,1.62700,1
2525,5.81833,1.62100,5.00600,1.62400,1
2526,2.39239,1.47700,2.47300,1.62200,1
2527,5.26525,1.27400,5.24500,1.62800,1
2528,4.07559,1.46700,4.04100,1.63400,1
2529,3.64395,1.87100,3.05100,1.65600,1
2530,3.56807,0.89900,3.55400,1.61900,1
2531,3.70652,1.04600,3.44200,1.66900,1
2532,5.28720,1.76300,5.36300,1.64600,1
2533,4.17616,1.53400,3.06700,1.65500,1
2534,3.06697,1.46300,4.09900,1.82900,1
2535,4.78153,1.68600,3.45000,1.59200,1
2536,4.24127,1.37600,3.44400,1.80000,1
2537,3.59214,1.78100,3.55600,1.64900,1
2538,3.64054,1.32900,3.43800,1.82600,1
2539,3.76406,1.44200,3.67100,1.66400,1
2540,3.07844,1.71400,2.56000,1.63900,1
2541,2.96520,1.13700,2.63400,1.64800,1
2542,8.85039,0.72500,6.44200,1.66800,1
2543,5.30669,3.04700,5.32300,1.65900,1
2544,4.16769,2.26000,3.96900,1.65900,1
2545,5.50767,1.62300,5.41200,1.65900,1
2546,3.32166,1.54400,3.29300,1.64300,1
2547,5.46042,1.25200,3.13200,1.71200,1
2548,4.13418,1.60400,6.05700,1.71200,1
2549,7.36730,1.04600,4.87900,1.65900,1
2550,6.40642,2.16800,6.44500,1.78400,1
2551,4.15882,2.40300,3.91800,1.63400,1
2552,3.18982,1.85400,2.97300,1.63500,1
2553,5.25090,1.53600,5.25500,1.61500,1
2554,4.23513,1.47300,3.50400,1.63100,1
2555,6.59652,1.63700,6.99500,1.64800,1
2556,3.51612,2.26400,3.39400,1.64800,1
2557,4.97232,1.54500,4.69800,1.65000,1
2558,2.98469,2.59700,3.13400,1.63100,1
2559,6.03495,2.35000,5.37900,1.82800,1
2560,3.13784,4.04900,3.03100,1.59800,1
2561,5.03178,1.79600,4.92300,1.66100,1
2562,4.78465,1.07900,4.44700,1.64200,1
2563,4.00854,0.98200,3.46900,1.65900,1
2564,4.29901,1.75400,4.14400,1.61900,1
2565,3.99964,1.58900,3.29500,1.61900,1
2566,4.02359,1.68600,3.72900,1.63500,1
2567,3.98091,1.19600,3.74600,1.65300,1
2568,4.43772,1.31500,3.94300,1.66200,1
2569,3.76737,2.59600,3.77500,1.65600,1
2570,3.25304,2.08300,3.66800,1.70000,1
2571,3.80751,2.24200,3.83700,1.78700,1
2572,3.55460,1.48000,3.26200,1.78700,1
2573,4.57931,1.11800,4.90200,1.67400,1
2574,3.67823,1.61000,3.03800,1.66100,1
2575,4.64960,1.40100,3.66700,1.64400,1
2576,3.75168,1.44900,3.77400,1.64100,1
2577,6.07119,0.89700,5.64200,1.65500,1
2578,6.34530,1.79600,4.71600,1.62500,1
2579,3.64051,2.19700,4.45700,1.62500,1
2580,4.23717,1.86000,3.54100,1.62600,1
2581,3.29167,2.23800,3.43100,1.63500,1
2582,3.60719,1.24900,3.65100,1.69500,1
2583,5.99012,1.43300,5.10800,1.67200,1
2584,5.33109,2.39100,5.30100,1.62000,1
2585,1.99552,0.99300,2.03300,1.65700,1
2586,4.26033,1.05100,4.04400,1.67100,1
2587,3.96343,1.79400,3.95400,1.63900,1
2588,3.61707,2.61300,3.54000,1.65500,1
2589,5.76557,1.59700,5.72000,1.78400,1
2590,5.24339,2.96200,5.21000,1.81300,1
2591,4.28273,2.06600,4.03300,1.81300,1
2592,6.51054,1.70900,6.50700,1.63400,1
2593,4.37505,1.60800,4.17200,1.65300,1
2594,3.67609,0.92200,3.52000,1.62300,1
2595,3.78176,1.89500,3.85600,1.61000,1
2596,3.40321,1.67900,3.28900,1.80400,1
2597,3.49512,1.11800,3.01800,1.80400,1
2598,4.28438,1.33700,3.83700,1.67200,1
2599,2.78811,1.57300,2.99200,1.62100,1
2600,4.24904,1.70400,4.09500,1.64200,1
2601,4.61953,2.04600,4.67000,1.66300,1
2602,4.60453,2.26700,3.92500,1.64600,1
2603,3.41001,1.31200,3.12700,1.65300,1
2604,3.57433,1.62800,3.40300,1.65100,1
2605,3.75600,1.10500,3.65100,1.57800,1
2606,7.04023,0.99900,7.05200,1.61200,1
2607,5.00615,1.00000,4.04100,1.64900,1
2608,5.14016,1.29000,5.11100,1.62000,1
2609,3.38674,1.67200,3.22300,1.64400,1
2610,7.40817,1.35700,7.15800,1.60500,1
2611,3.41138,2.14700,3.04200,1.63500,1
2612,4.94142,1.48800,4.11900,1.63500,1
2613,4.64551,1.53000,4.42400,1.66200,1
2614,4.58430,1.12300,4.48800,1.69400,1
2615,2.79017,1.25000,3.11000,1.63900,1
2616,3.12300,1.79400,3.11700,1.60200,1
2617,5.15266,1.35200,5.04400,1.85900,1
2618,5.51039,3.09600,5.57400,1.66700,1
2619,3.92961,1.32300,2.95200,1.69200,1
2620,4.15233,3.69800,4.67800,1.66800,1
2621,3.28760,1.20000,2.05600,1.66800,1
2622,6.85123,2.22400,6.88200,1.68400,1
2623,3.04190,1.37500,4.01300,1.68400,1
2624,3.79805,1.63000,3.66900,1.63200,1
2625,3.55614,1.53500,3.43000,1.63400,1
2626,4.62660,2.91600,4.06400,1.66500,1
2627,4.25328,2.03900,4.59700,1.84400,1
2628,3.40567,2.91800,3.49300,1.60100,1
2629,2.67974,1.23000,2.60700,1.66000,1
2630,3.72383,1.46000,3.51800,1.60000,1
2631,4.01892,1.92500,4.03600,1.68700,1
2632,2.46179,1.16500,2.72600,1.61200,1
2633,3.20625,1.61900,3.27100,1.65700,1
2634,3.37615,1.21300,2.48900,1.81900,1
2635,4.96783,0.84100,4.20600,1.81900,1
2636,6.68848,1.15600,6.46500,1.66200,1
2637,3.53661,2.53400,3.22700,1.65700,1
2638,4.12946,2.42100,3.68200,1.65300,1
2639,3.23915,0.98600,3.07700,1.65100,1
2640,3.91634,1.17200,3.90900,1.73900,1
2641,7.23602,1.45500,5.18300,1.61800,1
2642,3.15606,1.27000,3.11000,1.64800,1
2643,7.47722,2.24700,7.45000,1.64600,1
2644,5.43291,2.84800,5.11900,1.73900,1
2645,6.27464,3.75600,6.30100,1.75500,1
2646,5.86153,3.54000,4.87400,1.66800,1
2647,2.92816,1.52500,3.81100,1.61300,1
2648,4.04132,1.73400,2.96900,1.61300,1
2649,3.91994,1.26400,3.74100,1.63400,1
2650,3.50588,1.93000,3.35400,1.81600,1
2651,3.32503,1.40100,3.39800,1.69900,1
2652,3.39463,1.50300,3.40300,1.63500,1
2653,2.22736,1.79900,2.22000,1.63900,1
2654,3.18833,1.42600,2.77200,1.61000,1
2655,3.68297,1.07500,3.58000,1.65300,1
2656,2.52900,2.03800,2.65500,1.63200,1
2657,2.14669,0.92700,2.15000,1.63200,1
2658,2.40485,1.64000,2.10700,1.81000,1
2659,2.76178,1.04100,2.15300,1.63900,1
2660,4.85566,1.00900,3.08400,1.62200,1
2661,5.48249,0.75700,5.51100,1.72000,1
2662,4.97845,2.28400,4.87400,1.80200,1
2663,4.12509,2.03500,4.32500,1.74200,1
2664,4.37864,2.02800,2.37700,1.65000,1
2665,3.82582,1.64600,3.04900,1.65000,1
2666,4.19854,1.73200,4.17200,1.60900,1
2667,3.12192,1.20400,2.92200,1.60900,1
2668,7.09144,0.96600,5.94100,1.80800,1
2669,4.30276,0.91000,4.08200,1.66100,1
2670,5.19053,0.92900,4.95100,1.68900,1
2671,3.90496,1.20200,3.75700,1.68900,1
2672,4.92303,1.78000,3.80800,1.63100,1
2673,3.00900,1.91500,2.95100,1.78300,1
2674,2.25397,1.03100,2.36000,1.69900,1
2675,1.80623,0.76400,1.80700,1.69900,1
2676,3.99630,0.91700,3.92200,1.65800,1
2677,2.61638,1.55600,2.68500,1.63500,1
2678,5.42748,0.95100,4.13700,1.84800,1
2679,4.52020,1.16800,4.79000,1.63600,1
2680,2.50538,0.81800,2.26000,1.62800,1
2681,4.58874,1.88500,4.05500,1.64400,1
2682,4.33553,1.80300,4.15700,1.62300,1
2683,2.09338,2.13600,2.14900,1.62300,1
2684,3.33026,1.50900,2.95300,1.62300,1
2685,2.15574,1.64900,2.31800,1.64500,1
2686,5.86119,1.37200,4.99500,1.65800,1
2687,4.44221,2.30400,4.51500,1.64800,1
2688,2.87378,2.09400,2.85000,1.63200,1
2689,3.25700,1.44400,3.27200,1.59400,1
2690,3.73831,1.26100,3.27100,1.59400,1
2691,3.57069,1.00700,3.39700,1.62300,1
2692,4.10419,2.06300,4.08500,1.83800,1
2693,5.42675,1.03900,4.37300,1.63600,1
2694,3.16435,1.81500,2.99800,1.63600,1
2695,5.25420,1.19300,3.49600,1.68700,1
2696,3.78080,5.29200,3.78200,1.65500,1
2697,2.95669,1.69300,3.11000,1.62400,1
2698,4.59756,1.63600,3.28900,1.62400,1
2699,5.75809,2.19100,5.15000,1.69200,1
2700,3.73923,1.11000,3.40200,1.60700,1
2701,5.50156,1.40500,3.64900,1.60700,1
2702,5.68104,1.45800,5.83600,1.67300,1
2703,5.27480,1.36300,4.34500,1.86500,1
2704,3.77851,2.22700,3.48100,1.86500,1
2705,4.42473,1.53100,3.72600,1.64400,1
2706,4.19461,2.98600,3.11200,1.62100,1
2707,6.18614,1.93700,6.56000,1.67900,1
2708,6.29624,3.43600,5.42700,1.72400,1
2709,5.68520,1.90700,5.55300,1.67300,1
2710,5.02614,1.94000,4.81000,1.78400,1
2711,3.31237,1.20900,3.75500,1.66400,1
2712,4.46025,1.69900,4.49400,1.66900,1
2713,4.19040,1.27800,3.67200,1.63200,1
2714,3.60240,1.32300,3.59700,1.64900,1
2715,3.39383,1.14500,2.97700,1.64900,1
2716,3.31418,1.24700,3.40100,1.77900,1
2717,4.70626,2.03900,4.26500,1.72700,1
2718,4.29633,1.13300,4.14000,1.65400,1
2719,5.03061,0.98500,4.92300,1.63000,1
2720,6.48986,1.58500,3.77300,1.63500,1
2721,5.12669,2.54800,6.82600,1.62800,1
2722,4.04820,2.06300,4.23500,1.68700,1
2723,3.78697,1.01300,3.54800,1.63500,1
2724,2.58063,2.59900,1.95900,1.63500,1
2725,6.90206,1.77500,6.74700,1.65000,1
2726,2.74269,2.03700,2.39500,1.66300,1
2727,3.59275,3.31200,4.21900,1.66000,1
2728,3.87157,2.15100,3.51600,1.62600,1
2729,3.78503,3.16100,2.76600,1.83000,1
2730,2.54523,1.42500,2.59100,1.65100,1
2731,3.59826,1.47100,2.96300,1.62600,1
2732,4.32241,0.93600,3.85800,1.60300,1
2733,4.34925,1.46500,3.53800,1.64000,1
2734,4.24054,1.02600,3.14700,1.62000,1
2735,2.65244,1.20600,3.47200,1.62000,1
2736,3.69976,0.98000,3.60400,1.64000,1
2737,3.19107,1.82600,3.00400,1.64000,1
2738,2.89531,0.93300,2.88100,1.63500,1
2739,3.02842,0.75500,3.02200,1.82000,1
2740,4.21354,0.98700,4.01700,1.64700,1
2741,3.98288,0.98700,3.90800,1.74900,1
2742,3.97602,1.49400,3.82700,1.63900,1
2743,4.51851,3.78800,3.83000,1.63900,1
2744,4.28546,1.35800,4.12300,1.63500,1
2745,4.01741,2.84600,4.00600,1.62900,1
2746,4.56391,0.79500,3.43300,1.66000,1
2747,2.61127,0.83400,2.60000,1.67500,1
2748,3.47023,2.70000,3.33200,1.67500,1
2749,2.62490,1.07900,2.46200,1.60700,1
2750,4.97895,1.34400,4.63800,1.65500,1
2751,3.30675,2.41300,3.13000,1.65000,1
2752,2.98113,1.70500,3.13300,1.78500,1
2753,3.05989,1.10100,2.90700,1.63900,1
2754,5.84772,2.36100,6.05700,1.69200,1
2755,3.80248,1.28100,3.35600,1.62600,1
2756,3.27756,1.98300,3.69100,1.66000,1
2757,6.04099,1.64200,5.46400,1.65700,1
2758,3.45378,2.37200,3.70000,1.64000,1
2759,4.50582,1.67200,3.83600,1.62800,1
2760,5.16633,3.31700,5.53800,1.66600,1
2761,5.53850,4.57300,5.48900,1.69300,1
2762,4.39128,3.26000,4.42700,1.66600,1
2763,3.34864,2.88300,3.45500,1.67300,1
2764,3.06906,1.56000,2.95100,1.85400,1
2765,3.13940,2.12700,3.18100,1.62300,1
2766,3.99310,2.20400,3.98500,1.61300,1
2767,4.06155,1.07600,3.60900,1.60600,1
2768,3.86545,1.41100,3.82400,1.62200,1
2769,4.81732,1.57800,4.26100,1.63600,1
2770,3.46308,1.18500,3.45900,1.64200,1
2771,5.34583,1.15700,3.26100,1.62500,1
2772,4.33627,1.26300,4.17600,1.63000,1
2773,3.84019,1.67900,3.89900,1.63400,1
2774,3.75226,1.35700,3.73100,1.64200,1
2775,3.79370,1.50000,3.77700,1.62800,1
2776,4.59555,1.76900,4.14700,1.64700,1
2777,4.75238,1.45200,4.72400,1.63400,1
2778,3.40760,1.33600,2.91400,1.64200,1
2779,2.99787,1.80000,2.76600,1.64100,1
2780,4.34761,1.30300,4.35900,1.83100,1
2781,4.72327,1.23700,4.65000,1.60700,1
2782,3.75598,2.62700,3.33900,1.65100,1
2783,4.73203,2.54000,4.69300,1.64700,1
2784,3.58796,4.34300,3.50300,1.63400,1
2785,5.06546,2.81300,4.83100,1.59300,1
2786,4.11129,2.60000,4.12700,1.66300,1
2787,4.93323,2.77200,2.98100,1.62500,1
2788,3.84834,1.87100,2.92400,1.82000,1
2789,5.22034,2.41700,5.13400,1.63400,1
2790,5.02064,1.89400,4.86400,1.79100,1
2791,4.69632,4.06400,4.57100,1.64600,1
2792,3.23742,1.35700,2.87200,1.82500,1
2793,2.51536,1.80800,2.78800,1.61500,1
2794,3.29911,1.68000,3.34700,1.68200,1
2795,5.39602,1.47500,4.27000,1.65900,1
2796,5.55299,1.61400,4.68000,1.83100,1
2797,6.17905,1.88300,6.17900,1.65600,1
2798,3.46732,1.85400,3.36700,1.62800,1
2799,3.31706,1.23800,3.32400,1.66200,1
2800,2.67715,1.63900,2.62600,1.66200,1
2801,3.43012,0.94100,3.04800,1.60500,1
2802,5.19420,0.89800,3.94100,1.61100,1
2803,4.00094,1.42700,3.63100,1.62200,1
2804,4.71097,1.20400,4.65800,1.63100,1
2805,3.30957,1.94200,3.50200,1.63100,1
2806,22.84993,1.98100,4.29100,1.69000,1
2807,5.88657,2.52800,23.39700,1.62700,1
2808,3.44396,1.60700,3.28100,1.69000,1
2809,2.87597,1.19400,2.74000,1.68200,1
2810,4.82926,3.73700,3.91700,1.80000,1
2811,5.59054,1.77200,6.38200,1.63200,1
2812,3.30770,3.32600,3.14700,1.65900,1
2813,4.81369,1.77200,3.99900,1.63500,1
2814,4.20815,3.10800,4.62700,1.65000,1
2815,7.05267,1.65400,6.42200,1.64500,1
2816,3.95119,3.43300,4.32700,1.64500,1
2817,7.65524,1.21200,3.91300,1.62500,1
2818,4.92827,1.80400,4.65500,1.63400,1
2819,5.84473,2.03100,3.99000,1.68000,1
2820,5.50429,1.48700,5.62600,1.66300,1
2821,8.06761,3.01900,6.99700,1.62100,1
2822,4.42718,3.29900,4.53300,1.82100,1
2823,5.76206,1.56100,5.67800,1.65000,1
2824,6.61282,2.58900,6.58700,1.63200,1
2825,7.48002,1.92200,7.57600,1.62800,1
2826,6.17735,3.30400,5.79300,1.63000,1
2827,7.19879,1.26100,7.47300,1.66100,1
2828,3.95878,1.50600,3.84400,1.69600,1
2829,5.37496,4.23100,5.40600,1.76300,1
2830,7.26061,3.05900,6.18500,1.64800,1
2831,5.21536,2.22800,6.17900,1.62700,1
2832,6.08972,1.71400,5.82800,1.69700,1
2833,4.36429,2.24000,4.73400,1.68900,1
2834,6.09703,2.86500,5.50700,1.68500,1
2835,4.41620,3.31300,3.88600,1.88100,1
2836,3.27854,1.77400,2.58700,1.71300,1
2837,4.19169,2.40000,3.91200,1.64900,1
2838,4.73863,2.04600,4.90300,1.61200,1
2839,5.35719,1.93700,4.58900,1.83600,1
2840,5.22108,1.02500,5.68300,1.62800,1
2841,6.23564,1.27600,5.99100,1.70900,1
2842,4.61097,3.07900,4.76200,1.81600,1
2843,4.86035,3.38900,4.76500,1.68500,1
2844,4.68593,3.38800,4.84500,1.59600,1
2845,4.44415,1.43200,2.83300,1.80300,1
2846,8.57855,1.46000,5.82500,1.65100,1
2847,6.10908,4.00600,6.51000,1.60300,1
2848,5.22040,2.55300,5.09400,1.80100,1
2849,4.48867,2.68400,4.09400,1.67900,1
2850,8.31769,1.75400,7.43900,1.64800,1
2851,6.83727,4.05200,7.29900,1.64000,1
2852,6.90548,2.76200,6.83200,1.75400,1
2853,5.67040,3.56100,5.25500,1.66800,1
2854,6.06170,2.90700,4.66300,1.66700,1
2855,1.76754,1.64700,3.10300,1.66700,1
2856,4.21911,1.39300,3.23100,1.64900,1
2857,3.65077,1.78700,2.93400,1.63400,1
2858,4.06723,3.04500,3.46200,1.62400,1
2859,2.92493,1.51300,3.62600,1.79400,1
2860,4.30337,0.90700,4.26000,1.64200,1
2861,5.77600,1.36600,5.33500,1.84600,1
2862,4.90025,2.03300,4.75000,1.63600,1
2863,3.66726,1.72700,3.29500,1.61700,1
2864,3.40527,3.41200,3.35800,1.64500,1
2865,2.78993,2.13100,3.17900,1.78700,1
2866,8.16110,1.37300,6.10500,1.70400,1
2867,5.00364,3.54700,4.30100,1.64000,1
2868,5.19618,2.87500,4.70600,1.86000,1
2869,3.00637,2.24200,3.20500,1.63400,1
2870,2.92651,2.38100,3.12300,1.63400,1
2871,4.69756,1.31400,4.44200,1.61000,1
2872,4.16620,1.71200,4.03700,1.64500,1
2873,5.33702,1.08600,5.16400,1.63500,1
2874,5.52358,3.23400,5.58700,1.64000,1
2875,4.40067,4.38800,3.83800,1.62100,1
2876,6.18648,1.82500,5.09200,1.80600,1
2877,6.76148,2.02300,7.90300,1.65700,1
2878,5.28411,1.78000,5.27800,1.65100,1
2879,3.33774,3.29100,2.73900,1.64900,1
2880,9.11174,1.65700,6.71700,1.83200,1
2881,4.26257,2.47400,4.57700,1.64400,1
2882,5.11342,3.88400,4.79000,1.66000,1
2883,6.38552,3.07300,4.44200,1.61500,1
2884,5.00923,2.64400,4.99500,1.62300,1
2885,3.58312,1.26000,3.55600,1.63400,1
2886,2.98273,1.80200,3.01400,1.61500,1
2887,3.48999,1.39300,2.26600,1.62900,1
2888,3.49088,1.27100,3.05600,1.61700,1
2889,5.34548,1.46700,4.77300,1.86100,1
2890,6.38477,1.20700,6.09600,1.66500,1
2891,3.63903,1.33800,3.87600,1.64700,1
2892,3.66976,1.38200,3.26300,1.64700,1
2893,3.85103,3.08000,3.97400,1.63600,1
2894,3.23128,1.82100,3.29100,1.64600,1
2895,4.47502,1.00200,4.23000,1.80600,1
2896,3.74707,1.22500,3.74800,1.72600,1
2897,4.37740,0.90600,3.40500,1.67000,1
2898,6.21407,2.14100,3.07300,1.65200,1
2899,3.78657,1.61100,3.61000,1.70300,1
2900,7.99867,0.99700,7.86100,1.81000,1
2901,5.99917,1.98100,5.58900,1.62300,1
2902,4.26516,0.95500,4.49900,1.68100,1
2903,5.88523,1.52300,6.19700,1.86000,1
2904,6.88702,1.69100,4.52100,1.66600,1
2905,4.71684,1.73500,4.12100,1.64700,1
2906,4.77565,2.10500,4.90000,1.83600,1
2907,5.79967,2.35500,5.61500,1.65900,1
2908,4.67276,1.23400,4.51400,1.64900,1
2909,4.00095,1.11000,3.98200,1.64900,1
2910,3.99549,1.81500,3.97800,1.61500,1
2911,3.54471,0.85000,3.48900,1.65200,1
2912,5.80524,2.55000,5.76500,1.62300,1
2913,5.86884,1.95900,5.99000,1.67700,1
2914,4.47580,1.95000,4.07400,1.72800,1
2915,4.55433,2.20200,4.87300,1.68200,1
2916,6.88404,1.18300,4.46100,1.62200,1
2917,4.91013,1.86900,4.35100,1.60500,1
2918,3.48270,1.56700,2.43300,1.64300,1
2919,3.42382,3.51500,3.76200,1.63400,1
2920,5.08578,1.62400,4.67800,1.63600,1
2921,3.50641,2.61100,3.34600,1.64000,1
2922,4.09922,1.88200,3.50200,1.65600,1
2923,2.92644,3.60800,2.95500,1.62200,1
2924,6.19118,1.13900,5.14900,1.82400,1
2925,1.93174,1.36100,3.03300,1.64900,1
2926,6.64489,1.27300,3.05100,1.68400,1
2927,4.83576,1.26000,3.66700,1.65400,1
2928,3.75713,1.79300,3.48500,1.64200,1
2929,3.81334,2.60800,3.30200,1.60400,1
2930,2.89288,1.53100,3.27100,1.79000,1
2931,4.67347,1.69500,3.36900,1.63700,1
2932,4.87907,1.08500,5.69900,1.71600,1
2933,3.86561,3.01900,3.75400,1.65200,1
2934,6.98772,1.27400,4.29200,1.63500,1
2935,4.06443,1.21100,4.16000,1.63500,1
2936,4.52067,1.55700,4.48500,1.63700,1
2937,3.39360,1.46800,3.27900,1.78400,1
2938,4.64846,1.53600,3.43700,1.61400,1
2939,4.20486,0.97100,3.52100,1.61400,1
2940,2.54043,1.86200,2.70800,1.63900,1
2941,2.25172,1.37200,2.70000,1.62100,1
2942,3.39600,1.02400,2.90000,1.63400,1
2943,3.59909,0.75500,3.59800,1.65500,1
2944,2.44915,0.78800,2.44300,1.72100,1
2945,3.25517,0.96800,3.39800,1.66900,1
2946,5.22086,6.08000,3.39800,1.63900,1
2947,5.45342,1.60400,5.09600,1.59700,1
2948,5.10788,1.38700,5.44900,1.66600,1
2949,4.69076,1.41400,4.18400,1.61300,1
2950,4.49115,3.45700,5.14100,1.63400,1
2951,4.91726,1.02300,4.65700,1.63600,1
2952,3.07940,1.92700,3.08600,1.82800,1
2953,6.43329,1.28300,5.83500,1.64200,1
2954,5.71900,1.80500,5.01200,1.80500,1
2955,4.97240,1.69800,4.58500,1.84300,1
2956,3.90544,2.11700,4.01600,1.65300,1
2957,6.29424,1.50900,5.92600,1.62700,1
2958,3.65492,3.36800,3.72200,1.62100,1
2959,3.50542,1.54000,3.54500,1.63600,1
2960,4.25435,1.33500,3.96900,1.63600,1
2961,3.32912,1.13400,3.53700,1.79100,1
2962,3.60987,1.15700,3.46100,1.65800,1
2963,4.02132,1.82700,3.83400,1.79400,1
2964,4.01799,1.29200,3.38700,1.61700,1
2965,4.82263,1.58600,5.02200,1.62500,1
2966,3.13647,0.73700,3.49300,1.65200,1
2967,5.99590,1.61200,3.56900,1.62900,1
2968,3.55306,1.06200,3.70400,1.62600,1
2969,7.06006,2.79200,4.38500,1.62700,1
2970,5.88920,3.24200,6.08800,1.82900,1
2971,4.24816,2.07500,4.29300,1.66600,1
2972,3.31105,1.58000,3.31800,1.63100,1
2973,3.96252,1.20000,3.91600,1.61500,1
2974,3.85098,1.01700,3.60200,1.84500,1
2975,5.39033,1.54400,3.78000,1.59800,1
2976,5.80242,1.29700,6.46000,1.66400,1
2977,4.89462,2.28800,4.60700,1.63200,1
2978,2.92506,2.68100,2.58600,1.66400,1
2979,3.35495,1.14500,2.42500,1.60000,1
2980,2.84720,1.28200,3.30500,1.68400,1
2981,2.85396,2.46900,2.22400,1.68400,1
2982,5.39874,1.05900,3.57400,1.64500,1
2983,4.80721,1.43900,4.73500,1.66100,1
2984,7.04406,3.19400,5.94000,1.66100,1
2985,7.18094,5.50700,7.48800,1.74800,1
2986,3.45456,4.74600,3.82400,1.64200,1
2987,4.54466,2.28700,4.43400,1.67900,1
2988,3.58288,1.74800,3.54400,1.62600,1
2989,14.15456,1.40200,13.62600,1.82700,1
2990,4.57496,2.55800,4.70700,1.70100,1
2991,2.75222,1.09000,3.02100,1.70100,1
2992,3.25874,0.95800,3.11200,1.72000,1
2993,6.36728,3.27600,6.02800,1.63900,1
2994,3.97292,1.55600,4.31600,1.59200,1
2995,3.99074,1.92600,3.29600,1.64100,1
2996,3.99773,1.89900,3.99200,1.59900,1
2997,3.65033,1.10000,3.65800,1.62500,1
2998,5.66057,1.18200,5.38200,1.60800,1
2999,7.02458,1.62600,7.13300,1.64200,1
3000,2.97947,1.09900,2.95700,1.65400,1
3001,6.05600,1.42900,4.14000,1.65800,1
3002,18.12369,1.88500,3.36900,1.73100,1
3003,6.01754,1.91100,16.96600,1.62600,1
3004,4.25232,2.28900,4.38300,1.61100,1
3005,4.80780,1.88300,3.95300,1.63000,1
3006,4.87824,2.94000,4.83300,1.63900,1
3007,4.74306,1.32600,4.79600,1.81000,1
3008,4.28266,1.62900,3.38300,1.63600,1
3009,4.66465,3.31600,5.17000,1.69400,1
3010,3.60724,1.97600,3.71900,1.60400,1
3011,7.22403,2.54100,6.33700,1.60400,1
3012,5.46682,2.46300,5.59700,1.63800,1
3013,5.22412,3.07900,5.37400,1.60600,1
3014,5.99809,1.72200,5.75700,1.62900,1
3015,3.41619,2.46400,3.42700,1.64400,1
3016,5.05074,1.11200,4.29000,1.64400,1
3017,7.33305,1.17700,7.38700,1.61500,1
3018,5.57648,2.21900,5.56500,1.63800,1
3019,8.07337,4.61500,8.03000,1.62300,1
3020,6.32047,3.84200,5.98100,1.61800,1
3021,4.55938,3.48300,4.58900,1.81800,1
3022,2.81602,2.19400,2.74400,1.81800,1
3023,3.24061,1.13100,2.58400,1.61400,1
3024,4.00168,2.53100,3.95300,1.63100,1
3025,3.08341,1.04000,3.06400,1.64100,1
3026,5.86395,1.47700,5.67500,1.62900,1
3027,4.31589,1.82300,4.14800,1.62300,1
3028,4.69722,1.54400,4.51300,1.65900,1
3029,5.59632,1.12500,5.52400,1.81800,1
3030,4.40395,2.16700,4.34900,1.62800,1
3031,5.00138,2.70700,5.03400,1.64500,1
3032,4.99936,2.17300,3.29900,1.59600,1
3033,3.30875,1.91000,3.80400,1.63500,1
3034,4.09793,1.39700,3.83300,1.82900,1
3035,4.58225,1.22500,4.05400,1.63000,1
3036,2.99935,1.15000,3.29000,1.68600,1
3037,3.99565,1.33000,3.53100,1.64000,1
3038,4.02020,1.53900,4.09900,1.70600,1
3039,3.98751,1.95900,4.16100,1.67500,1
3040,3.81084,1.16300,3.73800,1.60200,1
3041,3.56963,1.26500,3.24800,1.62400,1
3042,3.41636,1.98100,3.25400,1.67800,1
3043,5.23210,2.00400,4.49100,1.81800,1
3044,5.13975,2.28800,4.68600,1.63800,1
3045,4.71387,3.70600,3.72800,1.84700,1
3046,3.49158,1.47500,3.50100,1.60300,1
3047,4.68176,1.24100,4.47700,1.66000,1
3048,3.70920,2.31900,3.67000,1.62600,1
3049,5.49262,1.37600,4.23100,1.68500,1
3050,3.45868,2.78600,3.17200,1.80200,1
3051,6.79779,1.10200,6.04100,1.62000,1
3052,3.12471,1.34200,3.52500,1.69700,1
3053,5.59302,1.66600,3.46900,1.60600,1
3054,4.79878,2.17300,2.71400,1.60600,1
3055,7.93557,3.72400,8.64300,1.71900,1
3056,8.60305,2.35000,5.99100,1.64500,1
3057,4.40499,2.99300,4.38500,1.66600,1
3058,4.33791,1.80900,3.73500,1.66900,1
3059,4.89391,1.54200,5.00500,1.63800,1
3060,5.83657,2.46000,5.91400,1.62900,1
3061,4.30853,1.55300,4.42200,1.81600,1
3062,7.75907,1.68600,7.20400,1.66000,1
3063,5.76193,2.60200,5.31800,1.67600,1
3064,4.87526,2.18000,4.48500,1.64300,1
3065,4.50245,1.60600,2.47300,1.64300,1
3066,5.79682,3.08000,6.08000,1.63500,1
3067,4.65711,2.08400,4.62400,1.62200,1
3068,4.86329,2.54900,4.62100,1.61200,1
3069,4.43262,2.51900,4.54300,1.63200,1
3070,5.35307,1.80500,5.51100,1.64000,1
3071,4.08406,1.58000,4.09500,1.64100,1
3072,4.50836,2.37300,4.28700,1.68800,1
3073,3.77548,1.58600,3.12600,1.65200,1
3074,3.99253,0.96700,4.03300,1.66600,1
3075,3.67696,1.54100,3.35300,1.84500,1
3076,3.90284,1.95200,4.04200,1.64500,1
3077,5.92161,2.10300,5.35800,1.63500,1
3078,4.15563,4.27700,3.87700,1.65700,1
3079,4.67556,1.77900,4.58500,1.64200,1
3080,3.74687,1.09100,3.17800,1.66100,1
3081,6.55026,2.11000,5.62500,1.62700,1
3082,3.68990,4.70000,4.78500,1.62700,1
3083,5.68145,1.22700,3.65100,1.62700,1
3084,5.31145,1.82100,5.83800,1.66800,1
3085,8.02429,1.33100,7.76800,1.84900,1
3086,6.16864,3.49200,5.81600,1.62600,1
3087,4.31274,1.93300,4.23000,1.70000,1
3088,7.30921,1.96300,5.99000,1.62600,1
3089,5.81010,3.98500,5.43700,1.63000,1
3090,4.20169,2.79000,4.18700,1.68800,1
3091,10.07697,1.86200,9.17600,1.77400,1
3092,5.78528,3.40900,4.99000,1.64800,1
3093,2.60069,4.40000,3.34400,1.69000,1
3094,2.90021,2.19800,2.91300,1.68300,1
3095,2.81099,1.81900,2.37500,1.65600,1
3096,4.97389,1.30300,3.11900,1.65300,1
3097,4.00649,1.13800,4.48900,1.65300,1
3098,3.90544,1.67500,3.76400,1.84100,1
3099,4.08425,2.52200,4.05400,1.70800,1
3100,4.41535,1.29300,3.66700,1.71400,1
3101,5.36432,2.06800,4.99000,1.61200,1
3102,3.63916,2.12400,3.95100,1.61400,1
3103,4.30200,1.71600,4.46200,1.60600,1
3104,3.93314,0.95100,3.93500,1.67900,1
3105,4.32504,1.08800,3.74300,1.67900,1
3106,6.07002,1.09600,5.19800,1.66500,1
3107,4.41525,1.74600,3.53100,1.66900,1
3108,3.63772,1.09600,3.30300,1.62400,1
3109,4.99732,1.66100,5.06100,1.62400,1
3110,8.41270,2.48100,7.03600,1.79800,1
3111,4.57859,1.19700,3.50100,1.79800,1
3112,5.58060,2.38500,5.55300,1.63100,1
3113,3.64819,1.27600,3.42700,1.63900,1
3114,7.49035,1.19900,5.95000,1.64000,1
3115,4.52810,4.30600,4.56500,1.64000,1
3116,3.67334,2.98800,3.97600,1.69600,1
3117,3.80454,3.97200,3.53500,1.64400,1
3118,3.35866,1.49900,3.24600,1.71300,1
3119,5.84611,1.38200,5.17400,1.63000,1
3120,3.96904,2.05000,4.05400,1.65400,1
3121,4.00138,1.99300,4.15200,1.62700,1
3122,3.98887,1.85800,3.80000,1.62500,1
3123,5.35809,0.98700,5.47000,1.81900,1
3124,4.50391,1.63100,4.53100,1.65000,1
3125,5.17016,2.72600,3.76500,1.63800,1
3126,5.66352,2.51000,5.40300,1.63000,1
3127,5.14144,2.69700,4.13500,1.63300,1
3128,3.34900,1.56700,3.79200,1.64100,1
3129,5.06421,2.20300,4.75900,1.64000,1
3130,5.46826,2.96900,4.99700,1.84800,1
3131,5.17793,2.10600,4.49000,1.66800,1
3132,4.68085,2.52400,4.54300,1.62900,1
3133,5.49925,2.49400,5.04800,1.81000,1
3134,7.00251,3.88400,7.10600,1.65700,1
3135,2.73074,2.00300,3.00300,1.61600,1
3136,4.48084,2.58400,4.47100,1.71000,1
3137,5.32807,1.96300,4.87000,1.65200,1
3138,5.02899,2.40900,4.79500,1.64400,1
3139,5.77445,2.26500,5.95400,1.67300,1
3140,4.59969,1.75700,3.70400,1.63500,1
3141,4.36780,2.01800,5.28800,1.63400,1
3142,4.30937,1.26300,4.28100,1.65700,1
3143,5.11002,2.18400,5.00200,1.60400,1
3144,4.12487,2.62300,4.00900,1.63500,1
3145,3.33313,2.13100,3.54100,1.82300,1
3146,4.74247,1.31200,3.94300,1.66900,1
3147,6.02530,3.26300,5.47500,1.61800,1
3148,3.02488,2.55700,3.47500,1.63300,1
3149,3.43620,1.33300,3.00400,1.65300,1
3150,3.72280,1.14700,3.68900,1.64800,1
3151,5.53486,1.10900,4.27800,1.64200,1
3152,5.26628,1.53700,4.56800,1.65000,1
3153,5.06442,1.56000,5.02600,1.69000,1
3154,5.22518,2.03700,4.49000,1.66800,1
3155,3.47193,1.51700,3.43000,1.66800,1
3156,4.22379,1.35300,3.08200,1.62600,1
3157,4.17032,1.80700,4.09300,1.62200,1
3158,5.15022,1.53900,3.38300,1.64300,1
3159,4.72868,2.07000,3.96800,1.66100,1
3160,3.76165,0.99000,3.95900,1.61300,1
3161,5.65664,1.45600,5.16400,1.70100,1
3162,4.64142,1.05700,3.89700,1.64700,1
3163,3.82870,1.82200,3.08100,1.61400,1
3164,4.38151,1.06800,3.00700,1.64100,1
3165,3.65295,1.06100,3.56600,1.65300,1
3166,3.52594,1.39200,2.71100,1.65800,1
3167,2.97896,1.28400,2.95400,1.64100,1
3168,4.33982,1.82900,4.29800,1.76500,1
3169,4.78432,3.17500,4.92600,1.61900,1
3170,4.77649,1.46100,4.64900,1.69100,1
3171,4.66633,2.51900,4.55900,1.60000,1
3172,6.29869,3.05200,4.08300,1.62100,1
3173,3.66556,1.59800,5.32800,1.62100,1
3174,4.00168,2.40300,4.46100,1.64900,1
3175,4.22002,0.95200,3.04100,1.64600,1
3176,4.98060,1.13200,4.41100,1.65400,1
3177,3.77739,1.29000,3.52000,1.60600,1
3178,6.95702,1.02400,2.80200,1.63100,1
3179,4.38063,3.76700,4.03800,1.60900,1
3180,3.95995,1.68500,3.91600,1.70000,1
3181,4.08519,1.80500,3.65300,1.64100,1
3182,3.63476,1.70000,3.18300,1.79600,1
3183,3.43049,1.60300,3.33500,1.65000,1
3184,4.22705,0.97900,2.74700,1.63300,1
3185,5.32171,1.41200,4.76400,1.62000,1
3186,4.79016,2.10200,3.83800,1.63800,1
3187,3.80315,4.15300,3.75600,1.63800,1
3188,5.45310,1.45500,5.62100,1.81200,1
3189,3.29500,1.26100,3.18500,1.61100,1
3190,2.99232,1.15200,2.88600,1.62600,1
3191,4.67792,1.55400,4.10800,1.62800,1
3192,2.99907,1.17500,2.85500,1.67100,1
3193,3.99749,0.76100,3.86900,1.80600,1
3194,7.55955,1.84700,7.77200,1.65400,1
3195,6.32124,2.61000,4.19100,1.65300,1
3196,7.54064,1.28000,4.41100,1.66900,1
3197,6.68093,2.25400,5.41600,1.62100,1
3198,3.30212,3.49700,3.16200,1.79100,1
3199,7.89206,1.74400,5.41400,1.59900,1
3200,6.79263,5.70000,7.02300,1.74000,1
3201,5.01808,4.65800,5.23700,1.65500,1
3202,4.01897,2.05600,3.73400,1.68600,1
3203,3.55304,1.60600,3.18400,1.66000,1
3204,3.96121,1.59500,3.90300,1.61400,1
3205,3.38505,2.21300,3.23300,1.84000,1
3206,4.00473,1.90700,2.99700,1.61400,1
3207,2.61050,1.00900,2.27800,1.61400,1
3208,3.07041,1.54500,2.45200,1.60000,1
3209,3.46928,1.15000,3.13900,1.62300,1
3210,3.06501,1.75700,3.13300,1.83800,1
3211,4.27529,1.61700,4.04800,1.64200,1
3212,3.62422,1.69800,3.27500,1.63800,1
3213,3.61223,1.34600,3.64000,1.63200,1
3214,2.75201,1.86100,2.69600,1.63200,1
3215,4.08040,1.73100,3.60800,1.62300,1
3216,3.42872,1.28000,2.37600,1.62300,1
3217,4.69737,1.37000,4.34300,1.65300,1
3218,3.81911,1.62500,3.78900,1.65300,1
3219,8.10340,3.11100,6.51500,1.60500,1
3220,4.14886,1.00500,3.94800,1.64200,1
3221,3.30702,1.02300,3.30400,1.58300,1
3222,3.54545,2.28400,2.71600,1.84100,1
3223,4.40753,2.37700,4.07000,1.62300,1
3224,3.02498,1.48100,2.62900,1.62300,1
3225,6.10324,1.81300,5.63500,1.63300,1
3226,4.48240,2.12400,3.58300,1.62200,1
3227,4.93238,2.81200,4.86800,1.68200,1
3228,5.42442,1.55800,4.46800,1.60000,1
3229,2.44311,1.31500,3.36400,1.65300,1
3230,4.34022,1.53700,3.86900,1.60500,1
3231,3.60091,1.50900,3.40700,1.70800,1
3232,5.10864,1.25100,5.46600,1.64900,1
3233,4.19078,2.89700,4.27900,1.64100,1
3234,3.44527,2.83700,3.19700,1.62300,1
3235,4.18743,1.31900,3.56400,1.64100,1
3236,3.26369,1.42700,3.20300,1.69700,1
3237,3.50657,2.41600,3.54900,1.66500,1
3238,3.22796,1.74200,2.70700,1.65700,1
3239,2.89753,1.72900,2.61200,1.89500,1
3240,1.91321,1.20200,2.45500,1.62400,1
3241,3.38543,2.33700,2.06300,1.70900,1
3242,5.41284,1.16000,5.25500,1.62000,1
3243,3.21199,1.36700,2.82600,1.66300,1
3244,4.47759,1.37500,3.91600,1.66700,1
3245,4.61646,1.92500,3.97000,1.81900,1
3246,4.40647,1.35300,4.45100,1.65100,1
3247,3.57012,1.48900,3.58100,1.71400,1
3248,4.44375,1.56500,4.45300,1.63000,1
3249,6.77489,1.37300,5.66000,1.64600,1
3250,4.66626,1.18900,4.74200,1.67000,1
3251,4.01056,1.91400,2.95600,1.61900,1
3252,5.17700,2.09500,5.44400,1.62800,1
3253,5.30836,1.77600,5.28100,1.66400,1
3254,3.67897,2.55500,3.54300,1.79400,1
3255,2.90404,1.43000,3.02600,1.64300,1
3256,2.84360,1.26400,2.55000,1.64300,1
3257,6.01208,2.48100,5.11400,1.72600,1
3258,5.65456,1.94700,4.32800,1.82700,1
3259,5.67984,2.13900,4.62900,1.63100,1
3260,3.45707,1.39200,4.04800,1.63800,1
3261,4.93378,1.97400,4.23900,1.68200,1
3262,4.10679,4.37400,3.98100,1.87300,1
3263,5.90087,2.31800,5.47400,1.68700,1
3264,5.68028,1.83000,6.13100,1.64800,1
3265,2.93864,1.12700,2.90600,1.71000,1
3266,5.39563,2.04200,4.97700,1.63500,1
3267,4.98089,2.08000,4.86400,1.83600,1
3268,4.63211,3.21500,4.52400,1.64800,1
3269,5.95829,2.36100,6.04100,1.67300,1
3270,5.36203,1.82800,5.23400,1.72200,1
3271,4.09566,1.80100,4.02300,1.66800,1
3272,4.15607,2.09000,3.22300,1.89500,1
3273,3.72318,2.14200,3.25000,1.64000,1
3274,4.15416,1.14500,4.63400,1.63700,1
3275,3.48477,1.20300,3.22200,1.68900,1
3276,4.32743,1.17300,4.12500,1.65400,1
3277,5.37108,2.67500,5.58400,1.66100,1
3278,6.30642,2.27300,6.18300,1.62000,1
3279,2.98402,1.75200,3.19600,1.62500,1
3280,6.12291,1.32200,5.48800,1.63500,1
3281,2.59220,1.25900,2.39200,1.83200,1
3282,3.99051,2.02200,3.85900,1.65500,1
3283,4.99579,1.98400,4.27600,1.58500,1
3284,4.63263,3.12300,4.60200,1.64100,1
3285,5.13293,1.89100,5.04100,1.69700,1
3286,3.26478,3.77600,3.35900,1.67000,1
3287,3.40331,1.39600,3.37900,1.64800,1
3288,6.17992,2.13800,6.12700,1.68900,1
3289,5.83295,4.80000,5.34200,1.67000,1
3290,4.54804,2.13900,3.71600,1.64300,1
3291,3.98772,2.22700,3.21900,1.83300,1
3292,4.65398,2.73200,4.96600,1.65000,1
3293,4.09888,1.41800,4.00300,1.62000,1
3294,4.05611,2.05700,4.14600,1.61700,1
3295,7.04963,1.51000,4.55600,1.65800,1
3296,4.80977,4.03000,5.20600,1.63700,1
3297,4.97797,4.26800,6.33200,1.67300,1
3298,5.49871,2.00900,5.03300,1.66300,1
3299,7.54207,1.58300,4.50000,1.68000,1
3300,6.65890,3.38700,8.25600,1.68000,1
3301,4.01837,1.19900,2.75000,1.70200,1
3302,8.57106,1.57400,7.43200,1.62100,1
3303,5.89725,4.39000,6.58700,1.63500,1
3304,5.62266,5.08600,5.85300,1.73100,1
3305,4.11708,2.66700,3.24200,1.67100,1
3306,2.66100,1.78000,2.11600,1.75700,1
3307,4.78497,1.98500,5.13700,1.75700,1
3308,3.00474,1.92100,3.70100,1.64100,1
3309,3.20803,1.10200,2.22400,1.64600,1
3310,1.39803,1.12800,1.78100,1.63300,1
3311,2.27886,1.09400,2.05900,1.63300,1
3312,4.40401,0.82300,3.59200,1.63600,1
3313,3.58249,0.76300,3.63800,1.65100,1
3314,4.42978,1.08600,4.26000,1.62800,1
3315,2.89004,1.39300,2.33500,1.62800,1
3316,3.08560,0.88700,2.88600,1.79600,1
3317,6.75320,1.41700,5.79500,1.64300,1
3318,3.25429,0.98200,3.60700,1.65600,1
3319,2.99611,1.41100,2.92100,1.65600,1
3320,6.71734,0.94700,5.52300,1.66300,1
3321,4.20222,1.77900,4.14800,1.68400,1
3322,4.77896,1.59500,4.00400,1.66200,1
3323,3.63859,1.24200,4.26600,1.62100,1
3324,4.67762,0.99800,2.96700,1.63900,1
3325,4.68744,0.91100,6.36400,1.67000,1
3326,6.02913,1.46800,5.46400,1.65900,1
3327,2.29257,1.43900,2.78000,1.64700,1
3328,4.74030,1.90200,4.65700,1.64700,1
3329,3.24712,1.74200,2.93700,1.64200,1
3330,4.67952,1.08600,2.81300,1.64200,1
3331,5.62276,1.43100,5.01300,1.82300,1
3332,4.57669,4.29100,4.44200,1.61300,1
3333,3.63906,3.62400,3.31000,1.68200,1
3334,4.13897,1.26800,3.77600,1.62300,1
3335,5.55721,1.43000,4.59600,1.62300,1
3336,4.32955,1.10600,3.89100,1.62600,1
3337,4.30581,1.87300,3.69000,1.58800,1
3338,4.04037,1.11400,3.88400,1.79900,1
3339,3.33758,1.47500,3.11200,1.79900,1
3340,4.08549,1.11700,4.01500,1.67200,1
3341,3.57613,1.14900,3.51300,1.62600,1
3342,5.23667,2.10700,4.50200,1.58500,1
3343,4.09571,2.15900,4.12200,1.82000,1
3344,5.37204,2.79200,5.44300,1.62500,1
3345,5.67592,2.55300,5.37300,1.61200,1
3346,4.78529,2.57500,3.97200,1.78300,1
3347,6.57245,1.43300,4.98500,1.65100,1
3348,4.08087,1.82700,3.86900,1.62200,1
3349,6.32853,1.58000,3.75700,1.65900,1
3350,1.90947,1.37900,4.36500,1.62100,1
3351,4.06935,1.37500,2.89400,1.67000,1
3352,4.29576,1.25900,4.47100,1.62400,1
3353,3.73532,1.22300,2.89900,1.81900,1
3354,5.69253,2.17500,5.67200,1.66500,1
3355,4.84287,2.51400,3.99700,1.66100,1
3356,4.13476,1.90000,4.05500,1.61000,1
3357,4.08295,1.78200,4.09600,1.80600,1
3358,4.80807,2.25500,4.05500,1.63300,1
3359,4.08746,2.14900,3.91500,1.66000,1
3360,5.39426,1.22500,3.56100,1.67000,1
3361,2.26114,2.94800,2.49100,1.62500,1
3362,3.40240,1.11500,3.39000,1.65800,1
3363,5.12787,1.66900,5.11500,1.63100,1
3364,4.71229,1.50200,4.48300,1.64200,1
3365,3.33593,1.54000,3.29400,1.82800,1
3366,3.63164,1.45200,3.55500,1.66500,1
3367,5.84333,2.62300,4.45500,1.66500,1
3368,5.27971,2.94800,5.72100,1.64100,1
3369,7.00438,3.95200,7.86900,1.62200,1
3370,5.80309,2.62400,5.60100,1.65000,1
3371,4.75645,2.26400,4.68400,1.60300,1
3372,7.94455,2.41200,7.06700,1.62900,1
3373,4.39900,5.12200,3.55400,1.64800,1
3374,4.70526,2.50000,4.45300,1.62900,1
3375,3.17053,1.85100,4.06800,1.66100,1
3376,3.13497,1.57800,2.55900,1.66100,1
3377,3.69999,1.43000,3.53400,1.67400,1
3378,5.39034,1.30400,5.33400,1.66100,1
3379,5.16881,1.18100,5.17600,1.65000,1
3380,3.91254,1.61900,3.78900,1.65300,1
3381,4.72859,1.16300,4.86500,1.59400,1
3382,4.89307,1.17400,4.22400,1.66300,1
3383,6.98795,2.36800,6.09200,1.78700,1
3384,4.33656,3.42900,4.89300,1.65900,1
3385,5.41222,2.48600,4.48900,1.83100,1
3386,5.38794,2.90700,4.29900,1.69200,1
3387,3.72572,2.44400,3.74000,1.62000,1
3388,5.66585,2.72300,3.98400,1.65400,1
3389,6.24968,1.83100,5.86500,1.64300,1
3390,3.84363,3.45500,4.26800,1.61700,1
3391,5.64305,2.07400,4.84100,1.69100,1
3392,7.08846,2.91500,5.84600,1.79300,1
3393,5.00936,4.57500,5.57500,1.67000,1
3394,4.52088,2.35900,4.83000,1.64300,1
3395,4.79951,2.01000,4.82900,1.83400,1
3396,6.06337,2.26300,6.40100,1.64800,1
3397,4.24388,1.51100,4.18200,1.67400,1
3398,5.35169,1.20100,5.31800,1.80800,1
3399,6.17887,3.30200,6.23600,1.63800,1
3400,4.29193,2.89800,4.10500,1.60000,1
3401,3.61853,1.37200,3.27300,1.82600,1
3402,4.81117,1.79000,3.80300,1.69600,1
3403,2.43920,2.26800,2.73800,1.69600,1
3404,7.51612,1.59900,3.78400,1.67500,1
3405,4.86794,1.80300,5.03500,1.69000,1
3406,11.25354,1.66000,10.64500,1.62200,1
3407,5.94634,4.56200,5.97500,1.64800,1
3408,4.05213,4.47700,4.41900,1.85100,1
3409,3.40992,2.41500,3.38300,1.64900,1
3410,3.78122,3.25600,3.90100,1.72700,1
3411,3.64430,1.95700,2.79300,1.72700,1
3412,7.22972,1.92100,7.18700,1.61300,1
3413,4.38360,1.90400,4.29400,1.63500,1
3414,5.00749,1.87500,4.21500,1.80900,1
3415,4.63102,1.33000,4.56200,1.63700,1
3416,3.24611,1.43300,3.04100,1.61200,1
3417,3.73912,1.67700,3.87900,1.64800,1
3418,6.02266,1.81100,2.55200,1.83900,1
3419,1.91663,2.52900,2.62900,1.63200,1
3420,3.46398,1.03900,3.34300,1.63000,1
3421,5.14238,1.14100,5.23300,1.66200,1
3422,3.68505,2.12200,2.93000,1.62900,1
3423,3.77796,2.61100,3.62400,1.62300,1
3424,3.55315,1.83700,3.66500,1.65700,1
3425,3.35653,3.18500,2.90800,1.65700,1
3426,4.59530,1.88100,5.00600,1.66700,1
3427,4.64670,2.22600,4.66000,1.80700,1
3428,4.60956,1.24600,4.56000,1.64300,1
3429,3.89463,1.76700,3.88400,1.65500,1
3430,2.83574,1.19200,2.84000,1.62100,1
3431,3.14720,0.92400,2.46700,1.62100,1
3432,3.85435,1.82600,2.93400,1.66700,1
3433,2.29405,1.77800,2.40900,1.66000,1
3434,3.72710,1.32300,3.20100,1.61400,1
3435,3.36980,1.91100,3.55400,1.64700,1
3436,3.60125,1.12000,3.78600,1.62600,1
3437,4.16110,1.71600,4.13000,1.63900,1
3438,3.26566,0.99400,3.30000,1.64100,1
3439,2.91518,1.03200,2.89300,1.63600,1
3440,5.89444,1.71000,5.12300,1.66000,1
3441,4.98607,1.52000,4.77400,1.87000,1
3442,6.37004,2.17400,5.96300,1.73000,1
3443,3.36261,1.64100,2.59800,1.73000,1
3444,5.11029,1.03800,5.05300,1.64400,1
3445,3.26751,1.49000,3.15800,1.64400,1
3446,3.62590,1.03000,3.34800,1.68900,1
3447,3.45341,2.26900,3.03400,1.64100,1
3448,3.09227,2.11600,3.16500,1.68600,1
3449,3.47983,2.34400,3.19200,1.68600,1
3450,2.53928,2.46100,2.49400,1.66800,1
3451,5.91023,2.87500,4.20900,1.66800,1
3452,5.32016,3.02400,5.40300,1.63200,1
3453,3.88576,1.56000,3.36100,1.65700,1
3454,3.36303,1.62200,3.35300,1.62900,1
3455,3.88846,2.09100,3.38000,1.64100,1
3456,6.22393,1.75400,6.10100,1.65900,1
3457,3.04893,1.78500,3.01600,1.66500,1
3458,6.10358,2.50000,5.13000,1.66200,1
3459,5.65186,2.13000,6.33900,1.63600,1
3460,5.96566,2.43600,5.42400,1.87900,1
3461,5.67457,1.99600,5.24700,1.63500,1
3462,4.70306,1.58100,5.53600,1.65100,1
3463,3.47045,1.56300,3.50400,1.80900,1
3464,3.67551,2.79500,3.63200,1.80400,1
3465,3.46779,1.36500,2.63000,1.64400,1
3466,3.83686,1.07900,4.03900,1.64400,1
3467,3.05140,2.67800,3.19000,1.64500,1
3468,3.08436,2.06500,2.88300,1.64500,1
3469,3.22265,1.60100,2.93400,1.61800,1
3470,3.72589,1.22100,3.08600,1.65900,1
3471,2.81586,1.48200,2.95900,1.66800,1
3472,2.12948,1.33400,2.13000,1.62000,1
3473,5.68593,2.00300,3.11000,1.64000,1
3474,4.37460,1.80700,4.23300,1.66100,1
3475,7.29218,3.51100,3.51500,1.66800,1
3476,4.82965,1.35500,4.74400,1.61100,1
3477,3.43207,1.08800,3.56600,1.67500,1
3478,5.24828,0.94000,3.60900,1.67500,1
3479,5.73887,1.36900,5.08000,1.62900,1
3480,4.30291,1.13500,3.99800,1.66400,1
3481,3.98490,2.75400,3.92500,1.65600,1
3482,4.34426,2.37700,3.28200,1.64800,1
3483,4.78029,1.85500,3.95600,1.87300,1
3484,3.19888,1.51500,3.23800,1.65700,1
3485,4.53079,1.42700,4.00600,1.63800,1
3486,3.62443,1.43200,3.38900,1.63700,1
3487,3.33991,1.50300,3.11900,1.64000,1
3488,2.92194,1.91300,3.08500,1.65300,1
3489,5.64403,0.93300,5.46500,1.64800,1
3490,5.85521,1.89100,4.66900,1.64500,1
3491,5.57584,1.94200,5.51700,1.81900,1
3492,3.46204,2.03900,2.91900,1.61200,1
3493,2.92406,1.80300,2.27700,1.68100,1
3494,4.52231,1.63200,4.48900,1.66000,1
3495,6.64078,2.11100,6.18800,1.81700,1
3496,5.43909,1.10700,5.60500,1.74600,1
3497,3.99707,1.91200,3.10800,1.66900,1
3498,3.59013,1.76100,4.21200,1.64800,1
3499,4.24952,1.32600,4.08400,1.62800,1
3500,3.12811,1.31500,3.22600,1.58400,1
3501,4.35671,1.80500,4.11700,1.68600,1
3502,4.53220,2.17300,4.00600,1.65400,1
3503,4.28724,2.00000,4.69100,1.70700,1
3504,5.17193,1.44500,2.68000,1.66300,1
3505,1.34076,0.92000,3.27300,1.66300,1
3506,5.15459,2.84900,5.19200,1.64500,1
3507,4.20635,1.53000,4.19000,1.87800,1
3508,2.98370,1.34600,2.67500,1.64700,1
3509,2.50358,2.12300,2.84600,1.64100,1
3510,3.51246,1.86500,3.10800,1.66600,1
3511,6.44970,1.39900,5.07400,1.59500,1
3512,4.54519,2.19900,4.49700,1.82900,1
3513,3.30717,1.65500,3.13900,1.62800,1
3514,4.26542,2.13000,4.34600,1.61300,1
3515,4.52658,2.12800,4.42900,1.83700,1
3516,4.10103,1.06600,3.99600,1.68000,1
3517,4.09400,1.07800,4.13200,1.71800,1
3518,3.46240,1.00400,3.11200,1.71800,1
3519,8.25595,2.19100,7.82700,1.76500,1
3520,5.98034,2.10200,6.56300,1.63800,1
3521,5.00762,1.45400,4.45600,1.62300,1
3522,3.03300,1.70400,2.95200,1.63000,1
3523,5.41535,2.25200,5.50400,1.64100,1
3524,3.53809,2.69200,3.52800,1.59600,1
3525,8.38765,1.21900,7.24000,1.62500,1
3526,6.62614,4.53400,7.54800,1.78700,1
3527,4.58065,3.89700,4.62200,1.67900,1
3528,3.07419,2.60800,3.15500,1.86400,1
3529,2.79697,1.68400,2.77600,1.86400,1
3530,4.17184,1.17600,4.09000,1.62800,1
3531,4.57122,2.18600,2.95200,1.65300,1
3532,2.36020,1.56500,2.75700,1.66100,1
3533,4.39634,1.77200,3.00000,1.63100,1
3534,2.94948,1.48900,2.90900,1.75600,1
3535,2.83415,1.02800,2.65300,1.63300,1
3536,3.03390,1.30500,2.62500,1.66800,1
3537,3.70452,1.62100,3.70700,1.61100,1
3538,4.21250,1.11100,3.96300,1.64100,1
3539,3.74408,0.89700,3.86100,1.66100,1
3540,3.08172,1.89100,3.06800,1.61600,1
3541,3.00039,0.96300,3.08600,1.61100,1
3542,4.82065,3.06500,3.68200,1.71800,1
3543,3.64692,1.06100,3.70400,1.64700,1
3544,5.27443,1.01800,5.34100,1.64700,1
3545,3.77164,1.28700,3.22500,1.63900,1
3546,5.49393,2.39800,4.94400,1.81600,1
3547,4.00522,1.82200,3.57500,1.71100,1
3548,3.11189,1.02500,2.57700,1.59400,1
3549,7.17372,1.34800,5.88500,1.66100,1
3550,5.95860,1.35300,4.16000,1.63600,1
3551,2.82881,1.72600,2.79000,1.64700,1
3552,4.24668,2.30200,3.97100,1.67200,1
3553,6.00415,2.41900,5.42800,1.67200,1
3554,6.40504,2.39600,6.16000,1.61500,1
3555,5.55958,1.57500,4.41300,1.64400,1
3556,3.30106,2.56000,3.85400,1.81000,1
3557,5.32626,1.20800,5.29100,1.66800,1
3558,4.77063,1.26300,4.78800,1.66700,1
3559,3.25594,1.71800,3.22900,1.63400,1
3560,2.71864,1.42000,2.71900,1.81400,1
3561,2.83868,1.20700,2.64900,1.62100,1
3562,3.30770,1.91700,3.31300,1.67800,1
3563,3.61240,2.49300,3.51500,1.65300,1
3564,3.44197,2.08100,3.18300,1.65800,1
3565,3.44324,2.63800,3.53400,1.86800,1
3566,3.63670,2.30400,3.58700,1.65600,1
3567,3.01976,1.13500,2.92100,1.66100,1
3568,6.59171,3.00900,5.48200,1.61400,1
3569,4.61011,2.22200,4.57800,1.83800,1
3570,4.57198,2.30400,4.25000,1.83800,1
3571,6.06743,1.54700,5.12600,1.63200,1
3572,4.66368,1.49600,4.90800,1.65700,1
3573,5.87813,4.20000,5.89300,1.69100,1
3574,4.99549,2.14600,5.06900,1.64900,1
3575,4.69884,1.94300,4.33800,1.64300,1
3576,6.43989,1.33700,6.18300,1.68300,1
3577,5.03050,1.91700,4.94700,1.63300,1
3578,5.53067,1.89200,5.10600,1.66300,1
3579,5.41024,1.63500,5.06000,1.67400,1
3580,3.33793,1.18000,3.41200,1.63200,1
3581,3.19883,1.15200,3.06400,1.69400,1
3582,4.06761,1.84000,4.05400,1.64900,1
3583,4.11535,1.16200,3.61000,1.64900,1
3584,5.67901,1.14500,5.64600,1.66400,1
3585,5.68061,1.88500,3.79500,1.67300,1
3586,3.13643,1.50200,3.34800,1.64000,1
3587,4.73839,2.17900,3.65100,1.64300,1
3588,6.50391,1.72300,5.77400,1.64300,1
3589,4.67939,2.82800,5.39900,1.86900,1
3590,4.14442,2.50700,3.93000,1.69100,1
3591,4.23821,3.18800,2.69200,1.73700,1
3592,3.62243,3.91900,4.24600,1.62500,1
3593,3.29253,1.20000,3.30000,1.70800,1
3594,5.81930,1.55700,5.79400,1.65100,1
3595,3.90739,1.40300,3.88400,1.81600,1
3596,4.15183,1.69400,3.81200,1.68000,1
3597,5.25069,1.21000,4.98000,1.64800,1
3598,4.92083,1.79300,3.75900,1.64800,1
3599,7.73761,1.72800,6.31500,1.61100,1
3600,6.51196,3.27000,7.67900,1.64500,1
3601,4.90408,1.94300,4.96600,1.66000,1
3602,4.65959,2.13200,4.05600,1.66000,1
3603,4.67914,2.18000,4.58400,1.59600,1
3604,3.36694,1.75500,3.26600,1.70000,1
3605,6.66035,1.75300,5.22800,1.63900,1
3606,7.03020,1.22000,6.38100,1.62600,1
3607,6.98798,1.86900,5.20600,1.63500,1
3608,5.52966,1.94800,5.45300,1.62000,1
3609,4.56383,2.65300,4.47300,1.65000,1
3610,3.92966,2.13800,4.00800,1.63500,1
3611,4.65565,1.54100,4.63700,1.61200,1
3612,5.90413,3.14600,5.63400,1.64700,1
3613,7.00995,3.22200,6.11100,1.61900,1
3614,6.46346,1.96800,6.76300,1.64200,1
3615,4.03563,4.34900,4.44500,1.64200,1
3616,5.37134,1.23700,3.79400,1.79300,1
3617,5.15023,1.12000,5.12800,1.63300,1
3618,3.04240,1.21500,3.06400,1.62900,1
3619,5.16592,1.44400,4.10500,1.63500,1
3620,3.77666,1.19200,3.71600,1.68500,1
3621,5.54111,1.07400,5.02200,1.66800,1
3622,3.92046,1.00600,3.92300,1.66000,1
3623,4.69313,1.61200,4.68600,1.63600,1
3624,4.70650,1.77800,4.70800,1.64000,1
3625,4.48179,1.21500,4.39000,1.61500,1
3626,3.92420,1.83000,3.83300,1.83800,1
3627,6.48730,1.88800,5.73700,1.84000,1
3628,2.97185,3.18800,2.97700,1.66500,1
3629,5.16779,1.50900,5.12100,1.68800,1
3630,6.17046,2.57600,4.41400,1.62100,1
3631,4.33849,1.71400,4.32800,1.63800,1
3632,4.98436,2.53500,3.76900,1.64900,1
3633,4.99762,1.97300,5.30900,1.81100,1
3634,7.35791,2.09500,6.37500,1.68600,1
3635,2.96555,1.69100,2.96700,1.68600,1
3636,6.69881,1.62000,5.88600,1.84700,1
3637,5.12128,2.84600,4.79100,1.65600,1
3638,2.39974,2.34100,2.64300,1.65600,1
3639,3.25313,1.85000,2.35000,1.61400,1
3640,4.89217,1.58700,3.46900,1.63200,1
3641,4.27517,2.34300,4.19400,1.79000,1
3642,3.91964,1.43800,3.74100,1.65700,1
3643,7.73239,4.18700,7.28100,1.63700,1
3644,7.38291,6.79700,7.09800,1.67200,1
3645,4.31132,4.59700,3.97800,1.65100,1
3646,2.75809,2.27100,3.21100,1.64000,1
3647,3.67307,1.38500,3.63200,1.63500,1
3648,3.11082,1.10600,3.12300,1.63500,1
3649,7.11506,1.08800,5.16100,1.61200,1
3650,5.28677,1.42100,3.15800,1.65400,1
3651,3.78351,2.48100,3.90200,1.65500,1
3652,3.56127,1.67000,3.50000,1.65500,1
3653,3.26265,0.91500,3.13900,1.66100,1
3654,4.14548,1.19300,4.30300,1.79200,1
3655,3.18926,1.49200,3.15600,1.79200,1
3656,4.50947,1.56800,2.86500,1.68500,1
3657,5.05557,0.87500,4.58500,1.65100,1
3658,3.10021,1.50800,2.96400,1.64700,1
3659,4.54646,1.55700,3.23800,1.66000,1
3660,3.74239,1.41900,3.62400,1.67500,1
3661,3.85941,1.55600,3.03700,1.64500,1
3662,5.98309,1.05200,6.28900,1.65600,1
3663,4.22963,1.74600,3.20200,1.75300,1
3664,4.24838,1.52400,3.75600,1.67300,1
3665,3.65450,1.50200,2.63600,1.67300,1
3666,6.52283,1.38700,5.82500,1.64000,1
3667,5.34464,2.10800,5.37400,1.64500,1
3668,3.64642,1.18800,3.33600,1.66200,1
3669,3.11869,2.20000,3.33100,1.65900,1
3670,4.61480,1.26300,4.41900,1.81500,1
3671,5.60894,1.47600,5.64300,1.67600,1
3672,4.44905,1.17500,4.44000,1.62700,1
3673,3.80036,1.19400,3.55700,1.61700,1
3674,3.71719,0.85700,3.70300,1.62000,1
3675,3.90628,1.18700,3.95000,1.71200,1
3676,5.19870,0.99300,4.92500,1.64100,1
3677,5.77326,1.31300,5.58400,1.82300,1
3678,4.91626,1.37900,3.47900,1.83700,1
3679,3.90607,1.99900,3.85500,1.58800,1
3680,5.22370,2.23700,3.91000,1.64200,1
3681,3.78092,2.28300,3.65100,1.63700,1
3682,3.23027,2.09100,3.50800,1.64200,1
3683,4.25606,1.40600,3.38600,1.66200,1
3684,4.39049,2.04900,4.38700,1.65700,1
3685,4.78075,1.29700,4.59200,1.83200,1
3686,2.70907,1.51900,2.43200,1.83200,1
3687,4.88432,2.17600,3.58300,1.66000,1
3688,4.42374,1.68400,3.76700,1.60900,1
3689,3.51040,1.53500,3.32400,1.85300,1
3690,3.77891,1.35100,3.89800,1.70300,1
3691,5.69064,1.80500,5.14500,1.63800,1
3692,7.02927,1.08500,6.84800,1.64400,1
3693,5.08430,1.90200,5.21400,1.69300,1
3694,4.94136,3.69000,3.90600,1.66000,1
3695,3.32931,1.28300,4.25400,1.66300,1
3696,4.21202,1.68600,4.17900,1.83200,1
3697,5.14636,1.92700,5.18500,1.64600,1
3698,4.94660,2.34100,4.20400,1.65400,1
3699,5.03784,1.08600,3.65100,1.65400,1
3700,4.87911,2.86200,6.14000,1.85600,1
3701,5.45732,2.14900,4.78500,1.64500,1
3702,4.43844,2.73900,4.63400,1.66700,1
3703,4.52787,1.56200,4.25000,1.82300,1
3704,6.07288,1.36700,4.40000,1.64700,1
3705,3.75728,2.35400,5.44900,1.64700,1
3706,4.32254,2.02200,4.04200,1.63400,1
3707,7.01942,1.73500,6.58400,1.82100,1
3708,4.90928,2.24300,4.97200,1.63500,1
3709,4.59371,1.64000,4.95500,1.65600,1
3710,4.52888,1.82400,3.69300,1.64900,1
3711,2.26870,1.72700,2.21800,1.69000,1
3712,4.18996,2.01200,3.11300,1.64400,1
3713,5.74075,1.00800,3.79200,1.67700,1
3714,4.98769,1.38000,4.20100,1.78500,1
3715,3.77474,1.76400,3.92100,1.78500,1
3716,8.30899,2.03800,5.24600,1.63400,1
3717,5.77771,3.28100,5.32600,1.65900,1
3718,4.23819,1.93000,4.18100,1.63700,1
3719,4.07944,1.69100,4.06800,1.64600,1
3720,3.30332,1.86300,3.44500,1.81200,1
3721,2.37347,1.10600,2.43000,1.62000,1
3722,3.19529,1.53700,3.20700,1.68800,1
3723,3.89002,2.14800,3.91100,1.62500,1
3724,3.90088,1.90000,3.86700,1.63100,1
3725,3.34967,1.67900,3.15000,1.63100,1
3726,6.43553,2.09100,5.65600,1.70400,1
3727,3.67901,1.99000,3.48800,1.67600,1
3728,5.36704,3.39600,5.35100,1.74400,1
3729,5.52459,2.00300,5.47200,1.62800,1
3730,9.14376,3.19100,8.38100,1.70100,1
3731,6.52901,2.93700,5.47300,1.82600,1
3732,4.39693,2.24900,3.70600,1.63500,1
3733,4.81188,1.81400,4.88800,1.62700,1
3734,7.25983,1.48900,6.65000,1.82800,1
3735,5.60942,2.40900,6.53200,1.66200,1
3736,4.41561,1.48500,3.35900,1.62600,1
3737,4.68821,1.05000,5.00900,1.63500,1
3738,6.45427,2.34100,6.45800,1.63400,1
3739,5.97733,2.72100,5.32400,1.63500,1
3740,5.59372,2.41400,5.50600,1.79600,1
3741,5.86181,2.97500,5.95100,1.68800,1
3742,5.34822,1.89200,5.37900,1.64100,1
3743,4.64137,1.82900,3.94400,1.64900,1
3744,6.75415,2.25900,4.83900,1.63100,1
3745,4.59991,3.30800,5.26500,1.65800,1
3746,5.47747,3.74200,4.90700,1.85800,1
3747,4.55318,2.27500,3.15200,1.85800,1
3748,5.16514,1.82500,4.72500,1.60300,1
3749,4.77784,1.64400,3.90400,1.80400,1
3750,3.22906,1.95200,2.49400,1.64400,1
3751,4.79147,2.03300,4.80400,1.72900,1
3752,4.43945,2.24000,4.30800,1.67300,1
3753,3.70464,2.01700,3.47400,1.84000,1
3754,8.59939,1.52900,7.81500,1.64500,1
3755,6.84109,8.05600,6.12800,1.73400,1
3756,4.78939,3.49500,4.60200,1.65500,1
3757,3.15968,1.90700,3.11100,1.63400,1
3758,4.57751,1.73900,3.79000,1.63500,1
3759,2.95384,1.53200,2.80600,1.60900,1
3760,4.25581,1.49300,3.89900,1.64500,1
3761,4.43922,1.33700,4.06200,1.63600,1
3762,4.45519,2.24600,4.44000,1.64600,1
3763,4.06914,1.83200,4.11500,1.65100,1
3764,3.70486,1.97100,3.58200,1.61900,1
3765,3.60615,2.13400,3.19900,1.63200,1
3766,5.38630,1.22100,5.33100,1.63500,1
3767,4.07524,1.43500,4.56100,1.66800,1
3768,2.49385,1.36900,2.44200,1.63300,1
3769,3.23231,1.20600,3.33300,1.78900,1
3770,5.78798,0.99000,4.06400,1.64800,1
3771,5.06164,2.34400,4.42100,1.72900,1
3772,5.59363,2.70800,5.12400,1.64900,1
3773,4.10417,1.85000,4.39700,1.65300,1
3774,3.96290,1.57400,4.00100,1.67700,1
3775,5.22118,1.70000,4.56800,1.67700,1
3776,4.91527,2.65700,3.98800,1.63900,1
3777,2.65719,0.87800,3.25900,1.63600,1
3778,2.23160,1.16700,2.52800,1.63800,1
3779,5.98584,1.22900,5.95700,1.64400,1
3780,5.14493,1.78200,5.14600,1.66300,1
3781,4.83826,2.31500,4.83800,1.64600,1
3782,4.19878,2.93700,3.62000,1.63200,1
3783,3.30278,1.12700,3.14500,1.84900,1
3784,3.82226,0.97700,3.93500,1.66300,1
3785,3.21650,1.22800,2.99200,1.64800,1
3786,3.37739,1.27700,3.05300,1.66700,1
3787,2.88745,1.85600,3.03100,1.63700,1
3788,4.95369,1.19000,4.42300,1.81900,1
3789,2.51294,1.23000,2.72700,1.81900,1
3790,4.66628,1.05000,4.22400,1.64900,1
3791,3.95779,1.29200,3.69400,1.61400,1
3792,3.09821,1.31600,2.93900,1.79500,1
3793,4.03598,2.98700,3.91900,1.68300,1
3794,3.98020,1.52100,4.11100,1.65800,1
3795,5.22641,1.65700,4.98500,1.63300,1
3796,4.93869,1.88800,3.40200,1.84900,1
3797,3.05979,1.67500,3.21100,1.84900,1
3798,2.52502,1.97200,2.46200,1.70100,1
3799,4.28839,1.29000,4.04000,1.62700,1
3800,3.86997,1.31200,3.87200,1.64800,1
3801,3.99417,1.71100,4.00400,1.79200,1
3802,3.42282,1.57800,3.27400,1.82200,1
3803,3.90651,1.92700,4.03300,1.61600,1
3804,4.70642,1.35500,3.74300,1.69600,1
3805,4.10291,1.86000,4.27800,1.83900,1
3806,4.99473,0.89600,4.82100,1.60600,1
3807,4.82866,1.59000,4.65200,1.65200,1
3808,4.07615,2.61500,4.08800,1.62100,1
3809,3.54424,2.33500,3.40000,1.82700,1
3810,4.10664,1.23800,3.58200,1.62700,1
3811,3.16882,1.22100,3.36100,1.64700,1
3812,5.24602,1.41200,4.45900,1.65500,1
3813,2.96904,1.73200,3.52200,1.80000,1
3814,3.13783,1.53700,2.92100,1.62200,1
3815,5.02583,1.56900,4.65900,1.67900,1
3816,2.95928,4.11200,3.41100,1.67800,1
3817,3.89651,2.14700,3.59000,1.64200,1
3818,2.94953,1.65800,2.95600,1.67700,1
3819,3.62403,2.09600,3.10000,1.69300,1
3820,3.35010,1.36500,3.31100,1.69300,1
3821,3.16883,1.62100,3.16900,1.69300,1
3822,6.76802,1.67300,5.64100,1.82000,1
3823,3.80829,1.53500,4.01200,1.67500,1
3824,4.80580,1.77300,4.31700,1.59800,1
3825,4.09445,1.56600,3.96200,1.73000,1
3826,4.22018,1.55000,4.20100,1.60900,1
3827,3.72068,1.33700,3.68900,1.68400,1
3828,4.70362,1.27100,4.60300,1.70000,1
3829,6.10871,1.28200,5.72000,1.69200,1
3830,4.00663,2.52600,4.17000,1.65600,1
3831,4.41568,1.57200,3.51600,1.67900,1
3832,3.42302,1.25800,2.97300,1.67900,1
3833,9.10478,1.83100,6.95000,1.85300,1
3834,4.02831,1.19500,4.16400,1.65800,1
3835,4.29735,1.11600,2.95900,1.65800,1
3836,5.08647,0.86300,4.21700,1.90700,1
3837,6.20329,1.14100,6.20100,1.63900,1
3838,4.35327,1.03600,4.31900,1.62300,1
3839,7.73082,1.18200,6.77800,1.62200,1
3840,4.65989,1.33500,3.88600,1.60300,1
3841,4.30616,2.47400,4.26400,1.66000,1
3842,3.42439,1.39400,3.36200,1.65900,1
3843,5.33331,2.80100,5.19700,1.62900,1
3844,5.08795,1.88900,5.11600,1.62600,1
3845,4.75413,2.27300,3.52800,1.65800,1
3846,4.63616,2.31700,4.18900,1.83700,1
3847,5.32229,2.05900,4.72700,1.65400,1
3848,5.39482,2.24100,6.40100,1.62300,1
3849,4.49071,2.65700,4.46200,1.61500,1
3850,5.65711,2.43500,5.21600,1.62600,1
3851,5.25497,1.93800,4.63800,1.61800,1
3852,4.55319,1.51400,4.97900,1.64000,1
3853,5.40369,1.30900,5.32600,1.61800,1
3854,4.73584,2.45500,4.46500,1.65000,1
3855,6.05804,1.09000,6.00100,1.62800,1
3856,6.05761,2.13000,4.47700,1.65500,1
3857,4.48923,2.66700,4.53600,1.63200,1
3858,5.14624,2.14700,4.33800,1.65200,1
3859,5.53648,1.52700,5.23800,1.65000,1
3860,5.71578,2.43200,5.37400,1.67800,1
3861,5.71254,3.25900,5.49500,1.62000,1
3862,9.37376,3.65600,9.12400,1.88800,1
3863,5.68912,4.46100,5.89200,1.66200,1
3864,3.67894,2.61000,3.39000,1.68100,1
3865,4.30693,1.61700,3.93600,1.76100,1
3866,3.28924,1.61900,3.00800,1.64400,1
3867,4.00223,1.67300,3.99400,1.66600,1
3868,3.65510,1.10500,3.83200,1.60200,1
3869,3.91057,1.72800,3.74900,1.60600,1
3870,3.71740,3.38500,3.96600,1.64400,1
3871,4.07109,1.72100,3.18400,1.68800,1
3872,3.31889,2.74500,3.45800,1.64600,1
3873,3.64732,2.92200,3.53600,1.81800,1
3874,5.65575,1.16400,4.32400,1.68300,1
3875,2.49850,1.40100,3.32200,1.63100,1
3876,5.44331,1.40800,4.21500,1.63500,1
3877,4.38149,1.50200,3.51100,1.63500,1
3878,5.39423,1.58700,6.00800,1.70000,1
3879,3.03586,2.10300,2.94200,1.65200,1
3880,3.41864,2.97900,3.25400,1.62000,1
3881,5.28781,1.69400,5.22400,1.65900,1
3882,4.09912,2.32000,3.45000,1.91600,1
3883,4.23589,4.28100,3.02300,1.67200,1
3884,2.08904,1.34500,2.37800,1.61900,1
3885,3.00791,1.22600,3.03700,1.82800,1
3886,3.53613,1.29100,3.56300,1.82800,1
3887,6.56184,1.55000,4.35400,1.71700,1
3888,4.82724,2.29600,4.93500,1.63500,1
3889,20.21829,2.05500,5.75400,1.68300,1
3890,1.34553,5.59400,5.75400,1.60000,1
3891,4.83530,2.40100,4.17900,1.60000,1
3892,4.17683,2.22500,3.58200,1.64100,1
3893,3.30869,2.17200,3.75700,1.66100,1
3894,3.00816,1.28900,2.85500,1.84500,1
3895,3.72577,1.20600,3.74300,1.78300,1
3896,4.14301,1.09700,4.18400,1.62700,1
3897,3.20634,2.07400,3.20300,1.61700,1
3898,3.48874,1.67300,3.39300,1.63600,1
3899,3.24153,1.66700,3.23500,1.64500,1
3900,2.98029,0.92900,2.98300,1.67200,1
3901,2.93287,0.97700,2.88600,1.62600,1
3902,3.37626,0.96500,2.88900,1.67800,1
3903,5.17018,1.58900,4.81200,1.64000,1
3904,6.11391,0.93700,5.05100,1.80000,1
3905,4.42380,0.90900,4.54000,1.63600,1
3906,5.49104,0.89500,5.47900,1.62900,1
3907,3.18910,1.76300,3.17700,1.85600,1
3908,2.19246,1.29300,2.19100,1.64600,1
3909,5.85593,0.85600,5.26200,1.63500,1
3910,3.50713,1.39500,3.65100,1.64800,1
3911,5.99528,2.30800,4.90500,1.65200,1
3912,3.48001,1.01600,3.43200,1.65000,1
3913,6.14237,1.33200,3.91700,1.63000,1
3914,4.04528,1.15700,2.66000,1.63000,1
3915,3.14605,1.07600,3.09100,1.64100,1
3916,3.03435,0.83600,3.03000,1.69500,1
3917,4.19762,0.83000,4.09100,1.68500,1
3918,3.84269,1.09800,3.84600,1.68500,1
3919,4.87246,2.05200,4.32800,1.64100,1
3920,6.97174,1.19600,4.14500,1.63100,1
3921,4.26264,2.06900,3.56200,1.64000,1
3922,7.12370,2.75300,4.91100,1.67400,1
3923,3.71966,2.30000,4.52000,1.62800,1
3924,3.47762,2.39400,3.31300,1.62800,1
3925,3.18384,1.57200,3.48300,1.60300,1
3926,3.59757,1.30600,3.65400,1.60300,1
3927,3.60835,1.87100,3.38300,1.66800,1
3928,4.06726,2.28500,4.01800,1.61900,1
3929,5.54111,1.40800,3.93200,1.62300,1
3930,4.05341,1.69800,3.91200,1.61800,1
3931,4.59345,1.68600,3.41100,1.68500,1
3932,4.32808,0.96700,5.40400,1.63600,1
3933,4.60857,1.82300,4.58100,1.62600,1
3934,3.37525,2.43900,3.47700,1.64100,1
3935,4.71627,1.13400,4.71800,1.67100,1
3936,2.49818,1.01900,2.52200,1.67100,1
3937,7.44036,1.08500,6.30600,1.82300,1
3938,3.42486,1.75300,3.29000,1.66000,1
3939,4.01510,1.05500,3.63800,1.61400,1
3940,4.45389,1.51600,3.02000,1.59700,1
3941,3.51335,1.29900,3.03800,1.63200,1
3942,4.58652,1.84400,4.54500,1.87400,1
3943,6.77007,1.19100,6.76800,1.63300,1
3944,4.97034,2.15700,4.81500,1.64800,1
3945,3.91830,3.18900,3.78000,1.64800,1
3946,4.73954,1.23700,4.44200,1.64600,1
3947,3.87283,2.09200,3.97700,1.64600,1
3948,3.09375,1.96100,2.58600,1.72200,1
3949,2.83543,1.10400,2.76300,1.67400,1
3950,6.90615,1.12600,5.03400,1.83000,1
3951,3.23465,1.28200,2.95500,1.67300,1
3952,2.22919,1.08800,2.35100,1.64700,1
3953,4.10073,0.81900,3.58400,1.78900,1
3954,4.33301,1.25600,4.69900,1.70700,1
3955,4.37867,2.35300,3.84300,1.61600,1
3956,4.05857,2.12600,4.09400,1.65700,1
3957,2.93515,1.39400,2.33900,1.81800,1
3958,5.13456,2.41700,3.93800,1.78500,1
3959,3.85594,2.06900,4.16200,1.63800,1
3960,4.00540,1.60900,3.54500,1.65200,1
3961,4.99237,2.69900,4.51900,1.64100,1
3962,3.67189,1.92700,3.99700,1.65300,1
3963,5.31284,2.51500,5.11200,1.65400,1
3964,3.32193,1.22000,3.43200,1.65300,1
3965,5.73729,1.47400,3.15200,1.65300,1
3966,6.61802,1.42500,6.93400,1.63800,1
3967,6.19267,1.03800,4.91600,1.63800,1
3968,6.14263,1.23100,5.96200,1.68000,1
3969,3.67443,2.50100,3.69200,1.66500,1
3970,5.31209,2.08100,5.08600,1.64200,1
3971,2.68032,1.66800,2.72800,1.64200,1
3972,4.33385,1.93400,4.22700,1.66000,1
3973,4.05503,1.94000,4.20900,1.61200,1
3974,6.75088,1.12300,6.36400,1.62900,1
3975,5.51726,4.27100,5.41200,1.67300,1
3976,4.71298,3.64700,4.87400,1.74000,1
3977,4.22131,3.97700,4.12400,1.65400,1
3978,3.78211,2.33200,3.54100,1.70500,1
3979,4.42929,1.56100,2.93200,1.79600,1
3980,3.92802,1.25900,4.26400,1.64700,1
3981,3.94263,1.98500,3.89300,1.62200,1
3982,3.60502,1.71100,3.32800,1.65300,1
3983,2.92012,1.74500,2.87300,1.64300,1
3984,2.41535,1.26000,2.40900,1.64300,1
3985,3.57846,1.03500,3.22900,1.61900,1
3986,4.10071,0.89700,3.60100,1.61900,1
3987,5.44709,0.87600,4.64100,1.64300,1
3988,4.56576,2.06500,4.67600,1.81800,1
3989,4.77528,1.93600,4.10200,1.66000,1
3990,4.54495,3.13500,4.44100,1.69100,1
3991,5.63403,2.39800,3.85400,1.64000,1
3992,3.76921,1.72800,4.57700,1.63000,1
3993,2.79140,2.58500,2.85600,1.64000,1
3994,6.07852,1.33900,3.99300,1.83800,1
3995,4.71179,1.05500,4.41400,1.78500,1
3996,3.75579,1.51600,3.68700,1.78500,1
3997,5.02795,0.84700,4.01000,1.65300,1
3998,6.84816,0.92000,6.79000,1.67500,1
3999,6.53734,1.10900,6.57400,1.64400,1
4000,4.97342,1.17200,4.67200,1.59900,1
4001,5.34154,1.37200,4.66300,1.71200,1
4002,4.05291,2.67500,4.47600,1.64700,1
4003,3.48372,1.39800,3.56200,1.63000,1
4004,5.07426,1.50000,4.18800,1.63000,1
4005,5.17134,2.73200,4.86700,1.72200,1
4006,5.30959,3.49500,5.46400,1.65400,1
4007,5.01547,2.18600,4.89200,1.60700,1
4008,4.59102,2.08600,4.80400,1.62500,1
4009,5.77107,2.16500,5.86700,1.61600,1
4010,5.36436,2.06500,4.00100,1.63600,1
4011,4.76845,1.74200,5.11400,1.83500,1
4012,5.45421,2.95800,5.37800,1.65600,1
4013,4.52048,1.77000,4.17400,1.62900,1
4014,4.13548,1.06300,3.97700,1.67600,1
4015,7.44814,1.46700,5.87000,1.77400,1
4016,4.27238,1.71200,4.16300,1.65300,1
4017,4.14090,1.76200,4.18900,1.80000,1
4018,5.79369,1.98800,3.17000,1.80000,1
4019,6.57754,2.64100,7.42300,1.60900,1
4020,2.96814,2.55100,3.29900,1.68800,1
4021,3.30956,1.28100,3.32900,1.84300,1
4022,5.82986,1.20300,5.73900,1.78500,1
4023,4.69717,1.61400,3.71800,1.70200,1
4024,3.11132,2.12700,4.27800,1.62900,1
4025,4.24827,1.99000,4.22600,1.63500,1
4026,3.68813,1.44100,3.59100,1.63500,1
4027,6.49087,2.07800,5.71800,1.68900,1
4028,4.48144,1.52300,3.94900,1.64200,1
4029,5.14227,1.71800,4.73500,1.65500,1
4030,2.37452,2.24200,2.74200,1.70600,1
4031,2.81718,2.03000,2.84500,1.70600,1
4032,3.81710,1.25000,3.31100,1.63800,1
4033,3.55125,2.07200,3.20100,1.82900,1
4034,5.02312,1.73700,5.12600,1.69900,1
4035,5.96413,2.30600,5.09700,1.67200,1
4036,7.58567,1.97200,6.92000,1.60700,1
4037,4.19286,2.60300,3.91800,1.64300,1
4038,4.67186,1.08100,4.60600,1.60300,1
4039,6.32195,2.17700,6.27300,1.65400,1
4040,6.06035,1.62300,6.02400,1.60600,1
4041,5.47102,2.07100,5.45900,1.64900,1
4042,6.94560,1.96100,6.85600,1.64600,1
4043,4.30101,2.60400,4.00700,1.70800,1
4044,4.54525,1.46000,3.44200,1.64000,1
4045,5.69152,2.05300,4.79200,1.72300,1
4046,7.69639,2.26300,5.71900,1.72300,1
4047,5.95831,2.07300,4.74700,1.70100,1
4048,6.62849,3.05800,6.34400,1.70100,1
4049,6.56141,2.21600,5.59800,1.62600,1
4050,4.23575,1.70500,4.18000,1.64400,1
4051,5.73063,1.99100,5.37700,1.65700,1
4052,3.85396,1.43900,3.43900,1.69400,1
4053,3.05744,1.30000,3.04700,1.69400,1
4054,3.92731,1.96800,2.50300,1.62700,1
4055,2.93669,1.59800,3.06300,1.62700,1
4056,3.70620,1.90100,3.70900,1.96700,1
4057,3.23701,1.71700,3.13000,1.61100,1
4058,2.25704,1.01200,2.37100,1.62100,1
4059,3.27487,1.12200,2.97100,1.62100,1
4060,3.93310,1.08000,2.84000,1.83900,1
4061,3.54054,1.84000,3.92200,1.64100,1
4062,3.08308,0.99400,2.92100,1.64100,1
4063,2.56723,1.41200,2.24600,1.66300,1
4064,4.21847,1.64300,4.28000,1.60900,1
4065,1.63505,1.00600,1.74700,1.61200,1
4066,2.89751,0.92900,2.66300,1.61200,1
4067,2.66539,1.06300,2.42100,1.63800,1
4068,2.73174,1.10500,2.66700,1.64900,1
4069,2.61775,1.03400,2.77800,1.65000,1
4070,2.78417,0.66800,2.71100,1.63800,1
4071,2.57253,0.91500,2.43500,1.68600,1
4072,3.20309,1.62800,3.26900,1.84700,1
4073,3.93660,1.73300,3.85900,1.64800,1
4074,4.22711,2.85800,4.26100,1.63700,1
4075,4.15147,1.22000,4.17400,1.63500,1
4076,3.34542,1.54500,3.36900,1.63900,1
4077,3.49097,1.49700,3.13000,1.66700,1
4078,3.34816,0.76800,3.23900,1.62800,1
4079,2.86897,0.92400,2.94000,1.67300,1
4080,3.07619,0.78600,2.39800,1.61800,1
4081,2.95172,0.94500,3.07400,1.63500,1
4082,4.44403,1.06600,4.06100,1.66500,1
4083,3.45632,2.09000,3.38400,1.71900,1
4084,6.37798,1.17900,3.53000,1.62000,1
4085,2.03137,1.10200,3.75400,1.62000,1
4086,7.38497,0.99700,5.04300,1.67300,1
4087,5.41354,1.57500,5.39000,1.68700,1
4088,5.54009,1.57400,5.38800,1.59700,1
4089,7.32486,2.45700,6.92400,1.66800,1
4090,4.78881,4.53700,5.01200,1.69700,1
4091,5.77743,3.80800,5.81600,1.85200,1
4092,6.75777,2.29500,4.07800,1.67000,1
4093,5.36742,2.35100,4.99800,1.69000,1
4094,4.11349,1.39900,3.67900,1.67500,1
4095,3.31034,2.03900,3.53400,1.63600,1
4096,3.04144,1.13400,2.28900,1.63700,1
4097,3.14619,1.44600,3.14800,1.61000,1
4098,3.33203,1.60600,2.75700,1.61000,1
4099,4.64136,1.34300,3.96600,1.62900,1
4100,3.59316,1.33100,3.40700,1.63000,1
4101,4.26287,2.37900,3.78500,1.62400,1
4102,4.51661,1.67900,4.65200,1.62800,1
4103,3.12490,2.23400,2.90400,1.62400,1
4104,3.66641,1.63000,3.01500,1.67500,1
4105,6.35516,1.18600,5.69000,1.63900,1
4106,5.39404,2.00600,4.73900,1.85300,1
4107,4.58130,1.39600,4.87700,1.65100,1
4108,3.98808,2.25800,4.43200,1.62600,1
4109,2.84477,1.00400,2.88900,1.58800,1
4110,3.24247,0.98000,3.20000,1.58800,1
4111,3.94443,1.98200,3.54800,1.65300,1
4112,5.68983,3.13300,5.63100,1.65500,1
4113,4.94965,2.67700,4.39000,1.65500,1
4114,2.80515,2.33500,3.29000,1.60400,1
4115,3.11999,1.55300,2.94500,1.62000,1
4116,4.77912,3.13600,4.50200,1.82100,1
4117,4.84310,1.83200,4.75200,1.66500,1
4118,6.05439,1.16300,5.86200,1.62100,1
4119,3.84517,1.76600,3.65300,1.61200,1
4120,5.31524,2.31900,5.35600,1.65400,1
4121,7.99922,2.16900,7.76400,1.79900,1
4122,3.26177,2.11900,3.66100,1.62700,1
4123,4.56584,2.45700,4.22600,1.65700,1
4124,3.34176,1.21300,3.29500,1.65200,1
4125,5.19566,1.62100,5.06200,1.73800,1
4126,4.02998,2.41200,3.98700,1.64400,1
4127,3.77123,2.34400,3.78600,1.72300,1
4128,4.50607,1.73500,4.54600,1.63700,1
4129,5.60745,2.51700,4.26800,1.82300,1
4130,3.30408,1.35200,3.43600,1.80900,1
4131,5.04262,1.96600,4.54400,1.65700,1
4132,6.52429,2.00400,5.34900,1.65700,1
4133,5.32974,3.28300,4.93400,1.66100,1
4134,3.13674,1.08400,3.12300,1.65200,1
4135,6.30152,1.65800,4.22300,1.64200,1
4136,4.05191,2.38000,4.12900,1.64400,1
4137,4.63062,1.86100,4.59100,1.64400,1
4138,5.90419,2.42400,5.48700,1.71800,1
4139,5.57733,2.31300,4.86000,1.82200,1
4140,3.54264,1.99500,3.42000,1.64100,1
4141,3.97332,1.58600,4.08100,1.64900,1
4142,4.83980,1.96700,4.74000,1.67300,1
4143,5.13541,1.99300,5.27200,1.64100,1
4144,3.87736,0.95000,3.72000,1.60700,1
4145,3.02574,1.46500,3.20500,1.68600,1
4146,5.03222,2.02300,4.21700,1.62600,1
4147,5.88212,2.38500,5.80600,1.68200,1
4148,5.04885,3.13200,4.80800,1.72600,1
4149,4.84848,4.52200,4.65100,1.63600,1
4150,3.76001,2.49600,3.78000,1.72700,1
4151,5.55280,1.74800,4.91400,1.66100,1
4152,3.97385,2.11000,3.71700,1.65300,1
4153,3.99928,1.13500,4.21400,1.62800,1
4154,4.25664,1.97900,4.46700,1.84900,1
4155,5.26600,1.37800,4.24900,1.64100,1
4156,4.06830,2.10300,4.09600,1.68600,1
4157,4.70922,2.60600,4.43400,1.67000,1
4158,5.26905,1.83500,5.10300,1.82600,1
4159,4.83536,2.61600,5.21800,1.63300,1
4160,4.74470,2.28600,4.57600,1.63600,1
4161,3.03003,2.18700,2.71900,1.82700,1
4162,3.85496,1.15800,3.65500,1.82700,1
4163,3.87152,0.97100,3.89000,1.65600,1
4164,3.41756,1.17100,3.12500,1.65500,1
4165,2.40023,0.86200,2.67300,1.63500,1
4166,4.17116,1.62000,3.75500,1.62800,1
4167,4.78211,3.52700,5.12900,1.65400,1
4168,6.65768,2.21700,6.66100,1.62300,1
4169,4.80843,2.86700,4.18500,1.62700,1
4170,3.80019,1.79500,4.27100,1.63400,1
4171,4.63581,1.42700,4.58200,1.62400,1
4172,4.17132,1.91900,4.05600,1.61900,1
4173,3.56575,0.85400,3.19000,1.79400,1
4174,2.62192,0.95600,2.63600,1.81300,1
4175,3.21336,0.87000,2.68900,1.64300,1
4176,2.54434,1.58100,2.56800,1.68400,1
4177,4.14265,1.22500,3.25200,1.62000,1
4178,2.25198,0.78800,2.57100,1.70600,1
4179,4.64858,1.66300,4.40900,1.70000,1
4180,4.47744,2.04300,4.50600,1.68300,1
4181,6.02125,1.18000,6.03200,1.70800,1
4182,4.00803,0.90300,3.50400,1.80900,1
4183,5.34183,1.76500,5.17400,1.80400,1
4184,4.93503,1.57800,5.18500,1.63700,1
4185,9.32582,2.71500,7.61100,1.63900,1
4186,7.60296,2.94600,8.53000,1.72100,1
4187,6.16291,3.29700,6.52200,1.73200,1
4188,3.49806,2.47300,3.16200,1.73500,1
4189,3.58199,1.59000,3.62100,1.69900,1
4190,3.33970,1.71100,3.15400,1.64600,1
4191,3.74541,1.85500,3.82700,1.61200,1
4192,3.76129,1.39900,3.27900,1.69800,1
4193,3.32797,1.82200,2.97900,1.69800,1
4194,4.12531,1.00100,2.10700,1.64100,1
4195,4.60201,1.33500,3.04600,1.62300,1
4196,4.38880,1.67300,3.52400,1.65100,1
4197,4.12201,3.03700,3.07600,1.63400,1
4198,3.53081,1.74800,4.50200,1.63400,1
4199,5.75951,0.93300,4.88800,1.67200,1
4200,2.93880,1.59800,2.92000,1.65300,1
4201,3.45512,1.07600,3.48100,1.71100,1
4202,2.42145,1.20300,2.23600,1.64400,1
4203,3.10136,1.41000,2.96000,1.64400,1
4204,3.40135,1.27100,2.62900,1.62600,1
4205,3.27972,1.32500,2.53700,1.82800,1
4206,2.99409,0.97200,2.52500,1.61600,1
4207,2.34977,0.89500,3.21900,1.63000,1
4208,3.35323,1.42800,3.33900,1.63000,1
4209,5.91595,1.53100,4.81800,1.68500,1
4210,5.81474,1.90400,6.14000,1.66700,1
4211,3.86354,1.76900,3.16700,1.67600,1
4212,4.71092,1.95400,4.49900,1.63100,1
4213,4.04601,1.37700,3.95600,1.81100,1
4214,4.95222,1.90800,4.41100,1.84300,1
4215,4.24479,1.80900,4.88100,1.62100,1
4216,3.76869,1.25700,3.64200,1.66900,1
4217,4.60258,1.80000,4.64100,1.83100,1
4218,4.53262,2.05200,4.54100,1.62500,1
4219,3.71516,1.50200,3.70100,1.66400,1
4220,4.73746,2.25600,4.63200,1.64200,1
4221,4.08271,1.51700,3.55200,1.82700,1
4222,9.26624,1.13700,4.70200,1.64600,1
4223,4.01205,3.60900,3.25300,1.84000,1
4224,2.72052,1.82500,2.89900,1.62500,1
4225,3.67445,0.91500,2.20000,1.62500,1
4226,7.12534,2.09300,6.66700,1.64400,1
4227,3.84738,1.94700,3.21000,1.68400,1
4228,6.84925,1.50800,6.28100,1.63400,1
4229,5.75799,2.83200,5.59100,1.60300,1
4230,4.22046,2.52500,4.37700,1.66800,1
4231,3.91888,2.65400,3.37600,1.58800,1
4232,6.99413,1.81200,4.30700,1.65700,1
4233,3.65975,1.93100,3.61700,1.65700,1
4234,4.84962,1.46600,4.51400,1.65600,1
4235,3.14200,1.28000,3.17700,1.60800,1
4236,4.04257,1.44200,3.44900,1.70300,1
4237,4.27089,0.93100,2.57700,1.60900,1
4238,5.17651,1.20100,5.55500,1.60800,1
4239,3.72618,1.08500,4.11500,1.65500,1
4240,4.11046,2.46600,4.00800,1.61000,1
4241,5.21546,1.22700,5.17500,1.65200,1
4242,5.05059,1.67300,4.97100,1.64300,1
4243,3.17209,1.36700,3.22500,1.66500,1
4244,4.62875,2.60300,4.05000,1.61400,1
4245,3.66682,1.35600,2.90900,1.64600,1
4246,4.65546,1.63300,4.50000,1.65900,1
4247,2.48891,2.44700,2.60300,1.64800,1
4248,3.41351,1.40200,2.68500,1.64800,1
4249,3.93329,1.86400,3.76700,1.63800,1
4250,2.40199,2.31300,2.09000,1.80600,1
4251,2.71412,1.43700,2.68800,1.80600,1
4252,5.26032,1.34100,5.36700,1.66700,1
4253,6.10656,2.00200,5.20000,1.63000,1
4254,3.83711,1.53800,3.82900,1.63200,1
4255,4.76889,1.29100,3.94400,1.65700,1
4256,3.94608,1.73000,4.04700,1.63800,1
4257,5.48408,1.28200,5.43900,1.66900,1
4258,4.20660,1.24800,3.59800,1.66800,1
4259,6.00016,2.29000,3.26400,1.62500,1
4260,2.31047,2.07200,2.57200,1.62700,1
4261,2.68181,1.47100,2.64000,1.63300,1
4262,2.74988,1.74700,2.79700,1.62500,1
4263,3.24539,1.07200,2.68200,1.62500,1
4264,2.31483,0.73600,2.62900,1.66700,1
4265,2.68654,1.40200,2.46900,1.60000,1
4266,2.00048,0.76800,2.24500,1.58700,1
4267,2.17445,0.69600,2.24600,1.66600,1
4268,3.62803,1.01000,3.65700,1.66600,1
4269,4.55962,3.73000,4.36800,1.63000,1
4270,2.77245,0.98400,2.88900,1.67400,1
4271,3.54344,1.07000,2.99300,1.63200,1
4272,3.27500,0.96100,3.34400,1.68200,1
4273,2.95325,2.63600,2.41400,1.64700,1
4274,2.58776,1.27800,2.55500,1.63700,1
4275,2.99269,0.82900,2.89500,1.63500,1
4276,2.42579,1.82400,2.47500,1.67300,1
4277,2.61286,0.91300,2.59500,1.64500,1
4278,2.13704,1.09300,1.98900,1.61500,1
4279,4.01809,0.95900,3.81100,1.64900,1
4280,3.51382,1.24000,3.58000,1.64200,1
4281,2.74424,1.36400,2.82700,1.64000,1
4282,3.63614,1.45600,2.83800,1.64000,1
4283,4.89937,0.88600,4.54100,1.64700,1
4284,4.26515,1.05900,3.23900,1.65200,1
4285,3.60079,0.86800,3.16300,1.65400,1
4286,2.89438,0.94900,2.96100,1.62000,1
4287,5.77121,1.48300,4.95000,1.63600,1
4288,4.23618,1.16200,4.30100,1.81400,1
4289,6.01091,1.48400,4.98000,1.63300,1
4290,3.52872,2.06600,4.07700,1.69000,1
4291,5.39470,1.12700,5.39000,1.65500,1
4292,4.20875,2.09300,3.84400,1.63300,1
4293,3.20649,1.17500,3.18500,1.68600,1
4294,5.16593,1.03400,3.33000,1.62700,1
4295,3.93881,0.85300,3.50300,1.62300,1
4296,5.56705,1.58400,5.59000,1.80800,1
4297,4.67428,1.18400,4.27000,1.63000,1
4298,4.72851,1.54500,4.45800,1.61600,1
4299,5.42567,3.81600,5.12900,1.61500,1
4300,5.47193,2.78700,5.10500,1.69700,1
4301,5.27695,2.18700,4.16600,1.69700,1
4302,7.84263,2.52700,8.25100,1.68300,1
4303,8.76505,2.98800,8.34600,1.65900,1
4304,4.92561,4.29500,5.32500,1.67400,1
4305,3.23940,3.14100,3.34300,1.67600,1
4306,5.63734,1.51700,5.42200,1.64300,1
4307,4.07836,1.76600,3.34500,1.62100,1
4308,5.69088,1.22100,4.44600,1.62100,1
4309,6.88938,1.01800,4.79900,1.86100,1
4310,7.28977,1.48100,4.43500,1.69400,1
4311,4.00418,1.94900,3.81700,1.64100,1
4312,3.41705,2.30000,2.02500,1.63200,1
4313,3.46252,2.11700,3.71800,1.66500,1
4314,4.83488,1.35200,3.83900,1.62200,1
4315,3.72428,1.38200,3.20100,1.75300,1
4316,6.68898,1.72400,3.48100,1.63100,1
4317,4.06322,1.48700,3.44800,1.62100,1
4318,3.80285,1.40100,3.67500,1.64600,1
4319,5.93231,1.35200,5.35900,1.66000,1
4320,3.92845,1.06000,4.25500,1.65500,1
4321,3.41371,1.04000,3.43600,1.65900,1
4322,4.60767,1.04300,3.91900,1.69200,1
4323,3.55707,1.18300,2.63200,1.63600,1
4324,4.72889,1.48000,3.17800,1.66700,1
4325,4.69127,1.70100,4.73700,1.65900,1
4326,4.09338,1.61300,2.92200,1.64300,1
4327,3.62496,2.41000,3.96300,1.63200,1
4328,4.23563,1.35900,4.23600,1.63800,1
4329,6.09204,1.88900,6.11000,1.59800,1
4330,4.48228,1.52900,4.40200,1.64600,1
4331,5.96933,1.87300,4.31000,1.65500,1
4332,6.50783,4.45000,6.10600,1.71200,1
4333,4.63441,1.49700,3.93500,1.71200,1
4334,5.30665,1.38000,4.26400,1.69600,1
4335,9.41697,2.76500,7.91800,1.70600,1
4336,4.61041,2.43500,5.94200,1.65700,1
4337,3.07139,2.96500,3.04300,1.63100,1
4338,6.25958,2.22800,3.73000,1.66900,1
4339,5.38821,1.45700,5.34800,1.68800,1
4340,4.90376,2.65700,4.68000,1.67400,1
4341,6.40375,2.08200,5.07400,1.62900,1
4342,2.53176,1.64100,4.11400,1.82500,1
4343,2.87554,1.97300,2.83700,1.66300,1
4344,3.91110,1.16500,3.55900,1.64400,1
4345,3.51260,1.68800,3.43700,1.63500,1
4346,3.70521,1.49500,3.41600,1.63500,1
4347,4.34274,1.59700,3.13700,1.61800,1
4348,1.88812,1.57500,2.50200,1.72100,1
4349,4.92672,1.64300,4.00800,1.64200,1
4350,3.70916,1.94600,4.28300,1.68100,1
4351,3.81274,1.74200,3.67500,1.80200,1
4352,5.06855,1.53500,5.00300,1.66300,1
4353,5.02487,1.38100,4.28400,1.65000,1
4354,4.00917,1.57800,4.61700,1.88100,1
4355,4.72554,1.67100,4.46000,1.61900,1
4356,4.23027,2.13400,4.36800,1.64100,1
4357,5.81728,2.59200,5.53100,1.65800,1
4358,6.03818,1.77300,5.81500,1.63400,1
4359,3.70392,1.58800,3.56600,1.68300,1
4360,4.31278,1.90900,4.13200,1.61800,1
4361,3.66502,1.96900,3.64300,1.64400,1
4362,4.11395,1.22000,4.35100,1.65500,1
4363,5.34797,1.92000,4.26200,1.64900,1
4364,3.76195,1.17000,3.57800,1.62500,1
4365,6.25153,2.02700,5.75800,1.63700,1
4366,3.73808,1.26200,2.98100,1.63700,1
4367,4.13463,2.23500,5.00400,1.62300,1
4368,4.35371,1.87900,3.59600,1.66800,1
4369,3.70966,1.08300,4.08400,1.87000,1
4370,5.53003,2.38900,5.30600,1.63200,1
4371,4.08581,1.27700,3.74000,1.63100,1
4372,4.69720,2.57700,4.76300,1.65600,1
4373,6.70709,3.51100,5.19400,1.81800,1
4374,4.01599,1.26500,3.96700,1.66700,1
4375,4.33083,1.86000,4.15500,1.64900,1
4376,3.11020,1.57300,3.04000,1.62600,1
4377,5.74498,1.79200,2.86600,1.66500,1
4378,5.27855,1.62600,5.21300,1.62500,1
4379,3.07875,1.71900,2.71500,1.63100,1
4380,4.80788,3.05600,4.41900,1.63100,1
4381,5.02641,1.88100,4.93100,1.63100,1
4382,7.03782,1.36900,4.42200,1.65300,1
4383,4.87225,1.83600,5.27500,1.62000,1
4384,4.74302,1.76800,4.76000,1.63200,1
4385,3.76076,1.38600,3.59900,1.60900,1
4386,3.15842,2.29500,3.06900,1.64500,1
4387,4.66555,2.97900,4.26100,1.78500,1
4388,3.65342,2.41900,3.09700,1.78500,1
4389,5.05556,1.44900,5.21800,1.62900,1
4390,3.12868,1.60900,2.76300,1.66800,1
4391,5.28218,1.48300,4.90200,1.64300,1
4392,5.51714,1.41200,4.69300,1.62000,1
4393,4.79926,1.36100,4.57900,1.66700,1
4394,2.35444,1.70200,2.51700,1.64600,1
4395,3.69391,1.29300,3.16900,1.66100,1
4396,3.59902,0.90700,2.92400,1.60600,1
4397,3.12011,1.11300,3.22600,1.64000,1
4398,1.86417,1.34600,1.85300,1.64000,1
4399,8.05902,1.01000,4.78300,1.63900,1
4400,2.26908,1.11500,2.56700,1.62400,1
4401,4.68484,1.62300,4.18100,1.64400,1
4402,3.27546,1.82800,3.40600,1.67900,1
4403,3.13426,1.02000,3.02500,1.80600,1
4404,4.55558,1.57400,4.34000,1.80100,1
4405,3.05647,1.67700,3.02000,1.80100,1
4406,10.58432,1.97300,10.36900,1.69500,1
4407,5.60464,2.98900,5.65200,1.67200,1
4408,3.96518,3.12200,4.08400,1.67700,1
4409,2.88617,1.90000,2.97300,1.66600,1
4410,4.02684,1.13400,4.02400,1.87800,1
4411,3.25668,1.27800,2.63800,1.64000,1
4412,2.65729,1.26300,2.58900,1.64100,1
4413,3.97430,0.97000,4.00900,1.58700,1
4414,2.30689,1.83000,2.19900,1.63200,1
4415,3.03564,1.33200,3.05000,1.82600,1
4416,2.63408,1.31500,2.58300,1.60800,1
4417,3.78659,1.44100,3.40500,1.66800,1
4418,2.63650,1.26500,2.52500,1.68500,1
4419,5.57187,0.93100,4.87400,1.62900,1
4420,3.03476,1.86900,3.04000,1.82600,1
4421,2.72317,1.61400,2.71800,1.76300,1
4422,2.21204,0.86400,2.21200,1.64900,1
4423,2.23510,0.79100,2.23700,1.64000,1
4424,2.02480,1.38800,1.96200,1.60500,1
4425,2.64989,0.91600,2.32500,1.60500,1
4426,3.09677,0.66500,2.97000,1.84500,1
4427,2.84724,0.76700,2.60700,1.66000,1
4428,3.66148,1.05200,3.18700,1.64600,1
4429,4.31435,1.66000,4.32000,1.61800,1
4430,3.83652,1.28700,2.83700,1.61800,1
4431,6.18661,1.00000,6.22500,1.82100,1
4432,4.24376,1.26600,4.06400,1.61900,1
4433,3.70382,0.92100,3.81300,1.62700,1
4434,3.86809,2.04400,3.86200,1.58000,1
4435,3.31079,1.78300,3.01900,1.83100,1
4436,4.01125,1.37000,4.35200,1.67100,1
4437,2.85105,1.24100,2.71000,1.64900,1
4438,5.09005,1.78100,5.06500,1.63400,1
4439,4.15876,1.91500,3.53800,1.81400,1
4440,5.61475,1.12500,5.84200,1.83700,1
4441,5.39848,2.47800,5.39000,1.63900,1
4442,3.89595,2.89600,3.87300,1.66300,1
4443,4.16642,1.51500,3.24700,1.63000,1
4444,4.38140,2.08400,4.58100,1.63600,1
4445,4.89640,1.07500,4.83700,1.63500,1
4446,4.19519,1.90300,3.34000,1.64000,1
4447,6.00310,0.98400,5.53500,1.84800,1
4448,3.16661,1.66600,2.85000,1.62500,1
4449,3.41098,2.59600,3.21500,1.62500,1
4450,4.77592,1.47500,5.19300,1.84800,1
4451,3.44672,1.69900,2.49700,1.62400,1
4452,4.70269,1.41600,4.21200,1.61600,1
4453,2.20562,1.64300,2.27300,1.72100,1
4454,4.09095,0.95400,3.95400,1.72100,1
4455,4.62855,0.87300,3.61900,1.64400,1
4456,4.97584,0.87000,4.97900,1.63300,1
4457,3.52691,1.72100,3.53500,1.63800,1
4458,3.18143,1.20100,3.19100,1.62800,1
4459,3.40952,1.12700,2.71900,1.63300,1
4460,2.73728,1.28700,2.68800,1.65800,1
4461,3.96664,1.78200,3.53300,1.59800,1
4462,3.56359,1.50500,3.77400,1.57300,1
4463,2.66700,1.16300,2.61100,1.64700,1
4464,2.30155,1.16000,2.17900,1.65700,1
4465,2.78868,1.67800,2.90800,1.78100,1
4466,3.71969,0.98800,3.71300,1.60100,1
4467,3.57635,1.37600,3.51200,1.63000,1
4468,4.96318,1.21500,4.88000,1.64700,1
4469,2.71722,1.79800,2.55600,1.64700,1
4470,4.20716,1.24600,3.37800,1.64000,1
4471,3.33056,1.13900,3.72100,1.62300,1
4472,4.66799,1.51600,4.59000,1.67500,1
4473,2.49621,1.68300,2.52600,1.83300,1
4474,4.00221,1.34800,3.36700,1.82000,1
4475,6.19730,1.81800,5.33700,1.62900,1
4476,3.19118,1.29700,2.73500,1.64600,1
4477,2.75118,1.28700,2.72100,1.64600,1
4478,7.58945,1.35900,5.43000,1.66600,1
4479,4.50111,1.54300,3.38800,1.65800,1
4480,2.99258,1.88600,3.08900,1.65200,1
4481,3.03686,1.73500,2.57000,1.82800,1
4482,2.05399,1.41800,2.53000,1.80300,1
4483,2.90039,1.20300,2.48400,1.80300,1
4484,2.79022,2.22300,2.40700,1.70200,1
4485,4.33960,1.31000,3.60900,1.63800,1
4486,2.90355,1.42400,2.64800,1.81200,1
4487,4.95722,2.30100,4.61300,1.65800,1
4488,4.81658,3.31200,4.94300,1.62100,1
4489,3.34193,0.94800,3.08100,1.62600,1
4490,4.11167,1.40800,3.92200,1.64600,1
4491,3.56314,2.56800,3.68800,1.76500,1
4492,3.32530,3.08200,2.78800,1.76500,1
4493,5.06034,1.80600,4.83100,1.61200,1
4494,4.90150,1.51800,3.81900,1.64400,1
4495,4.11649,2.02400,4.03700,1.64600,1
4496,3.09756,1.19700,3.02200,1.59000,1
4497,3.40026,2.06100,3.37000,1.65800,1
4498,2.80165,2.24400,2.92100,1.61700,1
4499,3.75660,2.41200,3.79000,1.64900,1
4500,3.97503,0.93100,3.29300,1.79200,1
4501,3.08691,1.51100,2.41800,1.64400,1
4502,3.26180,1.45900,3.33400,1.62400,1
4503,3.07630,1.46400,3.06500,1.63600,1
4504,3.75949,1.91500,3.31500,1.83300,1
4505,2.89369,1.74400,2.76400,1.65400,1
4506,2.57106,1.13700,1.96800,1.62000,1
4507,2.51078,0.76100,2.61900,1.67700,1
4508,4.18490,0.84400,3.72200,1.65500,1
4509,2.92489,2.00700,3.13400,1.65900,1
4510,2.23177,0.91300,2.35400,1.65900,1
4511,2.78946,1.05300,2.48500,1.70600,1
4512,2.77231,0.79400,2.47300,1.64100,1
4513,2.70261,0.75000,2.26800,1.63600,1
4514,4.29690,0.83800,4.27600,1.64000,1
4515,2.92563,1.65100,2.98000,1.81600,1
4516,4.18014,1.55000,3.66600,1.62500,1
4517,3.48865,3.52800,3.57200,1.63300,1
4518,3.09880,1.42200,2.32000,1.61400,1
4519,4.01393,1.91100,3.62500,1.63400,1
4520,4.04671,0.90600,2.53500,1.64600,1
4521,2.33346,1.77500,2.71600,1.76800,1
4522,2.56063,2.45800,2.37700,1.62900,1
4523,2.64065,1.51900,2.67800,1.62900,1
4524,3.33933,2.34300,3.27600,1.64200,1
4525,3.38456,0.76200,3.44400,1.63500,1
4526,3.96339,1.78700,3.76300,1.62100,1
4527,3.32183,1.22700,3.05200,1.65500,1
4528,4.62486,1.25500,3.89500,1.65900,1
4529,1.93009,1.11400,2.12700,1.63900,1
4530,5.25518,1.20200,2.38100,1.63900,1
4531,6.71318,1.33700,4.36100,1.64000,1
4532,4.62252,1.01200,4.24700,1.62300,1
4533,5.70716,1.98600,5.79600,1.90500,1
4534,6.92569,2.23200,5.37100,1.62000,1
4535,10.41093,2.97100,10.81600,1.67500,1
4536,5.02979,2.60600,5.15700,1.66200,1
4537,2.97902,2.07700,2.99900,1.68000,1
4538,4.95862,1.42900,4.55400,1.61800,1
4539,5.26252,1.89200,4.27300,1.70400,1
4540,2.45795,1.98100,2.65700,1.64100,1
4541,4.39205,2.15000,2.66700,1.61700,1
4542,3.00216,1.90700,3.06300,1.63400,1
4543,3.15320,1.03400,2.90100,1.85600,1
4544,2.85764,1.24200,3.08500,1.77600,1
4545,3.30767,1.42100,3.06200,1.65300,1
4546,2.68027,1.18400,2.47500,1.65000,1
4547,2.75908,0.94100,2.25200,1.64200,1
4548,3.59083,0.73400,3.24400,1.81800,1
4549,3.05219,1.23700,2.97300,1.63600,1
4550,3.05334,0.72600,2.67300,1.65300,1
4551,3.93665,1.31300,3.88500,1.64700,1
4552,3.25718,1.07800,3.09000,1.62600,1
4553,2.67006,1.88200,2.66900,1.62000,1
4554,3.82542,1.27300,3.16700,1.66000,1
4555,2.43936,0.74600,2.79900,1.65500,1
4556,5.24326,0.95100,5.19300,1.63600,1
4557,4.09376,1.93300,4.04600,1.62900,1
4558,5.48890,1.38200,2.54100,1.65700,1
4559,3.71280,1.65000,3.49100,1.65700,1
4560,6.81040,1.74200,5.30200,1.65000,1
4561,4.17355,2.02800,4.12300,1.82200,1
4562,3.87337,3.22000,3.77100,1.65600,1
4563,4.09829,1.40400,3.98800,1.63800,1
4564,4.12980,1.45200,4.08500,1.63300,1
4565,4.02493,1.55900,3.98200,1.84500,1
4566,4.85885,1.12500,4.21800,1.63600,1
4567,6.02234,0.79600,5.99200,1.63800,1
4568,4.91827,2.47100,5.51500,1.69100,1
4569,3.99539,2.48800,3.56400,1.80000,1
4570,5.57473,1.02200,4.87500,1.62600,1
4571,3.85169,1.87600,4.27800,1.65600,1
4572,4.74393,1.90100,5.10300,1.63400,1
4573,3.36838,2.22700,3.06600,1.64100,1
4574,3.30438,0.96400,3.59700,1.64400,1
4575,3.13179,1.75500,2.66700,1.68200,1
4576,2.71413,1.56100,2.38400,1.68200,1
4577,4.79761,1.18200,2.95500,1.62300,1
4578,2.64558,2.02300,2.65100,1.63100,1
4579,3.36529,2.10100,3.08700,1.62300,1
4580,2.61833,2.50000,2.37800,1.71900,1
4581,4.28757,1.64600,3.43000,1.62700,1
4582,4.02404,1.73700,3.17600,1.64300,1
4583,2.57309,1.77800,2.73000,1.65700,1
4584,5.08564,1.58000,4.82600,1.62300,1
4585,3.34384,1.27200,3.31400,1.64600,1
4586,4.31957,1.15200,2.92600,1.81500,1
4587,3.38227,3.10600,3.33900,1.79200,1
4588,2.79543,2.89300,2.92600,1.64400,1
4589,5.09199,1.83900,4.51300,1.66100,1
4590,3.24984,1.26800,2.73000,1.62000,1
4591,2.94281,1.44500,2.73600,1.60500,1
4592,3.71965,2.11800,3.66700,1.63600,1
4593,3.54126,1.67600,3.19200,1.63600,1
4594,4.49021,0.93900,4.09100,1.68800,1
4595,5.60554,1.34600,5.77000,1.87500,1
4596,3.35511,1.78900,3.05600,1.65600,1
4597,4.43037,1.32200,3.96200,1.64100,1
4598,5.58828,2.97800,4.62500,1.63600,1
4599,5.20285,2.16500,6.00100,1.86000,1
4600,4.84753,1.79100,4.72800,1.68400,1
4601,5.05888,2.77000,5.18400,1.63000,1
4602,4.12493,1.33000,3.79000,1.84800,1
4603,3.20230,1.41200,3.09700,1.86600,1
4604,4.87012,1.11100,4.62700,1.62200,1
4605,3.26588,1.57300,3.31600,1.62400,1
4606,2.27000,1.58800,2.41000,1.62400,1
4607,4.97636,1.80300,4.33300,1.65900,1
4608,7.34370,2.27300,4.50500,1.63200,1
4609,4.60542,3.45000,5.09500,1.64600,1
4610,5.47704,2.25700,5.28400,1.64700,1
4611,5.90511,2.30500,5.24300,1.62800,1
4612,5.01769,1.12300,5.04100,1.67300,1
4613,5.78148,1.30100,5.17100,1.63900,1
4614,4.77110,2.56800,4.71400,1.64300,1
4615,6.54922,1.61800,6.48200,1.59900,1
4616,3.35055,2.10500,3.05000,1.59900,1
4617,5.03699,2.55000,4.90700,1.62200,1
4618,5.42590,1.56100,5.38800,1.59800,1
4619,4.03117,1.22100,4.04700,1.60900,1
4620,4.46520,1.35300,4.31100,1.67700,1
4621,4.89110,3.15700,4.55800,1.64300,1
4622,4.45408,2.21200,4.37600,1.63900,1
4623,4.67686,2.53600,4.93600,1.82800,1
4624,4.21825,1.69400,3.41700,1.64100,1
4625,4.51024,1.99000,5.00600,1.63900,1
4626,5.29038,2.38800,3.72100,1.64500,1
4627,3.64208,2.88600,4.48000,1.68200,1
4628,6.73876,1.75400,6.59400,1.70000,1
4629,6.24760,1.24400,5.48100,1.63900,1
4630,4.94657,1.18300,4.13700,1.79600,1
4631,5.84087,1.03000,5.83600,1.60100,1
4632,4.68859,1.26900,3.86200,1.66300,1
4633,4.49466,1.23000,4.53700,1.71100,1
4634,5.85138,1.57200,4.37400,1.68500,1
4635,4.76303,3.80800,4.94800,1.61400,1
4636,5.65524,1.69800,5.08800,1.64800,1
4637,5.10857,1.16900,5.11300,1.67400,1
4638,5.88000,1.65800,4.35600,1.61200,1
4639,5.38468,1.16400,6.82000,1.61800,1
4640,4.88263,2.02500,4.66900,1.64800,1
4641,9.09094,1.92900,8.64900,1.61100,1
4642,6.62637,3.06100,6.57300,2.04700,1
4643,4.89691,3.76200,5.00300,1.67800,1
4644,3.86384,2.66700,3.49800,1.66100,1
4645,5.26300,1.78800,5.68300,1.83100,1
4646,3.18253,2.07400,3.19700,1.62000,1
4647,3.56668,1.93300,2.91300,1.62200,1
4648,4.95014,1.58300,5.21500,1.65000,1
4649,2.83035,1.91800,2.64700,1.65000,1
4650,3.48170,1.26300,3.00300,1.67300,1
4651,4.98885,1.22100,4.92700,1.68400,1
4652,3.45648,1.79900,3.65800,1.62600,1
4653,4.05297,1.07300,3.45900,1.78400,1
4654,2.94648,1.85800,2.31900,1.78400,1
4655,3.54086,2.10100,3.20500,1.63200,1
4656,5.12956,1.13400,4.32000,1.62400,1
4657,2.69509,0.80700,3.48000,1.67300,1
4658,2.97295,0.99600,3.09900,1.64900,1
4659,3.60020,1.30000,3.46500,1.66300,1
4660,4.98582,1.11600,4.18600,1.68400,1
4661,3.65988,1.42200,3.48700,1.69800,1
4662,4.63771,1.05400,4.63200,1.61700,1
4663,3.87375,3.22600,3.84100,1.64400,1
4664,4.83232,2.64800,3.05200,1.62700,1
4665,4.16998,2.29600,4.27800,1.62400,1
4666,3.70365,1.28900,3.44300,1.81700,1
4667,3.72885,1.74100,3.47900,1.65500,1
4668,7.00387,1.02600,6.55300,1.70900,1
4669,5.56283,1.78000,4.71600,1.72700,1
4670,5.11288,3.10500,5.08000,1.64700,1
4671,3.65807,1.87000,3.46400,1.64700,1
4672,6.36940,1.97500,4.93600,1.62600,1
4673,4.35281,1.37000,3.58300,1.65900,1
4674,3.10432,1.39300,3.04700,1.65900,1
4675,5.46819,3.13100,4.79300,1.68200,1
4676,4.39516,1.96700,3.48800,1.85800,1
4677,4.67878,1.35400,4.40600,1.67700,1
4678,5.76203,1.16700,4.09600,1.67800,1
4679,3.65237,1.96700,3.68400,1.59000,1
4680,4.24640,2.28800,4.33800,1.80300,1
4681,5.64331,2.20900,5.16700,1.63900,1
4682,4.33120,2.10900,4.44300,1.73000,1
4683,4.23840,1.42600,4.21500,1.63200,1
4684,3.15976,2.01000,2.91800,1.62300,1
4685,3.50491,1.81800,3.77800,1.68600,1
4686,4.25762,1.94600,3.39900,1.63700,1
4687,4.36720,1.42300,4.51600,1.83000,1
4688,5.24313,1.97800,5.17400,1.66800,1
4689,5.45826,3.82100,4.67500,1.63500,1
4690,4.62929,2.74400,4.97400,1.63500,1
4691,4.02125,1.26100,4.35900,1.66500,1
4692,3.34183,1.82500,3.25900,1.63900,1
4693,3.81278,1.89500,4.04700,1.62600,1
4694,5.52002,2.18600,4.60900,1.64600,1
4695,4.51202,3.68200,5.26200,1.64100,1
4696,4.03071,1.66100,3.26700,1.81900,1
4697,3.25123,1.91700,2.95200,1.66600,1
4698,3.21650,2.71600,2.57900,1.66600,1
4699,3.78167,1.23300,3.44600,1.65000,1
4700,3.75897,1.51900,3.92900,1.62300,1
4701,5.55690,1.49100,4.01000,1.67100,1
4702,1.53578,2.14500,2.36800,1.67100,1
4703,3.37381,0.96200,3.63500,1.66100,1
4704,4.24164,1.11500,2.99100,1.84200,1
4705,2.59731,1.76500,2.75300,1.84200,1
4706,3.92274,1.47600,3.30400,1.64500,1
4707,5.31507,2.33900,5.06400,1.69300,1
4708,3.68018,1.38700,3.55000,1.66500,1
4709,2.99049,1.22900,3.26100,1.68400,1
4710,3.40275,1.81400,2.94800,1.68400,1
4711,4.90796,1.13200,5.14700,1.63100,1
4712,4.38085,1.57500,3.63200,1.62700,1
4713,4.33955,1.12800,4.44500,1.79800,1
4714,3.55501,2.41200,3.15500,1.63700,1
4715,4.09093,0.99700,4.07800,1.64800,1
4716,4.07017,1.38400,4.02200,1.64600,1
4717,4.00286,1.40800,3.99000,1.60900,1
4718,4.71239,0.93200,4.33800,1.65700,1
4719,3.24112,0.87700,2.97000,1.63900,1
4720,2.76490,1.55700,2.63700,1.63900,1
4721,5.73549,1.43200,4.55500,1.83000,1
4722,4.09703,3.70900,3.81600,1.65300,1
4723,5.04850,1.71300,3.05800,1.67600,1
4724,2.01081,1.60800,3.70700,1.63900,1
4725,3.83706,1.32100,3.72900,1.63900,1
4726,2.43703,1.31900,1.97100,1.63900,1
4727,4.33659,0.98200,3.44500,1.64800,1
4728,4.36475,2.53400,4.11100,1.62400,1
4729,4.37990,2.09500,4.37300,1.64200,1
4730,3.72604,1.64000,3.58800,1.65800,1
4731,5.25041,2.48300,5.19000,1.65000,1
4732,4.50055,2.85400,4.58100,1.66700,1
4733,4.58087,2.84700,3.72300,1.81700,1
4734,3.35440,1.83300,2.93800,1.81700,1
4735,4.55418,1.74500,4.13700,1.60900,1
4736,3.31436,0.99900,3.59600,1.68200,1
4737,6.30348,1.20800,5.39700,1.60400,1
4738,3.77656,1.03100,3.52200,1.81400,1
4739,4.55614,1.27800,4.54100,1.64300,1
4740,2.38963,2.25400,2.57400,1.62200,1
4741,3.87347,1.48700,2.78800,1.83600,1
4742,3.12639,1.51700,2.44700,1.63700,1
4743,2.86567,1.19800,3.13300,1.67700,1
4744,3.13110,1.23800,2.92700,1.66600,1
4745,6.20976,1.30800,5.24000,1.64000,1
4746,4.54402,1.55300,3.88600,1.84500,1
4747,2.89746,1.74200,2.57800,1.65300,1
4748,2.33690,1.28200,2.31000,1.65300,1
4749,6.65475,1.29100,6.18700,1.64400,1
4750,5.09089,3.58800,4.44500,1.70400,1
4751,3.87259,0.97200,3.65700,1.70400,1
4752,5.96925,1.31400,4.56300,1.67000,1
4753,6.36973,3.07200,6.97500,1.71900,1
4754,4.36502,3.76500,4.47900,1.88200,1
4755,3.15608,2.50300,3.27700,1.67300,1
4756,3.84078,1.32900,3.24400,1.63300,1
4757,3.49729,1.53400,3.44700,1.63300,1
4758,4.34427,1.49600,2.71300,1.66200,1
4759,3.62169,1.22300,2.98800,1.66200,1
4760,4.40729,0.87800,3.50000,1.64400,1
4761,5.39605,0.87700,2.90600,1.83600,1
4762,2.34642,0.96500,3.37500,1.80800,1
4763,3.35832,1.82600,3.01600,1.61900,1
4764,2.75491,1.20600,3.09900,1.60700,1
4765,4.97764,1.04300,4.83100,1.63900,1
4766,3.89902,1.04000,3.71700,1.81800,1
4767,4.04051,0.95300,4.03900,1.66000,1
4768,3.84388,0.84900,3.84200,1.61800,1
4769,4.19589,0.89000,3.28900,1.64200,1
4770,7.99285,2.26500,6.16000,1.82700,1
4771,6.82329,0.95300,6.21200,1.64200,1
4772,3.77709,1.95200,4.19100,1.64200,1
4773,5.09011,2.19100,4.86300,1.58500,1
4774,5.07317,1.14100,4.49700,1.68200,1
4775,7.56282,2.25400,7.34500,1.72000,1
4776,5.25245,2.92500,4.95700,1.79200,1
4777,3.98957,2.99200,4.27800,1.65800,1
4778,4.70135,2.88300,4.47000,1.67500,1
4779,3.58934,1.26300,3.53000,1.62100,1
4780,3.29614,2.44200,3.46600,1.65700,1
4781,3.96230,2.13800,3.74900,1.67200,1
4782,4.99708,2.76100,5.26900,1.62300,1
4783,5.26437,1.46100,5.28100,1.77900,1
4784,3.94825,1.93200,3.96900,1.80100,1
4785,4.23714,1.58500,4.24200,1.65500,1
4786,6.59208,1.54400,6.04000,1.64800,1
4787,4.35946,1.17400,3.78100,1.65000,1
4788,4.20212,2.20200,4.19500,1.61900,1
4789,5.16194,1.50100,4.69200,1.62800,1
4790,4.44667,1.61800,2.86900,1.63000,1
4791,2.57073,1.85900,3.11000,1.81900,1
4792,4.82095,1.94000,4.68100,1.61500,1
4793,3.69640,1.19600,3.94500,1.65800,1
4794,4.18702,2.24200,3.94800,1.80200,1
4795,2.32962,1.71900,2.21500,1.63900,1
4796,3.76008,1.17300,3.86300,1.65600,1
4797,3.83786,1.25100,3.16400,1.62600,1
4798,4.60378,2.11200,4.35200,1.66500,1
4799,3.47054,2.23400,2.99200,1.83400,1
4800,5.34975,2.67900,5.29200,1.71200,1
4801,4.43832,1.65700,4.65700,1.65600,1
4802,4.14310,1.68600,3.84300,1.60900,1
4803,4.74345,1.45800,4.24500,1.65100,1
4804,8.06283,1.08800,7.88400,1.63900,1
4805,2.75497,1.99300,2.89900,1.69200,1
4806,3.28208,1.81300,3.17800,1.83300,1
4807,3.27613,1.09800,3.21000,1.76400,1
4808,2.81296,1.32400,2.84300,1.63700,1
4809,3.94051,1.34300,3.50100,1.63700,1
4810,4.25081,1.58800,4.22400,1.65500,1
4811,4.70766,1.76600,3.66700,1.65300,1
4812,3.70181,1.05700,3.42600,1.66000,1
4813,3.11845,0.97300,3.01600,1.60000,1
4814,4.07496,1.51800,3.93500,1.68000,1
4815,2.98788,1.62400,2.80800,1.84000,1
4816,4.53463,1.94400,4.54600,1.65500,1
4817,3.01251,1.59800,2.85000,1.64800,1
4818,4.81554,1.27900,4.88400,1.63400,1
4819,3.46269,0.98600,2.62500,1.65300,1
4820,2.64634,1.72300,2.35700,1.65300,1
4821,2.51641,0.74100,2.28200,1.61900,1
4822,4.69705,1.03500,3.97600,1.64300,1
4823,1.80154,1.67700,2.08000,1.64300,1
4824,5.58307,1.41700,5.16300,1.63200,1
4825,4.75032,2.34500,4.87800,1.80600,1
4826,2.79241,1.46800,2.83600,1.80600,1
4827,7.77443,1.28900,4.49000,1.65900,1
4828,3.27617,1.71100,3.26000,1.88800,1
4829,3.68962,1.47400,3.69600,1.62100,1
4830,5.59893,1.12400,3.35200,1.62100,1
4831,5.85931,1.14800,5.61900,1.81000,1
4832,4.47350,0.85900,4.04800,1.81300,1
4833,4.53030,2.19900,4.27900,1.65000,1
4834,4.16733,2.32900,4.13200,1.64300,1
4835,3.79369,1.88100,3.47200,1.84800,1
4836,3.92031,1.11700,3.63600,1.66300,1
4837,4.39729,2.21000,3.95300,1.62800,1
4838,3.72983,1.33100,3.82400,1.63400,1
4839,4.42201,1.67800,2.52100,1.61500,1
4840,2.58446,2.14900,2.85100,1.61500,1
4841,3.29525,2.14200,2.75500,1.64900,1
4842,3.60780,3.11900,3.53800,1.66900,1
4843,3.02752,1.08500,2.99100,1.64600,1
4844,3.81999,2.02700,3.63500,1.65400,1
4845,4.55987,1.78500,3.48800,1.63300,1
4846,3.83254,2.22400,4.11300,1.62000,1
4847,4.18411,1.32000,3.96800,1.61400,1
4848,2.62756,1.26400,2.76900,1.66500,1
4849,6.41080,1.44800,5.36300,1.63200,1
4850,4.93225,2.76000,5.46700,1.71000,1
4851,2.73438,2.55700,2.90600,1.63100,1
4852,4.79326,1.49400,4.24400,1.82200,1
4853,3.42681,1.12900,3.46100,1.63600,1
4854,3.33022,1.19900,3.34000,1.63200,1
4855,2.86438,0.89000,2.81700,1.62400,1
4856,3.26307,1.20700,2.59900,1.64000,1
4857,3.21253,1.35500,2.94100,1.83900,1
4858,5.07808,3.07100,5.06900,1.82200,1
4859,6.24889,0.98500,6.03500,1.64400,1
4860,2.34271,1.20400,2.38300,1.64000,1
4861,2.37669,1.14700,1.95100,1.64000,1
4862,7.33277,1.58500,6.86100,1.66900,1
4863,4.31089,2.98300,3.43900,1.67500,1
4864,3.96438,2.05200,3.82300,1.63500,1
4865,6.42731,2.03800,6.14700,1.94700,1
4866,10.16823,4.69900,5.70600,1.71000,1
4867,3.12152,3.89400,3.07100,1.68700,1
4868,6.65236,1.53900,4.81400,1.74000,1
4869,2.97824,1.23000,2.50600,1.62300,1
4870,3.78278,1.26800,3.40000,1.59900,1
4871,3.75622,2.97600,3.73000,1.81200,1
4872,3.76084,1.56700,3.73500,1.62100,1
4873,3.58052,1.97100,3.60700,1.67100,1
4874,3.21584,1.68100,3.21800,1.62400,1
4875,3.23722,0.77500,3.23500,1.60600,1
4876,2.14720,0.82500,2.14900,1.60600,1
4877,3.51795,1.49100,3.50800,1.67400,1
4878,3.01037,0.79200,2.34700,1.63100,1
4879,3.39389,1.24700,2.91600,1.62000,1
4880,2.50270,0.99100,2.43800,1.61300,1
4881,4.28216,1.35900,4.19600,1.82800,1
4882,3.36606,1.34900,2.78700,1.62800,1
4883,4.13085,1.00800,3.98300,1.62900,1
4884,4.63252,0.96300,4.58500,1.65900,1
4885,4.44838,1.74500,4.47000,1.85900,1
4886,4.45634,1.47800,3.07100,1.64100,1
4887,3.49517,1.38200,2.86300,1.63400,1
4888,4.84907,1.29200,5.11600,1.63200,1
4889,3.75605,1.37800,3.35500,1.63200,1
4890,5.04969,2.28500,5.48100,1.68100,1
4891,3.33309,1.42200,3.26900,1.64300,1
4892,6.12257,1.54400,5.23300,1.64900,1
4893,3.88643,1.51200,2.60000,1.63200,1
4894,3.98511,1.76700,4.02500,1.62800,1
4895,4.74702,1.48800,4.60100,1.63700,1
4896,3.57616,1.29900,3.66100,1.62900,1
4897,6.86887,2.78900,5.48800,1.62600,1
4898,3.35435,2.46100,3.69700,1.62600,1
4899,2.88543,1.69100,2.75700,1.70900,1
4900,4.91718,1.51500,4.08100,1.63000,1
4901,3.90366,1.67500,3.82700,1.63700,1
4902,4.19336,1.71500,4.25100,1.66100,1
4903,4.05638,1.04000,4.04100,1.64200,1
4904,4.96435,1.28200,3.68300,1.86100,1
4905,3.83000,2.21500,4.08800,1.65400,1
4906,4.99343,0.94000,4.87200,1.72100,1
4907,3.99537,0.88500,3.58200,1.65800,1
4908,3.25904,1.10800,3.39200,1.80700,1
4909,6.37848,0.87600,6.33400,1.61400,1
4910,5.25539,1.43100,4.65100,1.64500,1
4911,6.15498,1.95000,5.96300,1.68200,1
4912,3.66522,1.90700,3.76900,1.62400,1
4913,3.96017,1.17100,3.61000,1.70400,1
4914,6.50583,1.91400,4.68000,1.65200,1
4915,6.04531,1.67600,3.17800,1.63900,1
4916,3.65495,2.04800,3.08400,1.62800,1
4917,5.19477,1.14300,4.99800,1.64600,1
4918,5.36225,1.35700,4.48000,1.65800,1
4919,5.81510,1.71900,5.29900,1.64300,1
4920,2.84580,1.21400,2.58100,1.63400,1
4921,3.90671,2.02700,4.07100,1.64000,1
4922,5.58787,1.69500,5.48900,1.84700,1
4923,5.77699,1.74300,5.34200,1.64200,1
4924,5.16699,3.47200,5.14500,1.65300,1
4925,4.80555,2.76400,4.69900,1.87800,1
4926,8.66873,1.56300,8.66600,1.67200,1
4927,3.52530,3.23600,2.94200,1.61600,1
4928,5.25672,1.07600,4.49800,1.67000,1
4929,4.56399,1.88900,4.65800,1.65200,1
4930,4.22168,2.25600,3.81900,1.65500,1
4931,6.53900,1.44900,4.92000,1.82400,1
4932,3.95866,1.86400,3.54100,1.66000,1
4933,3.88544,2.82200,4.00000,1.65000,1
4934,3.12897,1.35500,2.97200,1.64600,1
4935,3.48996,2.02700,3.52400,1.63000,1
4936,2.63505,2.69600,2.58900,1.63600,1
4937,3.43160,0.97600,3.30700,1.62300,1
4938,2.97466,1.34500,2.52100,1.61700,1
4939,3.06126,0.90200,2.73700,1.61700,1
4940,4.29306,1.05000,4.06100,1.85600,1
4941,5.61264,1.53100,4.07800,1.67800,1
4942,4.41957,2.00400,3.71400,1.63200,1
4943,3.86233,1.77300,4.45600,1.59700,1
4944,3.30801,2.16900,3.15200,1.62100,1
4945,3.08785,1.20000,3.27400,1.65500,1
4946,3.50438,1.21300,2.91300,1.63800,1
4947,4.76186,1.29000,4.75800,1.60000,1
4948,5.09096,1.65000,4.94200,1.63900,1
4949,3.41273,1.85700,2.87700,1.98000,1
4950,4.03106,1.95100,3.90700,1.63600,1
4951,3.58137,3.39000,2.95300,1.61200,1
4952,3.01242,1.77900,3.03400,1.62000,1
4953,4.51432,1.58500,4.49700,1.67200,1
4954,5.03278,2.89400,4.85800,1.64000,1
4955,4.74159,1.21500,4.77800,1.68900,1
4956,4.03220,0.93300,3.96400,1.59200,1
4957,3.18029,1.89200,3.20300,1.59200,1
4958,4.33785,2.55000,4.25700,1.67600,1
4959,4.52001,2.27200,4.03500,1.64300,1
4960,3.05621,1.24200,3.32900,1.63300,1
4961,2.91186,2.65600,2.97500,1.63300,1
4962,5.00296,1.28300,3.38000,1.64100,1
4963,7.23977,2.16300,6.52200,1.64100,1
4964,8.55977,4.24800,9.16400,1.84600,1
4965,3.91435,3.36200,3.16600,1.68800,1
4966,2.40577,1.95000,2.37300,1.67300,1
4967,2.33945,2.08600,2.34200,1.64600,1
4968,3.74350,1.45000,2.94300,1.61900,1
4969,3.97251,1.38600,3.83100,1.66800,1
4970,3.62340,1.23700,3.34100,1.69100,1
4971,3.47722,3.08700,3.74100,1.66700,1
4972,3.86943,1.50700,3.08900,1.61600,1
4973,3.58752,1.37000,3.48800,1.80900,1
4974,3.75372,1.18700,3.17800,1.62900,1
4975,3.58135,1.14900,3.26300,1.64400,1
4976,3.98731,1.66900,4.14000,1.66100,1
4977,3.25596,2.15800,3.16500,1.62700,1
4978,3.97305,2.22500,4.00300,1.66400,1
4979,4.31420,1.54100,3.68100,1.61300,1
4980,2.49749,1.68600,2.61000,1.61300,1
4981,4.29904,0.98700,4.62700,1.61100,1
4982,3.00505,1.50000,2.77100,1.82100,1
4983,3.21632,2.40300,2.47500,1.82100,1
4984,4.59200,1.59500,4.82200,1.67500,1
4985,2.50923,1.06200,2.56300,1.68000,1
4986,2.43129,1.56800,2.30300,1.60900,1
4987,3.82980,1.48700,3.95600,1.83700,1
4988,2.33815,1.56700,2.32900,1.59700,1
4989,3.16491,1.87800,2.74800,1.74500,1
4990,4.52847,2.03600,4.13800,1.63500,1
4991,3.88525,1.42100,3.48100,1.61600,1
4992,2.80086,0.95200,2.24100,1.85200,1
4993,2.83859,1.24500,2.82900,1.67700,1
4994,2.97372,1.91600,2.97700,1.67400,1
4995,4.78629,1.17900,4.54600,1.59900,1
4996,2.95328,1.46000,2.96400,1.62100,1
4997,4.78556,2.25900,4.81400,1.66200,1
4998,4.40317,1.33300,4.05500,1.62900,1
4999,3.90827,1.10000,2.75100,1.63600,1
5000,3.43231,0.85200,4.48800,1.61800,1
5001,3.34177,1.00500,3.30100,1.78500,1
5002,2.92775,0.84400,2.92900,1.78500,1
5003,3.47228,1.05700,3.46000,1.66700,1
5004,2.76631,0.81800,2.76700,1.65800,1
5005,4.99870,0.88100,4.60600,1.65800,1
5006,5.73811,1.60100,5.40700,1.64400,1
5007,3.99067,1.29300,3.38100,1.64400,1
5008,2.80299,0.88200,3.33500,1.63000,1
5009,4.68085,1.67600,4.38900,1.63000,1
5010,5.85969,2.66100,5.41300,1.62600,1
5011,4.75906,3.34700,4.14700,1.65400,1
5012,2.23531,1.00200,2.80300,1.70200,1
5013,4.66635,1.49900,3.69100,1.79100,1
5014,4.00192,2.02200,4.21000,1.62400,1
5015,3.04085,1.81800,3.14900,1.64200,1
5016,3.27640,1.05700,3.10400,1.61600,1
5017,3.98861,1.64300,4.02500,1.62500,1
5018,2.69066,1.51400,2.60200,1.62500,1
5019,3.77847,0.81100,3.93900,1.66300,1
5020,3.57865,1.42800,2.79100,1.64100,1
5021,3.57654,1.48100,3.25500,1.65200,1
5022,4.28261,1.20100,3.30700,1.80500,1
5023,5.79245,1.22800,5.64900,1.70900,1
5024,5.31033,1.39500,4.48100,1.61800,1
5025,4.69551,3.70800,3.99400,1.64200,1
5026,4.98181,3.76200,5.37500,1.82000,1
5027,3.09280,1.34100,2.81400,1.61300,1
5028,5.92463,1.90200,5.66600,1.64700,1
5029,4.01189,1.77300,4.08300,1.60400,1
5030,4.51329,1.40500,4.61300,1.64900,1
5031,4.76692,2.43200,4.65500,1.65600,1
5032,8.23393,1.61000,8.40300,1.65100,1
5033,3.81616,2.39900,3.17300,1.77700,1
5034,4.40782,2.17800,4.91200,1.64200,1
5035,5.41770,1.30000,5.30600,1.64400,1
5036,4.28400,2.08700,4.41800,1.82900,1
5037,5.15394,1.90100,4.69400,1.61300,1
5038,4.22628,2.23200,4.23100,1.65100,1
5039,3.89404,1.30500,3.33300,1.63200,1
5040,3.95103,1.20300,3.45900,1.81000,1
5041,4.62956,1.16000,4.18100,1.67500,1
5042,3.06797,1.19100,2.29000,1.67500,1
5043,4.93026,0.92200,3.84200,1.66800,1
5044,2.81135,1.46500,2.40400,1.81800,1
5045,4.10617,1.18300,3.97200,1.70900,1
5046,2.91069,1.57100,2.88900,1.61500,1
5047,4.07267,1.28500,3.66000,1.63300,1
5048,3.26533,1.51600,3.05900,1.67800,1
5049,3.09638,1.25600,3.18200,1.78400,1
5050,4.42755,2.21500,3.86900,1.78400,1
5051,4.54694,1.21500,4.13800,1.65300,1
5052,4.37636,1.42700,4.62900,1.80200,1
5053,6.53064,2.90500,5.27100,1.63600,1
5054,5.10339,1.77800,5.28200,1.64300,1
5055,7.07044,1.10000,7.12800,1.60400,1
5056,4.08394,1.52500,3.70300,1.63500,1
5057,4.33022,2.58400,4.49200,1.65600,1
5058,4.48029,1.45500,4.04800,1.62700,1
5059,4.19503,1.28000,4.48600,1.60800,1
5060,8.19630,0.98100,7.42100,1.62400,1
5061,4.43022,3.04900,4.76100,1.60800,1
5062,4.28532,2.09000,3.98500,1.84600,1
5063,4.11865,2.63100,3.60400,1.64700,1
5064,2.08311,2.81100,2.63800,1.73400,1
5065,4.50974,1.41800,4.29800,1.60800,1
5066,2.72796,1.82700,2.65700,1.61600,1
5067,4.82350,0.92900,3.51800,1.64800,1
5068,4.15596,1.53700,3.89500,1.63000,1
5069,3.53130,1.94700,2.63400,1.64300,1
5070,4.62534,1.13600,4.04700,1.66100,1
5071,4.42611,1.60300,4.43100,1.84100,1
5072,4.67891,1.22000,4.41000,1.64500,1
5073,3.43814,2.20300,3.17900,1.62500,1
5074,4.34888,1.41600,3.29600,1.67200,1
5075,5.53677,1.30100,5.28700,1.79500,1
5076,5.69314,3.20500,5.42700,1.75400,1
5077,5.22124,3.11300,4.32600,1.74400,1
5078,3.13048,2.41000,2.92100,1.66500,1
5079,1.84196,1.62600,2.12000,1.66000,1
5080,4.32420,1.27100,3.86000,1.64100,1
5081,3.75692,1.98100,3.18300,1.62900,1
5082,2.48635,1.67200,2.32800,1.62900,1
5083,4.31436,1.89800,3.69900,1.66100,1
5084,7.58136,1.77600,7.64900,1.62800,1
5085,5.37193,1.03600,3.16100,1.65700,1
5086,5.21536,1.13000,5.09400,1.83300,1
5087,3.93460,1.58500,4.00600,1.69400,1
5088,2.95668,1.20400,2.87600,1.65700,1
5089,4.18600,1.63900,3.99200,1.65200,1
5090,3.34064,1.03400,3.39000,1.81900,1
5091,3.72286,1.78600,3.60400,1.59600,1
5092,4.55945,1.49000,4.41000,1.62800,1
5093,4.35655,1.50100,4.50300,1.65500,1
5094,3.64949,2.44000,3.55400,1.82800,1
5095,3.36336,1.42200,3.31000,1.79200,1
5096,4.36424,1.71400,3.63100,1.62700,1
5097,3.08001,1.59000,3.48000,1.61200,1
5098,4.06999,1.49300,4.16200,1.61000,1
5099,4.23984,1.01300,4.23900,1.64500,1
5100,4.60625,1.02400,4.61100,1.70400,1
5101,2.34880,0.91600,2.26500,1.65700,1
5102,5.23704,0.91300,4.56300,1.63400,1
5103,3.64555,1.38100,3.46600,1.81200,1
5104,6.08936,1.39500,5.10100,1.67000,1
5105,4.83599,0.83100,3.93200,1.61200,1
5106,4.20337,1.28800,4.73200,1.63700,1
5107,3.65235,2.39600,3.65500,1.67200,1
5108,5.02242,1.97600,4.77400,1.60600,1
5109,2.84566,1.31800,2.93200,1.64500,1
5110,5.50150,1.33800,5.17600,1.64900,1
5111,4.82947,1.56600,4.83100,1.68400,1
5112,3.93184,1.51600,3.88300,1.64100,1
5113,9.25257,2.03300,7.20600,1.63900,1
5114,3.57592,1.46000,3.49200,1.70500,1
5115,2.20371,1.84800,2.03400,1.70500,1
5116,4.91712,1.17900,4.55500,1.64100,1
5117,6.04730,2.90700,5.10900,1.63000,1
5118,5.17997,3.41200,5.53500,1.61500,1
5119,4.16385,2.88800,3.81600,1.63700,1
5120,4.03971,1.54000,3.21100,1.64400,1
5121,6.99703,1.07700,5.51000,1.65300,1
5122,2.97308,2.37900,4.46700,1.70700,1
5123,5.31523,2.02400,5.12600,1.64200,1
5124,7.61902,3.01800,7.20500,1.61900,1
5125,5.35153,2.87300,5.74800,1.63900,1
5126,5.12947,3.01700,4.26000,1.63100,1
5127,4.72092,2.79400,4.17400,1.61300,1
5128,5.99311,1.97900,5.39100,1.65000,1
5129,4.63224,2.41800,4.64700,1.69200,1
5130,4.32954,2.04500,3.30400,1.85800,1
5131,5.77914,2.09500,4.65200,1.70600,1
5132,3.88359,1.52800,3.44500,1.63200,1
5133,2.94977,3.30100,2.84400,1.61800,1
5134,4.08662,1.90800,3.62400,1.83200,1
5135,5.32259,2.13800,5.60900,1.65400,1
5136,2.50864,1.17700,2.47100,1.62000,1
5137,4.11694,1.98300,3.77200,1.63200,1
5138,4.00797,1.55600,4.04000,1.82200,1
5139,4.75367,1.52100,4.93800,1.66200,1
5140,3.63293,0.91200,3.72700,1.68400,1
5141,5.31278,1.44700,3.31100,1.64200,1
5142,4.10874,1.09200,5.59400,1.64200,1
5143,5.57164,2.86400,5.71900,1.63600,1
5144,3.98086,1.11300,4.29500,1.65200,1
5145,4.40590,2.30200,3.47000,1.65600,1
5146,4.50167,2.12000,4.55700,1.81200,1
5147,3.18443,1.33000,2.43000,1.64600,1
5148,3.34848,1.45900,3.51400,1.65300,1
5149,3.76648,1.23700,2.82200,1.63100,1
5150,3.01759,2.11700,3.45400,1.79600,1
5151,4.17613,3.26900,4.00300,1.68300,1
5152,2.96924,0.95500,3.08800,1.67100,1
5153,5.78404,1.39300,4.70600,1.61100,1
5154,3.68688,1.12200,3.15800,1.82500,1
5155,4.08672,1.96000,4.10400,1.64000,1
5156,2.96413,1.13300,2.54200,1.67300,1
5157,2.95288,1.08600,2.61900,1.64000,1
5158,2.75003,1.06700,2.99600,1.65400,1
5159,3.64665,1.12700,3.41400,1.82900,1
5160,3.15702,2.27600,3.15400,1.62700,1
5161,4.31574,1.01600,4.10400,1.59300,1
5162,3.67375,2.93600,3.21700,1.66600,1
5163,5.49352,1.06300,5.96900,1.62000,1
5164,2.82905,1.70000,2.57900,1.62000,1
5165,4.28489,1.06000,3.93800,1.61400,1
5166,5.39004,1.76200,5.32200,1.66900,1
5167,6.21409,1.66400,5.96300,1.69100,1
5168,4.16725,1.84900,4.20100,1.65700,1
5169,5.99819,1.14600,5.84500,1.62500,1
5170,5.24589,2.39500,5.34400,1.64000,1
5171,6.45546,4.02800,6.48000,1.71100,1
5172,5.61846,3.43400,5.15900,1.63100,1
5173,4.32326,1.56900,4.26900,1.83200,1
5174,5.19612,2.00100,4.77900,1.62800,1
5175,4.17825,1.49200,4.43300,1.63900,1
5176,5.69641,1.82600,5.71700,1.61400,1
5177,6.59139,1.23200,6.46500,1.78500,1
5178,2.70998,2.03200,2.68000,1.62200,1
5179,7.68374,1.11600,5.21900,1.61100,1
5180,5.69851,1.56300,6.00800,1.65400,1
5181,5.01868,1.64500,3.65300,1.66500,1
5182,5.41162,2.47900,4.87800,1.65500,1
5183,4.99579,2.24200,4.75700,1.62700,1
5184,9.52815,1.83000,7.84500,1.66700,1
5185,8.77896,4.03000,9.30900,1.66000,1
5186,3.12112,2.81400,3.23500,1.73700,1
5187,2.61909,1.78900,2.53700,1.65100,1
5188,4.22409,1.41400,3.09700,1.64400,1
5189,4.02320,1.77800,3.36800,1.63900,1
5190,3.29557,1.72900,3.37400,1.66500,1
5191,3.63247,1.80800,3.51000,1.63500,1
5192,2.67218,1.10800,2.84300,1.63700,1
5193,3.70668,0.90800,3.78900,1.69600,1
5194,2.84577,1.26100,2.83700,1.62500,1
5195,3.02759,0.85500,3.02800,1.64000,1
5196,3.27189,1.14700,2.98600,1.63800,1
5197,4.37825,0.86200,3.25000,1.64000,1
5198,2.29104,1.05600,2.90200,1.62800,1
5199,3.76149,1.81300,3.14600,1.74900,1
5200,3.25526,2.45300,3.11200,1.63400,1
5201,3.00497,3.48400,2.22600,1.63400,1
5202,3.27357,1.01400,3.44800,1.62500,1
5203,6.02208,2.04300,2.72400,1.62800,1
5204,4.63861,1.31700,3.34100,1.71900,1
5205,2.11896,1.21000,2.23100,1.60500,1
5206,3.30117,1.00200,2.95500,1.60500,1
5207,4.50724,0.80000,4.59100,1.68400,1
5208,3.20849,0.74000,3.08800,1.79200,1
5209,4.47152,1.13700,4.14400,1.63300,1
5210,5.14185,1.11900,5.10000,1.61800,1
5211,4.15201,2.01900,3.73200,1.92100,1
5212,3.69309,1.79600,3.23700,1.67100,1
5213,4.06374,1.25500,4.06100,1.62700,1
5214,2.91162,1.24300,2.35400,1.63100,1
5215,2.47937,1.47300,2.81200,1.62700,1
5216,3.23431,2.71300,3.20300,1.62700,1
5217,4.20592,1.67300,3.75300,1.79300,1
5218,3.02738,0.79000,3.07500,1.64600,1
5219,4.74882,1.68300,4.74500,1.64000,1
5220,3.71882,2.64200,3.61600,1.64200,1
5221,2.53273,1.83700,2.53000,1.62400,1
5222,4.37919,1.13500,4.36500,1.65100,1
5223,3.99038,1.78900,3.55800,1.60400,1
5224,4.52416,2.21100,3.68100,1.63700,1
5225,3.74933,1.89200,3.86600,1.65700,1
5226,4.40432,0.95200,4.06100,1.65700,1
5227,5.88325,1.57300,5.16800,1.64000,1
5228,2.84266,1.22100,2.88800,1.64000,1
5229,3.34435,1.33700,3.14100,1.64400,1
5230,3.84568,1.25300,3.19600,1.67400,1
5231,2.45077,1.44700,2.40800,1.67400,1
5232,3.16771,1.13900,3.19900,1.70600,1
5233,7.59239,0.85700,6.92800,1.62900,1
5234,4.37050,1.22100,4.30000,1.78800,1
5235,3.04144,1.41100,2.94100,1.62900,1
5236,2.19528,1.00200,2.26000,1.62900,1
5237,3.29567,1.40300,2.96800,1.62000,1
5238,3.97365,1.32900,2.36700,1.79500,1
5239,1.94060,1.00800,3.12800,1.61700,1
5240,2.12155,1.07000,2.10400,1.67700,1
5241,3.00568,1.42600,2.70300,1.65800,1
5242,2.69565,1.08000,2.68800,1.64100,1
5243,3.59840,1.77300,3.03500,1.60600,1
5244,2.90737,1.41300,3.15200,1.61000,1
5245,4.86753,2.29300,4.00500,1.66200,1
5246,2.87863,0.76300,2.94000,1.64200,1
5247,3.05336,1.07600,2.68200,1.62000,1
5248,3.12713,1.22700,2.96800,1.63100,1
5249,4.28875,1.89500,3.83600,1.62700,1
5250,3.08796,1.15900,2.71100,1.68100,1
5251,3.92578,1.49200,3.82600,1.63000,1
5252,4.39467,2.18000,4.35400,1.64000,1
5253,3.98322,1.90300,3.44200,1.82600,1
5254,2.70780,1.20500,2.77500,1.64900,1
5255,4.28323,1.30500,2.76300,1.61400,1
5256,5.00110,2.02200,5.08000,1.64500,1
5257,2.31280,0.95100,2.17400,1.82600,1
5258,4.68364,1.24900,4.06800,1.63100,1
5259,2.40927,1.06600,2.77000,1.61800,1
5260,2.69206,1.61100,2.83800,1.70600,1
5261,5.19447,1.86300,3.28700,1.64000,1
5262,2.75006,1.36600,3.84400,1.62600,1
5263,5.41759,2.15300,3.91200,1.64500,1
5264,4.91405,2.61200,4.41200,1.63100,1
5265,3.45530,2.21400,2.55700,1.66200,1
5266,2.91472,3.56700,3.16400,1.61400,1
5267,3.49564,0.93700,3.29800,1.61400,1
5268,4.07045,1.62200,3.97500,1.65200,1
5269,4.67531,1.44300,4.37500,1.61300,1
5270,2.99763,1.72200,3.16300,1.61200,1
5271,4.03271,0.73000,3.91700,1.88300,1
5272,4.31130,1.79000,4.39400,1.66100,1
5273,2.80786,0.91500,2.87800,1.65500,1
5274,3.68686,0.98500,3.67400,1.62700,1
5275,5.93497,0.90200,3.96300,1.61100,1
5276,3.74809,1.37700,3.57400,1.65500,1
5277,2.93190,2.18400,2.90100,1.61200,1
5278,3.66350,2.64700,3.84100,1.64400,1
5279,3.75239,1.34600,3.63700,1.65900,1
5280,4.50570,1.75000,4.50400,1.65400,1
5281,2.80367,1.17400,2.58800,1.68900,1
5282,3.90768,1.63200,3.39500,1.62400,1
5283,2.72205,1.19900,2.06400,1.62400,1
5284,5.99175,2.35500,3.44500,1.65800,1
5285,3.85305,1.44600,3.16600,1.63900,1
5286,3.48454,1.41200,3.33500,1.64400,1
5287,3.09630,1.40000,3.08800,1.63300,1
5288,4.02584,1.75400,4.04300,1.84400,1
5289,2.84213,2.22500,2.92000,1.84400,1
5290,6.25169,1.01500,4.64100,1.60600,1
5291,2.89779,1.24100,4.19100,1.63800,1
5292,4.19769,1.93300,3.96500,1.82100,1
5293,4.49228,2.21400,3.46500,1.67600,1
5294,4.40600,2.34700,4.72700,1.69700,1
5295,5.29515,2.02900,3.70900,1.63100,1
5296,4.02168,1.03700,4.01500,1.86100,1
5297,3.80401,1.36300,3.29600,1.86100,1
5298,7.13948,2.66200,3.84400,1.64100,1
5299,2.73960,1.23900,2.62000,1.82600,1
5300,3.67882,0.83200,3.70200,1.64500,1
5301,4.30882,1.65000,3.07200,1.65300,1
5302,2.99338,1.45800,2.55900,1.67900,1
5303,3.79419,1.13100,3.07600,1.64600,1
5304,4.32465,1.90500,4.91500,1.65800,1
5305,3.86354,2.32600,3.77900,1.69700,1
5306,3.93633,2.81600,3.96500,1.66500,1
5307,3.64524,2.48300,3.64400,1.64400,1
5308,2.35814,1.82100,2.31500,1.68700,1
5309,3.56310,1.23600,2.61300,1.68700,1
5310,6.53113,1.15800,4.26000,1.90300,1
5311,2.31023,1.07800,2.34800,1.63500,1
5312,3.13163,1.33200,2.46900,1.64800,1
5313,2.55706,0.90500,2.54000,1.81400,1
5314,2.73967,1.98600,2.55400,1.81400,1
5315,4.22361,0.98400,3.70000,1.63800,1
5316,3.70829,1.38600,3.27900,1.67400,1
5317,3.37513,1.03100,3.43800,1.63800,1
5318,3.61069,1.67800,2.33000,1.63800,1
5319,4.80154,1.99900,4.21200,1.63100,1
5320,6.16018,0.92000,5.92700,1.60900,1
5321,4.30574,2.08900,4.30600,1.65900,1
5322,4.26170,1.68100,3.71100,1.66800,1
5323,4.95829,0.87400,4.94200,1.67500,1
5324,3.92407,1.00700,3.51200,1.60100,1
5325,4.61622,2.65900,3.89800,1.81000,1
5326,5.13452,1.15300,4.85800,1.68500,1
5327,4.90354,2.26500,4.86400,1.63100,1
5328,4.35982,1.65900,3.93600,1.63100,1
5329,4.56836,2.05300,3.96200,1.77100,1
5330,3.36142,1.25900,3.22200,1.67900,1
5331,4.98367,1.03900,3.71200,1.63600,1
5332,1.98805,1.24900,3.13900,1.63600,1
5333,4.73676,1.68100,4.61900,1.75400,1
5334,4.28379,2.64100,4.33200,1.63300,1
5335,2.98634,1.02700,3.07400,1.64100,1
5336,4.68015,0.81800,2.94600,1.60700,1
5337,4.33797,1.23900,4.38500,1.60400,1
5338,5.00806,1.97000,4.12400,1.67900,1
5339,4.01117,1.00500,3.92500,1.62800,1
5340,3.64852,1.77100,2.83300,1.62400,1
5341,3.16171,1.30400,3.26900,1.81500,1
5342,2.69993,0.98500,2.76900,1.65400,1
5343,3.70771,1.83500,3.28700,1.72500,1
5344,3.89925,1.54400,3.33200,1.62400,1
5345,3.53082,0.94200,3.10100,1.64300,1
5346,2.95375,1.06800,2.34800,1.64300,1
5347,6.26074,1.66500,6.41500,1.61300,1
5348,6.30882,1.63300,6.11200,1.62600,1
5349,5.71246,1.46200,5.40800,1.63600,1
5350,3.85793,1.35800,4.20000,1.65300,1
5351,4.25930,1.23800,4.10800,1.63700,1
5352,3.58729,2.05600,3.49500,1.68500,1
5353,7.00040,1.69500,4.91500,1.86900,1
5354,5.71895,1.98700,5.56400,1.62800,1
5355,4.04018,2.76500,4.17000,1.65100,1
5356,3.59508,1.35300,3.04500,1.84300,1
5357,3.90942,4.46200,4.37600,1.63900,1
5358,4.18009,1.23900,3.39400,1.60500,1
5359,4.65231,1.72600,4.78000,1.61700,1
5360,4.23687,3.04000,3.91100,1.80200,1
5361,3.76591,2.74000,3.89200,1.64600,1
5362,4.41043,1.40600,4.30900,1.64100,1
5363,3.44189,2.61900,3.34600,1.63100,1
5364,3.89115,1.36600,3.81400,1.64100,1
5365,3.53955,1.17100,3.36700,1.64100,1
5366,3.76629,0.86300,3.54700,1.62600,1
5367,5.25028,1.08900,4.83900,1.63200,1
5368,4.77555,0.87100,4.66600,1.65800,1
5369,5.79448,3.01700,4.63100,1.65800,1
5370,5.45804,1.13000,5.20700,1.64800,1
5371,5.68395,0.91000,5.69300,1.63900,1
5372,3.24057,0.98300,2.42100,1.65200,1
5373,3.61449,0.82300,3.70500,1.59200,1
5374,3.07504,0.73100,2.92200,1.61200,1
5375,3.91841,2.68500,3.00900,1.63600,1
5376,6.40935,2.96300,5.30500,1.81000,1
5377,3.49667,2.07200,3.59900,1.62500,1
5378,3.82720,2.16400,3.46500,1.63800,1
5379,6.34760,1.78700,5.94700,1.65200,1
5380,6.01413,2.15400,4.92600,1.66700,1
5381,5.63187,1.13400,5.34700,1.63200,1
5382,3.73812,2.25300,3.80100,1.66400,1
5383,3.62696,1.52500,3.81800,1.78200,1
5384,4.57921,1.14800,3.61100,1.78200,1
5385,4.17238,1.54500,4.02600,1.63500,1
5386,3.24884,1.41000,3.44100,1.60200,1
5387,5.09435,1.79800,4.49500,1.68700,1
5388,3.73838,1.69800,4.09100,1.65500,1
5389,3.17184,1.74100,2.26200,1.57800,1
5390,3.00570,0.83800,3.06200,1.64000,1
5391,3.98172,1.31900,2.93600,1.83900,1
5392,4.20127,1.46800,3.33500,1.60800,1
5393,4.10588,1.19800,4.50000,1.60800,1
5394,5.36344,2.75000,4.22800,1.61700,1
5395,4.32974,1.59100,3.95000,1.86500,1
5396,2.48136,2.34100,2.87700,1.65900,1
5397,3.56962,1.04100,2.60300,1.62400,1
5398,3.73631,0.91700,2.95200,1.62400,1
5399,7.45008,1.13100,6.86500,1.82400,1
5400,3.99041,1.19400,3.80000,1.64400,1
5401,4.05414,2.58200,3.33100,1.67100,1
5402,7.15256,1.94500,5.65000,1.66800,1
5403,6.46542,8.33400,7.65100,1.68400,1
5404,4.77735,3.09900,4.68400,1.68200,1
5405,3.78668,2.69400,3.93800,2.02500,1
5406,2.54644,2.07700,2.45400,1.83500,1
5407,5.33995,1.47000,3.95200,1.60600,1
5408,2.40142,1.01700,2.58700,1.60600,1
5409,4.01663,1.35200,4.02700,1.61100,1
5410,4.05767,1.11900,4.05100,1.63900,1
5411,4.87347,0.91900,4.57300,1.63800,1
5412,3.85210,1.12800,4.00100,1.66500,1
5413,6.76700,1.07200,5.80300,1.67400,1
5414,1.64243,1.01100,2.59000,1.60900,1
5415,2.99509,1.86800,2.92100,1.64600,1
5416,2.63389,0.86200,2.62900,1.64800,1
5417,3.40275,1.13000,2.64300,1.63400,1
5418,1.99959,0.80100,2.40300,1.63400,1
5419,4.33127,0.63400,2.78900,1.62600,1
5420,3.35783,0.84300,3.40700,1.62600,1
5421,2.38204,0.68500,2.38100,1.70700,1
5422,7.03254,1.64300,5.24900,1.64400,1
5423,2.96135,1.62900,2.59100,1.62800,1
5424,3.44242,1.39300,3.15600,1.62800,1
5425,3.13371,1.45600,3.11100,1.66200,1
5426,3.00395,1.32000,2.86700,1.59900,1
5427,3.35968,1.63600,3.34900,1.60600,1
5428,3.31844,0.72900,3.21100,1.81100,1
5429,3.76828,1.13900,3.67100,1.66900,1
5430,4.78409,2.26400,4.75400,1.65900,1
5431,4.01800,1.46300,3.71000,1.63500,1
5432,3.15198,1.53500,2.63700,1.64000,1
5433,3.48890,1.96500,2.56200,1.64000,1
5434,3.59122,2.29600,3.48600,1.64400,1
5435,3.10148,1.45600,3.23900,1.65300,1
5436,3.03284,0.99200,2.36200,1.60100,1
5437,5.94310,1.22100,4.41000,1.60100,1
5438,4.33112,1.47500,4.14900,1.64700,1
5439,5.16910,1.65200,5.15100,1.65700,1
5440,5.01958,2.15500,4.49300,1.67800,1
5441,5.51946,1.98600,5.12700,1.76600,1
5442,6.13239,3.22600,5.48300,1.66800,1
5443,3.73913,2.12000,3.62800,1.66800,1
5444,5.06710,1.10600,5.04600,1.77900,1
5445,4.10177,1.76400,4.43500,1.70300,1
5446,1.99982,2.18900,2.03500,1.70300,1
5447,4.02869,1.01000,3.32800,1.59100,1
5448,2.83408,2.31600,2.80800,1.82300,1
5449,3.51473,1.16800,3.11200,1.63200,1
5450,3.97900,1.49900,2.49400,1.68500,1
5451,4.70154,1.46900,3.24700,1.63900,1
5452,1.28862,0.80000,3.39400,1.69800,1
5453,4.52401,0.83100,4.03200,1.65600,1
5454,5.17153,1.23500,4.25200,1.65800,1
5455,3.21707,1.88800,2.92700,1.65400,1
5456,2.86317,2.94100,2.88100,1.65400,1
5457,5.96475,1.54400,5.17300,1.72300,1
5458,4.99470,1.44800,3.94100,1.70300,1
5459,2.29266,2.08500,2.14800,1.70300,1
5460,5.12736,1.22300,4.10600,1.68700,1
5461,3.61193,1.06700,3.20500,1.82900,1
5462,4.26621,1.23200,2.75600,1.82900,1
5463,4.27041,1.03000,3.50000,1.67000,1
5464,5.11887,1.89500,3.93000,1.64500,1
5465,3.98497,1.05500,3.63600,1.80900,1
5466,4.56782,1.68000,3.87800,1.67300,1
5467,6.37297,2.28600,5.89900,1.63200,1
5468,3.71478,1.57200,3.51100,1.65700,1
5469,3.66945,1.23800,3.92300,1.65700,1
5470,4.53850,1.34800,3.81400,1.62900,1
5471,4.61861,1.65700,4.52800,1.64000,1
5472,3.92811,2.54300,3.94500,1.63400,1
5473,5.69157,2.09200,4.19500,1.81000,1
5474,2.76231,1.31400,3.83700,1.67600,1
5475,3.47133,1.58700,3.28100,1.66100,1
5476,4.98572,2.01800,5.11100,1.65400,1
5477,3.12366,1.49800,3.11600,1.65000,1
5478,3.87075,1.43900,3.50000,1.68100,1
5479,2.95953,1.37200,3.35000,1.64300,1
5480,3.66509,1.18800,3.64800,1.62200,1
5481,3.91035,1.25200,3.90600,1.80900,1
5482,5.12222,1.24900,4.53000,1.67100,1
5483,5.04440,2.07100,4.75600,1.63700,1
5484,3.49689,1.21100,3.23500,1.63100,1
5485,3.13134,2.59000,3.22000,1.85900,1
5486,3.35293,2.17500,2.76700,1.85900,1
5487,2.83696,1.11700,2.24200,1.59400,1
5488,3.79736,1.48500,3.73200,1.63800,1
5489,5.93354,2.71800,5.29600,1.66200,1
5490,5.77374,3.82300,5.00700,1.71300,1
5491,3.47134,1.69800,4.04900,1.59200,1
5492,4.51423,3.05100,4.63700,1.63400,1
5493,3.10820,1.07300,2.89000,1.63400,1
5494,6.21380,1.24200,4.97500,1.62300,1
5495,6.51057,2.49900,5.78000,1.63000,1
5496,4.29551,4.13500,4.02400,1.83400,1
5497,4.07987,1.69400,4.36600,1.63200,1
5498,4.34080,2.02500,4.33200,1.64500,1
5499,3.73249,0.99000,3.54700,1.67100,1
5500,2.68228,1.17500,2.55400,1.62700,1
5501,2.54825,1.49600,2.45500,1.60800,1
5502,3.10560,0.92300,3.23200,1.74100,1
5503,4.26776,1.14700,2.66000,1.64900,1
5504,4.76895,1.53700,5.24200,1.62400,1
5505,3.52801,2.16100,3.22400,1.84200,1
5506,7.28391,1.92300,5.67400,1.61500,1
5507,4.02789,1.77900,3.88200,1.68100,1
5508,4.90586,1.20700,4.68200,1.64200,1
5509,4.13734,3.03200,4.31900,1.62200,1
5510,4.85589,0.76800,2.97800,1.64300,1
5511,3.30061,0.88800,3.03700,1.61700,1
5512,4.87408,1.26800,4.01600,1.62600,1
5513,3.40035,1.93100,3.22700,1.79500,1
5514,4.29062,2.43000,2.43300,1.64800,1
5515,2.51219,1.39200,2.61400,1.61700,1
5516,2.80038,1.17100,2.76300,1.61900,1
5517,3.43558,1.15700,3.17500,1.82100,1
5518,2.97071,3.99900,2.99200,1.64000,1
5519,3.68795,1.63400,3.70600,1.65300,1
5520,3.33425,1.36200,3.31400,1.60800,1
5521,3.74453,1.28600,3.72400,1.61800,1
5522,4.25045,1.75900,4.14800,1.80300,1
5523,4.52128,1.34600,4.47100,1.66300,1
5524,8.12350,1.31900,7.63600,1.69900,1
5525,6.03272,4.40200,4.39900,1.71200,1
5526,2.66814,4.44400,3.55600,1.71200,1
5527,2.00339,2.19600,2.89400,1.66800,1
5528,4.38876,1.65600,4.48400,1.65700,1
5529,4.51575,1.48900,4.12900,1.61200,1
5530,2.62551,1.25600,2.46600,1.64100,1
5531,3.83641,1.30000,3.14300,1.64500,1
5532,2.98292,1.32800,3.34000,1.63200,1
5533,2.68923,1.80600,2.36900,1.61500,1
5534,2.22600,1.10900,2.46400,1.83900,1
5535,3.90683,1.07800,3.83600,1.62700,1
5536,2.74804,1.12100,2.86500,1.65600,1
5537,2.68858,0.93700,2.51100,1.63100,1
5538,2.05099,1.08800,2.07600,1.66500,1
5539,2.82725,0.74400,2.89200,1.85900,1
5540,2.16653,1.11800,2.18700,1.85900,1
5541,2.89735,1.16400,2.63400,1.81900,1
5542,2.66884,1.51000,2.61100,1.81900,1
5543,2.33600,1.08900,2.44300,1.68600,1
5544,1.92358,1.01400,1.88600,1.62500,1
5545,3.92789,0.74400,3.78900,1.63100,1
5546,4.67883,1.14300,1.91500,1.61400,1
5547,2.57492,1.13900,4.73200,1.70100,1
5548,3.80654,1.03600,3.44000,1.64000,1
5549,3.53186,1.81600,2.91200,1.59900,1
5550,2.89358,1.08600,2.59500,1.65700,1
5551,4.09712,1.95500,3.75400,1.83600,1
5552,3.54788,1.43400,3.40200,1.66700,1
5553,3.38348,1.38900,3.32600,1.67400,1
5554,3.32650,0.97600,2.93800,1.67400,1
5555,2.30183,1.32300,2.67700,1.64100,1
5556,3.06639,1.59800,3.04100,1.63400,1
5557,3.55650,0.88900,3.29800,1.84900,1
5558,4.52621,2.14900,4.55400,1.68900,1
5559,4.07694,0.95900,3.63200,1.68900,1
5560,6.71457,1.41700,6.46100,1.79800,1
5561,7.11993,3.66600,3.17300,1.66200,1
5562,3.79135,1.71300,3.09700,1.63500,1
5563,4.86344,1.53100,4.84900,1.62600,1
5564,4.02991,1.06100,3.98800,1.62000,1
5565,5.07077,2.35200,4.92400,1.60500,1
5566,3.37272,3.13200,3.49700,1.67000,1
5567,5.73769,1.06900,5.63900,1.59100,1
5568,3.46651,1.96800,3.10900,1.80800,1
5569,3.18756,1.67700,2.56500,1.69400,1
5570,4.06867,1.76500,3.58000,1.69400,1
5571,3.16144,1.61800,2.86800,1.62600,1
5572,6.24381,1.20700,5.07000,1.66700,1
5573,5.08410,2.49200,5.44100,1.62100,1
5574,3.04527,1.22400,2.74200,1.63000,1
5575,4.93425,1.16200,4.62500,1.82500,1
5576,6.46319,1.69700,5.94300,1.66700,1
5577,3.89594,2.31900,3.45500,1.65100,1
5578,6.38643,1.53700,6.90300,1.63600,1
5579,4.04386,1.94900,3.11900,1.67000,1
5580,5.64246,3.20400,6.38800,1.66500,1
5581,5.17044,1.84800,4.30000,1.65300,1
5582,6.78386,1.84600,6.24100,1.67500,1
5583,6.28464,4.25200,6.07400,1.61800,1
5584,5.04538,2.33100,5.13100,1.65000,1
5585,5.18918,1.97700,4.90800,1.63600,1
5586,4.69906,1.74500,4.94300,1.65500,1
5587,4.26999,1.70000,3.96200,1.62200,1
5588,5.92710,2.40300,6.13600,1.99000,1
5589,5.82408,2.43900,5.03300,1.61200,1
5590,4.83205,2.12500,4.38700,1.63400,1
5591,3.94556,1.49800,3.93100,1.86800,1
5592,6.08148,1.59000,5.65700,1.65800,1
5593,6.31523,3.84400,6.07700,1.66900,1
5594,5.74242,2.62600,5.25600,1.84600,1
5595,5.08988,1.71500,3.71100,1.62900,1
5596,5.08065,3.08000,5.26400,1.60500,1
5597,7.30458,1.28200,7.23400,1.71900,1
5598,5.39425,3.16700,5.32200,1.64900,1
5599,5.29851,1.44800,5.00500,1.63400,1
5600,5.25444,1.49100,5.22600,1.78100,1
5601,4.70591,1.71100,4.29500,1.67100,1
5602,7.29488,1.42800,6.67200,1.62500,1
5603,6.81374,1.66000,5.97800,1.84900,1
5604,3.19848,1.55500,3.28900,1.84900,1
5605,6.69536,1.54300,6.08700,1.66600,1
5606,3.11513,1.37900,3.54200,1.79600,1
5607,2.85264,1.10500,3.02000,1.61400,1
5608,3.01767,1.24600,2.82400,1.62400,1
5609,4.43089,0.91300,3.87800,1.64600,1
5610,4.07618,1.04500,4.61900,1.61800,1
5611,4.74897,1.00600,4.55000,1.63300,1
5612,4.76249,2.85800,4.08200,1.61700,1
5613,4.20786,2.00400,4.65600,1.60900,1
5614,2.55397,1.78100,2.49200,1.80600,1
5615,6.20155,1.60600,5.77200,1.71600,1
5616,5.82494,2.57200,5.24000,1.63800,1
5617,3.05959,1.83800,3.54200,1.65700,1
5618,3.09953,1.47200,3.11400,1.82800,1
5619,3.87327,1.68500,3.89700,1.82800,1
5620,5.30315,0.91600,4.30000,1.71400,1
5621,3.70175,1.48900,3.07300,1.62900,1
5622,7.11632,2.61800,5.10700,1.75700,1
5623,5.05067,3.74600,4.61900,1.65700,1
5624,3.45984,1.83600,2.91200,1.66400,1
5625,2.23572,2.15200,2.63900,1.79900,1
5626,5.46559,1.54800,4.77800,1.63100,1
5627,4.03063,1.58800,4.44800,1.61300,1
5628,4.77971,1.92600,3.37200,1.64700,1
5629,2.92454,2.51300,4.25100,1.64200,1
5630,4.30796,1.96800,4.24700,1.78400,1
5631,4.57002,1.34100,4.39200,1.68600,1
5632,5.33641,2.09000,5.31700,1.69300,1
5633,3.28574,2.27000,3.18900,1.67600,1
5634,3.83033,1.74800,3.83400,1.70400,1
5635,3.96937,1.66500,3.08600,1.60700,1
5636,3.86004,1.02600,2.36200,1.69300,1
5637,3.26043,1.49100,3.48300,1.69300,1
5638,7.12995,1.45200,6.05300,1.67500,1
5639,2.91940,2.36900,3.19400,1.61700,1
5640,4.39304,1.58800,2.68800,1.67100,1
5641,4.23712,1.25600,3.14500,1.83900,1
5642,5.16584,1.62400,4.29600,1.64800,1
5643,4.82277,1.49400,3.85800,1.62100,1
5644,5.83160,1.70000,5.59000,1.64300,1
5645,5.88031,3.19600,5.83100,2.13300,1
5646,5.13555,3.91100,5.29800,1.78400,1
5647,3.83316,3.93400,3.99800,1.67000,1
5648,2.95034,1.86300,2.91700,1.82300,1
5649,4.15634,2.33400,4.14700,1.63800,1
5650,4.08826,1.37300,3.98200,1.64800,1
5651,4.24975,1.73300,4.30700,1.62900,1
5652,3.95662,1.42200,3.98000,1.66500,1
5653,3.08944,1.95700,2.77800,1.63700,1
5654,3.62511,1.37900,3.35100,1.61900,1
5655,3.35572,1.88700,2.81400,1.60600,1
5656,2.53637,3.30300,2.82600,1.64100,1
5657,3.17066,1.16100,2.88200,1.79300,1
5658,2.88053,2.18700,2.84500,1.60900,1
5659,4.23511,0.91400,3.62200,1.71200,1
5660,4.32488,0.80900,4.58600,1.65200,1
5661,2.67320,0.82200,2.62500,1.62800,1
5662,3.88263,0.94400,3.62700,1.81200,1
5663,5.02954,1.15800,3.48200,1.63100,1
5664,4.16454,2.08000,3.90500,1.61900,1
5665,3.61522,1.24000,3.76600,1.64600,1
5666,4.06442,1.36900,3.94400,1.83000,1
5667,3.28790,1.84700,2.90100,1.71700,1
5668,4.97618,2.17000,4.47000,1.66200,1
5669,2.98125,0.85800,2.98400,1.62600,1
5670,3.43694,1.04900,3.53000,1.63200,1
5671,3.19743,1.08400,2.58100,1.83100,1
5672,3.36617,1.42400,3.79500,1.83100,1
5673,5.00393,0.81500,4.04000,1.62700,1
5674,5.99659,0.73600,4.08600,1.88300,1
5675,2.88293,0.98200,3.77700,1.64700,1
5676,4.35975,1.28400,4.28100,1.64700,1
5677,3.62466,2.11200,2.98500,1.65700,1
5678,6.14819,1.55700,3.87600,1.64700,1
5679,2.63021,1.43300,2.51600,1.64700,1
5680,5.45895,1.95100,4.23200,1.64100,1
5681,3.27700,0.97100,3.24200,1.63000,1
5682,2.63705,1.03300,2.61100,1.66700,1
5683,3.37207,1.79300,2.29700,1.66700,1
5684,3.92408,0.83900,4.21300,1.67500,1
5685,3.56832,1.40100,3.52500,1.63800,1
5686,6.61744,2.48400,5.38900,1.66700,1
5687,3.52934,2.51800,3.49300,1.62100,1
5688,2.58207,1.98000,2.56100,1.62200,1
5689,4.23852,2.02800,2.31700,1.62200,1
5690,4.50827,1.36300,5.93400,1.65700,1
5691,4.34373,0.85700,4.36700,1.83100,1
5692,3.51089,1.55700,3.52300,1.66300,1
5693,3.44006,1.87600,3.02100,1.66300,1
5694,6.13725,1.17600,5.95600,1.62600,1
5695,3.86232,1.60700,3.91800,1.88700,1
5696,4.39027,1.20800,3.56000,1.66700,1
5697,3.29217,1.79400,2.81100,1.62600,1
5698,3.65934,0.99200,3.71600,1.65300,1
5699,2.57145,1.64700,2.30400,1.64300,1
5700,3.80692,1.68100,2.49400,1.64300,1
5701,2.52981,1.47200,2.16100,1.63400,1
5702,4.09652,1.58300,2.92900,1.60600,1
5703,3.62336,1.38900,3.48000,1.65600,1
5704,3.26937,1.26900,3.08200,1.79600,1
5705,3.97852,1.44200,3.96300,1.79200,1
5706,4.27056,1.53100,3.86300,1.64600,1
5707,3.87886,2.21600,3.87000,1.61700,1
5708,3.79123,2.54100,3.79100,1.63400,1
5709,2.63813,1.43100,2.61500,1.82800,1
5710,3.73291,1.06200,3.03200,1.64800,1
5711,3.48755,1.07700,3.03500,1.63800,1
5712,3.17255,1.30400,2.85900,1.61100,1
5713,2.96967,1.88000,2.66800,1.63600,1
5714,6.08267,2.17600,5.82000,1.79900,1
5715,3.97060,2.43900,4.02600,1.61600,1
5716,3.68313,1.54900,2.97000,1.64800,1
5717,4.49066,2.43800,4.54300,1.62400,1
5718,3.18202,1.22900,3.30400,1.64600,1
5719,3.23454,1.46500,2.77700,1.63800,1
5720,4.91512,1.60000,4.35900,1.62900,1
5721,3.84588,1.07400,3.82500,1.62900,1
5722,4.37026,1.87400,3.78800,1.75400,1
5723,3.38292,2.20200,3.08900,1.63300,1
5724,2.98870,1.20600,3.20000,1.64400,1
5725,4.40426,1.77300,3.51100,1.66900,1
5726,3.13208,1.24200,3.91800,1.64300,1
5727,4.74439,1.13300,4.80900,1.66500,1
5728,4.92246,1.39500,4.67800,1.65700,1
5729,4.19857,1.05400,3.33500,1.59700,1
5730,4.65062,1.27300,4.02100,1.66400,1
5731,4.81410,1.43100,2.91400,1.73000,1
5732,4.61741,1.48600,3.19000,1.62400,1
5733,3.00945,1.11200,3.03600,1.66100,1
5734,2.86440,1.41000,2.84800,1.63500,1
5735,3.77929,0.88300,3.62700,1.63100,1
5736,4.26126,0.86200,4.07300,1.62600,1
5737,2.47973,1.63800,2.66100,1.64300,1
5738,3.65651,1.40300,3.49900,1.62300,1
5739,3.13565,2.33700,3.27100,1.76200,1
5740,3.40105,1.86000,3.42700,1.65800,1
5741,3.39516,1.14700,2.84600,1.67600,1
5742,3.51116,1.35500,3.32600,1.62400,1
5743,3.26155,0.81800,2.64600,1.64000,1
5744,3.31109,1.24800,3.23700,1.62200,1
5745,3.20484,1.24800,3.22300,1.70900,1
5746,4.96776,1.26900,4.87900,1.66500,1
5747,4.42251,2.66700,3.83500,1.60700,1
5748,4.65076,1.52700,4.63900,1.84900,1
5749,3.53426,1.18000,3.42700,1.63400,1
5750,3.93485,1.77600,3.96800,1.63600,1
5751,2.87823,1.65000,2.87700,1.64400,1
5752,6.06782,1.28300,6.03100,1.65700,1
5753,3.73583,2.33100,3.59600,1.70600,1
5754,3.38805,1.67500,3.39700,1.60000,1
5755,3.69888,1.61600,3.58100,1.65200,1
5756,3.74450,1.41800,3.58700,1.62300,1
5757,3.65179,2.87600,3.53100,1.64900,1
5758,2.56907,1.85800,2.75300,1.62800,1
5759,5.05852,3.05000,3.81500,1.63600,1
5760,11.02677,1.18000,10.46000,1.58600,1
5761,4.07030,1.68300,3.73600,1.66600,1
5762,3.28652,2.43700,3.51400,1.62000,1
5763,4.28533,1.31100,4.27800,1.64000,1
5764,5.23711,0.90900,5.03600,1.81300,1
5765,3.49084,1.11700,3.63600,1.73800,1
5766,5.06567,2.11800,4.14000,1.61500,1
5767,5.22954,0.96700,5.43400,1.84500,1
5768,6.15857,1.55800,5.38400,1.63900,1
5769,4.90352,4.99000,4.91000,1.66000,1
5770,4.53519,1.71500,4.44900,1.64300,1
5771,6.35927,1.68700,5.13100,1.64000,1
5772,4.31934,2.40600,4.30700,1.71900,1
5773,9.77011,1.25500,8.66500,1.66900,1
5774,5.01995,2.63900,5.08500,1.66700,1
5775,3.95235,3.44800,4.00800,1.68300,1
5776,3.65999,2.14400,2.95700,1.66800,1
5777,3.36085,1.86200,2.58300,1.79400,1
5778,2.39713,2.12100,3.23000,1.67900,1
5779,3.27413,1.57600,2.82700,1.62600,1
5780,4.31570,1.21400,2.52800,1.85000,1
5781,6.41497,1.41900,7.11000,1.65800,1
5782,4.64206,2.01400,4.88100,1.60300,1
5783,4.28536,2.89700,4.31200,1.63300,1
5784,4.00969,1.33400,4.00800,1.60600,1
5785,3.48601,1.84400,2.80100,1.60600,1
5786,6.80505,1.17700,4.61000,1.62300,1
5787,4.66892,2.01000,4.57300,1.64800,1
5788,3.15352,2.03200,3.19900,1.82900,1
5789,3.84115,1.70100,3.80700,1.64100,1
5790,4.97591,2.88100,4.04200,1.68300,1
5791,3.21688,1.49500,3.12600,1.64500,1
5792,3.06160,1.18000,3.30600,1.66000,1
5793,3.38610,1.11500,3.31900,1.61400,1
5794,2.94318,1.68900,2.64300,1.65600,1
5795,3.15057,0.76400,2.97100,1.65600,1
5796,6.26296,1.13300,5.40800,1.63800,1
5797,2.97641,1.23600,3.08500,1.66200,1
5798,5.36919,1.03700,3.64100,1.58500,1
5799,2.17280,1.58300,2.91100,1.64400,1
5800,2.98980,1.78500,3.74900,1.64900,1
5801,5.61535,1.73700,5.19800,1.60300,1
5802,2.76165,1.78600,2.83500,1.65900,1
5803,3.30182,1.44500,3.39600,1.65900,1
5804,3.96503,1.78800,3.26500,1.67200,1
5805,4.72523,0.97400,4.88000,1.65400,1
5806,4.12157,1.31500,3.70500,1.68300,1
5807,3.56951,1.80300,2.69800,1.65500,1
5808,2.41183,1.68600,3.05200,1.64600,1
5809,2.98353,1.72900,2.55700,1.63900,1
5810,4.11766,0.71900,3.69300,1.63900,1
5811,2.68044,1.52700,2.58300,1.63500,1
5812,2.81490,1.02100,2.85000,1.67900,1
5813,3.27091,1.15400,2.65500,1.66500,1
5814,4.45096,1.36100,3.09100,1.63800,1
5815,4.56802,1.76900,3.99800,1.81000,1
5816,4.26030,2.17000,4.58600,1.60100,1
5817,5.44977,2.08300,5.17200,1.63200,1
5818,4.34385,2.53000,4.22000,1.67000,1
5819,4.58261,1.78900,4.78600,1.79700,1
5820,5.11337,1.53200,4.85800,1.66400,1
5821,4.50763,2.24800,3.93300,1.66400,1
5822,6.75987,2.53700,6.70200,1.79700,1
5823,4.59455,2.66600,4.77400,1.66600,1
5824,5.91516,2.42500,5.35300,1.65300,1
5825,5.39707,1.14600,5.04300,1.89600,1
5826,8.67202,1.52100,7.88000,1.68000,1
5827,2.91154,1.43000,2.46800,1.69800,1
5828,3.21384,2.22400,3.37700,1.79800,1
5829,3.71057,1.18500,2.67000,1.66200,1
5830,2.87850,2.10900,2.97900,1.62700,1
5831,2.73080,1.82600,2.77200,1.66900,1
5832,2.84429,1.69700,2.35200,1.64700,1
5833,2.55469,1.53500,2.32100,1.61000,1
5834,5.81315,1.26900,3.34400,1.78800,1
5835,4.40687,2.73500,4.55300,1.70500,1
5836,3.39767,1.82600,3.49300,1.64000,1
5837,5.19996,0.91700,4.20100,1.62100,1
5838,4.24996,2.94100,3.88100,1.67300,1
5839,5.61342,1.50400,5.19700,1.60900,1
5840,2.95184,2.83400,2.90400,1.65200,1
5841,3.28673,1.24000,3.45400,1.66500,1
5842,3.08068,2.25000,2.82500,1.76400,1
5843,4.34569,2.35700,4.53600,1.66500,1
5844,4.23543,1.14200,4.12600,1.62100,1
5845,2.66300,2.98200,2.33000,1.65900,1
5846,2.88901,1.94900,2.92500,1.83000,1
5847,2.43443,1.61600,2.61600,1.65200,1
5848,3.05630,1.03800,3.02600,1.62100,1
5849,3.83706,1.86100,3.63700,1.61900,1
5850,3.86912,0.85300,3.43200,1.64200,1
5851,4.03950,0.91500,3.81900,1.63000,1
5852,3.46347,1.18500,3.47100,1.66100,1
5853,4.57484,2.18400,4.59400,1.63200,1
5854,3.27476,1.10900,3.21600,1.62200,1
5855,3.64058,1.29900,3.04700,1.62200,1
5856,2.34264,3.34500,2.36200,1.82100,1
5857,2.73784,0.97400,2.06600,1.63900,1
5858,7.78240,2.25200,6.24800,1.65000,1
5859,4.19108,2.25000,4.38700,1.68000,1
5860,3.41097,2.33200,3.51100,1.75900,1
5861,2.76552,2.07100,2.54700,1.66200,1
5862,4.01571,2.75700,3.65500,1.64100,1
5863,3.41948,2.19900,3.28600,1.61300,1
5864,4.07317,2.15400,4.19700,1.63900,1
5865,2.67824,1.57200,2.49100,1.65700,1
5866,3.20242,1.14300,2.31200,1.66600,1
5867,3.40898,1.60200,3.57500,1.62900,1
5868,2.99518,1.23400,2.88300,1.64500,1
5869,3.82605,1.64600,3.92600,1.65500,1
5870,4.67579,1.75100,3.61000,1.82000,1
5871,2.98073,2.96400,3.46500,1.61000,1
5872,5.74384,4.13200,5.62500,1.62500,1
5873,3.41179,3.06100,3.00900,1.78300,1
5874,3.99054,1.08000,3.60500,1.65000,1
5875,3.47446,1.52900,3.32200,1.64200,1
5876,2.24684,1.41600,2.00600,1.64200,1
5877,5.03248,1.47800,4.44900,1.63900,1
5878,2.47082,1.98600,2.55800,1.93700,1
5879,3.58454,1.71000,2.76300,1.93700,1
5880,3.87954,2.40600,4.07700,1.68300,1
5881,4.10947,1.31300,3.64200,1.60600,1
5882,4.12322,1.00700,3.44600,1.63900,1
5883,1.69901,1.26600,2.68200,1.65100,1
5884,2.73747,1.75200,2.75800,1.66300,1
5885,4.35124,1.09100,3.65600,1.64500,1
5886,2.85146,1.71700,3.17200,1.62200,1
5887,5.48763,0.92400,3.93200,1.65100,1
5888,4.36297,1.79400,5.31300,1.71600,1
5889,5.78247,1.85500,5.69600,1.74800,1
5890,4.54517,1.24400,4.52800,1.79900,1
5891,5.52896,4.65500,5.48600,1.79900,1
5892,8.70222,1.60500,4.45200,1.65800,1
5893,7.15927,3.43900,7.00600,1.67600,1
5894,4.84599,3.26500,4.92700,1.75900,1
5895,4.27829,2.86900,4.10500,1.69100,1
5896,3.48170,1.87000,3.06200,1.66200,1
5897,2.87092,2.13600,2.97900,1.63100,1
5898,3.50466,2.09900,2.74500,1.63100,1
5899,5.52747,1.72900,3.72500,1.63500,1
5900,3.39438,2.08200,2.38100,1.61900,1
5901,2.99139,1.15100,2.75900,1.96200,1
5902,4.71001,1.53100,4.00200,1.62800,1
5903,4.95386,1.21700,3.86900,1.63800,1
5904,3.31331,0.80500,3.22300,1.61400,1
5905,3.75090,1.45100,2.93800,1.80600,1
5906,3.09328,1.41000,3.13100,1.80600,1
5907,3.35735,1.23400,3.35300,1.61500,1
5908,2.80034,1.88100,2.09800,1.63200,1
5909,5.37956,2.18600,4.33800,1.62200,1
5910,5.45024,1.23000,3.77900,1.74600,1
5911,3.60489,1.73800,2.88200,1.65800,1
5912,2.56920,1.58700,3.19000,1.63200,1
5913,4.37692,1.91000,4.36900,1.68200,1
5914,4.61419,0.89800,4.39100,1.80600,1
5915,3.65475,1.13100,3.34500,1.66900,1
5916,5.94465,0.75000,3.24100,1.64500,1
5917,6.96039,0.93600,5.59800,1.79900,1
5918,4.51708,1.22200,4.16200,1.63800,1
5919,2.74855,1.17300,3.09900,1.60600,1
5920,6.18177,1.20500,3.37500,1.60600,1
5921,4.11641,2.51100,3.66200,1.68500,1
5922,5.06788,2.18600,4.81400,1.62900,1
5923,5.69509,2.51400,3.96000,1.61400,1
5924,5.36743,1.42600,4.90500,1.80100,1
5925,4.20254,1.85700,4.14300,1.65100,1
5926,5.79250,2.07400,3.63800,1.65200,1
5927,3.98891,1.27900,3.74200,1.63300,1
5928,5.42984,1.49900,5.15300,1.69400,1
5929,3.08541,3.27800,3.08500,1.64700,1
5930,3.38944,1.33800,3.26700,1.63700,1
5931,5.49676,2.18600,5.47300,1.63700,1
5932,7.65670,2.47600,6.66500,1.65000,1
5933,5.76106,0.83100,5.70500,1.62300,1
5934,4.16594,1.03500,4.03700,1.82000,1
5935,3.33941,1.80800,3.41100,1.61400,1
5936,2.33081,1.47200,2.31500,1.60800,1
5937,2.68270,1.29900,2.71600,1.61600,1
5938,2.69451,1.21700,2.69700,1.61100,1
5939,3.75510,1.68800,3.64400,1.63700,1
5940,2.87454,0.87900,2.73900,1.66600,1
5941,2.75641,1.74700,2.88000,1.66600,1
5942,5.44050,1.20300,3.34300,1.64500,1
5943,4.15961,1.52600,3.92300,1.62100,1
5944,4.44116,2.37900,3.65500,1.62100,1
5945,5.29057,2.03500,5.42900,1.65200,1
5946,7.75655,1.44400,6.03300,1.65000,1
5947,4.28571,1.50800,3.94100,1.77000,1
5948,6.38962,1.79300,6.23900,1.68100,1
5949,5.94173,1.40800,5.65200,1.62900,1
5950,4.24422,1.36500,4.22400,1.67800,1
5951,4.08624,0.98400,4.03100,1.62400,1
5952,2.97420,1.23900,2.98900,1.64500,1
5953,4.11597,2.19200,3.88300,1.63500,1
5954,4.24556,1.31200,4.07300,1.97900,1
5955,3.44696,1.28900,3.44600,1.69400,1
5956,3.54039,1.24700,3.42400,1.64200,1
5957,4.70366,1.54300,3.99600,1.65900,1
5958,4.11985,2.08700,4.56000,1.61200,1
5959,4.81544,2.63000,4.48500,1.63100,1
5960,4.66935,1.22900,4.67000,1.63500,1
5961,3.36520,1.62800,2.93600,1.66300,1
5962,4.40535,1.96100,4.35300,1.78000,1
5963,3.25195,1.05100,3.25600,1.66400,1
5964,5.71233,1.24900,5.65800,1.64300,1
5965,4.54558,1.38100,4.50800,1.65800,1
5966,3.74424,1.57400,3.71400,1.62200,1
5967,3.64347,0.78400,3.54700,1.65600,1
5968,2.63857,1.61300,2.57600,1.63300,1
5969,5.06444,1.14100,3.51100,1.63800,1
5970,3.92308,1.78500,4.35200,1.82200,1
5971,4.27351,1.92500,4.00100,1.65700,1
5972,3.17455,2.07900,3.00100,1.60500,1
5973,3.12724,1.70700,2.62700,1.60100,1
5974,5.75607,0.94300,5.34300,1.61500,1
5975,4.74180,1.15500,4.17000,1.66900,1
5976,5.99057,1.22300,5.33700,1.60500,1
5977,5.90776,0.86400,6.12000,1.63000,1
5978,4.63481,1.62300,4.96200,1.61500,1
5979,5.93295,4.17200,5.54200,1.69000,1
5980,4.08731,2.16400,3.91700,1.69000,1
5981,6.31626,1.58000,5.82300,1.64700,1
5982,2.74951,3.54900,2.57800,1.61800,1
5983,3.46873,2.36000,3.37600,1.61800,1
5984,3.36401,1.39200,2.72900,1.61300,1
5985,3.21741,1.51700,3.21300,1.61300,1
5986,5.28563,2.09700,5.16800,1.69700,1
5987,3.79887,2.85900,3.87600,1.64900,1
5988,3.66371,1.31000,3.27100,1.64900,1
5989,1.95151,2.01300,2.35300,1.64900,1
5990,5.59159,1.41400,4.77900,1.60200,1
5991,4.74717,1.39200,4.54100,1.65400,1
5992,5.31497,3.53100,4.31300,1.66700,1
5993,5.32410,2.12400,5.59300,1.81000,1
5994,5.64640,1.63900,4.38400,1.63700,1
5995,4.00972,1.44400,3.85900,1.64300,1
5996,5.59772,1.11100,5.62100,1.61700,1
5997,4.06463,1.56600,4.22300,1.61900,1
5998,3.70388,1.20500,3.39700,1.62800,1
5999,3.72956,1.51600,3.47700,1.62800,1
6000,5.15594,2.01700,4.60100,1.62600,1
6001,3.35983,1.33600,3.20500,1.62600,1
6002,5.41231,1.50400,4.02100,1.64500,1
6003,3.39965,1.00300,3.40000,1.63200,1
6004,3.90844,1.50100,3.49300,1.66200,1
6005,3.70649,1.28800,2.72400,1.66200,1
6006,6.42030,1.32300,5.84900,1.64200,1
6007,7.21232,1.84400,7.07500,1.63300,1
6008,5.01116,1.88600,5.04200,1.64500,1
6009,7.69600,1.73900,4.10800,1.62800,1
6010,2.64912,2.68200,2.81500,1.82100,1
6011,4.65911,1.70500,3.65900,1.63400,1
6012,4.61080,2.04900,4.16900,1.71100,1
6013,7.93081,3.96700,7.87300,1.66100,1
6014,7.03315,3.74400,6.92600,1.97400,1
6015,4.06334,3.84000,4.31100,1.67200,1
6016,2.71143,2.92800,2.78300,1.65900,1
6017,3.77044,3.36500,3.46400,1.62800,1
6018,3.20538,1.08800,2.81800,1.65900,1
6019,4.75248,1.85700,4.35400,1.63800,1
6020,3.25660,1.47400,3.09200,1.62200,1
6021,3.26661,1.53900,2.75700,1.64300,1
6022,5.19787,1.80400,4.56300,1.65600,1
6023,4.02252,1.66400,3.51900,1.66300,1
6024,4.48036,1.48800,4.43500,1.64700,1
6025,3.64085,1.23200,3.81600,1.83800,1
6026,3.80986,1.41800,3.21600,1.69300,1
6027,3.25867,0.85900,2.86000,1.69300,1
6028,4.81518,0.89100,4.61100,1.65200,1
6029,3.85186,0.96100,3.44100,1.82600,1
6030,4.96763,2.10000,3.63900,1.64400,1
6031,2.69446,1.29900,2.91400,1.67300,1
6032,4.74590,3.59900,4.09800,1.66500,1
6033,2.43688,1.84300,3.10000,1.61400,1
6034,4.81809,1.37300,4.14000,1.61300,1
6035,3.15625,1.42500,3.64200,1.65600,1
6036,3.25912,1.07700,3.16200,1.63400,1
6037,3.70239,1.29000,3.79500,1.64300,1
6038,5.23814,1.28900,5.37800,1.84000,1
6039,5.96702,1.29000,5.66500,1.66500,1
6040,3.37397,2.34100,3.24600,1.61700,1
6041,5.35868,1.99700,4.75600,1.62300,1
6042,5.27669,1.25700,5.24400,1.62100,1
6043,3.63952,1.14000,3.06700,1.59200,1
6044,4.12763,1.87600,3.54500,1.61800,1
6045,3.69819,2.31400,4.05300,1.63800,1
6046,3.42425,1.25500,3.30100,1.63300,1
6047,6.61853,2.18600,4.32300,1.63300,1
6048,7.19297,1.89100,7.41000,1.69200,1
6049,5.83508,1.86700,5.65300,1.61800,1
6050,4.29712,2.58000,4.40200,1.70400,1
6051,3.82737,2.08500,3.67000,1.62300,1
6052,5.67377,2.43800,5.42400,1.63000,1
6053,5.20890,1.15800,5.12700,1.60600,1
6054,3.11455,1.95100,3.08700,1.64900,1
6055,5.31211,2.21700,5.20300,1.65500,1
6056,6.20279,1.40500,6.12800,1.64900,1
6057,5.94286,2.88300,5.74100,1.65700,1
6058,4.42837,2.95600,4.71200,1.83200,1
6059,5.36409,1.88200,4.06300,1.66800,1
6060,5.01647,1.85700,4.45800,1.65000,1
6061,4.79654,1.06700,4.27600,1.60700,1
6062,4.24328,1.17500,4.32000,1.60700,1
6063,4.58227,1.16000,4.27000,1.65700,1
6064,4.08753,1.16300,3.68400,1.63800,1
6065,6.63594,2.35700,6.91900,1.65300,1
6066,3.08496,1.76800,3.09600,1.65300,1
6067,7.96090,2.42100,6.82900,1.70300,1
6068,7.85128,1.69600,7.82100,1.64700,1
6069,5.38322,2.90600,4.52600,1.66000,1
6070,4.79890,1.97300,4.70800,1.65200,1
6071,3.89986,1.44000,4.26100,1.80000,1
6072,3.58656,2.43100,3.42000,1.63700,1
6073,7.86064,1.11000,7.20100,1.60900,1
6074,4.38536,1.42000,4.30800,1.60900,1
6075,6.30901,1.86500,6.36300,1.61000,1
6076,3.12879,1.44300,2.98500,1.63300,1
6077,4.90432,1.14300,4.12300,1.62900,1
6078,6.10550,1.65900,6.10400,1.74400,1
6079,2.67243,1.00300,2.67300,1.65000,1
6080,6.86339,1.22900,4.42200,1.63300,1
6081,5.45470,1.02200,5.23100,1.89600,1
6082,3.21806,1.35200,3.40500,1.67900,1
6083,4.86333,1.35900,4.74900,1.67900,1
6084,4.09109,1.11100,3.21700,1.67000,1
6085,4.24173,1.49600,4.39700,1.81900,1
6086,2.84469,3.30100,2.64900,1.81900,1
6087,5.32197,1.49000,5.53200,1.62600,1
6088,4.48428,2.44600,4.48500,1.64900,1
6089,4.06505,1.80600,3.33100,1.78400,1
6090,2.98610,1.90000,2.61100,1.62800,1
6091,3.99627,0.80000,3.82900,1.62100,1
6092,3.99514,1.75000,3.12600,1.62100,1
6093,4.00308,0.81700,4.35000,1.82100,1
6094,2.84442,0.96900,2.71200,1.82100,1
6095,4.22064,1.64100,4.25900,1.63100,1
6096,3.82751,2.11900,2.89800,1.63400,1
6097,9.46917,2.86800,3.86700,1.64300,1
6098,6.04770,2.14700,3.83100,1.64200,1
6099,1.62452,2.35000,3.77500,1.66000,1
6100,3.99533,1.12000,3.40900,1.61800,1
6101,2.33731,1.14400,2.71700,1.61800,1
6102,3.74845,1.31100,3.46800,1.62500,1
6103,3.73401,2.22600,3.74000,1.66400,1
6104,3.20858,1.10000,3.08900,1.64400,1
6105,3.36629,1.32500,3.25200,1.63300,1
6106,4.95726,2.60100,4.69500,1.63600,1
6107,3.52095,2.40200,3.37600,1.63600,1
6108,4.05200,1.66000,2.69900,1.64200,1
6109,5.41087,1.12200,5.60800,1.67400,1
6110,5.93525,1.20100,5.88300,1.63600,1
6111,3.77086,2.75900,3.28500,1.63600,1
6112,6.40973,2.35700,5.81100,1.64200,1
6113,5.84959,3.91600,5.75800,1.66500,1
6114,5.50076,4.01600,5.53500,1.70300,1
6115,3.73399,2.40100,3.72800,1.66400,1
6116,2.87673,1.99800,2.56700,1.88000,1
6117,3.59502,1.60500,2.74200,1.63200,1
6118,1.98619,1.60600,2.61200,1.66900,1
6119,4.37221,1.11700,2.95700,1.64300,1
6120,3.92501,1.01800,3.60500,1.64200,1
6121,5.67813,1.00000,5.17700,1.83200,1
6122,2.00110,1.13100,2.42000,1.65900,1
6123,3.30894,0.96300,3.27000,1.65000,1
6124,3.01296,0.76000,3.08900,1.65000,1
6125,4.67315,0.69800,4.55300,1.83500,1
6126,4.29426,2.05800,4.16000,1.66700,1
6127,4.73907,0.96000,3.43400,1.62600,1
6128,5.54966,1.94800,4.27400,1.64400,1
6129,4.02579,1.40200,4.02200,1.63100,1
6130,4.13828,1.17900,3.67500,1.68900,1
6131,3.31829,1.15200,3.60900,1.62200,1
6132,4.74726,1.29800,3.45100,1.65700,1
6133,4.84278,1.16600,4.69200,1.79300,1
6134,3.36002,1.01100,3.30100,1.64800,1
6135,3.30972,0.84600,3.29600,1.61100,1
6136,3.22899,1.47400,3.18900,1.61100,1
6137,3.11714,1.68300,3.27000,1.59400,1
6138,3.22358,0.88600,3.22400,1.64500,1
6139,3.43687,0.94400,3.01700,1.63000,1
6140,3.78872,1.88900,4.16300,1.64700,1
6141,3.22120,1.52800,2.96400,1.69400,1
6142,3.48053,1.75900,3.58600,1.61700,1
6143,3.05233,2.13800,2.84800,1.77400,1
6144,2.98074,1.28200,2.52400,1.77400,1
6145,2.53481,0.99600,2.44800,1.63600,1
6146,3.17667,1.46500,3.23200,1.66100,1
6147,3.96079,1.36100,3.91500,1.63200,1
6148,3.78797,1.16500,3.73900,1.62000,1
6149,3.10223,1.50200,3.08100,1.62500,1
6150,2.84185,1.40200,2.49200,1.65800,1
6151,4.58054,1.63700,4.80100,1.66100,1
6152,4.26516,2.03600,4.13000,1.61600,1
6153,6.26680,0.84900,6.23200,1.67200,1
6154,3.81325,1.52700,3.82600,1.65000,1
6155,4.20412,1.83300,4.26900,1.61100,1
6156,4.62366,2.49900,3.95300,1.61100,1
6157,8.01613,1.15100,7.64600,1.65400,1
6158,3.31380,2.00400,3.63800,1.64800,1
6159,2.68049,1.58100,2.72300,1.64200,1
6160,2.98192,0.85900,3.05400,1.78600,1
6161,3.87168,1.50000,3.61900,1.63500,1
6162,4.18199,1.77600,4.19800,1.65900,1
6163,4.11853,1.90000,3.75300,1.68200,1
6164,6.38965,1.55700,5.24600,1.65500,1
6165,5.91614,1.39300,4.65400,1.64500,1
6166,3.68575,3.08300,4.92100,1.63100,1
6167,4.04640,1.87700,3.31200,1.66800,1
6168,3.54986,4.22800,4.26200,1.84500,1
6169,4.51266,1.93600,4.05300,1.64000,1
6170,4.63883,1.95300,4.73100,1.62000,1
6171,4.16164,1.87700,3.56100,1.86200,1
6172,4.25577,1.68100,4.72100,1.64300,1
6173,4.31954,1.25200,3.71200,1.61800,1
6174,3.70009,1.67200,3.29100,1.64400,1
6175,5.04206,2.80900,5.14200,1.80300,1
6176,4.00024,1.90600,3.52400,1.82300,1
6177,2.92325,1.63300,2.59000,1.82300,1
6178,4.09048,1.63800,4.34400,1.71300,1
6179,3.36998,1.90700,3.22800,1.64300,1
6180,3.56765,1.40800,3.29000,1.61600,1
6181,3.54594,1.80100,2.64900,1.60800,1
6182,3.22460,2.33600,3.01900,1.70200,1
6183,3.54664,1.00500,3.20400,1.63600,1
6184,3.15790,1.11300,3.06700,1.82300,1
6185,3.66010,1.09800,2.92600,1.64100,1
6186,2.85384,0.72800,2.71900,1.66900,1
6187,3.62851,1.03000,3.42600,1.64000,1
6188,4.33624,1.30000,4.10800,1.66900,1
6189,4.43279,1.91600,4.62700,1.86400,1
6190,4.16201,1.13200,4.11100,1.63300,1
6191,4.30005,0.91900,3.91600,1.65900,1
6192,3.46503,1.85800,3.17300,1.61800,1
6193,2.85521,2.13500,2.46200,1.61800,1
6194,5.12885,1.07300,5.35800,1.66300,1
6195,4.23968,1.23600,4.29500,1.65900,1
6196,4.35863,2.13800,4.27600,1.63100,1
6197,4.44673,1.26800,3.17700,1.67200,1
6198,7.34541,2.21200,6.96800,1.64700,1
6199,3.63965,1.63500,3.06500,1.65100,1
6200,4.57136,2.11600,4.15700,1.81400,1
6201,5.41424,1.78900,5.46100,1.66500,1
6202,4.04001,1.88500,3.70900,1.64400,1
6203,5.18679,2.07900,4.93700,1.59700,1
6204,3.25321,1.27100,2.75100,1.62500,1
6205,4.86974,2.53400,4.89500,1.64200,1
6206,3.24564,1.05500,3.00500,1.66800,1
6207,4.66841,0.92100,3.71500,1.65500,1
6208,1.80293,1.79700,2.98400,1.84200,1
6209,3.23034,2.28300,2.85900,1.84200,1
6210,5.25095,2.12600,4.62400,1.64900,1
6211,4.05101,2.29100,3.99000,1.70700,1
6212,4.55451,1.21500,3.44500,1.64600,1
6213,4.09699,1.97800,3.79700,1.63800,1
6214,4.08905,1.28600,3.63600,1.63300,1
6215,6.09891,2.01700,5.56200,1.65200,1
6216,3.42588,1.79700,3.00500,1.85300,1
6217,4.06966,1.46100,4.30900,1.67800,1
6218,4.15588,1.01200,3.93900,1.64200,1
6219,5.29348,1.83400,4.46900,1.63700,1
6220,3.34982,2.06200,3.51100,1.63600,1
6221,4.90969,1.37000,4.51000,1.72200,1
6222,2.56291,1.52500,2.57900,1.72200,1
6223,4.59640,1.17800,4.28700,1.60900,1
6224,9.32949,1.59900,7.93200,1.65900,1
6225,6.81462,4.74400,4.65500,1.70300,1
6226,3.58461,3.85600,3.66500,1.67300,1
6227,3.86448,2.00800,3.84900,1.64500,1
6228,4.67241,1.14000,4.37700,1.61700,1
6229,3.26936,1.15400,3.61200,1.61700,1
6230,3.80338,1.89500,3.07400,1.81900,1
6231,3.32809,1.40000,3.28700,1.78600,1
6232,3.88649,0.87400,3.48900,1.64200,1
6233,2.99208,1.01500,2.38600,1.64200,1
6234,3.49532,2.11800,3.20500,1.64800,1
6235,2.16289,1.00800,2.15200,1.79500,1
6236,3.15025,1.73700,3.06500,1.66800,1
6237,2.10161,1.10400,2.18800,1.66800,1
6238,2.20869,0.95700,2.18900,1.65600,1
6239,2.41224,1.15600,2.40500,1.62600,1
6240,3.15988,0.83200,3.11800,1.62000,1
6241,3.15807,0.66400,3.06900,1.67700,1
6242,2.55788,0.77700,2.43300,1.64400,1
6243,3.82338,1.11400,3.00900,1.67100,1
6244,4.89744,1.14600,4.10000,1.61800,1
6245,3.44125,1.03000,3.49500,1.65300,1
6246,3.11991,1.03800,2.68800,1.71600,1
6247,3.60601,1.07200,3.94200,1.64100,1
6248,3.96497,1.15700,3.83200,1.63000,1
6249,3.62468,0.86400,3.46600,1.62800,1
6250,3.12111,0.98400,3.16900,1.65000,1
6251,3.32822,2.02200,3.00500,1.65000,1
6252,4.93062,2.09600,4.88300,1.67500,1
6253,4.07015,1.68100,4.03700,1.65800,1
6254,3.66242,1.38900,3.49300,1.67600,1
6255,3.99846,1.88800,4.06000,1.80500,1
6256,4.00124,1.03800,3.58200,1.67200,1
6257,3.59975,0.96900,3.76300,1.67600,1
6258,6.17844,1.96700,5.21900,1.67700,1
6259,4.85121,1.39500,4.91900,1.93900,1
6260,4.45969,1.08200,4.30400,1.64800,1
6261,4.41390,1.77100,4.40200,1.62300,1
6262,5.11070,2.51000,3.52100,1.68700,1
6263,4.12602,1.24000,4.73000,1.64400,1
6264,3.10136,1.70100,2.99800,1.74400,1
6265,3.30456,2.31800,3.62100,1.66100,1
6266,4.87174,1.50200,4.40400,1.64100,1
6267,5.99483,1.25100,5.59700,1.96000,1
6268,3.04091,0.96400,3.36000,1.71500,1
6269,4.95461,1.29200,4.53100,1.71700,1
6270,2.81664,2.74100,3.35100,1.61100,1
6271,3.43551,1.04100,3.37000,1.64200,1
6272,5.16863,0.96800,4.66500,1.67300,1
6273,4.62063,1.72100,4.69200,1.62500,1
6274,4.54097,2.26500,4.51600,1.64900,1
6275,3.72742,3.27100,3.85600,1.83300,1
6276,3.64620,2.14500,3.23800,1.67000,1
6277,3.66105,1.55600,4.08400,1.65500,1
6278,4.10197,1.01200,3.15000,1.65500,1
6279,6.23247,2.07900,5.01100,1.65100,1
6280,5.00165,2.04700,4.25900,1.68700,1
6281,6.34874,1.15700,4.11000,1.64200,1
6282,4.68468,1.46800,4.98400,1.81800,1
6283,4.29405,3.15600,4.20500,1.65200,1
6284,4.55531,1.66600,4.08900,1.64100,1
6285,4.43298,2.92600,4.20600,1.63600,1
6286,3.05538,1.13100,2.96400,1.66400,1
6287,3.67596,1.57400,3.45300,1.63900,1
6288,3.98215,1.04300,3.99700,1.61600,1
6289,2.54207,1.48100,2.56700,1.61600,1
6290,3.33624,1.72100,3.34500,1.65100,1
6291,3.84043,2.35500,3.79800,1.65800,1
6292,4.54348,1.49600,4.50700,1.58700,1
6293,4.07331,2.08400,3.93500,1.62300,1
6294,3.65833,2.79500,2.98300,1.58700,1
6295,3.75777,2.91200,3.40500,1.63300,1
6296,2.28903,1.79400,2.44200,1.63300,1
6297,7.66198,1.67900,6.79200,1.73300,1
6298,3.83037,2.79900,3.84800,1.83700,1
6299,4.81021,1.14800,4.73900,1.79400,1
6300,3.53388,1.20300,3.54100,1.64800,1
6301,2.80647,1.25400,2.74100,1.64500,1
6302,4.16951,1.60200,4.03800,1.64300,1
6303,6.39653,1.19300,5.44200,1.63000,1
6304,2.74470,1.75000,3.66600,1.63000,1
6305,7.02840,1.96600,4.14000,1.62400,1
6306,3.45333,1.49000,5.51800,1.62200,1
6307,2.74508,1.58400,2.62100,1.64100,1
6308,2.34063,2.27700,2.27500,1.62900,1
6309,2.99565,1.34700,2.71000,1.62300,1
6310,3.45925,1.44400,3.60700,1.63300,1
6311,4.61413,1.91500,3.08200,1.61400,1
6312,2.74304,1.77100,3.37600,1.65300,1
6313,3.76256,1.69900,3.17900,1.65300,1
6314,2.80209,1.08100,2.16600,1.63700,1
6315,3.86521,1.39700,4.10400,1.65700,1
6316,3.05247,1.56800,2.85600,1.68700,1
6317,3.68578,1.27200,3.58800,1.65400,1
6318,3.39127,1.20900,3.47100,1.61800,1
6319,3.03186,1.52600,2.65600,1.61800,1
6320,4.32303,1.19400,4.12800,1.65100,1
6321,3.61153,1.06700,2.66700,1.58300,1
6322,2.91696,0.85900,2.94300,1.62700,1
6323,2.85126,1.12700,2.53000,1.62700,1
6324,3.19020,1.66000,3.28500,1.61300,1
6325,5.21547,1.19200,3.70100,1.65400,1
6326,3.98513,1.92100,3.80800,1.81000,1
6327,2.42873,1.26300,2.80200,1.65700,1
6328,5.68893,4.42900,5.53000,1.64600,1
6329,3.18590,1.36100,2.96500,1.63700,1
6330,4.26647,1.55700,4.38400,1.61700,1
6331,4.03552,1.97700,3.83200,1.64600,1
6332,6.95806,2.07000,5.96000,1.68200,1
6333,2.91160,1.05700,3.72500,1.79900,1
6334,2.35148,1.96700,2.40400,1.78800,1
6335,4.23779,1.55400,4.30600,1.76300,1
6336,4.59593,1.40500,3.40900,1.68900,1
6337,3.89198,1.66600,3.92800,1.60100,1
6338,3.48844,1.61400,3.41300,1.61300,1
6339,6.97064,1.24400,6.22900,1.61300,1
6340,10.57421,2.66200,5.47600,2.15000,1
6341,4.01220,3.82100,3.97500,1.65300,1
6342,3.36770,1.46500,3.43800,1.64000,1
6343,5.00107,1.29600,3.76000,1.66500,1
6344,2.74937,1.09100,2.85200,1.66300,1
6345,2.17546,2.10900,2.16100,1.64800,1
6346,2.38610,1.26900,2.44700,1.61100,1
6347,3.17099,1.20400,2.18800,1.62000,1
6348,2.68676,1.46100,2.66000,1.67900,1
6349,2.34649,1.38500,2.26500,1.67900,1
6350,3.19882,0.93800,2.95200,1.61100,1
6351,3.37175,1.10300,3.10200,1.61100,1
6352,3.50904,3.08200,3.34100,1.61400,1
6353,3.29164,1.34300,3.24900,1.64500,1
6354,4.07774,1.63100,4.09500,1.69100,1
6355,4.02199,1.28800,3.30800,1.62200,1
6356,3.71348,1.69900,3.21700,1.64000,1
6357,4.05606,2.27700,4.01000,1.62300,1
6358,3.36567,1.60600,3.19200,1.63900,1
6359,3.72903,1.20400,3.46800,1.81300,1
6360,3.57010,1.12700,3.17100,1.62200,1
6361,4.03152,1.05900,3.85200,1.72100,1
6362,3.68208,3.05500,3.73200,1.67900,1
6363,4.64132,2.35300,4.60800,1.66500,1
6364,6.87973,2.20100,6.03500,1.64500,1
6365,3.76783,3.45500,4.53200,1.62500,1
6366,7.34888,1.87200,6.55600,1.61100,1
6367,5.61146,3.76700,6.04500,1.64400,1
6368,2.77301,1.19800,3.10600,1.62500,1
6369,4.76042,2.62900,3.26800,1.62500,1
6370,4.84823,2.09000,6.01100,1.65000,1
6371,3.64404,2.14300,3.19500,1.67200,1
6372,5.82232,2.73200,5.47800,1.60100,1
6373,6.29232,2.03500,5.31000,1.63700,1
6374,2.97985,2.39500,3.29900,1.65000,1
6375,3.57662,2.30800,3.33200,1.60400,1
6376,4.75875,2.17400,4.74900,1.62800,1
6377,4.44052,2.08900,4.35800,1.64400,1
6378,3.67522,1.29900,3.67500,1.64800,1
6379,4.48667,1.54200,4.39800,1.61400,1
6380,3.40130,1.30800,3.36300,1.63100,1
6381,6.03168,2.27900,5.26100,1.95000,1
6382,3.74626,3.33400,3.55100,1.64300,1
6383,5.36982,1.07700,3.00400,1.64600,1
6384,3.30812,1.95500,3.65100,1.64600,1
6385,4.70079,0.77200,3.78000,1.63000,1
6386,4.65916,0.81400,2.48000,1.63000,1
6387,7.42050,1.43600,4.64900,1.68300,1
6388,4.91670,0.96100,4.28500,1.88800,1
6389,3.98988,1.77700,3.48200,1.68400,1
6390,6.32410,0.99600,6.14000,1.64400,1
6391,5.00717,1.16300,4.31400,1.66500,1
6392,2.87788,1.48500,2.97200,1.65500,1
6393,3.12803,1.21600,3.18300,1.66200,1
6394,5.96804,0.88700,5.77600,1.65700,1
6395,4.92525,1.27500,4.89600,1.64900,1
6396,4.21410,1.38800,4.14800,1.71400,1
6397,5.22088,2.12700,4.45200,1.62000,1
6398,4.13012,1.99400,3.33500,1.62400,1
6399,5.20911,3.09900,4.64000,1.83800,1
6400,2.22187,1.67700,3.24000,1.62700,1
6401,4.13140,1.66400,3.51200,1.69000,1
6402,3.48178,1.74000,3.52100,1.65000,1
6403,2.40370,1.43700,2.30300,1.65000,1
6404,4.64378,1.86700,4.44900,1.64600,1
6405,4.54925,1.47700,4.51000,1.65400,1
6406,4.22220,2.41700,4.26300,1.60900,1
6407,6.03663,1.18900,5.88100,1.60500,1
6408,4.48268,1.11700,4.48500,1.64700,1
6409,3.73096,1.18200,3.70900,1.63900,1
6410,5.79773,1.48200,3.94600,1.64000,1
6411,1.96226,1.59100,3.09300,1.64000,1
6412,3.85451,1.09400,3.98200,1.68900,1
6413,4.72596,0.98200,4.52800,1.63100,1
6414,4.10943,1.64400,4.36500,1.63100,1
6415,3.28276,1.14100,3.15400,1.64800,1
6416,3.96278,1.70100,3.95800,1.64500,1
6417,3.86496,1.12500,3.85400,1.63900,1
6418,5.53655,1.86200,4.25000,1.65900,1
6419,4.30883,1.75200,4.15500,1.64500,1
6420,3.67972,1.57000,2.81600,1.64500,1
6421,5.40118,0.78900,5.60000,1.63600,1
6422,7.52781,1.09200,7.11000,1.64900,1
6423,3.75227,2.18800,3.85200,1.64500,1
6424,4.42096,3.79200,3.87200,1.64400,1
6425,3.52411,1.64700,3.95000,1.63500,1
6426,3.04789,2.51300,3.01500,1.97700,1
6427,4.09000,1.38700,3.35600,1.60900,1
6428,4.56470,1.77600,4.51000,1.69100,1
6429,3.76410,2.16200,3.82200,1.64300,1
6430,5.94778,2.36500,4.98300,1.68500,1
6431,4.58276,1.16600,4.25000,1.66900,1
6432,5.39972,2.04100,5.59300,1.64300,1
6433,4.76077,1.08000,4.39400,1.60200,1
6434,5.88079,1.54100,6.08100,1.64900,1
6435,5.18806,3.10000,5.28300,1.64600,1
6436,4.88513,3.97800,3.77000,1.64600,1
6437,10.19278,2.21100,10.28300,1.69300,1
6438,5.90973,6.43900,6.14300,1.67400,1
6439,3.14612,2.64900,3.22000,1.96600,1
6440,2.88030,1.58600,2.88000,1.96600,1
6441,5.60674,1.44800,4.56200,1.65400,1
6442,2.54634,1.07800,2.53300,1.65700,1
6443,3.42797,1.81900,2.20800,1.66900,1
6444,3.02401,1.29800,3.42200,1.82900,1
6445,3.34505,2.46800,3.37700,1.67000,1
6446,3.70152,1.05500,3.64400,1.61200,1
6447,2.99675,1.08700,2.97200,1.64700,1
6448,2.77121,1.33700,2.67100,1.63400,1
6449,3.31677,0.99300,3.13400,1.89200,1
6450,2.73330,0.91400,2.67200,1.66500,1
6451,2.25399,1.08900,2.30500,1.66500,1
6452,3.42284,0.81700,2.93300,1.65800,1
6453,3.99042,0.79800,4.34900,1.62100,1
6454,2.99942,1.30000,3.06000,1.64900,1
6455,2.39809,0.88800,2.21600,1.64600,1
6456,4.49873,1.29700,4.69200,1.63600,1
6457,3.53977,1.84300,3.53400,1.65400,1
6458,4.05059,1.74400,3.65800,1.66800,1
6459,3.02305,1.78600,3.29100,1.66800,1
6460,4.09644,1.43500,4.10600,1.64300,1
6461,4.04952,1.35300,3.36700,1.59400,1
6462,2.59041,1.53100,2.56000,1.66600,1
6463,3.90491,2.07900,3.57400,1.65600,1
6464,3.82880,1.27800,3.87200,1.66400,1
6465,3.74405,1.29600,3.15700,1.68800,1
6466,3.32162,1.90800,3.06700,1.65900,1
6467,2.25756,0.93500,2.34700,1.67400,1
6468,3.88813,1.99300,3.76200,1.67400,1
6469,3.03349,1.69300,2.71700,1.64300,1
6470,3.68724,2.91400,3.75600,1.64300,1
6471,7.50884,1.95600,5.35900,1.66800,1
6472,5.75083,1.52300,4.13400,1.66800,1
6473,3.56677,1.33400,4.97900,1.63800,1
6474,3.87345,1.13300,3.88100,1.63900,1
6475,5.41422,1.05100,4.95500,1.64200,1
6476,3.41823,1.99300,3.63300,1.94400,1
6477,3.57052,1.39900,3.47200,1.65600,1
6478,3.63561,1.66800,3.74500,1.65700,1
6479,4.86209,1.21500,4.80700,1.65700,1
6480,4.72642,0.92800,4.62000,1.82400,1
6481,4.63706,1.60800,4.61400,1.62600,1
6482,4.35433,2.57900,4.37900,1.62000,1
6483,3.94543,1.24000,3.38900,1.64100,1
6484,3.84610,1.83700,2.67400,1.64100,1
6485,5.43935,1.96400,4.82400,1.62700,1
6486,6.50078,2.11400,5.06300,1.63800,1
6487,4.01358,1.58200,4.14000,1.68600,1
6488,2.61065,1.80700,2.53700,1.64200,1
6489,3.43601,1.59700,2.88600,1.63300,1
6490,3.02450,2.15700,3.03700,1.65600,1
6491,3.63447,1.00200,2.86000,1.63900,1
6492,2.55503,2.36400,2.28200,1.91300,1
6493,4.88466,1.76900,4.47800,1.64400,1
6494,3.98150,6.10200,4.07200,1.68400,1
6495,3.73514,1.38100,3.11000,1.63100,1
6496,4.07587,1.30500,3.90700,1.66600,1
6497,3.88005,1.76400,3.95500,1.62900,1
6498,3.91286,1.78600,3.37500,1.61400,1
6499,4.31685,1.14600,3.76100,1.69600,1
6500,5.00959,0.96400,4.66600,1.61700,1
6501,3.30300,1.02400,3.36000,1.98900,1
6502,4.04140,1.10200,3.95700,1.64900,1
6503,4.42337,1.84200,3.88800,1.69800,1
6504,4.86528,1.34500,3.38200,1.60300,1
6505,3.36222,1.31400,2.92500,1.62300,1
6506,3.94960,1.94300,3.68800,1.62500,1
6507,3.23101,3.57000,3.46500,1.61800,1
6508,4.42274,1.91300,3.77200,1.67500,1
6509,2.03920,1.13100,2.47300,1.91800,1
6510,3.31028,1.65000,3.32600,1.61900,1
6511,4.04410,1.10600,3.46400,1.66100,1
6512,4.98732,1.86500,4.75100,1.63800,1
6513,3.01273,0.81500,2.97800,1.63800,1
6514,4.91950,2.10600,4.71100,1.68200,1
6515,5.14766,1.84400,5.00100,1.62100,1
6516,2.39432,2.09600,2.22400,1.62100,1
6517,4.96621,1.77400,4.40600,1.64500,1
6518,3.24293,1.93500,3.15800,1.62700,1
6519,4.22409,1.30400,3.68700,1.62700,1
6520,4.10043,0.93400,3.47600,1.63500,1
6521,6.28161,1.96400,5.78200,1.64500,1
6522,5.06567,3.34300,4.64700,1.59600,1
6523,3.57373,2.47200,3.41200,1.66300,1
6524,4.78592,2.49400,5.16600,1.60300,1
6525,6.72478,2.68300,5.87400,1.81900,1
6526,5.06168,5.52100,5.63700,1.67100,1
6527,6.42997,1.56700,5.64600,1.65800,1
6528,6.40849,2.07800,4.11000,1.61300,1
6529,4.38965,1.99300,4.47600,1.63600,1
6530,3.73705,1.87800,3.74200,1.62700,1
6531,6.00185,1.56200,5.00300,1.62600,1
6532,4.88113,2.32400,4.94800,1.62800,1
6533,8.83291,1.33300,7.87600,1.65500,1
6534,3.19510,3.21900,3.43700,1.69600,1
6535,6.51268,2.72100,3.68300,1.72800,1
6536,3.87110,1.92700,2.89800,1.70100,1
6537,4.40123,2.42400,2.99500,1.78500,1
6538,3.25946,1.73300,2.57600,1.78500,1
6539,6.99143,1.38500,6.36900,1.63200,1
6540,4.79123,1.91000,4.71800,1.68500,1
6541,3.44192,1.52200,3.40600,1.62300,1
6542,3.52130,1.87300,3.36500,1.64100,1
6543,3.16280,1.35200,3.24000,1.64600,1
6544,2.97033,1.16800,2.88700,1.63100,1
6545,6.03708,1.97300,5.22500,1.65200,1
6546,8.08212,2.11500,8.96100,1.65200,1
6547,4.66778,1.90500,4.44500,1.62000,1
6548,4.74429,3.13200,4.92600,1.84200,1
6549,6.97036,3.86100,6.97100,1.68300,1
6550,4.07979,1.39800,4.07000,1.66500,1
6551,8.90088,1.58400,8.40900,1.69600,1
6552,4.07860,2.12500,3.35600,1.69600,1
6553,5.23868,2.09900,4.19900,1.74500,1
6554,3.09563,1.93800,3.30900,1.66400,1
6555,2.64836,1.82900,2.65200,1.67000,1
6556,2.56666,1.44800,2.44500,1.64700,1
6557,4.42498,1.95500,3.94900,1.65000,1
6558,3.41450,1.19400,2.83800,1.68100,1
6559,4.78775,2.00400,4.11500,1.66000,1
6560,6.67730,1.38700,3.07700,1.66000,1
6561,4.77640,1.17900,7.46800,1.65800,1
6562,3.88396,1.37300,3.55100,1.64100,1
6563,5.66372,1.52900,5.51500,1.64200,1
6564,3.84239,2.59600,3.86800,1.64200,1
6565,7.44343,1.17600,5.53300,1.62100,1
6566,3.61692,0.91300,4.44600,1.63200,1
6567,4.09660,1.13900,4.07600,1.61600,1
6568,3.65531,2.04000,3.93700,1.65100,1
6569,3.11420,1.72100,3.14100,1.88100,1
6570,4.43215,2.85900,4.25300,1.70000,1
6571,3.20722,1.07400,3.37300,1.61900,1
6572,4.27823,2.22900,4.06300,1.67200,1
6573,3.58467,0.96500,3.46800,1.62000,1
6574,4.19207,1.75900,3.81600,1.87800,1
6575,3.59307,2.45100,3.65100,1.67900,1
6576,3.42297,1.83400,3.45200,1.59700,1
6577,4.36510,1.39600,4.23300,1.61800,1
6578,3.78232,1.49300,3.82900,1.84200,1
6579,4.34041,2.69000,4.03400,1.64700,1
6580,4.84892,1.42500,4.65800,1.61400,1
6581,4.48161,2.82500,4.78700,1.58900,1
6582,5.07665,1.66100,4.97700,1.62800,1
6583,4.95121,2.52300,4.90000,1.63600,1
6584,4.42088,1.94900,3.80300,1.64500,1
6585,3.79739,1.36700,3.22500,1.73300,1
6586,3.14750,1.41300,3.61800,1.73300,1
6587,5.09093,1.79600,4.69100,1.61600,1
6588,4.70144,2.19500,5.04600,1.64900,1
6589,3.62956,2.66700,3.65800,1.80800,1
6590,6.34562,1.45900,4.32800,1.62800,1
6591,4.56985,1.45500,3.80900,1.63500,1
6592,3.90631,1.59800,3.97800,1.62200,1
6593,6.53162,1.82600,3.91300,1.63900,1
6594,8.00478,4.07100,8.22100,1.73800,1
6595,3.69973,2.41200,2.67500,1.64400,1
6596,3.27082,1.55100,2.64500,1.64700,1
6597,3.79433,1.54400,4.21800,1.67600,1
6598,3.45646,1.59900,2.78800,1.64400,1
6599,3.34054,0.92700,3.31900,1.63800,1
6600,4.62754,2.57900,4.23000,1.85200,1
6601,3.71098,0.96400,3.39700,1.62100,1
6602,3.02162,1.83800,2.53400,1.62200,1
6603,5.19656,1.17300,3.39200,1.62200,1
6604,4.10971,0.98500,4.50100,2.03000,1
6605,3.00928,2.19000,2.97800,2.03000,1
6606,5.33016,0.93900,5.12100,1.61300,1
6607,4.25247,1.32800,2.77800,1.63700,1
6608,4.25834,0.94900,4.29800,1.80200,1
6609,6.44926,1.83300,5.17200,1.60400,1
6610,3.97972,1.55900,3.79800,1.59500,1
6611,3.19196,1.24500,3.24000,1.60600,1
6612,4.28158,1.80700,3.96800,1.65200,1
6613,6.69225,1.72900,3.74900,1.62300,1
6614,5.85336,2.47500,5.64200,1.64200,1
6615,5.46259,1.13400,2.88300,1.64200,1
6616,9.88089,0.94000,8.54100,1.61600,1
6617,2.61851,1.21000,3.09300,1.64800,1
6618,4.34037,1.95100,4.90800,1.60000,1
6619,4.71448,3.26700,4.73200,1.70300,1
6620,4.44546,1.00100,4.02100,1.64400,1
6621,5.07520,2.41400,4.31600,1.68100,1
6622,4.82297,1.55900,4.65300,1.64200,1
6623,5.10817,2.01400,3.67300,1.61700,1
6624,3.52006,1.02200,3.27900,1.62400,1
6625,5.49511,2.48600,5.18700,1.61100,1
6626,4.83071,2.20600,4.87600,1.63300,1
6627,3.47868,1.82500,2.96700,1.61700,1
6628,5.96669,2.20500,4.51500,1.80000,1
6629,3.14866,2.05000,3.21700,1.65100,1
6630,4.63793,2.20400,4.30300,1.64300,1
6631,3.73947,1.58900,4.00800,1.67900,1
6632,4.60195,1.06000,4.09200,1.77800,1
6633,3.67570,1.46200,3.76400,1.66500,1
6634,3.17571,0.84000,3.14500,1.62600,1
6635,3.37549,1.54000,3.42300,1.63500,1
6636,3.10192,2.51100,2.95200,1.63900,1
6637,3.75140,1.30900,3.54900,1.81400,1
6638,5.05954,1.97200,5.01300,1.62900,1
6639,5.88508,2.47200,5.76400,1.60600,1
6640,3.93672,1.38300,3.57600,1.62100,1
6641,3.53102,3.40400,3.39100,1.62100,1
6642,5.59572,1.47300,4.82400,1.61700,1
6643,5.98812,2.61900,5.51700,1.63500,1
6644,2.31419,0.94600,2.75400,1.65100,1
6645,3.68476,1.57900,3.50700,1.61100,1
6646,4.28778,0.85200,4.08400,1.63400,1
6647,5.44191,1.59700,5.47900,1.63200,1
6648,3.77845,2.91700,3.78200,1.77900,1
6649,3.49545,0.92600,3.31400,1.62300,1
6650,3.30241,2.17600,3.18100,1.66500,1
6651,3.68709,1.62700,3.41800,1.62300,1
6652,5.23594,1.89900,4.37100,1.62000,1
6653,4.55420,1.24100,4.23600,1.66100,1
6654,2.69756,1.71500,2.61500,1.62700,1
6655,3.21282,1.70300,3.16700,1.66200,1
6656,3.01587,2.00700,2.46200,1.63700,1
6657,2.13668,1.08900,2.16000,1.65300,1
6658,2.59723,0.92400,2.60100,1.82100,1
6659,3.27064,0.94400,3.27200,1.63600,1
6660,2.44340,1.08100,2.31700,1.63600,1
6661,2.52845,1.29300,2.52900,1.60800,1
6662,2.67727,1.12700,2.64400,1.60800,1
6663,2.47141,1.39600,2.34000,1.60100,1
6664,4.68588,0.87300,2.65700,1.71200,1
6665,3.33278,0.91500,2.28900,1.71200,1
6666,3.49930,0.77800,3.95500,1.65500,1
6667,4.03073,1.00600,3.68200,1.62800,1
6668,2.65268,0.93200,2.74000,1.75200,1
6669,2.11510,0.92200,2.03200,1.65800,1
6670,3.78762,0.80500,2.90400,1.71200,1
6671,2.26810,0.76200,2.10600,1.71200,1
6672,3.38822,0.85300,2.13800,1.61300,1
6673,2.86660,1.66500,2.40200,1.64500,1
6674,3.41886,1.81800,3.53100,1.81300,1
6675,3.96220,2.18600,3.85600,1.66400,1
6676,3.67033,1.71100,3.87600,1.63100,1
6677,5.01691,1.26600,4.30900,1.64500,1
6678,3.21168,1.25700,3.37000,1.63400,1
6679,5.54827,2.18100,5.24000,1.62000,1
6680,3.64991,3.31200,3.67600,1.65100,1
6681,6.92645,3.36600,6.03600,1.66100,1
6682,5.71628,2.56100,5.19900,1.71200,1
6683,6.07178,1.80500,4.76700,1.64500,1
6684,5.11533,2.58600,5.14600,1.64500,1
6685,3.59428,2.47400,3.51800,1.80600,1
6686,6.97586,2.22800,6.57100,1.66100,1
6687,7.47490,5.48800,5.97900,1.69400,1
6688,2.94693,5.59400,4.45800,1.95600,1
6689,2.67725,2.45400,3.08800,1.63600,1
6690,3.98768,2.08800,2.52000,1.63600,1
6691,5.61205,2.06900,6.95100,1.81500,1
6692,3.09611,1.13200,3.23900,1.78900,1
6693,4.39649,1.71500,4.41400,1.63900,1
6694,4.53417,1.84700,4.11300,1.65600,1
6695,4.57420,2.24500,3.67900,1.61200,1
6696,5.19941,1.77800,4.80900,1.62100,1
6697,3.17176,1.04200,3.33900,1.60100,1
6698,3.99023,0.98000,3.68900,1.68000,1
6699,3.64592,0.92500,3.60500,1.63200,1
6700,4.16875,1.16600,4.09400,1.64400,1
6701,4.69780,1.05900,4.32000,1.71000,1
6702,4.81433,1.57900,4.88200,1.62300,1
6703,3.77439,1.44200,3.77500,1.67700,1
6704,3.69510,1.77200,3.52300,1.64000,1
6705,5.25755,1.10700,4.77500,1.66900,1
6706,5.67743,3.03900,6.04100,1.65000,1
6707,6.59211,2.15500,6.31900,1.99800,1
6708,5.02798,1.80000,5.18700,1.64900,1
6709,4.37888,2.03900,4.21300,1.79500,1
6710,5.26696,0.98300,4.15000,1.61500,1
6711,2.32715,0.89400,2.57600,1.63900,1
6712,3.02707,3.15100,2.39100,1.60100,1
6713,4.27937,0.93200,3.22200,1.60100,1
6714,4.35424,0.80900,4.47100,1.93300,1
6715,2.41723,0.80400,2.69900,1.62800,1
6716,5.96987,0.87800,4.94500,1.63400,1
6717,2.25897,2.88600,2.38600,1.63400,1
6718,3.62872,1.75100,3.06000,1.62700,1
6719,4.14630,1.72300,3.96100,1.64000,1
6720,2.87616,1.34700,2.62900,1.64000,1
6721,5.59710,1.85200,5.28200,1.63900,1
6722,3.54061,2.47500,3.13000,1.63700,1
6723,4.16653,1.31600,3.43300,1.80400,1
6724,4.53207,1.24400,4.48700,1.64100,1
6725,2.92671,1.32200,2.96100,1.66200,1
6726,3.01224,0.86100,3.05500,1.65300,1
6727,2.76785,1.07200,2.52700,1.65300,1
6728,5.89538,1.04900,5.34800,1.62100,1
6729,4.53664,1.75400,4.26600,1.63500,1
6730,4.62584,2.49800,4.49600,1.63200,1
6731,7.67067,2.41200,7.50000,1.64200,1
6732,3.46028,2.29100,3.65900,1.65000,1
6733,5.37361,3.38900,5.36200,1.66800,1
6734,5.70536,4.49700,5.69000,1.80400,1
6735,2.70875,1.26000,2.72900,1.80400,1
6736,3.16050,0.92500,3.13800,1.66100,1
6737,4.24316,1.01300,3.38000,1.64800,1
6738,4.25919,2.08700,4.31600,1.72100,1
6739,4.51298,1.43800,3.71600,1.81900,1
6740,2.98949,1.51200,3.26600,1.81900,1
6741,3.36807,1.06700,3.24300,1.67300,1
6742,4.77336,2.68300,4.53200,1.66000,1
6743,5.22920,3.56600,5.08600,1.83800,1
6744,5.14336,1.87400,5.31400,1.61900,1
6745,5.41971,2.13800,5.05700,1.61900,1
6746,3.75774,3.11300,3.69900,1.65800,1
6747,5.10675,1.23500,5.33000,1.64500,1
6748,4.12644,2.19500,3.46000,1.70800,1
6749,3.38497,2.12400,3.36500,1.61500,1
6750,3.16641,1.21700,2.95500,1.65700,1
6751,3.40980,0.91700,3.23400,1.66400,1
6752,2.84449,0.89400,3.03900,1.64300,1
6753,3.24279,0.84700,3.10300,1.62200,1
6754,2.70876,0.88900,2.56800,1.67100,1
6755,3.50980,1.28500,3.42900,1.65600,1
6756,4.34942,0.94700,4.23200,1.77500,1
6757,4.14259,1.55700,3.88100,1.63600,1
6758,5.77598,2.33500,5.86800,1.64500,1
6759,4.77087,2.30900,4.31100,1.71800,1
6760,5.18535,1.76500,5.30100,1.60800,1
6761,4.43858,1.65300,2.50100,1.60900,1
6762,2.85165,1.05400,4.40000,1.61500,1
6763,4.01246,1.22500,3.39400,1.94300,1
6764,4.05768,1.48400,3.93700,1.66300,1
6765,3.14465,1.25300,3.18300,1.67700,1
6766,3.27946,1.86200,3.28200,1.67700,1
6767,5.07467,1.53500,4.41200,1.66100,1
6768,5.11155,2.33600,5.57100,1.63900,1
6769,3.88117,2.50800,3.76800,1.65900,1
6770,4.56527,2.19500,3.83400,1.67000,1
6771,3.12244,1.57600,2.92400,1.60900,1
6772,4.12234,1.68500,4.00200,1.69700,1
6773,2.52746,1.84000,2.54000,1.60100,1
6774,2.49320,1.23500,2.38400,1.62200,1
6775,3.13204,1.95900,3.21400,1.68600,1
6776,2.69909,2.56600,2.13600,1.80600,1
6777,2.45870,2.19600,2.57800,1.65100,1
6778,6.80184,0.91900,6.01200,1.64400,1
6779,3.91705,1.49900,4.31500,1.64600,1
6780,3.37001,1.26200,3.15300,1.65400,1
6781,3.44764,2.56800,3.43200,1.74900,1
6782,4.46426,1.58700,4.06500,1.68400,1
6783,3.01520,1.55300,2.97700,1.62200,1
6784,3.83090,0.97100,3.73500,1.63800,1
6785,5.56294,2.50600,5.68200,1.67400,1
6786,6.25753,2.48900,5.08600,1.69000,1
6787,4.48785,1.88600,4.15100,1.63600,1
6788,3.64110,1.20600,3.11300,1.63600,1
6789,4.17872,2.24800,3.22700,1.64800,1
6790,7.03333,0.88800,6.05400,1.64100,1
6791,3.65324,1.22200,3.86400,1.67100,1
6792,5.31877,1.99300,5.06700,1.83800,1
6793,7.48234,1.09200,5.47500,1.66600,1
6794,4.24479,1.03700,3.30100,1.63500,1
6795,7.66217,1.01000,6.96200,2.00600,1
6796,7.13821,3.25800,7.10900,1.64200,1
6797,4.62415,4.45800,4.70900,1.76200,1
6798,3.14598,2.98500,2.79900,1.69600,1
6799,3.73409,1.56200,4.01400,1.63000,1
6800,3.51445,1.53700,3.37200,1.64700,1
6801,3.18154,2.16600,2.78200,1.61500,1
6802,3.94952,1.79600,3.11500,1.62700,1
6803,2.44049,1.06100,2.45100,1.60900,1
6804,3.89884,1.05200,3.14700,1.60900,1
6805,3.23700,1.40200,2.89400,1.63200,1
6806,3.78182,0.72100,3.06900,1.62400,1
6807,4.61560,1.12500,3.73400,1.65700,1
6808,1.99911,1.65800,2.50200,1.64600,1
6809,5.33825,1.04500,5.06800,1.65100,1
6810,2.66173,0.95200,2.59400,1.64700,1
6811,1.94553,0.85300,2.02500,1.79800,1
6812,4.88050,0.92600,4.71400,1.82900,1
6813,3.24477,0.92800,3.08300,1.65600,1
6814,4.92460,0.78200,5.14400,1.63000,1
6815,3.57363,0.72800,3.29400,1.68800,1
6816,6.46409,1.37300,6.42600,1.67900,1
6817,2.56371,0.90700,2.76600,1.64000,1
6818,5.40963,2.34500,3.49900,1.65300,1
6819,2.81208,1.30500,2.76300,1.66000,1
6820,5.24520,3.44000,3.56000,1.69300,1
6821,5.15871,3.06800,5.32500,1.62500,1
6822,4.79633,1.69700,4.42400,1.68000,1
6823,3.26488,2.31700,3.45100,1.82800,1
6824,4.72229,2.32400,4.56000,1.65900,1
6825,3.65127,1.79900,3.27200,1.65900,1
6826,3.31694,2.66700,3.27400,1.66100,1
6827,3.65416,2.05700,3.85800,1.64200,1
6828,3.85215,1.56700,3.79600,1.65700,1
6829,3.41322,1.60600,3.44400,1.68100,1
6830,3.34975,1.38400,3.23200,1.68100,1
6831,4.70334,1.05500,4.33100,1.68800,1
6832,3.38554,1.35200,3.23300,1.82100,1
6833,3.62547,1.26900,3.70800,1.62900,1
6834,5.91599,1.79000,5.87000,1.66600,1
6835,4.42300,3.35000,3.73100,1.63200,1
6836,3.24715,1.53100,3.49000,1.63200,1
6837,4.91084,2.79700,4.87800,1.61400,1
6838,3.43333,1.57100,3.44800,1.61900,1
6839,4.27096,2.57200,3.97400,1.62500,1
6840,4.22736,3.11300,4.48900,1.83300,1
6841,6.29290,1.68100,5.55500,1.64000,1
6842,3.85983,1.89400,3.61600,1.70800,1
6843,4.18819,2.45800,3.00800,1.70800,1
6844,4.63533,3.53700,5.26000,1.64600,1
6845,3.90043,2.23200,3.49400,1.60500,1
6846,3.73416,1.90200,2.93600,1.61900,1
6847,3.50939,1.79000,3.59500,1.66800,1
6848,5.66148,1.18300,5.31500,1.88500,1
6849,4.78590,2.16100,4.80000,1.63900,1
6850,3.35156,1.75800,3.04800,1.63900,1
6851,5.99927,2.10100,5.05200,1.82700,1
6852,3.57045,1.44200,3.55800,1.65000,1
6853,3.30337,1.72700,3.33900,1.60500,1
6854,3.38076,1.73400,2.45600,1.63700,1
6855,7.50709,1.58300,5.13300,1.61300,1
6856,3.94969,1.86200,3.94800,1.65500,1
6857,4.99759,1.98200,4.70600,1.66200,1
6858,4.46814,1.54400,4.43900,1.63600,1
6859,2.88918,1.51500,2.91500,1.61000,1
6860,3.37692,1.44600,2.03600,1.61000,1
6861,3.32311,1.11200,3.57200,1.66300,1
6862,2.78181,1.70200,2.77300,1.65300,1
6863,3.91384,0.97000,3.03700,1.82900,1
6864,3.07231,0.78400,3.02800,1.61500,1
6865,3.31306,0.82400,3.35100,1.65700,1
6866,4.03177,0.78300,4.01900,1.62600,1
6867,4.27753,0.92900,3.87500,1.66200,1
6868,6.89216,2.41400,6.85600,1.60700,1
6869,4.33715,0.98300,3.98600,1.64800,1
6870,2.77574,1.22800,2.95100,1.65500,1
6871,5.24354,1.33800,5.23200,1.65500,1
6872,5.04011,1.34100,5.02500,1.69300,1
6873,3.33126,1.08700,3.20700,1.67100,1
6874,3.40505,1.07500,3.12600,1.63300,1
6875,3.91971,3.09400,3.60200,1.65000,1
6876,5.73482,1.07800,5.34700,1.64800,1
6877,3.77526,1.53900,2.67400,1.61600,1
6878,3.41623,0.74600,3.36300,1.63400,1
6879,5.07127,1.38500,3.98600,1.62200,1
6880,6.49257,3.06800,4.33000,1.67200,1
6881,5.16141,1.75800,3.73300,1.63100,1
6882,4.96436,2.07300,2.99200,1.62000,1
6883,3.81150,0.97300,4.25400,1.62500,1
6884,4.17680,1.29000,3.84500,1.66900,1
6885,2.99499,1.77600,2.98800,1.61200,1
6886,4.34882,0.76900,4.18700,1.67300,1
6887,3.22732,0.91900,3.26600,1.67300,1
6888,3.66151,1.31500,3.60200,1.69500,1
6889,4.69002,1.39800,4.31200,1.65600,1
6890,4.97911,2.43800,4.84100,1.67100,1
6891,4.27787,1.48600,3.86600,1.98400,1
6892,4.50920,1.60400,4.55000,1.64200,1
6893,3.42583,1.44800,2.90700,1.60100,1
6894,9.48150,2.23100,9.14800,1.71000,1
6895,9.30895,4.32000,4.68000,1.65400,1
6896,2.50352,2.39200,2.50000,1.66600,1
6897,4.27008,1.62100,3.47100,1.65800,1
6898,3.45868,1.83600,2.72300,1.65000,1
6899,5.19824,1.33600,3.57700,1.66300,1
6900,2.54930,1.32800,3.60600,1.65600,1
6901,2.38730,1.46000,2.52400,1.64600,1
6902,3.34530,1.66900,3.13600,1.65300,1
6903,4.99214,1.14600,3.90400,1.65400,1
6904,4.38280,1.12200,4.56900,1.64800,1
6905,4.00811,1.16300,2.94000,1.81000,1
6906,2.98736,0.76300,2.90700,1.65600,1
6907,6.01210,0.75600,4.58100,1.62000,1
6908,8.99821,0.94700,6.27500,1.79700,1
6909,4.42703,1.76800,4.23400,1.65300,1
6910,2.62775,1.46900,2.61800,1.63300,1
6911,2.96066,1.83600,2.39600,1.63300,1
6912,4.74106,1.22400,4.98600,1.98400,1
6913,4.91232,2.02100,4.13400,1.62600,1
6914,3.53760,2.54300,3.20800,1.62400,1
6915,3.53627,2.42500,3.47100,1.65100,1
6916,3.97274,1.59200,3.89800,1.65600,1
6917,4.16329,1.40800,3.38300,1.63000,1
6918,2.69723,1.05400,2.43400,1.67700,1
6919,4.77344,0.83700,4.70200,1.64300,1
6920,5.56509,1.11100,5.53400,1.65600,1
6921,3.97462,1.41900,4.01400,1.63100,1
6922,4.05086,1.64400,3.94200,1.61800,1
6923,4.41428,1.50600,3.90000,1.63600,1
6924,3.49483,1.05900,3.57700,1.65000,1
6925,3.19583,1.69000,3.15500,1.64100,1
6926,5.38631,1.21800,3.54800,1.64100,1
6927,4.91882,2.19700,5.05000,1.61400,1
6928,7.43760,2.61200,7.34600,1.72600,1
6929,5.26720,1.20900,4.85700,1.65800,1
6930,4.70490,2.35100,4.55800,1.63400,1
6931,4.20893,2.12500,4.55500,1.64200,1
6932,4.69369,2.28500,4.47700,1.65800,1
6933,3.77786,1.19200,3.47700,1.65900,1
6934,3.97271,2.77100,3.81000,1.65900,1
6935,5.15311,1.14100,4.25400,1.63500,1
6936,4.22938,1.45100,4.20400,1.68100,1
6937,4.09370,1.74200,4.11500,1.59000,1
6938,4.47922,1.61000,4.12200,1.65100,1
6939,3.95482,1.54800,3.84800,1.61600,1
6940,5.68059,1.01100,5.05200,1.70100,1
6941,3.97409,0.95400,4.35200,1.65500,1
6942,4.84741,2.02500,4.91000,1.72200,1
6943,2.44118,1.17600,2.35600,1.65100,1
6944,3.50078,1.32400,2.63300,1.68000,1
6945,4.08944,1.64500,2.77400,1.68000,1
6946,5.40710,0.96100,4.17500,1.65500,1
6947,3.70991,1.59100,3.02800,1.63500,1
6948,2.28369,0.95500,2.78500,1.62800,1
6949,2.77836,1.21000,2.73500,1.62300,1
6950,2.39799,0.94300,2.27700,1.62300,1
6951,5.92306,1.09200,5.51200,1.61900,1
6952,4.79207,1.47500,3.86900,2.01200,1
6953,4.13312,1.88500,4.97000,1.74300,1
6954,4.26408,2.03100,3.76200,1.85200,1
6955,4.94597,1.19000,3.84900,1.81900,1
6956,4.38237,1.43800,4.58800,1.64300,1
6957,4.66162,1.69900,4.27500,1.65900,1
6958,2.80353,2.23200,2.90700,1.69800,1
6959,4.68026,1.77100,3.71400,1.78800,1
6960,2.28365,1.79600,2.76700,1.62000,1
6961,3.43650,1.46000,2.58400,1.66000,1
6962,4.11017,1.61600,2.96000,1.63100,1
6963,2.39483,0.94200,3.05700,1.64300,1
6964,3.21739,0.90200,3.05500,1.59600,1
6965,3.00992,1.12200,3.04200,1.65700,1
6966,3.15593,1.23200,2.55400,1.67400,1
6967,3.91077,1.66500,3.07900,1.62200,1
6968,3.38482,0.93900,2.95600,1.64700,1
6969,3.29049,1.86800,3.26900,1.63100,1
6970,3.70120,1.24700,3.63700,1.65300,1
6971,2.61214,0.94900,2.60900,1.68200,1
6972,3.79545,0.85300,2.35200,1.66100,1
6973,2.99753,1.45200,4.15200,1.66100,1
6974,4.70172,1.33500,3.58900,1.65800,1
6975,2.87034,1.56300,3.50000,1.64100,1
6976,4.81586,3.19600,3.18500,1.64900,1
6977,2.27322,2.13800,1.87400,1.64900,1
6978,3.23931,0.85000,3.10600,1.64600,1
6979,2.89936,1.59100,2.76400,1.63500,1
6980,5.59726,1.26000,3.91100,1.66900,1
6981,3.47506,1.43200,3.62100,1.67100,1
6982,3.10604,1.16000,2.98400,1.62100,1
6983,2.61415,0.74000,2.57700,1.63600,1
6984,3.65903,0.94900,3.46000,1.63100,1
6985,4.41443,1.21500,4.17100,1.69200,1
6986,5.05074,1.82400,4.76100,1.62800,1
